Date,Open,High,Low,Close,Volume,Change_Pct
2010-02-22,1.780357003211975,1.7880970239639282,1.764875054359436,1.7880970239639282,3.927477,
2010-02-23,1.7726160287857056,1.7726160287857056,1.7493940591812134,1.757135033607483,6.003208,-1.7315609802765364
2010-02-24,1.7416529655456543,1.7416529655456543,1.718430995941162,1.7416529655456543,3.720876,-0.8810972273453066
2010-02-25,1.7261719703674316,1.757135033607483,1.710690975189209,1.7339129447937012,3.422197,-0.4444066013764236
2010-02-28,1.7416529655456543,1.7726160287857056,1.710690975189209,1.757135033607483,4.084728,1.3392880469292878
2010-03-01,1.757135033607483,1.757135033607483,1.757135033607483,1.757135033607483,0.0,0.0
2010-03-02,1.764875054359436,1.7726160287857056,1.7493940591812134,1.764875054359436,1.852008,0.4404909471335649
2010-03-03,1.757135033607483,1.7726160287857056,1.7493940591812134,1.7493940591812134,1.306398,-0.8771723040666757
2010-03-04,1.7493940591812134,1.764875054359436,1.7493940591812134,1.764875054359436,0.865406,0.8849347062187096
2010-03-07,1.764875054359436,1.7958379983901978,1.7493940591812134,1.7958379983901978,5.805868,1.754398644497801
2010-03-08,1.7958379983901978,1.7958379983901978,1.7958379983901978,1.7958379983901978,0.0,0.0
2010-03-09,1.8113189935684204,1.880985975265503,1.7958379983901978,1.8732450008392334,35.282506,4.3103555286403195
2010-03-10,1.8500230312347408,1.888725996017456,1.8345420360565183,1.8732450008392332,19.472221,0.0
2010-03-11,1.8732450008392332,1.911947965621948,1.8732450008392332,1.888725996017456,15.243599,0.826426611109965
2010-03-14,1.9042079448699951,1.9429110288619995,1.8964669704437256,1.93517005443573,18.834132,2.4590151518116166
2010-03-15,1.93517005443573,1.93517005443573,1.93517005443573,1.93517005443573,0.0,0.0
2010-03-16,1.9274300336837769,1.93517005443573,1.8964669704437256,1.9196890592575073,7.424377,-0.7999811253144196
2010-03-17,1.9429110288619995,2.0048370361328125,1.8268009424209595,1.8655040264129639,26.582267,-2.8225942416685412
2010-03-18,1.8732450008392332,1.8964669704437256,1.842282056808472,1.8577640056610107,9.309095,-0.4149023878997404
2010-03-21,1.8732450008392332,1.9196890592575075,1.865504026412964,1.911947965621948,10.61466,2.9166223371659195
2010-03-22,1.911947965621948,1.950652003288269,1.880985975265503,1.911947965621948,13.476,0.0
2010-03-23,1.9196890592575075,1.9738739728927608,1.9196890592575075,1.9429110288619995,15.360129,1.619451145992823
2010-03-24,1.950652003288269,1.966132998466492,1.911947965621948,1.9583920240402224,8.73146,0.7967938288605092
2010-03-25,1.966132998466492,2.074502944946289,1.9583920240402224,2.0667619705200195,43.661988,5.533618660079442
2010-03-28,2.0667619705200195,2.0667619705200195,2.0667619705200195,2.0667619705200195,0.0,0.0
2010-03-29,2.074502944946289,2.1286869049072266,2.05902099609375,2.1054649353027344,27.99285,1.8726377461346866
2010-03-30,2.05902099609375,2.1286869049072266,2.05902099609375,2.1054649353027344,23.075171,0.0
2010-03-31,2.120946884155273,2.1286869049072266,2.089983940124512,2.1054649353027344,12.247531,0.0
2010-04-01,2.1519100666046143,2.190613031387329,2.1441690921783447,2.190613031387329,45.94744,4.044146955710359
2010-04-04,2.190613031387329,2.190613031387329,2.190613031387329,2.190613031387329,0.0,0.0
2010-04-05,2.2138350009918213,2.2138350009918213,2.1596500873565674,2.167391061782837,28.756801,-1.0600671716896382
2010-04-06,2.167391061782837,2.18287205696106,2.1441690921783447,2.1596500873565674,20.025174,-0.3571563324572313
2010-04-07,2.167391061782837,2.1828720569610596,2.0667619705200195,2.074502944946289,25.372503,-3.942636027417723
2010-04-08,1.8937580585479736,1.9343960285186768,1.8937580585479736,1.91001296043396,17.601653,-7.929127548989234
2010-04-11,1.9343960285186768,1.966907024383545,1.9343960285186768,1.966907024383545,14.863562,2.9787265912927907
2010-04-12,1.9750349521636963,1.9831629991531372,1.9181410074234009,1.9425239562988281,13.468971,-1.2396655145587632
2010-04-13,1.9425239562988281,1.9425239562988281,1.9181410074234009,1.9262690544128418,3.066416,-0.836792865965863
2010-04-14,1.9343960285186768,1.9343960285186768,1.9181410074234009,1.9262690544128418,5.185218,0.0
2010-04-15,1.9343960285186768,1.9343960285186768,1.91001296043396,1.9343960285186768,2.667307,0.42190233431913526
2010-04-18,1.9343960285186768,1.9343960285186768,1.9343960285186768,1.9343960285186768,0.0,0.0
2010-04-19,1.844990968704224,1.861246943473816,1.8043529987335205,1.8124810457229612,4.772913,-6.302483100581813
2010-04-20,1.8449909687042236,1.8449909687042236,1.8043529987335205,1.8287359476089478,3.056251,0.896831551664734
2010-04-21,1.836863994598389,1.836863994598389,1.8206080198287964,1.828735947608948,2.183205,0.0
2010-04-22,1.8206080198287964,1.844990968704224,1.7962249517440796,1.836863994598389,4.900964,0.4444625808372349
2010-04-25,1.877501964569092,1.8937580585479736,1.861246943473816,1.861246943473816,4.403451,1.3274226587885352
2010-04-26,1.8693749904632568,1.8693749904632568,1.8287359476089478,1.8531190156936646,2.418205,-0.4366926059247933
2010-04-27,1.8531190156936648,1.8531190156936648,1.8206080198287964,1.8206080198287964,1.966708,-1.7543933006752166
2010-04-28,1.8124810457229612,1.8124810457229612,1.7799700498580933,1.8124810457229612,6.464962,-0.4463879109243507
2010-04-29,1.8124810457229612,1.8531190156936648,1.8043529987335205,1.844990968704224,3.643548,1.793669680462484
2010-05-02,1.8449909687042236,1.8449909687042236,1.8449909687042236,1.8449909687042236,0.0,0.0
2010-05-03,1.8287359476089478,1.8368639945983887,1.8124810457229614,1.8368639945983887,1.521809,-0.4404885575967188
2010-05-04,1.861246943473816,1.9018850326538088,1.861246943473816,1.8693749904632568,10.534978,1.7699185111403004
2010-05-05,1.828735947608948,1.861246943473816,1.8206080198287964,1.8531190156936648,4.934044,-0.8695941077912828
2010-05-06,1.8206080198287964,1.828735947608948,1.8043529987335205,1.828735947608948,5.045278,-1.3157853261567043
2010-05-09,1.747459053993225,1.8287359476089478,1.6743090152740479,1.8287359476089478,9.838501,0.0
2010-05-10,1.8287359476089478,1.8287359476089478,1.8287359476089478,1.8287359476089478,0.0,0.0
2010-05-11,1.836863994598389,1.8531190156936648,1.8124810457229612,1.8531190156936648,5.196654,1.333329074467926
2010-05-12,1.8124810457229612,1.836863994598389,1.8043529987335205,1.8206080198287964,2.92762,-1.7543933006752166
2010-05-13,1.828735947608948,1.836863994598389,1.8043529987335205,1.8124810457229612,2.881206,-0.4463879109243507
2010-05-16,1.8124810457229614,1.8124810457229614,1.8124810457229614,1.8124810457229614,0.0,0.0
2010-05-17,1.7962249517440796,1.8124810457229614,1.7718420028686523,1.8043529987335205,2.581711,-0.4484486614975247
2010-05-18,1.7962249517440796,1.8368639945983887,1.7962249517440796,1.8206080198287964,5.394173,0.9008781045995562
2010-05-19,1.8124810457229614,1.8206080198287964,1.7962249517440796,1.8043529987335205,3.702256,-0.8928347518102453
2010-05-20,1.8206080198287964,1.8287359476089478,1.8043529987335205,1.8124810457229614,2.500245,0.4504687827241227
2010-05-23,1.8043529987335205,1.8206080198287964,1.7962249517440796,1.7962249517440796,1.558228,-0.8968973229950494
2010-05-24,1.8043529987335205,1.8124810457229614,1.7637139558792114,1.7718420028686523,5.476286,-1.3574551924441347
2010-05-25,1.7718420028686523,1.7718420028686523,1.674309015274048,1.706820011138916,8.549983,-3.669739831455865
2010-05-26,1.698693037033081,1.7718420028686523,1.698693037033081,1.747459053993225,4.496799,2.3809799855341263
2010-05-27,1.7312029600143433,1.7555869817733765,1.7312029600143433,1.7393310070037842,3.488527,-0.4651351899128686
2010-05-30,1.7799700498580933,1.7880970239639282,1.7393310070037842,1.7555869817733765,4.13427,0.934610761501653
2010-05-31,1.7393310070037842,1.7555869817733765,1.7230759859085083,1.7230759859085083,3.570125,-1.8518590193707052
2010-06-01,1.7230759859085083,1.7230759859085083,1.7230759859085083,1.7230759859085083,0.0,0.0
2010-06-02,1.747459053993225,1.747459053993225,1.666182041168213,1.698693037033081,8.919081,-1.4150826240301395
2010-06-03,1.7312029600143433,1.7393310070037842,1.6824369430541992,1.6905649900436401,5.666834,-0.4784882737635332
2010-06-06,1.6905649900436401,1.6905649900436401,1.6905649900436401,1.6905649900436401,0.0,0.0
2010-06-07,1.6417980194091797,1.658053994178772,1.6417980194091797,1.658053994178772,1.622484,-1.9230846525473688
2010-06-08,1.666182041168213,1.6824369430541992,1.6417980194091797,1.649925947189331,2.026407,-0.49021606159856956
2010-06-09,1.666182041168213,1.6743090152740479,1.6417980194091797,1.6417980194091797,2.36681,-0.4926237928433941
2010-06-10,1.666182041168213,1.674309015274048,1.6417980194091797,1.6417980194091797,2.36681,0.0
2010-06-13,1.6824369430541992,1.6824369430541992,1.649925947189331,1.658053994178772,2.078727,0.9901324387906252
2010-06-14,1.666182041168213,1.6743090152740479,1.649925947189331,1.666182041168213,2.395324,0.49021606159855846
2010-06-15,1.6417980194091797,1.649925947189331,1.6255429983139038,1.6417980194091797,6.141546,-1.4634668455516864
2010-06-16,1.649925947189331,1.666182041168213,1.6255429983139038,1.6255429983139038,4.537234,-0.9900743516017552
2010-06-17,1.6417980194091797,1.649925947189331,1.6255429983139038,1.649925947189331,2.913222,1.4999879363830182
2010-06-20,1.609287977218628,1.6824369430541992,1.609287977218628,1.666182041168213,13.628272,0.9852620359461772
2010-06-21,1.6824369430541992,1.6824369430541992,1.658053994178772,1.674309015274048,5.586685,0.4877602749899346
2010-06-22,1.658053994178772,1.666182041168213,1.6336710453033447,1.666182041168213,3.247852,-0.4853927221137755
2010-06-23,1.6417980194091797,1.6743090152740479,1.6417980194091797,1.658053994178772,3.247404,-0.48782466672981917
2010-06-24,1.649925947189331,1.658053994178772,1.6336710453033447,1.649925947189331,8.921354,-0.49021606159856956
2010-06-27,1.6336710453033447,1.6743090152740479,1.6336710453033447,1.6336710453033447,3.82858,-0.9851897846492319
2010-06-28,1.6336710453033447,1.6743090152740479,1.6336710453033447,1.6336710453033447,3.82858,0.0
2010-06-29,1.6255429983139038,1.6255429983139038,1.6011600494384766,1.6011600494384766,3.954956,-1.9900576654237945
2010-06-30,1.609287977218628,1.617414951324463,1.5767769813537598,1.5849039554595947,20.998957,-1.0152697717247472
2010-07-01,1.5930320024490356,1.6011600494384766,1.5767769813537598,1.5767769813537598,2.754955,-0.5127739178036328
2010-07-04,1.5686490535736084,1.617414951324463,1.5605210065841677,1.5930320024490356,3.60747,1.0309017246890484
2010-07-05,1.5849039554595947,1.609287977218628,1.5849039554595947,1.5930320024490356,1.453873,0.0
2010-07-06,1.6011600494384766,1.6255429983139038,1.6011600494384766,1.617414951324463,1.235349,1.5306000656573282
2010-07-07,1.5930320024490356,1.6336710453033447,1.5849039554595947,1.5849039554595947,2.242725,-2.010059066057579
2010-07-08,1.6011600494384766,1.609287977218628,1.5930320024490356,1.6011600494384766,0.972816,1.02568322344605
2010-07-11,1.6011600494384766,1.6255429983139038,1.6011600494384766,1.6011600494384766,0.895143,0.0
2010-07-12,1.6011600494384766,1.609287977218628,1.5686490535736084,1.6011600494384766,2.554504,0.0
2010-07-13,1.6011600494384766,1.6011600494384766,1.6011600494384766,1.6011600494384766,0.0,0.0
2010-07-14,1.609287977218628,1.617414951324463,1.5849039554595947,1.5849039554595947,2.242056,-1.0152697717247472
2010-07-15,1.5849039554595947,1.617414951324463,1.5849039554595947,1.609287977218628,1.574251,1.5385173136224672
2010-07-18,1.5849039554595947,1.6011600494384766,1.5849039554595947,1.5930320024490356,0.86885,-1.0101346060938043
2010-07-19,1.5930320024490356,1.609287977218628,1.5849039554595947,1.5930320024490356,2.941284,0.0
2010-07-20,1.5930320024490356,1.6011600494384766,1.5930320024490356,1.5930320024490356,1.257973,0.0
2010-07-21,1.6011600494384766,1.609287977218628,1.5930320024490356,1.609287977218628,2.086286,1.0204424484003605
2010-07-22,1.6011600494384766,1.617414951324463,1.5849039554595947,1.6011600494384766,1.929253,-0.5050635992570496
2010-07-25,1.6011600494384766,1.6011600494384766,1.6011600494384766,1.6011600494384766,0.0,0.0
2010-07-26,1.5930320024490356,1.617414951324463,1.5930320024490356,1.6011600494384766,2.684733,0.0
2010-07-27,1.609287977218628,1.6255429983139038,1.5930320024490356,1.5930320024490356,2.952842,-0.5076348858623736
2010-07-28,1.5930320024490356,1.617414951324463,1.5930320024490356,1.609287977218628,1.025814,1.0204424484003605
2010-07-29,1.6011600494384766,1.617414951324463,1.5930320024490356,1.5930320024490356,0.953853,-1.0101346060938043
2010-08-01,1.5849039554595947,1.6255429983139038,1.5849039554595947,1.5930320024490356,2.912159,0.0
2010-08-02,1.5930320024490356,1.5930320024490356,1.5930320024490356,1.5930320024490356,0.0,0.0
2010-08-03,1.609287977218628,1.609287977218628,1.5930320024490356,1.609287977218628,1.395406,1.0204424484003605
2010-08-04,1.617414951324463,1.617414951324463,1.5849039554595947,1.5849039554595947,1.722126,-1.515205612930548
2010-08-05,1.5930320024490356,1.609287977218628,1.5849039554595947,1.609287977218628,1.242608,1.5385173136224672
2010-08-08,1.609287977218628,1.609287977218628,1.609287977218628,1.609287977218628,0.0,0.0
2010-08-09,1.5686490535736084,1.5849039554595947,1.5523940324783325,1.5605210065841675,2.372064,-3.0303445576437826
2010-08-10,1.5523940324783325,1.5767769813537598,1.5523940324783325,1.5523940324783325,1.135161,-0.5207859472282306
2010-08-11,1.5523940324783325,1.5605210065841675,1.5280100107192993,1.5442659854888916,1.71884,-0.5235814374050962
2010-08-12,1.5280100107192993,1.5280100107192993,1.4954999685287476,1.5198830366134644,0.839281,-1.5789345297084978
2010-08-15,1.4954999685287476,1.5442659854888916,1.4954999685287476,1.5198830366134644,1.204191,0.0
2010-08-16,1.5280100107192993,1.5361380577087402,1.5198830366134644,1.5198830366134644,2.002025,0.0
2010-08-17,1.5198830366134644,1.5361380577087402,1.5198830366134644,1.5198830366134644,0.81097,0.0
2010-08-18,1.5361380577087402,1.5361380577087402,1.5117549896240234,1.5117549896240234,2.204495,-0.5347810847044832
2010-08-19,1.5036269426345825,1.5442659854888916,1.5036269426345825,1.5198830366134644,2.088938,0.5376563692680358
2010-08-22,1.5198830366134644,1.5361380577087402,1.5117549896240234,1.5198830366134644,1.512051,0.0
2010-08-23,1.5361380577087402,1.5361380577087402,1.5198830366134644,1.5280100107192993,1.798365,0.5347104948248527
2010-08-24,1.5361380577087402,1.5442659854888916,1.5280100107192993,1.5280100107192993,2.152699,0.0
2010-08-25,1.5280100107192993,1.5280100107192993,1.5198830366134644,1.5198830366134644,0.562883,-0.5318665485711915
2010-08-26,1.5198830366134644,1.5361380577087402,1.5198830366134644,1.5198830366134644,1.507623,0.0
2010-08-29,1.5280100107192993,1.5361380577087402,1.5198830366134644,1.5280100107192993,0.610929,0.5347104948248527
2010-08-30,1.5280100107192993,1.5361380577087402,1.5198830366134644,1.5280100107192993,11.002031,0.0
2010-08-31,1.5198830366134644,1.5198830366134644,1.5036269426345825,1.5117549896240234,1.090785,-1.0638033115780376
2010-09-01,1.5198830366134644,1.5280100107192993,1.5117549896240234,1.5117549896240234,1.199611,0.0
2010-09-02,1.5198830366134644,1.5361380577087402,1.5198830366134644,1.5361380577087402,3.423033,1.6128981383935148
2010-09-05,1.5442659854888916,1.5930320024490356,1.5361380577087402,1.5930320024490356,4.732174,3.7036999672514392
2010-09-06,1.5930320024490356,1.6336710453033447,1.5930320024490356,1.6336710453033447,8.189777,2.5510499972274836
2010-09-07,1.609287977218628,1.6336710453033447,1.6011600494384766,1.6336710453033447,5.203262,0.0
2010-09-12,1.6336710453033447,1.6336710453033447,1.6336710453033447,1.6336710453033447,0.0,0.0
2010-09-13,1.649925947189331,1.714948058128357,1.649925947189331,1.6905649900436401,9.30085,3.482582671943679
2010-09-14,1.6905649900436401,1.7312029600143433,1.6824369430541992,1.6905649900436401,8.613624,0.0
2010-09-15,1.698693037033081,1.7230759859085083,1.69056499004364,1.698693037033081,2.349243,0.4807887917536391
2010-09-16,1.7555869817733765,1.7555869817733765,1.7555869817733765,1.7555869817733765,7.179022,3.3492775622172344
2010-09-19,1.7718420028686523,1.8368639945983887,1.7393310070037842,1.8368639945983887,21.866886,4.62962038730268
2010-09-20,1.8287359476089478,1.9018850326538086,1.7962249517440796,1.9018850326538086,19.648685,3.5397851036671923
2010-09-21,1.9018850326538088,1.950652003288269,1.8856300115585327,1.8937580585479736,19.889858,-0.42731153388883
2010-09-22,1.8937580585479736,1.9181410074234009,1.828735947608948,1.8531190156936648,10.192161,-2.1459469265819986
2010-09-23,1.8531190156936646,1.8531190156936646,1.8531190156936646,1.8531190156936646,0.0,0.0
2010-09-26,1.8937580585479736,1.9181410074234009,1.8856300115585327,1.8856300115585327,9.712621,1.7543933006752166
2010-09-27,1.9181410074234009,1.958778977394104,1.9018850326538086,1.9018850326538086,15.084975,0.8620472200609797
2010-09-28,1.91001296043396,1.91001296043396,1.861246943473816,1.8693749904632568,5.649,-1.709358958737306
2010-09-29,1.8856300115585327,1.91001296043396,1.8693749904632568,1.8693749904632568,5.669036,0.0
2010-09-30,1.8693749904632568,1.8937580585479736,1.8531190156936646,1.8531190156936646,3.552816,-0.8695941077912828
2010-10-03,1.8693749904632568,1.8693749904632568,1.836863994598389,1.8531190156936648,2.578779,0.0
2010-10-04,1.8693749904632568,1.8693749904632568,1.836863994598389,1.8531190156936648,2.08741,0.0
2010-10-05,1.8287359476089478,1.8693749904632568,1.8124810457229614,1.8531190156936646,5.865548,0.0
2010-10-06,1.8856300115585327,1.8937580585479736,1.861246943473816,1.8693749904632568,6.186576,0.8772223819368374
2010-10-07,1.877501964569092,1.8937580585479736,1.8531190156936648,1.877501964569092,3.966365,0.434742849738301
2010-10-10,1.877501964569092,1.9181410074234009,1.861246943473816,1.8937580585479736,9.974859,0.8658363232452171
2010-10-11,1.91001296043396,1.9343960285186768,1.8775019645690918,1.9262690544128418,16.638285,1.7167449515592237
2010-10-12,1.9181410074234009,1.9181410074234009,1.8856300115585327,1.9018850326538088,3.608705,-1.2658679068312084
2010-10-13,1.9018850326538088,1.9262690544128416,1.9018850326538088,1.91001296043396,6.257946,0.427361677525262
2010-10-14,1.91001296043396,1.9181410074234009,1.8937580585479736,1.8937580585479736,4.315309,-0.8510362087958412
2010-10-17,1.8856300115585327,1.8937580585479736,1.861246943473816,1.877501964569092,3.409358,-0.8584039500455609
2010-10-18,1.8775019645690918,1.9018850326538086,1.8775019645690918,1.8937580585479736,2.892027,0.8658363232452171
2010-10-19,1.8937580585479736,1.9018850326538086,1.8856300115585327,1.9018850326538086,3.225621,0.4291453213440821
2010-10-20,1.8775019645690918,1.999418020248413,1.8693749904632568,1.999418020248413,36.47554,5.128227307121258
2010-10-21,2.02380108833313,2.0400569438934326,1.9750349521636963,1.9750349521636963,29.461767,-1.2195082687955106
2010-10-24,1.9750349521636963,1.9912899732589722,1.950652003288269,1.9750349521636963,7.054864,0.0
2010-10-25,1.9831629991531372,1.999418020248413,1.966907024383545,1.966907024383545,5.14707,-0.41153336406766217
2010-10-26,1.958778977394104,1.9750349521636963,1.942523956298828,1.950652003288269,4.612206,-0.8264254941267701
2010-10-27,1.942523956298828,1.958778977394104,1.8937580585479736,1.91001296043396,7.570367,-2.0833568871230117
2010-10-28,1.91001296043396,1.9831629991531372,1.91001296043396,1.9831629991531372,6.410275,3.8298189716240216
2010-10-31,1.9831629991531372,1.9912899732589722,1.950652003288269,1.950652003288269,8.742173,-1.63935066753218
2010-11-01,1.966907024383545,1.9831629991531368,1.958778977394104,1.9750349521636963,6.175139,1.249989687259645
2010-11-02,1.9750349521636963,1.9750349521636963,1.9018850326538088,1.9343960285186768,5.575812,-2.057630605498839
2010-11-03,1.9343960285186768,1.950652003288269,1.91001296043396,1.9181410074234009,2.240609,-0.8403150572907081
2010-11-04,1.9262690544128418,1.9425239562988281,1.8856300115585327,1.9262690544128418,4.087144,0.42374606235853207
2010-11-07,1.9181410074234009,1.942523956298828,1.8531190156936648,1.8531190156936648,8.903913,-3.7974985141146167
2010-11-08,1.877501964569092,1.877501964569092,1.7962249517440796,1.8206080198287964,5.723064,-1.7543933006752166
2010-11-09,1.8043529987335205,1.861246943473816,1.7880970239639282,1.8368639945983887,21.161112,0.892887133998288
2010-11-10,1.844990968704224,1.8531190156936648,1.8124810457229612,1.8124810457229612,3.261219,-1.3274226587885352
2010-11-11,1.8124810457229614,1.8287359476089478,1.7880970239639282,1.7880970239639282,2.559719,-1.345339407359536
2010-11-14,1.8124810457229614,1.8287359476089478,1.7799700498580933,1.8206080198287964,2.428585,1.8181896971561695
2010-11-21,1.828735947608948,1.844990968704224,1.8124810457229612,1.844990968704224,2.068199,1.3392750449226387
2010-11-22,1.8368639945983887,1.8449909687042236,1.8368639945983887,1.8449909687042236,0.402933,0.0
2010-11-23,1.828735947608948,1.828735947608948,1.7962249517440796,1.8124810457229612,1.981626,-1.7620640714623437
2010-11-24,1.7962249517440796,1.8206080198287964,1.7637139558792114,1.7799700498580933,8.147768,-1.7937288746597724
2010-11-25,1.8124810457229614,1.8124810457229614,1.7880970239639282,1.7880970239639282,2.158014,0.45657926134672344
2010-11-28,1.7799700498580933,1.7880970239639282,1.7637139558792114,1.7718420028686523,1.838636,-0.9090681812802924
2010-11-29,1.7799700498580933,1.8124810457229612,1.7718420028686523,1.8124810457229612,3.206863,2.2936042146259883
2010-11-30,1.7718420028686523,1.8043529987335205,1.7718420028686523,1.7880970239639282,1.952276,-1.345339407359536
2010-12-01,1.7880970239639282,1.8287359476089478,1.7880970239639282,1.8287359476089478,2.449894,2.272747121681884
2010-12-06,1.8368639945983887,1.8937580585479736,1.8206080198287964,1.8287359476089478,17.239985,0.0
2010-12-07,1.8287359476089478,1.8287359476089478,1.8287359476089478,1.8287359476089478,0.0,0.0
2010-12-08,1.836863994598389,1.836863994598389,1.8124810457229612,1.8206080198287964,4.926989,-0.444456062165699
2010-12-09,1.8368639945983887,1.8368639945983887,1.8124810457229614,1.8124810457229614,1.870733,-0.4463879109243507
2010-12-12,1.8043529987335205,1.8124810457229614,1.7880970239639282,1.7962249517440796,4.527778,-0.8968973229950494
2010-12-13,1.8043529987335205,1.8043529987335205,1.7637139558792114,1.7718420028686523,4.063219,-1.3574551924441347
2010-12-14,1.7718420028686523,1.7880970239639282,1.7555869817733765,1.7637139558792114,3.631456,-0.4587342988980669
2010-12-15,1.7637139558792114,1.7637139558792114,1.7393310070037842,1.747459053993225,2.521764,-0.9216291469374527
2010-12-16,1.747459053993225,1.7637139558792114,1.7230759859085083,1.7312029600143433,2.526657,-0.9302703798257261
2010-12-19,1.7393310070037842,1.7718420028686523,1.7393310070037842,1.7637139558792114,2.096472,1.8779424836819159
2010-12-20,1.7393310070037842,1.7555869817733765,1.7312029600143433,1.7555869817733765,1.366788,-0.46078753749972945
2010-12-21,1.7555869817733765,1.7718420028686523,1.7393310070037842,1.747459053993225,1.320916,-0.4629749402642047
2010-12-22,1.7555869817733765,1.7637139558792114,1.7393310070037842,1.7637139558792114,1.931399,0.9302021611803379
2010-12-23,1.747459053993225,1.7880970239639282,1.747459053993225,1.7880970239639282,1.738052,1.3824842743596522
2010-12-26,1.7718420028686523,1.7718420028686523,1.706820011138916,1.7555869817733765,3.023073,-1.818136362560585
2010-12-27,1.7637139558792114,1.7718420028686523,1.7393310070037842,1.747459053993225,1.456728,-0.4629749402642047
2010-12-28,1.747459053993225,1.7637139558792114,1.7393310070037842,1.747459053993225,1.155124,0.0
2010-12-29,1.7393310070037842,1.7880970239639282,1.7393310070037842,1.7799700498580933,3.206192,1.860472541006053
2010-12-30,1.7880970239639282,1.7962249517440796,1.7555869817733765,1.7880970239639282,3.206192,0.45657926134672344
2011-01-02,1.7962249517440796,1.8124810457229614,1.7637139558792114,1.8043529987335205,2.544588,0.909121515875877
2011-01-03,1.8043529987335205,1.8124810457229614,1.7880970239639282,1.7880970239639282,2.079188,-0.9009309586872627
2011-01-04,1.8043529987335205,1.8206080198287964,1.7799700498580933,1.7880970239639282,3.114223,0.0
2011-01-05,1.7880970239639282,1.7880970239639282,1.7718420028686523,1.7799700498580933,1.248106,-0.45450408993013003
2011-01-06,1.7880970239639282,1.8043529987335205,1.7799700498580933,1.8043529987335205,1.13152,1.3698516375245218
2011-01-09,1.8043529987335205,1.8043529987335205,1.7962249517440796,1.7962249517440796,1.023208,-0.4504687827241116
2011-01-10,1.7880970239639282,1.7962249517440796,1.7799700498580933,1.7962249517440796,1.465394,0.0
2011-01-11,1.7880970239639282,1.7880970239639282,1.7718420028686523,1.7799700498580933,1.350754,-0.9049480061059878
2011-01-12,1.7799700498580933,1.7799700498580933,1.7637139558792114,1.7637139558792114,3.048166,-0.9132790734415974
2011-01-13,1.7718420028686523,1.7880970239639282,1.7637139558792114,1.7637139558792114,3.049491,0.0
2011-01-16,1.7555869817733765,1.7718420028686523,1.7393310070037842,1.7393310070037842,4.528372,-1.3824775153674085
2011-01-17,1.7312029600143433,1.7555869817733765,1.7312029600143433,1.747459053993225,1.087602,0.4673088076226683
2011-01-18,1.747459053993225,1.747459053993225,1.747459053993225,1.747459053993225,0.0,0.0
2011-01-19,1.7718420028686523,1.7799700498580933,1.7637139558792114,1.7637139558792114,1.397559,0.9302021611803379
2011-01-20,1.7555869817733765,1.7637139558792114,1.747459053993225,1.7555869817733765,1.361638,-0.4607875374997294
2011-01-23,1.7555869817733765,1.7718420028686523,1.747459053993225,1.747459053993225,1.379114,-0.4629749402642047
2011-01-24,1.747459053993225,1.7880970239639282,1.747459053993225,1.7799700498580933,2.674371,1.860472541006053
2011-01-25,1.7962249517440796,1.8287359476089478,1.7880970239639282,1.7962249517440796,7.733425,0.9132121008037286
2011-01-26,1.7962249517440796,1.8206080198287964,1.7962249517440796,1.8043529987335205,2.611953,0.452507186338158
2011-01-27,1.8124810457229614,1.8287359476089478,1.7718420028686523,1.8043529987335205,5.478465,0.0
2011-01-30,1.7230759859085083,1.7880970239639282,1.6743090152740479,1.7637139558792114,8.610905,-2.2522778460109416
2011-01-31,1.747459053993225,1.7880970239639282,1.7312029600143433,1.7555869817733765,4.092896,-0.46078753749972945
2011-02-01,1.7555869817733765,1.7799700498580933,1.747459053993225,1.7637139558792114,2.487024,0.46292061801607165
2011-02-02,1.7880970239639282,1.8368639945983887,1.7880970239639282,1.8287359476089478,10.953114,3.6866517675947508
2011-02-03,1.828735947608948,1.828735947608948,1.828735947608948,1.828735947608948,0.0,0.0
2011-02-06,1.8287359476089478,1.8856300115585327,1.8206080198287964,1.8775019645690918,13.822589,2.6666516302643384
2011-02-07,1.8287359476089478,1.8856300115585327,1.8206080198287964,1.8775019645690918,13.822589,0.0
2011-02-08,1.8693749904632568,1.877501964569092,1.844990968704224,1.861246943473816,3.045248,-0.865779179038384
2011-02-09,1.8449909687042236,1.8693749904632568,1.8449909687042236,1.8449909687042236,2.560469,-0.873391616657393
2011-02-10,1.861246943473816,1.861246943473816,1.836863994598389,1.8531190156936648,4.509477,0.4405467087543302
2011-02-13,1.877501964569092,1.8856300115585327,1.8531190156936648,1.861246943473816,6.786321,0.4386079745185123
2011-02-14,1.861246943473816,1.877501964569092,1.8531190156936648,1.8531190156936648,3.764285,-0.4366926059247933
2011-02-15,1.8531190156936646,1.8531190156936646,1.8531190156936646,1.8531190156936646,0.0,0.0
2011-02-16,1.8531190156936648,1.8531190156936648,1.8531190156936648,1.8531190156936648,0.0,0.0
2011-02-20,1.861246943473816,1.8693749904632568,1.8206080198287964,1.828735947608948,8.023072,-1.3157853261567043
2011-02-21,1.861246943473816,1.8693749904632568,1.8206080198287964,1.828735947608948,8.023072,0.0
2011-02-22,1.828735947608948,1.828735947608948,1.828735947608948,1.828735947608948,0.0,0.0
2011-02-23,1.7718420028686523,1.8124810457229612,1.7718420028686523,1.8043529987335205,3.844107,-1.3333225557964012
2011-02-24,1.7962249517440796,1.8124810457229614,1.7637139558792114,1.7799700498580933,4.01091,-1.3513402805627073
2011-02-27,1.7962249517440796,1.8124810457229614,1.747459053993225,1.7555869817733765,5.049992,-1.3698583347883098
2011-02-28,1.747459053993225,1.747459053993225,1.6743090152740479,1.698693037033081,8.668253,-3.2407363081961904
2011-03-01,1.706820011138916,1.747459053993225,1.6905649900436401,1.6905649900436401,6.239704,-0.4784882737635332
2011-03-02,1.69056499004364,1.69056499004364,1.617414951324463,1.649925947189331,5.712902,-2.403873444301008
2011-03-03,1.6824369430541992,1.6824369430541992,1.617414951324463,1.6417980194091797,6.050887,-0.4926237928433941
2011-03-06,1.7637139558792114,1.7637139558792114,1.6743090152740479,1.706820011138916,7.273197,3.9604135807847607
2011-03-07,1.6905649900436401,1.6905649900436401,1.666182041168213,1.666182041168213,1.166034,-2.380917126908211
2011-03-08,1.666182041168213,1.714948058128357,1.666182041168213,1.698693037033081,3.809951,1.951227120541632
2011-03-09,1.698693037033081,1.747459053993225,1.698693037033081,1.7312029600143433,7.718092,1.9138197586330064
2011-03-10,1.7312029600143433,1.747459053993225,1.714948058128357,1.7312029600143433,3.931169,0.0
2011-03-13,1.7637139558792114,1.7880970239639282,1.7555869817733765,1.7799700498580933,14.818405,2.816948155134047
2011-03-14,1.7799700498580933,1.7799700498580933,1.7799700498580933,1.7799700498580933,0.0,0.0
2011-03-15,1.706820011138916,1.7555869817733765,1.698693037033081,1.7230759859085083,5.379553,-3.196349509033636
2011-03-16,1.7230759859085083,1.7393310070037842,1.706820011138916,1.7312029600143433,4.070005,0.4716550037431988
2011-03-17,1.698693037033081,1.747459053993225,1.698693037033081,1.7393310070037842,3.509031,0.46950283572606555
2011-03-20,1.7555869817733765,1.7718420028686523,1.747459053993225,1.7555869817733765,8.540498,0.934610761501653
2011-03-21,1.7555869817733765,1.7637139558792114,1.747459053993225,1.747459053993225,2.462063,-0.4629749402642047
2011-03-22,1.7555869817733765,1.7799700498580933,1.7555869817733765,1.7718420028686523,8.204967,1.3953373510931844
2011-03-23,1.7555869817733765,1.7799700498580933,1.747459053993225,1.7718420028686523,3.951782,0.0
2011-03-24,1.7799700498580933,1.8124810457229614,1.7718420028686523,1.7962249517440796,12.876362,1.3761356168298766
2011-03-27,1.828735947608948,1.836863994598389,1.7799700498580933,1.7880970239639282,11.587588,-0.4525005496811229
2011-03-28,1.7718420028686523,1.7962249517440796,1.7555869817733765,1.7880970239639282,3.266634,0.0
2011-03-29,1.8206080198287964,1.8206080198287964,1.7799700498580933,1.7880970239639282,4.006645,0.0
2011-03-30,1.7880970239639282,1.7962249517440796,1.7718420028686523,1.7799700498580933,3.774116,-0.45450408993013003
2011-03-31,1.7799700498580933,1.7799700498580933,1.7799700498580933,1.7799700498580933,0.0,0.0
2011-04-03,1.8206080198287964,1.8531190156936646,1.8043529987335205,1.8124810457229614,11.08093,1.826491174245315
2011-04-04,1.8124810457229614,1.8287359476089478,1.7962249517440796,1.8206080198287964,4.406719,0.44838946730023643
2011-04-05,1.8287359476089478,1.8287359476089478,1.7962249517440796,1.7962249517440796,3.173598,-1.3392815926961399
2011-04-06,1.8043529987335205,1.8206080198287964,1.7962249517440796,1.8206080198287964,6.262436,1.3574618291011697
2011-04-07,1.747459053993225,1.7555869817733765,1.7312029600143433,1.747459053993225,10.817511,-4.017831682541417
2011-04-10,1.7555869817733765,1.7637139558792114,1.7393310070037842,1.7393310070037842,8.971271,-0.4651351899128686
2011-04-11,1.7312029600143433,1.7393310070037842,1.714948058128357,1.7230759859085083,5.156868,-0.9345559315519392
2011-04-12,1.706820011138916,1.7555869817733765,1.706820011138916,1.7312029600143433,10.884225,0.4716550037431988
2011-04-13,1.7393310070037842,1.7718420028686523,1.7393310070037842,1.7555869817733765,9.308044,1.4085016212559642
2011-04-14,1.7555869817733765,1.7718420028686523,1.747459053993225,1.7718420028686523,8.488833,0.9259023485612916
2011-04-17,1.7637139558792114,1.8124810457229612,1.7637139558792114,1.7718420028686523,18.390308,0.0
2011-04-18,1.7962249517440796,1.8043529987335205,1.7799700498580933,1.7799700498580933,4.741233,0.4587342988980669
2011-04-19,1.7799700498580933,1.844990968704224,1.7718420028686523,1.8206080198287964,19.712832,2.2830704355920384
2011-04-20,1.8368639945983887,1.8775019645690918,1.8287359476089478,1.8775019645690918,17.908446,3.124996930731161
2011-04-21,1.8856300115585327,1.8856300115585327,1.8531190156936648,1.8531190156936648,10.971833,-1.2986909913046851
2011-04-24,1.8531190156936646,1.8531190156936646,1.8531190156936646,1.8531190156936646,0.0,0.0
2011-04-25,1.828735947608948,1.828735947608948,1.7962249517440796,1.8043529987335205,3.487692,-2.631564219413607
2011-04-26,1.8124810457229612,1.836863994598389,1.8043529987335205,1.8043529987335205,4.753822,0.0
2011-04-27,1.8124810457229612,1.8531190156936648,1.8124810457229612,1.8531190156936648,5.743916,2.702687167886375
2011-04-28,1.828735947608948,1.8531190156936648,1.8043529987335205,1.8124810457229612,9.167311,-2.1929498119952817
2011-05-01,1.8449909687042236,1.8449909687042236,1.8206080198287964,1.8287359476089478,5.522469,0.896831551664734
2011-05-02,1.844990968704224,1.844990968704224,1.8206080198287964,1.828735947608948,5.522469,0.0
2011-05-03,1.8043529987335205,1.8206080198287964,1.7962249517440796,1.8124810457229612,2.90412,-0.8888599749591775
2011-05-04,1.8043529987335205,1.8206080198287964,1.7962249517440796,1.8124810457229614,2.90412,0.0
2011-05-05,1.7799700498580933,1.7962249517440796,1.7718420028686523,1.7718420028686523,3.990294,-2.242177536157297
2011-05-08,1.7555869817733765,1.7962249517440796,1.7555869817733765,1.7555869817733765,3.086139,-0.9174080459182332
2011-05-09,1.7555869817733765,1.7718420028686523,1.747459053993225,1.7555869817733765,4.309171,0.0
2011-05-10,1.747459053993225,1.7799700498580933,1.747459053993225,1.7718420028686523,1.6988,0.9259023485612916
2011-05-11,1.7718420028686523,1.7880970239639282,1.7718420028686523,1.7718420028686523,1.421444,0.0
2011-05-12,1.7555869817733765,1.7962249517440796,1.7555869817733765,1.7393310070037842,6.379847,-1.8348699157279325
2011-05-15,1.7637139558792114,1.7637139558792114,1.747459053993225,1.747459053993225,2.161713,0.4673088076226683
2011-05-16,1.747459053993225,1.747459053993225,1.747459053993225,1.747459053993225,0.0,0.0
2011-05-17,1.714948058128357,1.7555869817733765,1.714948058128357,1.7555869817733765,2.538341,0.4651283680483287
2011-05-18,1.7637139558792114,1.7637139558792114,1.747459053993225,1.7637139558792114,5.115551,0.46292061801607165
2011-05-19,1.7637139558792114,1.7637139558792114,1.7393310070037842,1.7393310070037842,1.526288,-1.3824775153674085
2011-05-22,1.7393310070037842,1.747459053993225,1.7312029600143433,1.747459053993225,2.574039,0.46730880762266835
2011-05-23,1.7393310070037842,1.7393310070037842,1.6824369430541992,1.706820011138916,6.04353,-2.3256077309189216
2011-05-24,1.6905649900436401,1.714948058128357,1.666182041168213,1.6905649900436401,5.16149,-0.9523570727548059
2011-05-25,1.6905649900436401,1.6905649900436401,1.6905649900436401,1.6905649900436401,0.0,0.0
2011-05-26,1.674309015274048,1.706820011138916,1.658053994178772,1.674309015274048,4.23227,-0.9615705320605628
2011-05-29,1.6905649900436401,1.6905649900436401,1.6824369430541992,1.6824369430541992,1.680655,0.4854496813911702
2011-05-30,1.6824369430541992,1.698693037033081,1.6743090152740479,1.6824369430541992,1.356524,0.0
2011-05-31,1.6824369430541992,1.714948058128357,1.6824369430541992,1.698693037033081,7.633657,0.9662230757588652
2011-06-01,1.714948058128357,1.7230759859085083,1.698693037033081,1.7230759859085083,3.415534,1.4353946442268397
2011-06-02,1.6743090152740479,1.706820011138916,1.658053994178772,1.6743090152740479,4.23227,-2.830227513660555
2011-06-05,1.6905649900436401,1.714948058128357,1.6905649900436401,1.706820011138916,1.088266,1.9417560061065986
2011-06-06,1.706820011138916,1.714948058128357,1.698693037033081,1.698693037033081,1.053343,-0.47614710706443963
2011-06-07,1.706820011138916,1.7230759859085083,1.698693037033081,1.698693037033081,2.950146,0.0
2011-06-08,1.698693037033081,1.706820011138916,1.69056499004364,1.69056499004364,3.004319,-0.4784882737635332
2011-06-09,1.69056499004364,1.706820011138916,1.674309015274048,1.6824369430541992,1.47081,-0.4807887917536391
2011-06-12,1.6743090152740479,1.706820011138916,1.6417980194091797,1.666182041168213,3.079059,-0.9661522206281359
2011-06-13,1.6824369430541992,1.69056499004364,1.666182041168213,1.674309015274048,0.850963,0.4877602749899346
2011-06-14,1.6905649900436401,1.6905649900436401,1.6743090152740479,1.6824369430541992,1.400824,0.4854496813911702
2011-06-15,1.6824369430541992,1.6824369430541992,1.6824369430541992,1.6824369430541992,0.0,0.0
2011-06-16,1.714948058128357,1.7312029600143433,1.698693037033081,1.706820011138916,6.202432,1.4492708440206448
2011-06-19,1.706820011138916,1.706820011138916,1.706820011138916,1.706820011138916,0.0,0.0
2011-06-20,1.706820011138916,1.706820011138916,1.706820011138916,1.706820011138916,0.0,0.0
2011-06-21,1.69056499004364,1.706820011138916,1.69056499004364,1.69056499004364,0.989075,-0.952357072754806
2011-06-22,1.69056499004364,1.69056499004364,1.666182041168213,1.674309015274048,2.905947,-0.9615705320605628
2011-06-23,1.6743090152740479,1.6824369430541992,1.658053994178772,1.6743090152740479,3.818039,0.0
2011-06-26,1.666182041168213,1.6824369430541992,1.649925947189331,1.666182041168213,1.286101,-0.4853927221137755
2011-06-27,1.658053994178772,1.666182041168213,1.6417980194091797,1.666182041168213,2.906761,0.0
2011-06-28,1.666182041168213,1.6824369430541992,1.6336710453033447,1.6417980194091797,3.529389,-1.4634668455516864
2011-06-29,1.666182041168213,1.6824369430541992,1.6336710453033447,1.6417980194091797,3.529389,0.0
2011-07-03,1.658053994178772,1.6824369430541992,1.658053994178772,1.666182041168213,3.337401,1.4852022886352456
2011-07-04,1.666182041168213,1.6824369430541992,1.666182041168213,1.6743090152740479,0.217968,0.4877602749899346
2011-07-05,1.666182041168213,1.6824369430541992,1.666182041168213,1.6824369430541992,0.842102,0.4854496813911702
2011-07-06,1.6824369430541992,1.658053994178772,1.674309015274048,1.674309015274048,6e-05,-0.4831044523663674
2011-07-07,1.674309015274048,1.6824369430541992,1.658053994178772,1.674309015274048,1.928004,0.0
2011-07-10,1.649925947189331,1.674309015274048,1.649925947189331,1.666182041168213,0.941598,-0.4853927221137755
2011-07-11,1.674309015274048,1.674309015274048,1.649925947189331,1.666182041168213,2.24039,0.0
2011-07-12,1.649925947189331,1.658053994178772,1.6336710453033447,1.6417980194091797,2.498291,-1.4634668455516864
2011-07-13,1.649925947189331,1.666182041168213,1.649925947189331,1.666182041168213,1.577194,1.4852022886352456
2011-07-14,1.658053994178772,1.666182041168213,1.658053994178772,1.666182041168213,0.36068,0.0
2011-07-17,1.6417980194091797,1.649925947189331,1.6336710453033447,1.649925947189331,0.44486,-0.9756493334596383
2011-07-18,1.6417980194091797,1.658053994178772,1.6336710453033447,1.649925947189331,2.732742,0.0
2011-07-19,1.6336710453033447,1.649925947189331,1.6255429983139038,1.6336710453033447,1.618456,-0.9851897846492319
2011-07-20,1.658053994178772,1.658053994178772,1.6336710453033447,1.649925947189331,0.623505,0.994992347615975
2011-07-21,1.649925947189331,1.658053994178772,1.6417980194091797,1.6417980194091797,0.758889,-0.4926237928433941
2011-07-24,1.6417980194091797,1.649925947189331,1.6336710453033447,1.6417980194091797,0.810779,0.0
2011-07-25,1.6417980194091797,1.649925947189331,1.6255429983139038,1.6255429983139038,3.039486,-0.9900743516017552
2011-07-26,1.649925947189331,1.649925947189331,1.6255429983139038,1.6255429983139038,1.925209,0.0
2011-07-27,1.6336710453033447,1.6336710453033447,1.617414951324463,1.6255429983139038,1.166326,0.0
2011-07-28,1.609287977218628,1.6417980194091797,1.609287977218628,1.6255429983139038,1.62599,0.0
2011-07-31,1.6255429983139038,1.6255429983139038,1.6255429983139038,1.6255429983139038,0.0,0.0
2011-08-01,1.6824369430541992,1.6824369430541992,1.658053994178772,1.658053994178772,2.563811,2.0000083601965812
2011-08-02,1.658053994178772,1.6824369430541992,1.658053994178772,1.6824369430541992,2.439177,1.4705762876862094
2011-08-03,1.658053994178772,1.6824369430541992,1.658053994178772,1.674309015274048,0.932791,-0.4831044523663674
2011-08-04,1.666182041168213,1.69056499004364,1.666182041168213,1.674309015274048,2.091863,0.0
2011-08-07,1.6336710453033447,1.6417980194091797,1.5686490535736084,1.6336710453033447,4.486555,-2.427148728220374
2011-08-08,1.617414951324463,1.658053994178772,1.5849039554595947,1.5849039554595947,8.569193,-2.9851229832315918
2011-08-09,1.5686490535736084,1.6011600494384766,1.5605210065841677,1.5849039554595947,6.19474,0.0
2011-08-10,1.609287977218628,1.6255429983139038,1.6011600494384766,1.617414951324463,3.606153,2.051291231426111
2011-08-11,1.5849039554595947,1.6255429983139038,1.5849039554595947,1.617414951324463,2.985209,0.0
2011-08-14,1.6336710453033447,1.649925947189331,1.617414951324463,1.6417980194091797,1.597677,1.5075332440045883
2011-08-15,1.617414951324463,1.6336710453033447,1.617414951324463,1.617414951324463,1.927355,-1.4851442014463756
2011-08-16,1.617414951324463,1.6336710453033447,1.617414951324463,1.6255429983139038,2.382022,0.5025331924120691
2011-08-17,1.617414951324463,1.6336710453033447,1.617414951324463,1.6255429983139038,0.859605,0.0
2011-08-18,1.617414951324463,1.6417980194091797,1.617414951324463,1.6255429983139038,3.297934,0.0
2011-08-21,1.617414951324463,1.6255429983139038,1.5930320024490356,1.617414951324463,2.383926,-0.500020423813563
2011-08-22,1.617414951324463,1.6336710453033447,1.609287977218628,1.617414951324463,2.130644,0.0
2011-08-23,1.609287977218628,1.6255429983139038,1.609287977218628,1.609287977218628,1.804831,-0.5024668591804504
2011-08-24,1.617414951324463,1.6255429983139038,1.609287977218628,1.617414951324463,0.892261,0.5050043386194414
2011-08-25,1.609287977218628,1.6336710453033447,1.609287977218628,1.6255429983139038,4.003948,0.5025331924120691
2011-08-28,1.6255429983139038,1.6255429983139038,1.6255429983139038,1.6255429983139038,0.0,0.0
2011-08-29,1.649925947189331,1.666182041168213,1.6417980194091797,1.649925947189331,2.995127,1.4999879363830182
2011-09-04,1.666182041168213,1.666182041168213,1.6336710453033447,1.6417980194091797,0.714334,-0.4926237928433941
2011-09-05,1.6255429983139038,1.6417980194091797,1.6255429983139038,1.6255429983139038,1.573353,-0.9900743516017552
2011-09-06,1.6255429983139038,1.649925947189331,1.6255429983139038,1.6336710453033447,2.038692,0.500020423813563
2011-09-07,1.6417980194091797,1.6417980194091797,1.6255429983139038,1.6417980194091797,0.911058,0.49746698573125414
2011-09-08,1.6255429983139038,1.649925947189331,1.6255429983139038,1.6255429983139038,2.196884,-0.9900743516017552
2011-09-11,1.617414951324463,1.6417980194091797,1.617414951324463,1.6255429983139038,1.333044,0.0
2011-09-12,1.617414951324463,1.617414951324463,1.617414951324463,1.617414951324463,1.71749,-0.500020423813563
2011-09-13,1.617414951324463,1.617414951324463,1.617414951324463,1.617414951324463,1.111057,0.0
2011-09-14,1.6255429983139038,1.617414951324463,1.6336710453033447,1.6255429983139038,1.022252,0.5025331924120691
2011-09-15,1.6255429983139038,1.6336710453033447,1.609287977218628,1.617414951324463,1.075699,-0.500020423813563
2011-09-18,1.6255429983139038,1.6417980194091797,1.6255429983139038,1.6417980194091797,0.950781,1.5075332440045885
2011-09-19,1.617414951324463,1.6417980194091797,1.617414951324463,1.6255429983139038,1.418665,-0.9900743516017552
2011-09-20,1.6255429983139038,1.6417980194091797,1.6255429983139038,1.6255429983139038,2.681384,0.0
2011-09-21,1.6255429983139038,1.6336710453033447,1.617414951324463,1.617414951324463,1.030909,-0.500020423813563
2011-09-22,1.6255429983139038,1.6255429983139038,1.617414951324463,1.617414951324463,1.61327,0.0
2011-09-25,1.609287977218628,1.6255429983139038,1.6011600494384766,1.6011600494384766,1.512012,-1.0049926812334409
2011-09-26,1.6011600494384766,1.617414951324463,1.6011600494384766,1.609287977218628,1.644369,0.5076274406797587
2011-09-27,1.6255429983139038,1.6336710453033447,1.609287977218628,1.609287977218628,1.757634,0.0
2011-09-28,1.617414951324463,1.6255429983139038,1.5930320024490356,1.617414951324463,0.836087,0.5050043386194414
2011-09-29,1.609287977218628,1.609287977218628,1.5930320024490356,1.609287977218628,3.385027,-0.5024668591804504
2011-10-02,1.6011600494384766,1.609287977218628,1.5849039554595947,1.5849039554595947,1.200825,-1.515205612930548
2011-10-03,1.5849039554595947,1.6011600494384766,1.5849039554595947,1.5930320024490356,2.169038,0.512841611723025
2011-10-04,1.5849039554595947,1.5849039554595947,1.5442659854888916,1.5605210065841677,4.401597,-2.040825031442406
2011-10-05,1.5767769813537598,1.5930320024490356,1.5605210065841677,1.5605210065841677,1.516861,0.0
2011-10-06,1.5605210065841677,1.5767769813537598,1.5605210065841677,1.5767769813537598,1.18769,1.0417017586437316
2011-10-09,1.5930320024490356,1.5930320024490356,1.5686490535736084,1.5930320024490356,0.985546,1.0309017246890484
2011-10-10,1.5930320024490356,1.5930320024490356,1.5605210065841675,1.5849039554595947,0.803865,-0.5102249657850777
2011-10-11,1.5686490535736084,1.5849039554595947,1.5686490535736084,1.5849039554595947,0.905437,0.0
2011-10-12,1.5686490535736084,1.5930320024490356,1.5686490535736084,1.5849039554595947,1.24578,0.0
2011-10-13,1.5686490535736084,1.6011600494384766,1.5686490535736084,1.5930320024490356,1.64503,0.512841611723025
2011-10-16,1.609287977218628,1.609287977218628,1.5767769813537598,1.5849039554595947,0.939952,-0.5102249657850777
2011-10-17,1.5930320024490356,1.5930320024490356,1.5849039554595947,1.5849039554595947,1.041799,0.0
2011-10-18,1.5849039554595947,1.5930320024490356,1.5767769813537598,1.5849039554595947,1.414842,0.0
2011-10-19,1.5849039554595947,1.5930320024490356,1.5849039554595947,1.5849039554595947,0.66927,0.0
2011-10-20,1.5849039554595947,1.5930320024490356,1.5767769813537598,1.5930320024490356,1.101258,0.512841611723025
2011-10-23,1.5849039554595947,1.5930320024490356,1.5686490535736084,1.5849039554595947,1.389983,-0.5102249657850777
2011-10-24,1.5849039554595947,1.609287977218628,1.5849039554595947,1.5849039554595947,1.140558,0.0
2011-10-25,1.5849039554595947,1.5930320024490356,1.5767769813537598,1.5767769813537598,1.763336,-0.5127739178036328
2011-10-26,1.5767769813537598,1.6011600494384766,1.5767769813537598,1.5930320024490356,1.810988,1.0309017246890484
2011-10-27,1.5849039554595947,1.5930320024490356,1.5849039554595947,1.5930320024490356,0.135982,0.0
2011-10-30,1.609287977218628,1.6417980194091797,1.609287977218628,1.6417980194091797,7.677972,3.0612076144844513
2011-10-31,1.6417980194091797,1.6417980194091797,1.617414951324463,1.6255429983139038,2.269347,-0.9900743516017552
2011-11-01,1.6255429983139038,1.6255429983139038,1.6011600494384766,1.6011600494384766,2.60735,-1.499987936383007
2011-11-02,1.609287977218628,1.617414951324463,1.5930320024490356,1.6011600494384766,0.640439,0.0
2011-11-03,1.5930320024490356,1.609287977218628,1.5930320024490356,1.609287977218628,1.662656,0.5076274406797587
2011-11-09,1.617414951324463,1.6255429983139038,1.609287977218628,1.609287977218628,1.030834,0.0
2011-11-10,1.609287977218628,1.609287977218628,1.609287977218628,1.609287977218628,0.0,0.0
2011-11-13,1.609287977218628,1.6336710453033447,1.6011600494384766,1.617414951324463,1.482931,0.5050043386194414
2011-11-14,1.609287977218628,1.6255429983139038,1.609287977218628,1.617414951324463,1.07046,0.0
2011-11-15,1.609287977218628,1.6336710453033447,1.609287977218628,1.6336710453033447,1.552829,1.005066384824138
2011-11-16,1.6255429983139038,1.6255429983139038,1.609287977218628,1.6255429983139038,1.323622,-0.49753265890389864
2011-11-17,1.617414951324463,1.6336710453033447,1.609287977218628,1.6336710453033447,0.928394,0.500020423813563
2011-11-20,1.6255429983139038,1.6255429983139038,1.609287977218628,1.6255429983139038,0.837081,-0.49753265890389864
2011-11-21,1.609287977218628,1.6336710453033447,1.6011600494384766,1.617414951324463,2.008298,-0.500020423813563
2011-11-22,1.609287977218628,1.6255429983139038,1.609287977218628,1.609287977218628,0.693529,-0.5024668591804504
2011-11-23,1.609287977218628,1.617414951324463,1.6011600494384766,1.6011600494384766,1.507373,-0.5050635992570496
2011-11-24,1.6011600494384766,1.609287977218628,1.5849039554595947,1.6011600494384766,1.639815,0.0
2011-11-27,1.6011600494384766,1.617414951324463,1.5930320024490356,1.5930320024490356,3.520755,-0.5076348858623736
2011-11-28,1.5930320024490356,1.609287977218628,1.5930320024490356,1.609287977218628,2.667318,1.0204424484003605
2011-11-29,1.6011600494384766,1.617414951324463,1.6011600494384766,1.617414951324463,0.711689,0.5050043386194414
2011-11-30,1.6011600494384766,1.6417980194091797,1.6011600494384766,1.6255429983139038,4.545213,0.5025331924120691
2011-12-04,1.6255429983139038,1.649925947189331,1.6255429983139038,1.649925947189331,3.549633,1.4999879363830182
2011-12-05,1.6417980194091797,1.649925947189331,1.6336710453033447,1.6336710453033447,1.465924,-0.9851897846492319
2011-12-06,1.6255429983139038,1.649925947189331,1.617414951324463,1.617414951324463,1.872531,-0.9950653178078084
2011-12-07,1.6255429983139038,1.6255429983139038,1.609287977218628,1.617414951324463,0.986612,0.0
2011-12-08,1.609287977218628,1.617414951324463,1.609287977218628,1.609287977218628,0.433632,-0.5024668591804504
2011-12-11,1.617414951324463,1.6336710453033447,1.609287977218628,1.617414951324463,3.379194,0.5050043386194414
2011-12-12,1.617414951324463,1.6255429983139038,1.609287977218628,1.617414951324463,0.638331,0.0
2011-12-13,1.617414951324463,1.6255429983139038,1.609287977218628,1.617414951324463,1.699705,0.0
2011-12-14,1.617414951324463,1.617414951324463,1.609287977218628,1.609287977218628,1.665828,-0.5024668591804504
2011-12-15,1.609287977218628,1.609287977218628,1.5849039554595947,1.5930320024490356,2.081474,-1.0101346060938043
2011-12-18,1.5930320024490356,1.5930320024490356,1.5930320024490356,1.5930320024490356,0.0,0.0
2011-12-19,1.6011600494384766,1.6011600494384766,1.5767769813537598,1.5849039554595947,1.844575,-0.5102249657850777
2011-12-20,1.5849039554595947,1.5930320024490356,1.5686490535736084,1.5686490535736084,1.343081,-1.0256080079800611
2011-12-21,1.5849039554595947,1.5849039554595947,1.5442659854888916,1.5442659854888916,2.968308,-1.5543991837542404
2011-12-22,1.5523940324783325,1.5767769813537598,1.5361380577087402,1.5686490535736084,1.077341,1.5789422491875538
2011-12-25,1.5523940324783323,1.5930320024490356,1.5523940324783323,1.5767769813537598,1.325374,0.5181482602265142
2011-12-26,1.5523940324783323,1.5605210065841677,1.5361380577087402,1.5442659854888916,5.542643,-2.0618639318894294
2011-12-27,1.5361380577087402,1.5686490535736084,1.5361380577087402,1.5442659854888916,2.56047,0.0
2011-12-28,1.5605210065841675,1.5686490535736084,1.5523940324783325,1.5686490535736084,2.329539,1.5789422491875538
2011-12-29,1.5686490535736084,1.5767769813537598,1.5686490535736084,1.5767769813537598,1.424878,0.5181482602265142
2012-01-02,1.5767769813537598,1.5849039554595947,1.5605210065841675,1.5605210065841675,0.466434,-1.030962207200381
2012-01-03,1.5523940324783325,1.5523940324783325,1.5442659854888916,1.5523940324783325,0.78261,-0.5207859472282306
2012-01-04,1.5523940324783325,1.5523940324783325,1.5442659854888916,1.5523940324783325,0.78261,0.0
2012-01-05,1.5523940324783325,1.5523940324783325,1.5442659854888916,1.5523940324783325,0.78261,0.0
2012-01-08,1.5605210065841675,1.5605210065841675,1.5442659854888916,1.5442659854888916,0.92778,-0.5235814374050962
2012-01-09,1.5523940324783323,1.5523940324783323,1.5361380577087402,1.5442659854888916,0.695487,0.0
2012-01-10,1.5442659854888916,1.5523940324783325,1.5361380577087402,1.5442659854888916,1.303577,0.0
2012-01-11,1.5442659854888916,1.5442659854888916,1.5361380577087402,1.5442659854888916,0.837991,0.0
2012-01-12,1.5442659854888916,1.5523940324783323,1.5361380577087402,1.5361380577087402,1.293979,-0.5263295220206632
2012-01-15,1.5361380577087402,1.5523940324783325,1.5361380577087402,1.5361380577087402,2.49497,0.0
2012-01-16,1.5361380577087402,1.5442659854888916,1.4954999685287476,1.528010010719299,2.374459,-0.5291221676757663
2012-01-17,1.528010010719299,1.5442659854888916,1.5117549896240234,1.5361380577087402,1.017739,0.5319367630068461
2012-01-18,1.5361380577087402,1.5442659854888916,1.5198830366134644,1.5442659854888916,1.224951,0.5291144073518161
2012-01-19,1.5442659854888916,1.5605210065841675,1.5361380577087402,1.5605210065841675,2.29008,1.0526050076878235
2012-01-22,1.5523940324783323,1.5849039554595947,1.5361380577087402,1.5605210065841677,3.247103,0.0
2012-01-23,1.5605210065841677,1.5849039554595947,1.5605210065841677,1.5686490535736084,1.322728,0.5208546988567875
2012-01-24,1.5686490535736084,1.5930320024490356,1.5686490535736084,1.5849039554595947,3.394537,1.0362357245526257
2012-01-25,1.5930320024490356,1.6011600494384766,1.5849039554595947,1.6011600494384766,3.10437,1.02568322344605
2012-01-26,1.6011600494384766,1.6417980194091797,1.5930320024490356,1.6336710453033447,5.626095,2.03046509162339
2012-01-29,1.649925947189331,1.6824369430541992,1.6336710453033447,1.658053994178772,5.813224,1.4925250065198847
2012-01-30,1.666182041168213,1.6824369430541992,1.666182041168213,1.666182041168213,2.532421,0.49021606159855846
2012-01-31,1.666182041168213,1.706820011138916,1.666182041168213,1.706820011138916,5.330167,2.4389873955315666
2012-02-01,1.706820011138916,1.7880970239639282,1.706820011138916,1.7799700498580933,10.73616,4.285750005377897
2012-02-02,1.7637139558792114,1.7718420028686523,1.706820011138916,1.706820011138916,7.193624,-4.109621885211445
2012-02-05,1.7637139558792114,1.7718420028686523,1.706820011138916,1.706820011138916,7.193624,0.0
2012-02-06,1.747459053993225,1.7637139558792114,1.7230759859085083,1.747459053993225,6.201345,2.3809799855341263
2012-02-07,1.747459053993225,1.747459053993225,1.7230759859085083,1.747459053993225,2.908259,0.0
2012-02-08,1.7393310070037842,1.7555869817733765,1.7312029600143433,1.7555869817733765,3.369802,0.4651283680483287
2012-02-09,1.7555869817733765,1.7555869817733765,1.7312029600143433,1.7555869817733765,3.222933,0.0
2012-02-12,1.747459053993225,1.7637139558792114,1.7393310070037842,1.7555869817733765,2.440185,0.0
2012-02-13,1.7555869817733765,1.7555869817733765,1.7393310070037842,1.747459053993225,2.868432,-0.4629749402642047
2012-02-14,1.7637139558792114,1.7718420028686523,1.747459053993225,1.747459053993225,3.969201,0.0
2012-02-15,1.7555869817733765,1.7555869817733765,1.7393310070037842,1.747459053993225,2.397273,0.0
2012-02-16,1.7555869817733765,1.7555869817733765,1.747459053993225,1.747459053993225,0.900178,0.0
2012-02-19,1.7555869817733765,1.8124810457229614,1.747459053993225,1.8043529987335205,13.460733,3.2558098920992595
2012-02-20,1.8206080198287964,1.8206080198287964,1.7799700498580933,1.7799700498580933,5.164513,-1.3513402805627073
2012-02-21,1.7799700498580933,1.7962249517440796,1.7637139558792114,1.7880970239639282,6.927515,0.4565792613467234
2012-02-22,1.7962249517440796,1.8043529987335205,1.7799700498580933,1.8043529987335205,4.039039,0.909121515875877
2012-02-23,1.7880970239639282,1.8124810457229614,1.7880970239639282,1.8043529987335205,4.54286,0.0
2012-02-26,1.8124810457229614,1.8531190156936646,1.8124810457229614,1.8368639945983887,9.535463,1.801809063286819
2012-02-27,1.836863994598389,1.8693749904632568,1.8206080198287964,1.8206080198287964,4.288286,-0.8849852148768655
2012-02-28,1.7799700498580933,1.8368639945983887,1.7799700498580933,1.7880970239639282,14.176953,-1.7857218858085333
2012-02-29,1.7880970239639282,1.828735947608948,1.7718420028686523,1.8043529987335205,9.285578,0.909121515875877
2012-03-01,1.8124810457229614,1.8124810457229614,1.7718420028686523,1.7799700498580933,3.327029,-1.3513402805627073
2012-03-04,1.7799700498580933,1.8368639945983887,1.7799700498580933,1.8043529987335205,10.051985,1.3698516375245218
2012-03-05,1.8206080198287964,1.8287359476089478,1.7799700498580933,1.8043529987335205,7.203327,0.0
2012-03-06,1.7880970239639282,1.8043529987335205,1.7555869817733765,1.7637139558792114,4.834469,-2.2522778460109416
2012-03-07,1.747459053993225,1.7555869817733765,1.714948058128357,1.7230759859085083,6.910137,-2.304113421297116
2012-03-08,1.7312029600143433,1.7799700498580933,1.7312029600143433,1.7312029600143433,4.953463,0.4716550037431988
2012-03-11,1.7637139558792114,1.7880970239639282,1.7555869817733765,1.7799700498580933,4.054909,2.816948155134047
2012-03-12,1.7880970239639282,1.8043529987335205,1.7637139558792114,1.7718420028686523,4.881115,-0.4566395367207931
2012-03-13,1.7880970239639282,1.7962249517440796,1.7637139558792114,1.7637139558792114,3.059557,-0.45873429889806694
2012-03-14,1.7880970239639282,1.8124810457229614,1.7718420028686523,1.7718420028686523,6.685833,0.4608483684299669
2012-03-15,1.7718420028686523,1.836863994598389,1.7718420028686523,1.8043529987335205,17.612727,1.834869915727944
2012-03-18,1.8206080198287964,1.828735947608948,1.7799700498580933,1.7880970239639282,4.703027,-0.9009309586872628
2012-03-19,1.7799700498580933,1.8124810457229614,1.7718420028686523,1.7962249517440796,4.613335,0.45455742452571446
2012-03-20,1.7880970239639282,1.7962249517440796,1.7718420028686523,1.7799700498580933,1.709513,-0.9049480061059878
2012-03-21,1.7880970239639282,1.8043529987335205,1.7799700498580933,1.8043529987335205,5.264748,1.3698516375245218
2012-03-22,1.8043529987335205,1.8043529987335205,1.7880970239639282,1.7880970239639282,4.729637,-0.9009309586872627
2012-03-25,1.7962249517440796,1.8124810457229614,1.7880970239639282,1.8043529987335205,3.458507,0.909121515875877
2012-03-26,1.8043529987335205,1.8124810457229614,1.7962249517440796,1.8124810457229614,2.432773,0.4504687827241227
2012-03-27,1.7962249517440796,1.8124810457229612,1.7962249517440796,1.8124810457229612,5.009685,0.0
2012-03-28,1.8043529987335205,1.8124810457229614,1.7799700498580933,1.8124810457229614,8.785159,0.0
2012-03-29,1.706820011138916,1.7312029600143433,1.698693037033081,1.714948058128357,6.751032,-5.381186623979318
2012-04-01,1.714948058128357,1.7230759859085083,1.698693037033081,1.706820011138916,1.901097,-0.47395295448841024
2012-04-02,1.698693037033081,1.706820011138916,1.6824369430541992,1.6824369430541992,3.273953,-1.428567038445172
2012-04-03,1.6824369430541992,1.7230759859085083,1.6824369430541992,1.706820011138916,5.034426,1.4492708440206448
2012-04-04,1.698693037033081,1.706820011138916,1.6824369430541992,1.698693037033081,2.236987,-0.47614710706443963
2012-04-05,1.69056499004364,1.69056499004364,1.666182041168213,1.674309015274048,5.10263,-1.435457803584228
2012-04-08,1.666182041168213,1.666182041168213,1.649925947189331,1.649925947189331,3.15968,-1.4563063247154395
2012-04-09,1.6336710453033447,1.658053994178772,1.6336710453033447,1.6336710453033447,2.539747,-0.9851897846492319
2012-04-10,1.6417980194091797,1.649925947189331,1.609287977218628,1.609287977218628,6.303433,-1.4925323035390736
2012-04-11,1.617414951324463,1.649925947189331,1.617414951324463,1.6255429983139038,5.910199,1.010075345456185
2012-04-12,1.6417980194091797,1.658053994178772,1.6336710453033447,1.649925947189331,2.488143,1.4999879363830182
2012-04-15,1.649925947189331,1.649925947189331,1.617414951324463,1.6255429983139038,1.037404,-1.4778208026223203
2012-04-16,1.6336710453033447,1.6336710453033447,1.617414951324463,1.6255429983139038,1.639655,0.0
2012-04-17,1.617414951324463,1.6255429983139038,1.609287977218628,1.609287977218628,1.902551,-0.9999748460752134
2012-04-18,1.6255429983139038,1.6255429983139038,1.609287977218628,1.609287977218628,1.68822,0.0
2012-04-19,1.609287977218628,1.6255429983139038,1.6011600494384766,1.6255429983139038,1.1479,1.010075345456185
2012-04-22,1.609287977218628,1.649925947189331,1.609287977218628,1.6336710453033447,2.796142,0.500020423813563
2012-04-23,1.6417980194091797,1.6417980194091797,1.609287977218628,1.6336710453033447,0.981629,0.0
2012-04-24,1.6336710453033447,1.6417980194091797,1.6255429983139038,1.6336710453033447,0.850819,0.0
2012-04-25,1.6255429983139038,1.649925947189331,1.617414951324463,1.617414951324463,2.70868,-0.9950653178078084
2012-04-26,1.6417980194091797,1.6417980194091797,1.617414951324463,1.617414951324463,1.565888,0.0
2012-04-29,1.6417980194091797,1.6417980194091797,1.617414951324463,1.617414951324463,1.565888,0.0
2012-04-30,1.6255429983139038,1.6336710453033447,1.6011600494384766,1.6011600494384766,2.062639,-1.0049926812334409
2012-05-01,1.6255429983139038,1.6336710453033447,1.6011600494384766,1.6255429983139038,1.544315,1.5228302057610277
2012-05-02,1.6255429983139038,1.6336710453033447,1.6011600494384766,1.6255429983139038,1.544315,0.0
2012-05-03,1.6255429983139038,1.6336710453033447,1.617414951324463,1.6336710453033447,2.340518,0.500020423813563
2012-05-06,1.6255429983139038,1.6255429983139038,1.609287977218628,1.609287977218628,1.892948,-1.4925323035390736
2012-05-07,1.609287977218628,1.6255429983139038,1.609287977218628,1.617414951324463,1.073591,0.5050043386194414
2012-05-08,1.617414951324463,1.6336710453033447,1.609287977218628,1.609287977218628,1.020929,-0.5024668591804504
2012-05-09,1.617414951324463,1.617414951324463,1.5849039554595947,1.5930320024490356,7.662517,-1.0101346060938043
2012-05-10,1.617414951324463,1.617414951324463,1.5849039554595947,1.5930320024490356,7.662517,0.0
2012-05-13,1.6011600494384766,1.6011600494384766,1.5767769813537598,1.5849039554595947,2.104472,-0.5102249657850777
2012-05-14,1.6011600494384766,1.6011600494384766,1.5605210065841675,1.5605210065841675,1.345919,-1.5384496197030861
2012-05-15,1.5849039554595947,1.5930320024490356,1.5442659854888916,1.5686490535736084,4.097404,0.5208546988567875
2012-05-16,1.5442659854888916,1.5605210065841677,1.528010010719299,1.5361380577087402,2.775483,-2.0725474439807545
2012-05-17,1.5361380577087402,1.5523940324783323,1.528010010719299,1.5361380577087402,1.211343,0.0
2012-05-20,1.5361380577087402,1.5442659854888916,1.5198830366134644,1.5361380577087402,1.628229,0.0
2012-05-21,1.5442659854888916,1.5523940324783325,1.5361380577087402,1.5442659854888916,2.000818,0.5291144073518161
2012-05-22,1.5605210065841677,1.5605210065841677,1.5442659854888916,1.5523940324783323,1.252534,0.5263372414997303
2012-05-23,1.5442659854888916,1.5523940324783325,1.5361380577087402,1.5442659854888916,3.269996,-0.5235814374050962
2012-05-24,1.5361380577087402,1.5523940324783325,1.5361380577087402,1.5523940324783325,1.218751,0.5263372414997303
2012-05-27,1.5442659854888916,1.5686490535736084,1.5442659854888916,1.5686490535736084,1.360385,1.0470937632583777
2012-05-28,1.5605210065841675,1.5686490535736084,1.5361380577087402,1.5361380577087402,1.343374,-2.0725474439807545
2012-05-29,1.5442659854888916,1.5605210065841677,1.5442659854888916,1.5605210065841677,1.072484,1.587288899787831
2012-05-30,1.5605210065841677,1.5605210065841677,1.5361380577087402,1.5361380577087402,1.062018,-1.5624877058719733
2012-05-31,1.5442659854888916,1.5523940324783323,1.5361380577087402,1.5442659854888916,1.284419,0.5291144073518161
2012-06-03,1.5361380577087402,1.5361380577087402,1.5198830366134644,1.5198830366134644,6.216834,-1.5789345297084978
2012-06-04,1.528010010719299,1.528010010719299,1.5036269426345823,1.5117549896240234,3.708091,-0.5347810847044832
2012-06-05,1.5117549896240234,1.5198830366134644,1.5036269426345823,1.5198830366134644,1.492131,0.5376563692680358
2012-06-06,1.528010010719299,1.528010010719299,1.5117549896240234,1.5117549896240234,1.535481,-0.5347810847044832
2012-06-07,1.5198830366134644,1.5361380577087402,1.5198830366134644,1.5198830366134644,1.566524,0.5376563692680358
2012-06-10,1.5280100107192993,1.5361380577087402,1.5117549896240234,1.5280100107192993,1.542487,0.5347104948248527
2012-06-11,1.5361380577087402,1.5442659854888916,1.528010010719299,1.528010010719299,3.160737,0.0
2012-06-12,1.5280100107192993,1.5442659854888916,1.5280100107192993,1.5280100107192993,1.925843,0.0
2012-06-13,1.5280100107192993,1.5442659854888916,1.5280100107192993,1.5442659854888916,1.244979,1.0638657244097516
2012-06-14,1.5361380577087402,1.5442659854888916,1.5280100107192993,1.5280100107192993,1.748509,-1.0526667635203935
2012-06-18,1.5361380577087402,1.5605210065841677,1.5361380577087402,1.5442659854888916,1.513374,1.0638657244097516
2012-06-19,1.5442659854888916,1.5523940324783323,1.528010010719299,1.5442659854888916,2.236072,0.0
2012-06-20,1.5442659854888916,1.5442659854888916,1.5280100107192993,1.5361380577087402,2.04808,-0.5263295220206632
2012-06-21,1.528010010719299,1.5442659854888916,1.5198830366134644,1.528010010719299,1.123982,-0.5291221676757663
2012-06-24,1.5361380577087402,1.5361380577087402,1.5036269426345823,1.5117549896240234,2.486279,-1.0638033115780376
2012-06-25,1.5117549896240234,1.5198830366134644,1.5036269426345825,1.5036269426345825,3.954245,-0.5376563692680358
2012-06-26,1.5117549896240234,1.5117549896240234,1.5036269426345823,1.5036269426345823,1.134044,0.0
2012-06-27,1.5117549896240234,1.5198830366134644,1.5036269426345823,1.5036269426345823,0.535682,0.0
2012-06-28,1.5036269426345823,1.5198830366134644,1.5036269426345823,1.5036269426345823,1.261237,0.0
2012-07-01,1.5198830366134644,1.5361380577087402,1.5117549896240234,1.5198830366134644,0.830803,1.0811254785311863
2012-07-02,1.528010010719299,1.5442659854888916,1.5117549896240234,1.5198830366134644,0.354772,0.0
2012-07-03,1.5361380577087402,1.5442659854888916,1.528010010719299,1.5442659854888916,2.049679,1.60426482091387
2012-07-04,1.5442659854888916,1.5605210065841677,1.528010010719299,1.528010010719299,2.209557,-1.0526667635203937
2012-07-05,1.528010010719299,1.5605210065841677,1.528010010719299,1.5523940324783323,0.901916,1.5958024874165977
2012-07-08,1.5442659854888916,1.5523940324783323,1.5361380577087402,1.5442659854888916,0.459356,-0.5235814374050962
2012-07-09,1.5442659854888916,1.5523940324783323,1.528010010719299,1.5361380577087402,0.401487,-0.5263295220206632
2012-07-10,1.5442659854888916,1.5442659854888916,1.528010010719299,1.5442659854888916,0.520512,0.5291144073518161
2012-07-11,1.5442659854888916,1.5523940324783325,1.5361380577087402,1.5361380577087402,1.101066,-0.5263295220206632
2012-07-12,1.5361380577087402,1.5442659854888916,1.5280100107192993,1.5442659854888916,0.323415,0.5291144073518161
2012-07-15,1.5523940324783325,1.5523940324783325,1.5361380577087402,1.5361380577087402,0.847552,-0.5263295220206632
2012-07-16,1.5442659854888916,1.5605210065841677,1.5361380577087402,1.5442659854888916,0.938397,0.5291144073518161
2012-07-17,1.5442659854888916,1.5523940324783325,1.5442659854888916,1.5442659854888916,0.595325,0.0
2012-07-18,1.5442659854888916,1.5523940324783325,1.5442659854888916,1.5523940324783325,0.718341,0.5263372414997303
2012-07-19,1.5523940324783325,1.5605210065841675,1.5361380577087402,1.5605210065841675,1.824155,0.5235123258532814
2012-07-22,1.5605210065841677,1.5605210065841677,1.5523940324783323,1.5523940324783323,0.653278,-0.5207859472282306
2012-07-23,1.5523940324783325,1.5686490535736084,1.5361380577087402,1.5361380577087402,1.30027,-1.0471551957488723
2012-07-24,1.5442659854888916,1.5442659854888916,1.5280100107192993,1.5442659854888916,2.787922,0.5291144073518161
2012-07-25,1.5280100107192993,1.5442659854888916,1.5198830366134644,1.5361380577087402,2.040367,-0.5263295220206632
2012-07-26,1.5361380577087402,1.5442659854888916,1.5280100107192993,1.5361380577087402,2.365502,0.0
2012-07-29,1.5361380577087402,1.5442659854888916,1.5280100107192993,1.5280100107192993,1.546387,-0.5291221676757663
2012-07-30,1.5280100107192993,1.5523940324783325,1.5280100107192993,1.5523940324783325,2.615184,1.5958024874165977
2012-07-31,1.5442659854888916,1.5686490535736084,1.5442659854888916,1.5686490535736084,4.587629,1.0470937632583777
2012-08-01,1.5523940324783325,1.5767769813537598,1.5442659854888916,1.5605210065841675,3.06039,-0.5181558597140645
2012-08-02,1.5605210065841677,1.5849039554595947,1.5605210065841677,1.5686490535736084,1.52615,0.5208546988567875
2012-08-05,1.5849039554595947,1.609287977218628,1.5686490535736084,1.6011600494384766,3.861828,2.0725474439807545
2012-08-06,1.6011600494384766,1.6011600494384766,1.5849039554595947,1.5930320024490356,1.642136,-0.5076348858623736
2012-08-07,1.5849039554595947,1.5849039554595947,1.5605210065841677,1.5686490535736084,1.519265,-1.5306000656573282
2012-08-08,1.5686490535736084,1.5767769813537598,1.5442659854888916,1.5686490535736084,1.961106,0.0
2012-08-09,1.5686490535736084,1.5686490535736084,1.5523940324783323,1.5523940324783323,3.709757,-1.0362433240401758
2012-08-12,1.5523940324783323,1.5523940324783323,1.5523940324783323,1.5523940324783323,0.0,0.0
2012-08-13,1.5605210065841675,1.5849039554595947,1.5605210065841675,1.5849039554595947,6.725194,2.0941798474554574
2012-08-14,1.5849039554595947,1.6011600494384766,1.5767769813537598,1.5930320024490356,1.81008,0.512841611723025
2012-08-15,1.5930320024490356,1.6011600494384766,1.5849039554595947,1.6011600494384766,1.198139,0.5102249657850777
2012-08-16,1.609287977218628,1.609287977218628,1.5930320024490356,1.5930320024490356,1.5544,-0.5076348858623736
2012-08-22,1.5930320024490356,1.6255429983139038,1.5930320024490356,1.609287977218628,4.232314,1.0204424484003605
2012-08-23,1.609287977218628,1.617414951324463,1.5849039554595947,1.5930320024490356,3.389872,-1.0101346060938043
2012-08-26,1.609287977218628,1.609287977218628,1.5767769813537598,1.5849039554595947,1.911894,-0.5102249657850777
2012-08-27,1.5849039554595947,1.5930320024490356,1.5767769813537598,1.5767769813537598,1.094887,-0.5127739178036328
2012-08-28,1.6011600494384766,1.6011600494384766,1.5767769813537598,1.5930320024490356,2.785491,1.0309017246890484
2012-08-29,1.5930320024490356,1.6011600494384766,1.5686490535736084,1.5930320024490356,1.346251,0.0
2012-08-30,1.5930320024490356,1.5930320024490356,1.5767769813537598,1.5849039554595947,0.808765,-0.5102249657850777
2012-09-02,1.5849039554595947,1.5849039554595947,1.5849039554595947,1.5767769813537598,0.73794,-0.5127739178036328
2012-09-03,1.5849039554595947,1.5930320024490356,1.5686490535736084,1.5767769813537598,1.55879,0.0
2012-09-04,1.5767769813537598,1.5849039554595947,1.5686490535736084,1.5767769813537598,1.149615,0.0
2012-09-05,1.5767769813537598,1.5849039554595947,1.5686490535736084,1.5767769813537598,2.336671,0.0
2012-09-06,1.5767769813537598,1.5930320024490356,1.5767769813537598,1.5930320024490356,5.562915,1.0309017246890484
2012-09-09,1.5849039554595947,1.609287977218628,1.5849039554595947,1.6011600494384766,2.333759,0.5102249657850777
2012-09-10,1.5849039554595947,1.6011600494384766,1.5849039554595947,1.5849039554595947,0.627956,-1.0152697717247472
2012-09-11,1.5849039554595947,1.5930320024490356,1.5767769813537598,1.5849039554595947,0.49588,0.0
2012-09-12,1.5849039554595947,1.6011600494384766,1.5849039554595947,1.5849039554595947,0.926647,0.0
2012-09-13,1.5849039554595947,1.6011600494384766,1.5849039554595947,1.5849039554595947,1.2406,0.0
2012-09-16,1.5930320024490356,1.609287977218628,1.5930320024490356,1.609287977218628,2.628413,1.5385173136224672
2012-09-17,1.609287977218628,1.609287977218628,1.5930320024490356,1.5930320024490356,0.886309,-1.0101346060938043
2012-09-18,1.6011600494384766,1.6011600494384766,1.5849039554595947,1.5849039554595947,1.167219,-0.5102249657850777
2012-09-19,1.5930320024490356,1.617414951324463,1.5930320024490356,1.617414951324463,2.947046,2.051291231426111
2012-09-20,1.609287977218628,1.617414951324463,1.6011600494384766,1.609287977218628,1.154635,-0.5024668591804504
2012-09-23,1.609287977218628,1.609287977218628,1.5930320024490356,1.609287977218628,0.654948,0.0
2012-09-24,1.6011600494384766,1.609287977218628,1.5930320024490356,1.609287977218628,0.612992,0.0
2012-09-25,1.6011600494384766,1.609287977218628,1.5930320024490356,1.609287977218628,0.638839,0.0
2012-09-26,1.6011600494384766,1.609287977218628,1.5849039554595947,1.5930320024490356,2.718273,-1.0101346060938043
2012-09-27,1.5930320024490356,1.6011600494384766,1.5849039554595947,1.5930320024490356,1.823675,0.0
2012-09-30,1.5930320024490356,1.609287977218628,1.5849039554595947,1.609287977218628,1.349802,1.0204424484003605
2012-10-01,1.6011600494384766,1.609287977218628,1.5930320024490356,1.609287977218628,1.633994,0.0
2012-10-02,1.609287977218628,1.617414951324463,1.6011600494384766,1.609287977218628,2.762985,0.0
2012-10-03,1.617414951324463,1.617414951324463,1.609287977218628,1.617414951324463,2.993892,0.5050043386194414
2012-10-04,1.6255429983139038,1.658053994178772,1.6255429983139038,1.6336710453033447,8.673924,1.005066384824138
2012-10-07,1.649925947189331,1.666182041168213,1.6336710453033447,1.658053994178772,4.006002,1.4925250065198847
2012-10-08,1.658053994178772,1.666182041168213,1.6417980194091797,1.649925947189331,6.501248,-0.4902160615985695
2012-10-09,1.658053994178772,1.658053994178772,1.6417980194091797,1.6417980194091797,2.656647,-0.4926237928433941
2012-10-10,1.6417980194091797,1.658053994178772,1.6336710453033447,1.6417980194091797,1.722492,0.0
2012-10-11,1.649925947189331,1.658053994178772,1.6417980194091797,1.649925947189331,0.752059,0.49506258894600474
2012-10-14,1.6336710453033447,1.658053994178772,1.6336710453033447,1.6417980194091797,2.5e-05,-0.4926237928433941
2012-10-15,1.6417980194091797,1.658053994178772,1.6417980194091797,1.658053994178772,0.554458,0.9901324387906252
2012-10-16,1.649925947189331,1.674309015274048,1.649925947189331,1.666182041168213,2.266494,0.4902160615985584
2012-10-17,1.658053994178772,1.698693037033081,1.658053994178772,1.69056499004364,7.853248,1.4634024538118018
2012-10-18,1.6824369430541992,1.714948058128357,1.6824369430541992,1.69056499004364,6.364301,0.0
2012-10-21,1.6824369430541992,1.69056499004364,1.674309015274048,1.674309015274048,1.553073,-0.9615705320605628
2012-10-22,1.6824369430541992,1.6824369430541992,1.666182041168213,1.6824369430541992,1.961124,0.4854496813911702
2012-10-23,1.6743090152740479,1.6824369430541992,1.666182041168213,1.666182041168213,1.476382,-0.9661522206281359
2012-10-24,1.666182041168213,1.6743090152740479,1.658053994178772,1.6743090152740479,2.750132,0.4877602749899346
2012-10-29,1.6824369430541992,1.6824369430541992,1.649925947189331,1.649925947189331,1.439746,-1.4563063247154395
2012-10-30,1.649925947189331,1.658053994178772,1.649925947189331,1.649925947189331,0.77543,0.0
2012-10-31,1.658053994178772,1.658053994178772,1.6417980194091797,1.6417980194091797,0.948619,-0.4926237928433941
2012-11-01,1.649925947189331,1.658053994178772,1.6417980194091797,1.6417980194091797,2.192408,0.0
2012-11-04,1.649925947189331,1.658053994178772,1.6417980194091797,1.6417980194091797,2.192408,0.0
2012-11-05,1.6417980194091797,1.649925947189331,1.6336710453033447,1.6417980194091797,2.446758,0.0
2012-11-06,1.6417980194091797,1.649925947189331,1.6336710453033447,1.6417980194091797,1.565203,0.0
2012-11-07,1.6417980194091797,1.649925947189331,1.6336710453033447,1.6336710453033447,1.347955,-0.49500450175713473
2012-11-08,1.6336710453033447,1.6336710453033447,1.6255429983139038,1.6336710453033447,1.55709,0.0
2012-11-11,1.6255429983139038,1.6336710453033447,1.6255429983139038,1.6255429983139038,1.389046,-0.49753265890389864
2012-11-12,1.6336710453033447,1.6417980194091797,1.6255429983139038,1.6417980194091797,2.853724,0.9999748460752134
2012-11-13,1.6255429983139038,1.6336710453033447,1.609287977218628,1.617414951324463,4.356883,-1.4851442014463756
2012-11-14,1.617414951324463,1.6417980194091797,1.609287977218628,1.617414951324463,2.899649,0.0
2012-11-18,1.617414951324463,1.6336710453033447,1.6011600494384766,1.6011600494384766,3.550337,-1.0049926812334409
2012-11-19,1.609287977218628,1.609287977218628,1.5849039554595947,1.5930320024490356,3.406442,-0.5076348858623736
2012-11-20,1.609287977218628,1.609287977218628,1.5849039554595947,1.5930320024490356,4.204897,0.0
2012-11-21,1.5930320024490356,1.6011600494384766,1.5849039554595947,1.5930320024490356,2.003119,0.0
2012-11-22,1.5930320024490356,1.609287977218628,1.5849039554595947,1.6011600494384766,2.092269,0.5102249657850777
2012-11-25,1.6011600494384766,1.609287977218628,1.5849039554595947,1.5849039554595947,2.224166,-1.0152697717247472
2012-11-26,1.609287977218628,1.609287977218628,1.5849039554595947,1.5849039554595947,2.243218,0.0
2012-11-27,1.5930320024490356,1.6011600494384766,1.5849039554595947,1.5930320024490356,1.422939,0.512841611723025
2012-11-28,1.5930320024490356,1.5930320024490356,1.5849039554595947,1.5930320024490356,3.012846,0.0
2012-11-29,1.5930320024490356,1.609287977218628,1.5930320024490356,1.5930320024490356,2.827918,0.0
2012-12-04,1.5849039554595947,1.617414951324463,1.5849039554595947,1.5930320024490356,3.247283,0.0
2012-12-05,1.609287977218628,1.617414951324463,1.6011600494384766,1.617414951324463,0.498255,1.5306000656573282
2012-12-06,1.609287977218628,1.6255429983139038,1.6011600494384766,1.609287977218628,1.157404,-0.5024668591804504
2012-12-09,1.609287977218628,1.617414951324463,1.5930320024490356,1.609287977218628,1.069985,0.0
2012-12-10,1.609287977218628,1.617414951324463,1.6011600494384766,1.6011600494384766,0.451113,-0.5050635992570496
2012-12-11,1.6011600494384766,1.609287977218628,1.5930320024490356,1.6011600494384766,2.685169,0.0
2012-12-12,1.5930320024490356,1.6011600494384766,1.5930320024490356,1.5930320024490356,0.547774,-0.5076348858623736
2012-12-13,1.5930320024490356,1.609287977218628,1.5930320024490356,1.5930320024490356,2.083675,0.0
2012-12-16,1.609287977218628,1.609287977218628,1.5849039554595947,1.5849039554595947,1.523654,-0.5102249657850777
2012-12-17,1.5849039554595947,1.609287977218628,1.5849039554595947,1.609287977218628,0.760043,1.5385173136224672
2012-12-18,1.609287977218628,1.609287977218628,1.5849039554595947,1.5930320024490356,1.457736,-1.0101346060938043
2012-12-19,1.5930320024490356,1.6011600494384766,1.5849039554595947,1.5930320024490356,3.739678,0.0
2012-12-20,1.5930320024490356,1.609287977218628,1.5930320024490356,1.609287977218628,2.090306,1.0204424484003605
2012-12-23,1.609287977218628,1.609287977218628,1.6011600494384766,1.6011600494384766,0.916846,-0.5050635992570496
2012-12-24,1.6011600494384766,1.617414951324463,1.6011600494384766,1.617414951324463,0.981552,1.015195319898643
2012-12-25,1.609287977218628,1.609287977218628,1.6011600494384766,1.609287977218628,1.751592,-0.5024668591804504
2012-12-26,1.6011600494384766,1.658053994178772,1.6011600494384766,1.6255429983139038,8.083137,1.010075345456185
2012-12-27,1.6336710453033447,1.6336710453033447,1.609287977218628,1.6255429983139038,2.325925,0.0
2012-12-30,1.617414951324463,1.649925947189331,1.617414951324463,1.6336710453033447,3.146356,0.500020423813563
2012-12-31,1.6336710453033447,1.6417980194091797,1.6255429983139038,1.6336710453033447,3.38592,0.0
2013-01-02,1.6336710453033447,1.658053994178772,1.6336710453033447,1.649925947189331,7.992597,0.994992347615975
2013-01-03,1.649925947189331,1.706820011138916,1.649925947189331,1.6743090152740479,11.277666,1.477828027752004
2013-01-06,1.6824369430541992,1.6824369430541992,1.658053994178772,1.658053994178772,5.085512,-0.9708495234146075
2013-01-07,1.666182041168213,1.666182041168213,1.649925947189331,1.658053994178772,2.36462,0.0
2013-01-08,1.658053994178772,1.706820011138916,1.658053994178772,1.706820011138916,7.745412,2.9411597650833787
2013-01-09,1.706820011138916,1.7718420028686523,1.6824369430541992,1.747459053993225,18.004987,2.3809799855341263
2013-01-10,1.747459053993225,1.7799700498580933,1.7312029600143433,1.747459053993225,7.883969,0.0
2013-01-13,1.7637139558792114,1.7718420028686523,1.7230759859085083,1.7230759859085083,5.839271,-1.3953441729577354
2013-01-14,1.7393310070037842,1.747459053993225,1.7230759859085083,1.7312029600143433,2.008373,0.4716550037431988
2013-01-15,1.7312029600143433,1.7555869817733765,1.706820011138916,1.706820011138916,4.71455,-1.4084396479558503
2013-01-16,1.714948058128357,1.7230759859085083,1.698693037033081,1.706820011138916,2.283301,0.0
2013-01-17,1.714948058128357,1.7312029600143433,1.714948058128357,1.7312029600143433,2.596351,1.4285600541533938
2013-01-20,1.747459053993225,1.747459053993225,1.674309015274048,1.7230759859085083,5.867793,-0.4694408624259516
2013-01-21,1.7230759859085083,1.7230759859085083,1.698693037033081,1.706820011138916,3.120708,-0.9434276202869296
2013-01-22,1.714948058128357,1.714948058128357,1.6905649900436401,1.698693037033081,3.227162,-0.47614710706443963
2013-01-23,1.698693037033081,1.714948058128357,1.698693037033081,1.714948058128357,2.502306,0.9569133881697001
2013-01-27,1.698693037033081,1.698693037033081,1.698693037033081,1.698693037033081,0.0,-0.9478433482712045
2013-01-28,1.7230759859085083,1.7312029600143433,1.714948058128357,1.7230759859085083,4.328379,1.4353946442268397
2013-01-29,1.7230759859085083,1.7637139558792114,1.7230759859085083,1.7555869817733765,7.130793,1.886799893373614
2013-01-30,1.7962249517440796,1.8124810457229612,1.7718420028686523,1.8043529987335205,29.620639,2.777761367931997
2013-01-31,1.8124810457229612,1.8531190156936648,1.7962249517440796,1.8206080198287964,20.984562,0.9008781045995562
2013-02-03,1.8206080198287964,1.836863994598389,1.7718420028686523,1.7799700498580933,12.382482,-2.232109796732884
2013-02-04,1.7880970239639282,1.8206080198287964,1.7880970239639282,1.7962249517440796,6.382959,0.9132121008037286
2013-02-05,1.8206080198287964,1.8287359476089478,1.7962249517440796,1.8043529987335205,8.045554,0.452507186338158
2013-02-06,1.8124810457229614,1.8206080198287964,1.7962249517440796,1.8206080198287964,9.607394,0.9008781045995562
2013-02-07,1.8124810457229612,1.8124810457229612,1.7880970239639282,1.7962249517440796,4.097642,-1.33928159269614
2013-02-10,1.8124810457229612,1.8124810457229612,1.7962249517440796,1.8043529987335205,2.766803,0.452507186338158
2013-02-11,1.8124810457229612,1.8124810457229612,1.7962249517440796,1.8043529987335205,5.027956,0.0
2013-02-12,1.8043529987335205,1.8124810457229612,1.7880970239639282,1.8043529987335205,5.814584,0.0
2013-02-13,1.8043529987335205,1.836863994598389,1.7962249517440796,1.8206080198287964,11.956784,0.9008781045995562
2013-02-14,1.8206080198287964,1.836863994598389,1.8124810457229612,1.828735947608948,1.87828,0.4464402931123823
2013-02-17,1.8124810457229612,1.828735947608948,1.8124810457229612,1.8124810457229612,1.080715,-0.8888599749591775
2013-02-18,1.8043529987335205,1.8043529987335205,1.7880970239639282,1.7880970239639282,3.187417,-1.345339407359536
2013-02-19,1.7880970239639282,1.8124810457229614,1.7880970239639282,1.7962249517440796,5.73095,0.45455742452571446
2013-02-20,1.7962249517440796,1.8124810457229614,1.7880970239639282,1.8043529987335205,2.737927,0.452507186338158
2013-02-21,1.8043529987335205,1.8124810457229614,1.7962249517440796,1.8043529987335205,5.687591,0.0
2013-02-24,1.8124810457229612,1.8124810457229612,1.8043529987335205,1.8124810457229612,4.583483,0.4504687827241227
2013-02-25,1.8124810457229614,1.8287359476089478,1.8043529987335205,1.8043529987335205,6.526159,-0.4484486614975247
2013-02-26,1.8043529987335205,1.8206080198287964,1.7962249517440796,1.8043529987335205,3.902573,0.0
2013-02-27,1.8043529987335205,1.8206080198287964,1.8043529987335205,1.8124810457229612,2.007375,0.4504687827241227
2013-02-28,1.7962249517440796,1.8124810457229612,1.7880970239639282,1.7962249517440796,6.851804,-0.8968973229950494
2013-03-03,1.7962249517440796,1.8124810457229612,1.7962249517440796,1.8124810457229612,1.746286,0.9050143726762938
2013-03-04,1.7962249517440796,1.828735947608948,1.7880970239639282,1.7880970239639282,13.951468,-1.345339407359536
2013-03-05,1.8124810457229612,1.8124810457229612,1.747459053993225,1.7718420028686523,9.561792,-0.9090681812802924
2013-03-06,1.7799700498580933,1.7880970239639282,1.7718420028686523,1.7880970239639282,3.831705,0.9174080459182443
2013-03-07,1.7799700498580933,1.7880970239639282,1.7718420028686523,1.7880970239639282,4.797889,0.0
2013-03-10,1.7880970239639282,1.7962249517440796,1.7799700498580933,1.7880970239639282,12.065981,0.0
2013-03-11,1.7962249517440796,1.8124810457229612,1.7880970239639282,1.8124810457229612,6.350281,1.3636856072260397
2013-03-12,1.8206080198287964,1.836863994598389,1.7962249517440796,1.836863994598389,17.182263,1.3452802131622477
2013-03-13,1.714948058128357,1.7312029600143433,1.6824369430541992,1.706820011138916,15.58709,-7.079674044561224
2013-03-14,1.706820011138916,1.7230759859085083,1.6824369430541992,1.714948058128357,7.240165,0.4762099656903551
2013-03-17,1.706820011138916,1.7230759859085083,1.706820011138916,1.714948058128357,2.416784,0.0
2013-03-18,1.706820011138916,1.706820011138916,1.6743090152740479,1.698693037033081,7.544681,-0.9478433482712045
2013-03-19,1.706820011138916,1.706820011138916,1.69056499004364,1.698693037033081,1.550857,0.0
2013-03-20,1.6905649900436401,1.698693037033081,1.6743090152740479,1.6824369430541992,1.279399,-0.9569765475270664
2013-03-21,1.674309015274048,1.69056499004364,1.674309015274048,1.69056499004364,3.362214,0.4831115378794326
2013-03-24,1.674309015274048,1.698693037033081,1.674309015274048,1.674309015274048,2.33655,-0.9615705320605628
2013-03-25,1.6824369430541992,1.69056499004364,1.674309015274048,1.674309015274048,2.428776,0.0
2013-03-26,1.674309015274048,1.674309015274048,1.649925947189331,1.649925947189331,3.881084,-1.4563063247154395
2013-03-27,1.674309015274048,1.674309015274048,1.6417980194091797,1.649925947189331,8.596039,0.0
2013-03-28,1.658053994178772,1.666182041168213,1.6336710453033447,1.6336710453033447,4.134998,-0.9851897846492319
2013-03-31,1.6336710453033447,1.658053994178772,1.6336710453033447,1.6417980194091797,4.104433,0.49746698573125414
2013-04-01,1.6417980194091797,1.658053994178772,1.6417980194091797,1.6417980194091797,2.05966,0.0
2013-04-02,1.649925947189331,1.666182041168213,1.649925947189331,1.666182041168213,2.308473,1.4852022886352456
2013-04-03,1.666182041168213,1.6905649900436401,1.658053994178772,1.6905649900436401,3.145335,1.4634024538118018
2013-04-04,1.6824369430541992,1.7880970239639282,1.6824369430541992,1.7718420028686523,23.730996,4.807683425581533
2013-04-07,1.7799700498580933,1.877501964569092,1.7799700498580933,1.844990968704224,30.549231,4.128413578476042
2013-04-08,1.8693749904632568,1.958778977394104,1.8693749904632568,1.950652003288269,39.993687,5.726913376614173
2013-04-09,1.966907024383545,2.0969510078430176,1.958778977394104,2.0806949138641357,55.240696,6.666638147483495
2013-04-10,2.072567939758301,2.0969510078430176,2.0075459480285645,2.015674114227295,27.93196,-3.124955955993003
2013-04-11,2.031929016113281,2.088823080062866,2.0075459480285645,2.088823080062866,31.749905,3.629007552325136
2013-04-14,2.031929016113281,2.088823080062866,2.0075459480285645,2.088823080062866,31.749905,0.0
2013-04-15,2.0969510078430176,2.0969510078430176,1.9750349521636963,1.999418020248413,34.584141,-4.280164302462719
2013-04-16,1.9831629991531368,2.0075459480285645,1.958778977394104,1.9831629991531368,14.566403,-0.8129876259320823
2013-04-17,1.9912899732589722,2.015674114227295,1.958778977394104,1.958778977394104,14.269594,-1.2295520725954412
2013-04-18,1.950652003288269,1.958778977394104,1.9181410074234009,1.9181410074234009,7.12233,-2.0746582661800184
2013-04-21,1.9181410074234009,1.950652003288269,1.91001296043396,1.9181410074234009,6.190403,0.0
2013-04-22,1.9343960285186768,2.0319290161132812,1.9343960285186768,2.0319290161132812,27.412169,5.932202494472993
2013-04-23,2.0319290161132812,2.1050779819488525,2.0319290161132812,2.072567939758301,31.501653,2.0000168963950626
2013-04-24,2.072567939758301,2.088823080062866,2.0400569438934326,2.056312084197998,30.664452,-0.7843340258461451
2013-04-25,2.056312084197998,2.161972045898437,2.056312084197998,2.1538450717926025,53.118329,4.743102389180587
2013-04-28,2.170099973678589,2.2676329612731934,2.161972045898437,2.2676329612731934,49.277405,5.283011808546068
2013-04-29,2.29201602935791,2.29201602935791,2.1538450717926025,2.202610969543457,51.067597,-2.8673948932735893
2013-04-30,2.2188661098480225,2.3407819271087646,2.2188661098480225,2.3407819271087646,52.697753,6.273053184418975
2013-05-01,2.348910093307495,2.405803918838501,2.300143957138061,2.389549016952514,67.288973,2.083367496945132
2013-05-02,2.405803918838501,2.405803918838501,2.3245270252227783,2.3570380210876465,28.667429,-1.3605494440256605
2013-05-05,2.3814210891723637,2.4464430809021,2.3814210891723637,2.4301869869232178,43.680527,3.1034274874283563
2013-05-06,2.4301869869232178,2.4301869869232178,2.389549016952514,2.405803918838501,14.081743,-1.0033412332434266
2013-05-07,2.4139320850372314,2.4139320850372314,2.348910093307495,2.405803918838501,19.312263,0.0
2013-05-08,2.405803918838501,2.405803918838501,2.3570380210876465,2.373292922973633,14.377077,-1.3513568421055777
2013-05-09,2.3407819271087646,2.3407819271087646,2.2757599353790283,2.283888101577759,36.197613,-3.76712122344568
2013-05-12,2.1944830417633057,2.348910093307495,2.1863560676574707,2.3326549530029297,35.961522,2.1352557242835912
2013-05-13,2.3407819271087646,2.4220590591430664,2.316399097442627,2.389549016952514,40.148054,2.4390261352774223
2013-05-14,2.405803918838501,2.5358469486236572,2.405803918838501,2.5277199745178223,106.652513,5.782302710053733
2013-05-15,2.5602309703826904,2.5846140384674072,2.519592046737671,2.543975114822388,73.204454,0.6430752009097152
2013-05-16,2.576486110687256,2.5846140384674072,2.5114641189575195,2.576486110687256,61.407295,1.277960451556459
2013-05-19,2.608997106552124,2.698401927947998,2.5846140384674072,2.6821460723876953,70.233207,4.100932710724203
2013-05-20,2.7065300941467285,2.7715508937835693,2.6577630043029785,2.722784996032715,60.916908,1.515164444747863
2013-05-21,2.722784996032715,2.7471680641174316,2.6496360301971436,2.6902740001678467,48.040635,-1.194034634105845
2013-05-22,2.7146570682525635,2.739039897918701,2.66589093208313,2.66589093208313,32.847652,-0.906341438946201
2013-05-23,2.6252520084381104,2.6577630043029785,2.592741012573242,2.6496360301971436,31.55807,-0.6097361932689727
2013-05-26,2.6740190982818604,2.6740190982818604,2.576486110687256,2.5846140384674072,19.739568,-2.4539971146489314
2013-05-27,2.608997106552124,2.66589093208313,2.552103042602539,2.66589093208313,21.583449,3.1446433551029163
2013-05-28,2.6821460723876958,2.722784996032715,2.641508102416992,2.6577630043029785,33.985577,-0.3048859832311401
2013-05-29,2.66589093208313,2.6902740001678467,2.6252520084381104,2.6252520084381104,16.4877,-1.2232466104852846
2013-05-30,2.6171250343322754,2.7065300941467285,2.6008689403533936,2.6740190982818604,24.313591,1.8576155617442636
2013-06-02,2.6821460723876958,2.7146570682525635,2.649636030197144,2.7065300941467285,24.856008,1.215810159536912
2013-06-03,2.7065300941467285,2.9747440814971924,2.7065300941467285,2.8040618896484375,125.985408,3.6035732879023286
2013-06-04,2.844701051712036,2.925977945327759,2.804061889648437,2.82031798362732,84.415556,0.5797337797319502
2013-06-05,2.812190055847168,2.8853390216827397,2.787806987762451,2.844701051712036,33.293644,0.8645503175977565
2013-06-09,2.869083881378174,2.9178500175476074,2.8284449577331543,2.8365728855133057,41.916217,-0.2857300662169271
2013-06-10,2.844701051712036,2.844701051712036,2.722784996032715,2.7715508937835693,27.878277,-2.2922729065701364
2013-06-11,2.7471680641174316,2.7796790599823,2.722784996032715,2.7715508937835693,15.397824,0.0
2013-06-12,2.844701051712036,2.8853390216827393,2.755295991897583,2.8040618896484375,34.683171,1.1730253966394155
2013-06-13,2.787806987762451,2.787806987762451,2.7146570682525635,2.755295991897583,28.138683,-1.7391163130485832
2013-06-16,2.6577630043029785,2.722784996032715,2.608997106552124,2.66589093208313,18.824789,-3.244844113930556
2013-06-17,2.6821460723876958,2.7634239196777344,2.6821460723876958,2.747168064117432,18.427207,3.04877934262644
2013-06-18,2.7634239196777344,2.795933961868286,2.722784996032715,2.730912923812866,15.278761,-0.5917053462030419
2013-06-19,2.730912923812866,2.755295991897583,2.7146570682525635,2.730912923812866,8.643043,0.0
2013-06-20,2.7065300941467285,2.7146570682525635,2.6577630043029785,2.6821460723876958,11.644383,-1.785734396726324
2013-06-23,2.6740190982818604,2.6821460723876953,2.592741012573242,2.6171250343322754,14.605824,-2.424216888289643
2013-06-24,2.5846140384674072,2.6008689403533936,2.462697982788086,2.5846140384674072,26.327268,-1.2422408344415548
2013-06-25,2.5683579444885254,2.6252520084381104,2.519592046737671,2.5846140384674072,14.244438,0.0
2013-06-26,2.6008689403533936,2.608997106552124,2.503336906433105,2.519592046737671,7.99123,-2.515733133148668
2013-06-27,2.5602309703826904,2.5846140384674072,2.5277199745178223,2.5277199745178223,10.063152,0.32258903939133
2013-06-30,2.5602309703826904,2.5602309703826904,2.4870810508728027,2.519592046737671,5.35565,-0.3215517486940711
2013-07-01,2.503336906433105,2.641508102416992,2.503336906433105,2.641508102416992,14.809704,4.838722039830867
2013-07-02,2.641508102416992,2.641508102416992,2.576486110687256,2.592741012573242,9.316422,-1.8461836175754254
2013-07-03,2.5683579444885254,2.6008689403533936,2.5602309703826904,2.5846140384674072,4.001147,-0.3134510568708615
2013-07-04,2.6008689403533936,2.608997106552124,2.576486110687256,2.5846140384674072,3.490997,0.0
2013-07-07,2.592741012573242,2.6008689403533936,2.5683579444885254,2.5846140384674072,2.25011,0.0
2013-07-08,2.5846140384674072,2.641508102416992,2.5846140384674072,2.641508102416992,15.003451,2.2012595731052187
2013-07-09,2.649636030197144,2.730912923812866,2.6171250343322754,2.6902740001678467,30.63044,1.8461384883216247
2013-07-10,2.6821460723876958,2.747168064117432,2.6821460723876958,2.739039897918701,19.922277,1.8126740156509056
2013-07-11,2.7471680641174316,2.7715508937835693,2.739039897918701,2.755295991897583,25.541905,0.5934960637570263
2013-07-14,2.755295991897583,2.795933961868286,2.747168064117432,2.787806987762451,28.796981,1.179945674093541
2013-07-15,2.795933961868286,2.812190055847168,2.755295991897583,2.795933961868286,18.392416,0.29151853559121754
2013-07-16,2.7796790599823,2.8040618896484375,2.722784996032715,2.7471680641174316,30.136057,-1.7441720160753849
2013-07-17,2.7471680641174316,2.812190055847168,2.7471680641174316,2.812190055847168,40.202761,2.366873457034946
2013-07-18,2.812190055847168,2.8365728855133057,2.7796790599823,2.8040618896484375,24.500774,-0.2890333169989767
2013-07-21,2.812190055847168,2.8365728855133057,2.804061889648437,2.82031798362732,17.369628,0.5797337797319502
2013-07-22,2.8203179836273193,2.8772120475769043,2.8040618896484375,2.852828025817871,37.980191,1.1527083959780748
2013-07-23,2.852828025817871,2.909722089767456,2.8365728855133057,2.8934669494628906,26.53709,1.4245136151650462
2013-07-24,2.901595115661621,2.9666171073913574,2.869083881378174,2.869083881378174,42.334879,-0.8426938517214766
2013-07-25,2.869083881378174,2.8853390216827397,2.8284449577331543,2.844701051712036,24.807755,-0.8498472221183495
2013-07-28,2.852828025817871,2.8609559535980225,2.8284449577331543,2.8284449577331543,4.491506,-0.5714517512867778
2013-07-29,2.8284449577331543,2.8609559535980225,2.82031798362732,2.844701051712036,7.944783,0.5747360907426113
2013-07-30,2.869083881378174,2.901595115661621,2.812190055847168,2.8853390216827393,31.445603,1.428549757319697
2013-07-31,2.8853390216827393,2.925977945327759,2.8853390216827393,2.909722089767456,16.049379,0.8450676992021622
2013-08-01,2.901595115661621,2.942233085632324,2.89346694946289,2.901595115661621,12.75048,-0.2793041347287084
2013-08-04,2.9341061115264893,2.958488941192627,2.8853390216827393,2.909722089767456,33.115647,0.2800864277020976
2013-08-05,2.925977945327759,2.99912691116333,2.901595115661621,2.942233085632324,45.949706,1.1173230591058347
2013-08-06,2.9747440814971924,3.0641489028930664,2.9666171073913574,3.0641489028930664,56.683637,4.143649184562848
2013-08-11,3.072277069091797,3.088531970977783,3.015383005142212,3.0235109329223637,14.704804,-1.3262400509431505
2013-08-12,3.0316379070281982,3.04789400100708,2.950361013412476,2.982872009277344,13.338794,-1.344097129020139
2013-08-13,2.990999937057495,3.0235109329223637,2.950361013412476,3.0235109329223637,8.514888,1.3624092323983206
2013-08-14,3.015383005142212,3.0235109329223637,2.990999937057495,2.99912691116333,7.378325,-0.806480356777306
2013-08-15,2.9828720092773438,3.015383005142212,2.9747440814971924,2.99912691116333,5.609121,0.0
2013-08-18,2.982872009277344,2.982872009277344,2.942233085632324,2.9666171073913574,4.479366,-1.0839755947294138
2013-08-19,2.9828720092773438,3.0072550773620605,2.9747440814971924,3.0072550773620605,3.331849,1.369842096219731
2013-08-20,3.0072550773620605,3.0072550773620605,2.9666171073913574,2.990999937057495,5.607731,-0.540530812531681
2013-08-21,2.990999937057495,2.99912691116333,2.958488941192627,2.9747440814971924,6.244815,-0.543492340434315
2013-08-22,2.9747440814971924,3.0072550773620605,2.958488941192627,2.99912691116333,8.414161,0.819661422903506
2013-08-25,2.99912691116333,3.0316379070281982,2.99912691116333,3.0235109329223633,11.70059,0.8130373432438276
2013-08-26,3.015383005142212,3.0641489028930664,2.99912691116333,2.99912691116333,18.210649,-0.806480356777306
2013-08-27,3.0072550773620605,3.0072550773620605,2.730912923812866,2.739039897918701,33.572057,-8.67209094341872
2013-08-28,2.7146570682525635,2.787806987762451,2.5114641189575195,2.722784996032715,29.700162,-0.5934525414667324
2013-08-29,2.7634239196777344,2.795933961868286,2.6740190982818604,2.7146570682525635,15.350846,-0.29851522584392054
2013-09-01,2.730912923812866,2.8203179836273193,2.730912923812866,2.8040618896484375,13.832723,3.2934112540934812
2013-09-02,2.812190055847168,2.8365728855133057,2.7634239196777344,2.7634239196777344,11.59146,-1.4492536744899809
2013-09-03,2.7715508937835693,2.795933961868286,2.6008689403533936,2.6821460723876958,10.880091,-2.941200831015367
2013-09-04,2.7634239196777344,2.7634239196777344,2.5358469486236572,2.552103042602539,15.496142,-4.848469332969241
2013-09-05,2.552103042602539,2.6171250343322754,2.5114641189575195,2.5602309703826904,14.115162,0.3184796085609065
2013-09-08,2.5846140384674072,2.608997106552124,2.5602309703826904,2.5602309703826904,5.846796,0.0
2013-09-09,2.576486110687256,2.6008689403533936,2.519592046737671,2.5358469486236572,4.358016,-0.9524149204158894
2013-09-10,2.6252520084381104,2.7715508937835693,2.6252520084381104,2.755295991897583,26.60055,8.653875715686743
2013-09-11,2.7796790599823,2.844701051712036,2.739039897918701,2.787806987762451,22.165206,1.179945674093541
2013-09-12,2.7715508937835693,2.8203179836273193,2.7471680641174316,2.795933961868286,7.496077,0.29151853559121754
2013-09-15,2.8203179836273193,2.942233085632324,2.8203179836273193,2.9178500175476074,18.857678,4.360476940515978
2013-09-16,2.942233085632324,2.9503610134124756,2.8934669494628906,2.901595115661621,17.065073,-0.5570849011508949
2013-09-17,2.909722089767456,2.909722089767456,2.869083881378174,2.909722089767456,6.860817,0.2800864277020976
2013-09-18,2.901595115661621,2.925977945327759,2.8853390216827393,2.909722089767456,4.460835,0.0
2013-09-19,3.0072550773620605,3.0072550773620605,2.958488941192627,2.9828720092773438,21.507704,2.5139830283837705
2013-09-22,2.958488941192627,3.0235109329223633,2.925977945327759,3.0235109329223633,11.05982,1.3624092323983206
2013-09-23,3.0235109329223633,3.1291708946228027,2.99912691116333,3.0966598987579346,45.071006,2.419338558993389
2013-09-24,3.104788064956665,3.1129150390625,3.0316379070281982,3.072277069091797,11.028975,-0.7873912687640483
2013-09-25,3.072277069091797,3.0804049968719482,3.04789400100708,3.072277069091797,9.111214,0.0
2013-09-26,3.04789400100708,3.0641489028930664,3.0316379070281982,3.0641489028930664,6.519867,-0.2645648818754842
2013-09-29,3.080404996871948,3.137299060821533,3.080404996871948,3.121042966842652,12.579088,1.8567656387673328
2013-09-30,3.1129150390625,3.1129150390625,3.0804049968719482,3.1129150390625,11.99831,-0.2604234503177594
2013-10-01,3.0641489028930664,3.2104480266571045,3.056020975112915,3.169809103012085,31.68332,1.827678019979606
2013-10-02,3.169809103012085,3.218575954437256,3.145426034927368,3.218575954437256,19.021998,1.5384791273023612
2013-10-03,3.218575954437256,3.283596992492676,3.194192886352539,3.218575954437256,32.872424,0.0
2013-10-06,3.2348310947418213,3.2673420906066895,3.2104480266571045,3.2429590225219727,14.901464,0.7575731761464644
2013-10-07,3.218575954437256,3.2348310947418213,3.169809103012085,3.1860649585723877,12.096597,-1.754387383696876
2013-10-08,3.169809103012085,3.226702928543091,3.169809103012085,3.226702928543091,5.616142,1.275490942561075
2013-10-09,3.2104480266571045,3.2429590225219727,3.194192886352539,3.2348310947418213,6.904719,0.25190314629925936
2013-10-10,3.2348310947418213,3.291724920272827,3.226702928543091,3.267342090606689,12.717615,1.0050291626575003
2013-10-20,3.348618984222412,3.405513048171997,3.3242359161376953,3.397386074066162,14.623461,3.980115330847589
2013-10-21,3.405513048171997,3.462407112121582,3.348618984222412,3.405513048171997,15.593367,0.2392125572030723
2013-10-22,3.4136409759521484,3.4380240440368652,3.3811299800872803,3.405513048171997,9.057189,0.0
2013-10-23,3.389257907867432,3.389257907867432,3.332364082336426,3.332364082336426,10.328097,-2.1479572916285217
2013-10-24,3.340492010116577,3.348618984222412,3.307981014251709,3.332364082336426,7.82145,0.0
2013-10-27,3.340492010116577,3.3811299800872803,3.332364082336426,3.340492010116577,9.011965,0.24390875604602957
2013-10-28,3.348618984222412,3.364875078201294,3.316107988357544,3.340492010116577,7.453653,0.0
2013-10-29,3.340492010116577,3.3567469120025635,3.316107988357544,3.316107988357544,5.654523,-0.7299530034853285
2013-10-30,3.332364082336426,3.429896116256714,3.332364082336426,3.405513048171997,23.854339,2.6960840879833636
2013-10-31,3.405513048171997,3.4217689037323,3.389257907867432,3.405513048171997,4.508762,0.0
2013-11-03,3.405513048171997,3.405513048171997,3.405513048171997,3.405513048171997,0.0,0.0
2013-11-04,3.4136409759521484,3.4136409759521484,3.373002052307129,3.3811299800872803,8.251792,-0.715988097529241
2013-11-05,3.373002052307129,3.397386074066162,3.3567469120025635,3.3892579078674316,8.1524,0.24039087015346183
2013-11-06,3.3811299800872803,3.405513048171997,3.348618984222412,3.3811299800872803,8.99465,-0.23981437828275443
2013-11-07,3.364875078201294,3.3811299800872803,3.348618984222412,3.373002052307129,3.70212,-0.24039087015346183
2013-11-10,3.373002052307129,3.3811299800872803,3.3567469120025635,3.364875078201294,3.368982,-0.24094186661630657
2013-11-11,3.373002052307129,3.373002052307129,3.226702928543091,3.275470018386841,10.395976,-2.6570097770834633
2013-11-12,3.291724920272827,3.3242359161376953,3.2104480266571045,3.2673420906066895,14.37523,-0.24814538782297335
2013-11-13,3.251086950302124,3.2998530864715576,3.194192886352539,3.2998530864715576,14.028783,0.9950288327118972
2013-11-14,3.3242359161376958,3.340492010116577,3.2998530864715576,3.332364082336426,11.591667,0.9852255543785882
2013-11-17,3.332364082336426,3.332364082336426,3.283596992492676,3.307981014251709,4.581554,-0.7317048042247865
2013-11-18,3.3242359161376953,3.397386074066162,3.307981014251709,3.3811299800872803,14.319774,2.2112873538398414
2013-11-19,3.397386074066162,3.397386074066162,3.373002052307129,3.373002052307129,6.124598,-0.2403908701534618
2013-11-20,3.373002052307129,3.405513048171997,3.348618984222412,3.397386074066162,9.208092,0.722917489550734
2013-11-21,3.405513048171997,3.49491810798645,3.389257907867432,3.462407112121582,17.169291,1.9138548471648864
2013-11-24,3.4705350399017334,3.624962091445923,3.4705350399017334,3.551811933517456,31.275635,2.5821579756717616
2013-11-25,3.551811933517456,3.6005780696868896,3.519300937652588,3.5599400997161865,6.762375,0.228845624455154
2013-11-26,3.5599400997161865,3.5924510955810547,3.5599400997161865,3.576195001602173,8.88033,0.4566060504018754
2013-11-27,3.6005780696868896,3.608705997467041,3.551811933517456,3.576195001602173,11.438645,0.0
2013-11-28,3.7387499809265137,3.7387499809265137,3.568068027496338,3.616833925247192,19.46305,1.1363732578008934
2013-12-02,3.616833925247192,3.779387950897217,3.5924510955810547,3.7387499809265137,17.702355,3.370794960429069
2013-12-03,3.7387499809265137,3.811898946762085,3.698111057281494,3.779387950897217,13.678868,1.086940024821681
2013-12-04,3.771260976791382,3.860665082931519,3.7631330490112314,3.852538108825684,10.104134,1.9355027554422088
2013-12-05,3.8606650829315186,3.9094319343566895,3.8200271129608154,3.8525381088256836,17.776126,0.0
2013-12-08,3.8931760787963867,3.9825809001922607,3.8769209384918213,3.9500699043273926,18.379605,2.531624418672873
2013-12-09,3.974453926086426,4.055730819702148,3.9500699043273926,4.015091896057129,24.394102,1.6460972414311659
2013-12-10,4.039474964141846,4.039474964141846,3.9094319343566895,4.023220062255859,18.860486,0.2024403527777885
2013-12-11,3.990709066390991,4.039474964141846,3.974453926086426,4.023220062255859,14.671764,0.0
2013-12-12,3.998836994171143,4.03134822845459,3.9663259983062735,4.006964206695557,15.161949,-0.4040508674334808
2013-12-15,4.039474964141846,4.128880023956299,3.9988369941711426,4.080113887786865,14.17891,1.8255636266746977
2013-12-16,4.071986198425293,4.096368789672852,3.990709066390991,4.015091896057129,8.892224,-1.5936317837688008
2013-12-17,4.015091896057129,4.071986198425293,3.990709066390991,4.055730819702148,10.453094,1.012154259406306
2013-12-18,4.055730819702148,4.177646160125732,4.055730819702148,4.177646160125732,13.990897,3.006001774854905
2013-12-19,4.193902015686035,4.275178909301758,4.193902015686035,4.242668151855469,15.365244,1.5564264956268836
2013-12-22,4.226412773132324,4.2589240074157715,4.169518947601318,4.226412773132324,6.24392,-0.38314047060304945
2013-12-23,4.226412773132324,4.275178909301758,4.218285083770752,4.2670512199401855,6.565957,0.9615352070248218
2013-12-24,4.2670512199401855,4.315817832946777,4.218285083770752,4.283307075500488,5.813094,0.38096227868880117
2013-12-25,4.307690143585205,4.364583969116211,4.283307075500488,4.323945045471191,5.148039,0.9487521967113332
2013-12-26,4.340200901031494,4.364583969116211,4.2670512199401855,4.332073211669922,0.000248,0.1879803307686334
2013-12-29,4.323945045471191,4.348329067230225,4.275178909301758,4.2914347648620605,2.328739,-0.9380831029906832
2013-12-30,4.315817832946777,4.340200901031494,4.250795841217041,4.332073211669922,5.080213,0.9469664351094308
2013-12-31,4.332073211669922,4.364583969116211,4.323945045471191,4.3564558029174805,5.681145,0.5628388546591534
2014-01-02,4.3564558029174805,5.006673812866211,4.332073211669922,4.876629829406738,21.894222,11.940303081713854
2014-01-05,4.9091410636901855,4.982291221618652,4.835991859436035,4.868502140045166,17.064967,-0.1666661125796609
2014-01-06,4.876629829406738,4.9091410636901855,4.722204208374023,4.779098033905029,8.564575,-1.836378080328982
2014-01-07,4.754714012145996,4.754714012145996,4.640925884246826,4.681564807891846,18.306518,-2.040829154816237
2014-01-08,4.762842178344727,4.795352935791016,4.673437118530273,4.762842178344727,11.27506,1.7361154611353236
2014-01-09,4.795352935791016,5.039185047149658,4.754714012145996,4.957907199859619,18.501471,4.095559210460453
2014-01-13,4.957907199859619,5.014801025390625,4.957907199859619,4.998546123504639,11.3532,0.8196789896787626
2014-01-14,4.957907199859619,4.998546123504639,4.892886161804199,4.998546123504639,11.579681,0.0
2014-01-15,4.982291221618652,5.022929191589356,4.835991859436035,4.901012897491455,12.905715,-1.9512318903001316
2014-01-16,617.70654296875,5.0554399490356445,4.884757995605469,4.957907199859619,13.417903,1.16086824413959
2014-01-19,4.998546123504639,5.031056880950928,4.925395965576172,4.941651821136475,9.762986,-0.3278677487873249
2014-01-20,4.933524131774902,4.982291221618652,4.925395965576172,4.941651821136475,8.588921,0.0
2014-01-21,4.957907199859619,4.974163055419922,4.917269229888916,4.917269229888916,11.600659,-0.493409736867112
2014-01-22,4.884757995605469,4.901012897491455,4.827864170074463,4.85224723815918,10.169474,-1.3223191305960946
2014-01-23,4.860374927520752,4.949779987335205,4.85224723815918,4.925395965576172,13.075618,1.5075226761269267
2014-01-26,4.835991859436035,4.876629829406738,4.592160224914551,4.795352935791016,15.204489,-2.6402553356934755
2014-01-27,4.787224769592285,4.868502140045166,4.640925884246826,4.714076042175293,14.80026,-1.6949095239496836
2014-01-28,4.673437118530273,5.006673812866211,4.673437118530273,5.006673812866211,31.305369,6.206895435566628
2014-01-29,5.006673812866211,5.063568115234375,4.901012897491455,4.9091410636901855,17.460942,-1.9480547928923286
2014-01-30,4.917269229888916,4.917269229888916,4.795352935791016,4.827864170074463,12.287943,-1.6556235105337769
2014-02-02,4.827864170074463,4.827864170074463,4.762842178344727,4.770969867706299,6.621757,-1.178456981470677
2014-02-03,4.779098033905029,4.803481101989746,4.551520824432373,4.730330944061279,13.690095,-0.8517958564378314
2014-02-04,4.616542816162109,4.730330944061279,4.608415126800537,4.69782018661499,8.615145,-0.6872829370871969
2014-02-05,4.714076042175293,4.892886161804199,4.714076042175293,4.762842178344727,15.74878,1.3840885590937768
2014-02-06,4.770969867706299,4.901012897491455,4.770969867706299,4.819736003875732,25.855224,1.1945351829982132
2014-02-09,4.85224723815918,4.884757995605469,4.844119071960449,4.860374927520752,13.972059,0.8431773776061746
2014-02-10,4.860374927520752,4.917269229888916,4.835991859436035,4.892886161804199,10.534119,0.6689038349564358
2014-02-11,4.876629829406738,4.974163055419922,4.844119071960449,4.957907199859619,19.85105,1.3288892466577271
2014-02-12,4.966034889221191,4.990417957305908,4.884757995605469,4.884757995605469,8.921145,-1.4754048695429733
2014-02-13,4.901012897491455,4.957907199859619,4.844119071960449,4.884757995605469,8.40966,0.0
2014-02-16,4.957907199859619,5.274888038635254,4.957907199859619,5.120461940765381,40.033924,4.825294218709741
2014-02-17,5.144845008850098,5.283016204833984,5.128589153289795,5.242376804351807,26.729188,2.3809348647986006
2014-02-18,5.258633136749268,5.323655128479004,5.039185047149658,5.152973175048828,21.643359,-1.7054025805387063
2014-02-19,5.096078872680664,5.120461940765381,5.014801025390625,5.039185047149658,22.555256,-2.2082033814991076
2014-02-20,5.031056880950928,5.161099910736084,4.982291221618652,5.0554399490356445,10.355836,0.3225700531712006
2014-02-23,5.079823017120361,5.087951183319092,4.982291221618652,5.006673812866211,4.848277,-0.9646269496037863
2014-02-24,5.006673812866211,5.006673812866211,4.860374927520752,4.966034889221191,8.845866,-0.811695052723127
2014-02-25,5.006673812866211,5.087951183319092,4.982291221618652,4.998546123504639,8.095149,0.6546718862973089
2014-02-26,5.039185047149658,5.096078872680664,5.039185047149658,5.0554399490356445,16.4627,1.1382074732385616
2014-02-27,5.031056880950928,5.071694850921631,4.998546123504639,4.998546123504639,5.125804,-1.1253981078710784
2014-03-02,5.014801025390625,5.063568115234375,4.998546123504639,5.006673812866211,2.445386,0.1626010676055056
2014-03-03,5.039185047149658,5.039185047149658,4.868502140045166,4.933524131774902,10.371563,-1.4610434756769597
2014-03-04,4.868502140045166,4.998546123504639,4.868502140045166,4.957907199859619,6.934336,0.4942322654849285
2014-03-05,4.974163055419922,5.014801025390625,4.892886161804199,4.925395965576172,5.068037,-0.655745115285089
2014-03-06,4.933524131774902,5.047311782836914,4.933524131774902,5.0229291915893555,35.721798,1.9802108641588934
2014-03-09,5.039185047149658,5.0554399490356445,4.957907199859619,4.982291221618652,5.156405,-0.809049230452008
2014-03-10,5.014801025390625,5.0554399490356445,4.949779987335205,5.039185047149658,10.765183,1.1419209155044463
2014-03-11,4.85224723815918,4.876629829406738,4.795352935791016,4.803481101989746,6.520385,-4.677421903631707
2014-03-12,4.803481101989746,4.803481101989746,4.592160224914551,4.63279914855957,10.785223,-3.553297073646744
2014-03-13,4.63279914855957,4.681564807891846,4.543394088745117,4.673437118530273,10.509325,0.8771796200864435
2014-03-16,4.673437118530273,4.681564807891846,4.575904846191406,4.640925884246826,5.874414,-0.6956600347641229
2014-03-17,4.657182216644287,4.714076042175293,4.640925884246826,4.689692974090576,6.741858,1.0508051854326128
2014-03-18,4.7059478759765625,4.803481101989746,4.7059478759765625,4.787224769592285,8.402837,2.0797053461825366
2014-03-19,4.819736003875732,4.85224723815918,4.754714012145996,4.787224769592285,7.65421,0.0
2014-03-20,4.770969867706299,4.933524131774902,4.770969867706299,4.933524131774902,11.984152,3.056037040748283
2014-03-23,4.860374927520752,4.957907199859619,4.860374927520752,4.901012897491455,4.441134,-0.6589860192241725
2014-03-24,4.917269229888916,4.957907199859619,4.876629829406738,4.925395965576172,7.840487,0.4975107920486721
2014-03-25,4.917269229888916,4.941651821136475,4.876629829406738,4.941651821136475,2.529466,0.33004159815608336
2014-03-26,4.974163055419922,4.990417957305908,4.917269229888916,4.957907199859619,5.866242,0.3289462574764368
2014-03-27,4.957907199859619,4.990417957305908,4.917269229888916,4.957907199859619,4.19235,0.0
2014-03-30,4.957907199859619,4.982291221618652,4.917269229888916,4.941651821136475,4.587696,-0.3278677487873249
2014-03-31,4.941651821136475,4.998546123504639,4.917269229888916,4.990417957305908,3.321771,0.9868387724293104
2014-04-01,4.998546123504639,5.120461940765381,4.990417957305908,5.11233377456665,13.366611,2.4429981276870683
2014-04-02,5.152973175048828,5.193611145019531,5.120461940765381,5.161099910736084,10.121391,0.9538918685638276
2014-04-03,5.169228076934815,5.201738834381104,5.120461940765381,5.169228076934815,10.972232,0.1574890302321385
2014-04-06,5.136716842651367,5.201738834381104,5.079823017120361,5.185482978820801,5.425909,0.3144551109771409
2014-04-07,5.242376804351807,5.421186923980713,5.193611145019531,5.299272060394287,20.41043,2.194377689373161
2014-04-08,5.283016204833984,5.348038196563721,5.242376804351807,5.33178186416626,7.468362,0.6134767832537635
2014-04-09,5.33178186416626,5.33178186416626,5.242376804351807,5.323655128479004,6.104387,-0.1524206333697542
2014-04-10,5.315526962280273,5.364293098449707,5.128589153289795,5.283016204833984,10.740112,-0.7633650690034521
2014-04-13,5.274888038635254,5.274888038635254,5.120461940765381,5.128589153289795,9.889645,-2.923084949141141
2014-04-14,5.1692280769348145,5.1692280769348145,4.998546123504639,5.128589153289795,8.992393,0.0
2014-04-15,5.120461940765381,5.120461940765381,4.974163055419922,4.998546123504639,7.204502,-2.535649198995371
2014-04-16,5.136716842651367,5.185482978820801,5.096078872680664,5.128589153289795,7.182979,2.6016170816881345
2014-04-17,5.177355766296387,5.364293098449707,5.177355766296387,5.291143894195557,25.061752,3.169580094000879
2014-04-20,5.348038196563721,5.364293098449707,5.250504970550537,5.299272060394287,5.889146,0.1536183169701166
2014-04-21,5.323655128479004,5.323655128479004,5.217994213104248,5.315526962280273,9.520143,0.3067383916268928
2014-04-22,5.283016204833984,5.648763179779053,5.283016204833984,5.543103218078613,58.555245,4.281348912596106
2014-04-23,5.648763179779053,5.713785171508789,5.575613975524902,5.583742141723633,29.23255,0.7331439095789705
2014-04-24,5.583742141723633,5.640635967254639,5.323655128479004,5.5187201499938965,12.913688,-1.1644877230964856
2014-04-27,5.486208915710449,5.583742141723633,5.413060188293457,5.5187201499938965,9.804041,0.0
2014-04-28,5.510591983795166,5.510591983795166,5.388676166534424,5.396803855895996,11.265701,-2.2091407207527114
2014-04-29,5.413060188293457,5.5512309074401855,5.396803855895996,5.45369815826416,13.874418,1.05422216347566
2014-04-30,5.49433708190918,5.510591983795166,5.44556999206543,5.510591983795166,12.421875,1.0432155187171999
2014-05-01,5.526847839355469,5.648763179779053,5.526847839355469,5.648763179779053,22.57332,2.5073748227087522
2014-05-04,5.681273937225342,6.0145111083984375,5.681273937225342,5.957616806030273,54.851655,5.467632761749108
2014-05-05,6.0145111083984375,6.502173900604248,5.990128040313721,6.331491947174072,74.938888,6.275582222162468
2014-05-06,6.339619159698486,6.494046211242676,6.225831031799316,6.380258083343506,38.64578,0.7702155601919225
2014-05-07,6.347746849060059,6.412768840789795,6.2583417892456055,6.298981189727783,15.17568,-1.273880970863961
2014-05-08,6.339619159698486,6.380258083343506,6.20957612991333,6.347746849060059,19.721264,0.7741832823981332
2014-05-11,6.339619159698486,6.762260913848877,6.339619159698486,6.355875015258789,70.353623,0.1280480521987703
2014-05-12,6.355875015258789,6.477790832519531,6.2014479637146,6.453406810760498,41.74458,1.534514056169467
2014-05-13,6.526556968688965,6.648472785949707,6.518428802490234,6.583450794219971,44.912814,2.015121427687405
2014-05-14,6.526556968688965,6.648472785949707,6.518428802490234,6.583450794219971,44.912814,0.0
2014-05-15,6.567194938659668,6.583450794219971,6.250214099884033,6.2583417892456055,28.21488,-4.938276523002183
2014-05-18,6.193319797515869,6.298981189727783,6.09578800201416,6.193319797515869,21.553218,-1.0389651751118945
2014-05-19,6.193319797515869,6.233959197998047,5.770678997039795,5.803190231323242,36.901778,-6.299199443069403
2014-05-20,5.851955890655518,5.973872184753418,5.45369815826416,5.45369815826416,56.215733,-6.022412830319901
2014-05-21,5.44556999206543,5.8194451332092285,5.22612190246582,5.770678997039795,45.414476,5.812218233884181
2014-05-22,5.851955890655518,5.876338958740234,5.681273937225342,5.770678997039795,39.243574,0.0
2014-05-26,5.851955890655518,6.2014479637146,5.795062065124512,6.2014479637146,33.594092,7.464788231952912
2014-05-27,6.2014479637146,6.2583417892456055,6.103916168212891,6.1689372062683105,27.528014,-0.5242446221674912
2014-05-28,5.965744018554688,6.20957612991333,5.933234214782715,5.933234214782715,24.362258,-3.820803869523848
2014-05-29,5.965744018554688,6.298981189727783,5.892594814300537,6.298981189727783,83.751502,6.1643778368601465
2014-06-01,6.20957612991333,6.339619159698486,6.1120429039001465,6.1120429039001465,22.28761,-2.9677543113240445
2014-06-02,6.136425971984863,6.242086887359619,6.09578800201416,6.1120429039001465,18.547221,0.0
2014-06-03,6.136425971984863,6.177064895629883,5.998254776000977,6.09578800201416,18.778508,-0.2659487530039084
2014-06-04,6.120171070098877,6.120171070098877,5.965744018554688,5.98199987411499,9.038786,-1.8666680642694944
2014-06-05,6.055149078369141,6.055149078369141,5.98199987411499,6.055149078369141,7.197246,1.2228218955784076
2014-06-08,6.063276767730713,6.128299236297607,5.8682122230529785,5.876338958740234,8.113864,-2.953025884493432
2014-06-09,5.851955890655518,5.851955890655518,5.665019035339356,5.6975297927856445,23.638538,-3.042866778279296
2014-06-10,5.656890869140625,5.770678997039795,5.396803855895996,5.689402103424072,21.440156,-0.14265286285758405
2014-06-11,5.648763179779053,5.803190231323242,5.404932022094727,5.673147201538086,14.335099,-0.2857049227756869
2014-06-12,5.721912860870361,5.933234214782715,5.648763179779053,5.933234214782715,23.751929,4.584527846802833
2014-06-15,5.851955890655518,5.8682122230529785,5.640635967254639,5.640635967254639,9.715006,-4.931513520889919
2014-06-16,5.648763179779053,5.689402103424072,5.33178186416626,5.583742141723633,13.091758,-1.0086420371973936
2014-06-17,5.567485809326172,5.60812520980835,5.461825847625732,5.49433708190918,16.554063,-1.6011674168545098
2014-06-18,5.567485809326172,5.567485809326172,5.364293098449707,5.469954013824463,9.725249,-0.4437854416504794
2014-06-19,5.469954013824463,5.640635967254639,5.44556999206543,5.486208915710449,18.929971,0.2971670665768755
2014-06-22,5.567485809326172,5.599997043609619,5.44556999206543,5.44556999206543,5.005907,-0.740746921405866
2014-06-23,5.404932022094727,5.44556999206543,5.234250068664551,5.404932022094727,16.280999,-0.7462574171283376
2014-06-24,5.291143894195557,5.44556999206543,4.876629829406738,5.079823017120361,24.857128,-6.015043364937023
2014-06-25,5.079823017120361,5.404932022094727,5.006673812866211,5.404932022094727,25.340158,6.400006533272151
2014-06-26,5.429315090179443,5.510591983795166,5.364293098449707,5.44556999206543,12.539891,0.7518682900095719
2014-06-29,5.5593581199646,5.583742141723633,5.372420787811279,5.372420787811279,4.605238,-1.3432791123928922
2014-06-30,5.372420787811279,5.372420787811279,5.087951183319092,5.242376804351807,11.985098,-2.4205844738467097
2014-07-01,5.047311782836914,5.396803855895996,4.941651821136475,5.38054895401001,18.065429,2.635677571736239
2014-07-02,5.534975051879883,5.933234214782715,5.5024638175964355,5.8113179206848145,23.215331,8.006041211719882
2014-07-03,5.786934852600098,5.973872184753418,5.6975297927856445,5.738167762756348,20.850173,-1.2587533314619703
2014-07-06,5.884467124938965,5.933234214782715,5.770678997039795,5.916977882385254,11.038804,3.116153570648028
2014-07-07,5.884467124938965,5.933234214782715,5.770678997039795,5.916977882385254,11.038804,0.0
2014-07-08,5.908850193023682,5.908850193023682,5.730041027069092,5.786934852600098,7.095916,-2.1977947589138735
2014-07-09,5.721912860870361,5.835700988769531,5.648763179779053,5.648763179779053,6.635242,-2.387648666184028
2014-07-10,5.60812520980835,5.754424095153809,5.599997043609619,5.754424095153809,4.898466,1.8705141641092604
2014-07-13,5.8113179206848145,5.8682122230529785,5.795062065124512,5.827572822570801,3.280875,1.2711737301148052
2014-07-14,5.795062065124512,5.916977882385254,5.795062065124512,5.876338958740234,3.045201,0.836817276320545
2014-07-15,5.916977882385254,5.973872184753418,5.8682122230529785,5.9657440185546875,12.153412,1.5214415036674422
2014-07-16,5.9657440185546875,6.1689372062683105,5.933234214782715,6.120171070098877,29.684317,2.5885631543004495
2014-07-17,6.079532146453857,6.177064895629883,6.022637844085693,6.120171070098877,13.711635,0.0
2014-07-20,6.103916168212891,6.1608099937438965,5.689402103424072,5.835700988769531,18.210179,-4.648074017394254
2014-07-21,5.770678997039795,5.98199987411499,5.616252899169922,5.949489116668701,7.243844,1.9498622036692612
2014-07-22,5.916977882385254,5.933234214782715,5.803190231323242,5.8194451332092285,4.402411,-2.185800846246244
2014-07-23,5.851955890655518,5.949489116668701,5.835700988769531,5.925106048583984,5.123443,1.8156527462007022
2014-07-24,5.851955890655518,5.933234214782715,5.770678997039795,5.860084056854248,3.498648,-1.0973979401647238
2014-07-27,5.851955890655518,6.177064895629883,5.851955890655518,6.120171070098877,8.7997,4.438281272440414
2014-07-31,6.1120429039001465,6.3152360916137695,6.08765983581543,6.3071088790893555,15.43056,3.0544539825658523
2014-08-03,6.250214099884033,6.420897006988525,6.193319797515869,6.3071088790893555,16.251155,0.0
2014-08-04,6.3071088790893555,6.4615349769592285,6.3071088790893555,6.388385772705078,20.528478,1.288655312185738
2014-08-05,6.388385772705078,6.4290242195129395,6.298981189727783,6.355875015258789,11.788648,-0.5089041050901133
2014-08-06,6.2583417892456055,6.355875015258789,6.233959197998047,6.2583417892456055,7.767106,-1.534536563085831
2014-08-07,6.250214099884033,6.298981189727783,6.20957612991333,6.242086887359619,5.932634,-0.25973176974640744
2014-08-10,6.2583417892456055,6.298981189727783,6.242086887359619,6.2583417892456055,1.997767,0.2604081323972496
2014-08-11,6.2583417892456055,6.372129917144775,6.2583417892456055,6.331491947174072,5.619718,1.1688424888229854
2014-08-12,6.331491947174072,6.420897006988525,6.298981189727783,6.298981189727783,6.262041,-0.513477040127952
2014-08-13,6.339619159698486,6.355875015258789,6.298981189727783,6.339619159698486,3.584887,0.6451514736537822
2014-08-14,6.3152360916137695,6.388385772705078,6.3071088790893555,6.372129917144775,4.198716,0.5128187770798931
2014-08-17,6.380258083343506,6.380258083343506,6.3152360916137695,6.3152360916137695,6.16644,-0.8928541362273279
2014-08-18,6.3071088790893555,6.412768840789795,6.3071088790893555,6.380258083343506,6.16644,1.0296050818445535
2014-08-19,6.396512985229492,6.4290242195129395,6.380258083343506,6.380258083343506,7.479345,0.0
2014-08-20,6.3640031814575195,6.396512985229492,6.3640031814575195,6.380258083343506,1.930555,0.0
2014-08-21,6.388385772705078,6.4290242195129395,6.3640031814575195,6.4290242195129395,4.62932,0.764328582518381
2014-08-24,6.4290242195129395,6.469663143157959,6.404641151428223,6.445280075073242,5.332997,0.2528510549231422
2014-08-25,6.420897006988525,6.477790832519531,6.404641151428223,6.420897006988525,7.895475,-0.3783088989261607
2014-08-26,6.4290242195129395,6.437151908874512,6.388385772705078,6.396512985229492,2.95106,-0.3797603626486068
2014-08-27,6.396512985229492,6.437151908874512,6.380258083343506,6.437151908874512,8.078893,0.6353293386390568
2014-08-28,6.380258083343506,6.420897006988525,6.339619159698486,6.347746849060059,3.446736,-1.3888915638482269
2014-08-31,6.380258083343506,6.4290242195129395,6.355875015258789,6.420897006988525,2.607521,1.152379886404864
2014-09-01,6.420897006988525,6.599706172943115,6.404641151428223,6.583450794219971,34.24204,2.5316367332246736
2014-09-02,6.575323104858398,6.697238922119141,6.542811870574951,6.615962028503418,17.086625,0.4938327223770189
2014-09-03,6.624090194702148,6.680984020233154,6.624090194702148,6.640345096588135,6.44615,0.3685490935357194
2014-09-04,6.624090194702148,6.664728164672852,6.542811870574951,6.583450794219971,5.162338,-0.8567973733382694
2014-09-07,6.648472785949707,6.648472785949707,6.420897006988525,6.4290242195129395,8.583168,-2.34567827016513
2014-09-08,6.477790832519531,6.502173900604248,6.388385772705078,6.502173900604248,6.337609,1.1378037878483793
2014-09-09,6.502173900604248,6.567194938659668,6.420897006988525,6.518428802490234,3.158729,0.24999180480971273
2014-09-10,6.4615349769592285,6.4615349769592285,6.298981189727783,6.339619159698486,9.165778,-2.7431402291827944
2014-09-11,6.307108879089356,6.526556968688965,6.307108879089356,6.485918045043945,9.100566,2.3076920184021965
2014-09-14,6.4290242195129395,6.494046211242676,6.380258083343506,6.485918045043945,2.416978,0.0
2014-09-15,6.485918045043945,6.599706172943115,6.453406810760498,6.469663143157959,15.137319,-0.2506183669466311
2014-09-16,6.542811870574951,6.583450794219971,6.4615349769592285,6.502173900604248,9.302989,0.502510822076907
2014-09-17,6.510301113128662,6.567194938659668,6.502173900604248,6.510301113128662,2.529322,0.12499223565305417
2014-09-18,6.518428802490234,6.632216930389404,6.518428802490234,6.632216930389404,13.302766,1.872660191014619
2014-09-21,6.664728164672852,6.680984020233154,6.591578960418701,6.591578960418701,6.770223,-0.6127358377633341
2014-09-22,6.583450794219971,6.680984020233154,6.567194938659668,6.648472785949707,7.08897,0.8631289387966534
2014-09-23,6.656599998474121,6.900432109832764,6.648472785949707,6.859793186187744,34.800066,3.1784803373885007
2014-09-24,6.835410118103027,6.892303943634033,6.713493824005127,6.762260913848877,21.487106,-1.4217961050961292
2014-09-25,6.762260913848877,6.884175777435303,6.697238922119141,6.786643981933594,14.074377,0.3605756772085078
2014-09-28,6.811027050018311,6.8435378074646,6.672855854034424,6.713493824005127,7.750846,-1.0778546528033006
2014-09-29,6.713493824005127,6.754133224487305,6.632216930389404,6.746005058288574,9.394223,0.4842669872905603
2014-09-30,6.746005058288574,6.786643981933594,6.73787784576416,6.746005058288574,7.227544,0.0
2014-10-01,6.786643981933594,6.786643981933594,6.721621990203857,6.746005058288574,3.816053,0.0
2014-10-02,6.705367088317871,6.73787784576416,6.624090194702148,6.721621990203857,5.942177,-0.3614445568011826
2014-10-07,6.746005058288574,6.770388126373291,6.672855854034424,6.672855854034424,2.547535,-0.7255114351938485
2014-10-08,6.746005058288574,6.770388126373291,6.672855854034424,6.672855854034424,2.547535,0.0
2014-10-09,6.664728164672852,6.664728164672852,6.583450794219971,6.599706172943115,5.34728,-1.096227502757785
2014-10-12,6.510301113128662,6.510301113128662,6.0145111083984375,6.298981189727783,23.485261,-4.556641997915268
2014-10-13,6.510301113128662,6.510301113128662,6.0145111083984375,6.298981189727783,23.485261,0.0
2014-10-14,6.290853023529053,6.380258083343506,6.09578800201416,6.339619159698486,8.674187,0.6451514736537822
2014-10-15,6.136425971984863,6.323363780975342,6.136425971984863,6.168937206268311,8.510348,-2.6923061012121385
2014-10-16,6.193319797515869,6.250214099884033,5.933234214782715,5.949489116668701,13.977649,-3.557307884032701
2014-10-19,5.892594814300537,5.892594814300537,5.713785171508789,5.811317920684815,27.760624,-2.322404382533827
2014-10-20,5.892594814300537,5.892594814300537,5.713785171508789,5.811317920684815,27.760624,0.0
2014-10-21,5.851955890655518,5.925106048583984,5.689402103424072,5.689402103424072,17.667496,-2.097903073359575
2014-10-22,5.746295928955078,5.892594814300537,5.616252899169922,5.892594814300537,19.762927,3.571424680181723
2014-10-23,5.916977882385254,6.128299236297607,5.916977882385254,6.08765983581543,20.606757,3.310341668860306
2014-10-26,6.168937206268311,6.20957612991333,6.144554138183594,6.1608099937438965,13.536798,1.2016137547322223
2014-10-27,6.1689372062683105,6.20957612991333,6.144554138183594,6.1608099937438965,13.536798,0.0
2014-10-28,6.1608099937438965,6.217703819274902,6.136425971984863,6.136425971984863,9.365771,-0.395792465338074
2014-10-29,6.128299236297607,6.168937206268311,6.055149078369141,6.144554138183594,6.471852,0.1324576591624993
2014-10-30,6.185193061828613,6.233959197998047,6.177064895629883,6.217703819274902,9.355396,1.1904798858674015
2014-11-02,6.233959197998047,6.2583417892456055,6.177064895629883,6.185193061828613,4.718742,-0.5228740125173825
2014-11-03,6.233959197998047,6.2583417892456055,6.177064895629883,6.185193061828613,4.718742,0.0
2014-11-04,6.20957612991333,6.20957612991333,6.136425971984863,6.1608099937438965,7.219668,-0.39421676641259173
2014-11-05,6.177064895629883,6.185193061828613,6.09578800201416,6.177064895629883,6.020873,0.2638435839198427
2014-11-06,6.120171070098877,6.177064895629883,5.973872184753418,5.98199987411499,7.267372,-3.157891730308615
2014-11-09,6.103916168212891,6.177064895629883,6.071404933929443,6.09578800201416,7.458794,1.9021753643216897
2014-11-10,6.103916168212891,6.177064895629883,6.071404933929443,6.09578800201416,7.458794,0.0
2014-11-11,6.177064895629883,6.2014479637146,6.152681827545166,6.177064895629883,13.130971,1.3333287441897212
2014-11-12,6.185193061828613,6.2014479637146,6.1120429039001465,6.177064895629883,6.629196,0.0
2014-11-13,6.2014479637146,6.20957612991333,6.144554138183594,6.177064895629883,4.580608,0.0
2014-11-16,6.217703819274902,6.4290242195129395,6.2014479637146,6.298981189727783,12.151487,1.9736929457249586
2014-11-17,6.217703819274902,6.4290242195129395,6.2014479637146,6.298981189727783,12.151487,0.0
2014-11-18,6.3071088790893555,6.323363780975342,6.177064895629883,6.185193061828613,7.896967,-1.8064528924889078
2014-11-19,6.225831031799316,6.3152360916137695,6.177064895629883,6.217703819274902,9.777581,0.5256223552167816
2014-11-20,6.250214099884033,6.290853023529053,6.177064895629883,6.177064895629883,7.112491,-0.6536001846700779
2014-11-23,6.282724857330322,6.307108879089356,6.2583417892456055,6.307108879089356,7.146243,2.105271446176249
2014-11-24,6.282724857330322,6.307108879089356,6.2583417892456055,6.307108879089356,7.146243,0.0
2014-11-25,6.3152360916137695,6.323363780975342,6.2583417892456055,6.323363780975342,5.94103,0.2577235021243629
2014-11-26,6.36400318145752,6.420897006988525,6.193319797515869,6.193319797515869,41.689934,-2.0565633729744737
2014-11-27,6.217703819274902,6.217703819274902,6.055149078369141,6.09578800201416,13.365263,-1.574790236745549
2014-11-30,5.973872184753418,6.006382942199707,5.526847839355469,5.730041027069092,16.743209,-5.999994993661506
2014-12-01,5.973872184753418,6.006382942199707,5.526847839355469,5.730041027069092,16.743209,0.0
2014-12-04,5.624380111694336,5.8682122230529785,5.616252899169922,5.770678997039795,19.081336,0.7092090576442001
2014-12-07,5.713785171508789,5.827572822570801,5.689402103424072,5.795062065124512,4.395171,0.4225337797722606
2014-12-08,5.713785171508789,5.827572822570801,5.689402103424072,5.795062065124512,4.395171,0.0
2014-12-09,5.730041027069092,5.803190231323242,5.60812520980835,5.689402103424072,6.816122,-1.8232757563774185
2014-12-10,5.567485809326172,5.60812520980835,5.201738834381104,5.38054895401001,21.268074,-5.428569536826799
2014-12-11,5.478081226348877,5.526847839355469,5.323655128479004,5.44556999206543,9.202256,1.2084461754959142
2014-12-14,4.567777156829834,4.649054050445557,4.4621171951293945,4.4621171951293945,34.767326,-18.059685182065294
2014-12-15,4.567777156829834,4.649054050445557,4.4621171951293945,4.4621171951293945,34.767326,0.0
2014-12-16,4.47024393081665,4.787224769592285,4.47024393081665,4.551520824432373,16.237267,2.0036145487296158
2014-12-17,4.388967037200928,4.388967037200928,4.096368789672852,4.104496955871582,38.118006,-9.821417627294714
2014-12-18,4.145135879516602,4.283307075500488,3.9419429302215576,4.185773849487305,26.449283,1.9801913484051692
2014-12-21,5.22612190246582,5.5024638175964355,5.120461940765381,5.478081226348877,34.750207,30.873798330501323
2014-12-22,5.404932022094727,5.5187201499938965,5.283016204833984,5.461825847625732,11.301917,-0.2967348977039319
2014-12-23,5.404932022094727,5.5187201499938965,5.283016204833984,5.461825847625732,11.301917,0.0
2014-12-24,5.404932022094727,5.44556999206543,5.283016204833984,5.283016204833984,8.562388,-3.273807107370097
2014-12-25,5.421186923980713,5.526847839355469,5.323655128479004,5.526847839355469,8.562313,4.615386837132496
2014-12-28,5.648763179779053,5.925106048583984,5.60812520980835,5.860084056854248,20.446638,6.029408212143594
2014-12-29,5.884467124938965,5.892594814300537,5.746295928955078,5.795062065124512,9.111861,-1.109574386628176
2014-12-30,5.884467124938965,5.892594814300537,5.746295928955078,5.795062065124512,9.111861,0.0
2014-12-31,5.705657005310059,5.705657005310059,5.283016204833984,5.469954013824463,12.067749,-5.610087478727699
2015-01-04,5.60812520980835,5.665019035339356,5.461825847625732,5.469954013824463,2.584255,0.0
2015-01-05,5.429315090179443,5.429315090179443,5.161099910736084,5.193611145019531,9.256237,-5.052014479582789
2015-01-06,4.714076042175293,5.006673812866211,4.714076042175293,5.006673812866211,19.046945,-3.5993709758687986
2015-01-07,4.949779987335205,5.152973175048828,4.876629829406738,5.120461940765381,12.307218,2.272729004369234
2015-01-08,5.209867000579834,5.388676166534424,5.209867000579834,5.234250068664551,16.740657,2.2222238777574344
2015-01-11,5.120461940765381,5.413060188293457,5.120461940765381,5.356165885925293,8.45418,2.3291935933784647
2015-01-12,5.323655128479004,5.429315090179443,5.258633136749268,5.26676082611084,10.472749,-1.6691988582614337
2015-01-13,5.120461940765381,5.323655128479004,5.039185047149658,5.315526962280273,19.234651,0.9259227403619176
2015-01-14,5.33991003036499,5.388676166534424,5.242376804351807,5.307398796081543,12.575269,-0.1529136481934756
2015-01-15,5.356165885925293,5.502463817596436,5.356165885925293,5.372420787811279,20.948832,1.2251197663484923
2015-01-18,5.478081226348877,5.502463817596436,5.421186923980713,5.44556999206543,7.062149,1.3615687814347632
2015-01-19,5.478081226348877,5.648763179779053,5.45369815826416,5.567485809326172,14.528758,2.238807277078103
2015-01-20,5.567485809326172,5.632507801055908,5.486208915710449,5.526847839355469,9.733599,-0.7299160045029618
2015-01-21,5.543103218078613,5.599997043609619,5.486208915710449,5.543103218078613,6.269105,0.2941166320410193
2015-01-22,5.543103218078613,5.713785171508789,5.543103218078613,5.640635967254639,12.926954,1.7595333396990709
2015-01-25,5.730041027069092,5.851955890655518,5.591868877410889,5.689402103424072,23.348566,0.8645503175977565
2015-01-26,5.689402103424072,5.705657005310059,5.348038196563721,5.364293098449707,27.480899,-5.71429122189665
2015-01-27,5.429315090179443,5.44556999206543,5.291143894195557,5.404932022094727,20.340937,0.7575820876895012
2015-01-28,5.404932022094727,5.510591983795166,5.33178186416626,5.437442779541016,8.461578,0.6015016898156977
2015-01-29,5.413060188293457,5.429315090179443,5.258633136749268,5.299272060394287,12.056924,-2.5410974376891104
2015-02-01,5.429315090179443,5.534975051879883,5.404932022094727,5.5187201499938965,11.117719,4.141098760332018
2015-02-02,5.5187201499938965,5.5593581199646,5.45369815826416,5.486208915710449,5.620863,-0.5891082243676182
2015-02-03,5.575613975524902,5.640635967254639,5.543103218078613,5.60812520980835,8.326177,2.222232072657282
2015-02-04,5.656890869140625,5.705657005310059,5.5024638175964355,5.510591983795166,15.508186,-1.7391413772752884
2015-02-05,5.486208915710449,5.60812520980835,5.45369815826416,5.583742141723633,6.318932,1.3274464548196807
2015-02-08,5.689402103424072,5.689402103424072,5.583742141723633,5.583742141723633,4.791166,0.0
2015-02-09,5.567485809326172,5.689402103424072,5.567485809326172,5.681273937225342,7.153145,1.746710235290383
2015-02-10,5.681273937225342,5.681273937225342,5.599997043609619,5.616252899169922,5.06603,-1.1444798961265268
2015-02-11,5.599997043609619,5.6650190353393555,5.583742141723633,5.640635967254639,4.298642,0.43415188956894557
2015-02-12,5.583742141723633,5.624380111694336,5.583742141723633,5.60812520980835,3.375886,-0.5763668783985043
2015-02-15,5.689402103424072,5.689402103424072,5.60812520980835,5.624380111694336,12.763513,0.28984555939581824
2015-02-16,5.656890869140625,5.656890869140625,5.486208915710449,5.510591983795166,15.419205,-2.0231230044814863
2015-02-17,5.510591983795166,5.543103218078613,5.469954013824463,5.534975051879883,7.109901,0.4424763828717371
2015-02-18,5.534975051879883,5.567485809326172,5.49433708190918,5.526847839355469,4.502927,-0.14683376976837303
2015-02-19,5.5024638175964355,5.543103218078613,5.44556999206543,5.543103218078613,5.443286,0.29411663204101934
2015-02-22,5.543103218078613,5.543103218078613,5.45369815826416,5.486208915710449,7.489573,-1.0263980324704325
2015-02-23,5.469954013824463,5.478081226348877,5.421186923980713,5.461825847625732,6.191731,-0.4444429379073189
2015-02-24,5.461825847625732,5.478081226348877,5.421186923980713,5.44556999206543,10.146886,-0.2976267646352948
2015-02-25,5.45369815826416,5.469954013824463,5.421186923980713,5.461825847625732,10.783113,0.29851522584392054
2015-02-26,5.478081226348877,5.478081226348877,5.421186923980713,5.44556999206543,8.004558,-0.2976267646352948
2015-03-01,5.45369815826416,5.5187201499938965,5.44556999206543,5.45369815826416,3.314309,0.14926199113358685
2015-03-02,5.486208915710449,5.5024638175964355,5.364293098449707,5.437442779541016,9.828605,-0.2980615767763428
2015-03-03,5.437442779541016,5.45369815826416,5.38054895401001,5.404932022094727,5.836232,-0.5979052794562567
2015-03-04,5.429315090179443,5.429315090179443,5.38054895401001,5.38054895401001,5.450437,-0.45112626736176775
2015-03-05,5.38054895401001,5.49433708190918,5.372420787811279,5.478081226348877,10.504939,1.812682556603784
2015-03-08,5.49433708190918,5.5024638175964355,5.404932022094727,5.469954013824463,5.540251,-0.14835874439618202
2015-03-09,5.478081226348877,5.5593581199646,5.478081226348877,5.510591983795166,16.711415,0.7429307425253828
2015-03-10,5.185482978820801,5.209867000579834,5.120461940765381,5.185482978820801,7.14227,-5.899711064263213
2015-03-11,5.144845008850098,5.1692280769348145,5.039185047149658,5.047311782836914,5.320407,-2.6645771772508486
2015-03-12,5.039185047149658,5.096078872680664,4.974163055419922,5.014801025390625,4.503095,-0.644120253415692
2015-03-15,4.982291221618652,4.982291221618652,4.803481101989746,4.803481101989746,11.597708,-4.213924387646428
2015-03-16,4.795352935791016,4.795352935791016,4.47024393081665,4.69782018661499,10.27014,-2.199673801797364
2015-03-17,4.649054050445557,4.779098033905029,4.616542816162109,4.714076042175293,5.222184,0.34602975240769496
2015-03-18,4.673437118530273,4.746586799621582,4.445860862731934,4.478372097015381,11.955121,-5.000003034553247
2015-03-19,4.63279914855957,4.673437118530273,4.543394088745117,4.567777156829834,20.581867,1.996374081422081
2015-03-22,4.63279914855957,4.657182216644287,4.575904846191406,4.657182216644287,3.311798,1.9572990700908566
2015-03-23,4.63279914855957,4.860374927520752,4.575904846191406,4.844119071960449,9.619282,4.013947632284376
2015-03-24,4.844119071960449,4.957907199859619,4.844119071960449,4.941651821136475,6.593773,2.013425923829604
2015-03-25,4.925395965576172,4.925395965576172,4.649054050445557,4.795352935791016,7.393748,-2.960525966635452
2015-03-26,4.63279914855957,4.844119071960449,4.486499786376953,4.835991859436035,17.170649,0.8474647057092222
2015-03-29,4.85224723815918,4.868502140045166,4.722204208374023,4.811607837677002,3.317766,-0.5042196609875371
2015-03-30,4.787224769592285,4.917269229888916,4.787224769592285,4.9091410636901855,4.707508,2.027040218229259
2015-03-31,4.9091410636901855,5.039185047149658,4.868502140045166,5.039185047149658,14.430786,2.6490170433546067
2015-04-01,5.031056880950928,5.071694850921631,4.941651821136475,5.063568115234375,5.328643,0.4838692736340189
2015-04-02,5.063568115234375,5.201738834381104,5.063568115234375,5.11233377456665,9.23813,0.9630690892763472
2015-04-05,5.096078872680664,5.2017388343811035,5.096078872680664,5.177355766296387,4.204198,1.271865151943219
2015-04-06,5.120461940765381,5.283016204833984,5.11233377456665,5.234250068664551,15.041597,1.0989065642066809
2015-04-07,5.283016204833984,5.364293098449707,5.242376804351807,5.33991003036499,12.379978,2.018626552311376
2015-04-08,5.356165885925293,5.364293098449707,5.26676082611084,5.26676082611084,4.981445,-1.3698583653693253
2015-04-09,5.242376804351807,5.250504970550537,5.096078872680664,5.161099910736084,9.133459,-2.0061840448672763
2015-04-12,5.2017388343811035,5.258633136749268,5.161099910736084,5.242376804351807,5.505007,1.5747979117135769
2015-04-13,5.242376804351807,5.26676082611084,5.1692280769348145,5.242376804351807,4.351632,0.0
2015-04-14,5.193611145019531,5.258633136749268,5.193611145019531,5.209867000579834,4.68091,-0.6201348164249776
2015-04-15,5.26676082611084,5.486208915710449,5.26676082611084,5.486208915710449,25.847993,5.304202873122477
2015-04-16,5.5512309074401855,5.673147201538086,5.543103218078613,5.648763179779053,29.887735,2.9629616109424717
2015-04-19,5.591868877410889,5.656890869140625,5.534975051879883,5.5593581199646,10.205867,-1.582736910169957
2015-04-20,5.5593581199646,5.624380111694336,5.543103218078613,5.60812520980835,3.742417,0.8772072025476918
2015-04-21,5.640635967254639,5.713785171508789,5.583742141723633,5.681273937225342,17.454341,1.3043347764250868
2015-04-22,5.656890869140625,5.6975297927856445,5.583742141723633,5.665019035339356,9.320091,-0.2861136791781793
2015-04-23,5.575613975524902,5.656890869140625,5.575613975524902,5.575613975524902,5.447258,-1.578195223294554
2015-04-26,5.5512309074401855,5.624380111694336,5.5512309074401855,5.624380111694336,4.135432,0.8746325764929397
2015-04-27,5.648763179779053,5.681273937225342,5.575613975524902,5.624380111694336,3.001859,0.0
2015-04-28,5.624380111694336,5.624380111694336,5.543103218078613,5.616252899169922,1.740917,-0.14449970242081944
2015-04-29,5.648763179779053,5.705657005310059,5.616252899169922,5.640635967254639,14.069756,0.43415188956894557
2015-04-30,5.673147201538086,5.770678997039795,5.656890869140625,5.656890869140625,22.975709,0.2881749855929483
2015-05-03,5.689402103424072,5.705657005310059,5.567485809326172,5.583742141723633,5.141237,-1.2930906589701419
2015-05-04,5.5512309074401855,5.60812520980835,5.413060188293457,5.534975051879883,13.027909,-0.8733764669995314
2015-05-05,5.526847839355469,5.543103218078613,5.461825847625732,5.486208915710449,1.305932,-0.8810543085080558
2015-05-06,5.486208915710449,5.526847839355469,5.404932022094727,5.45369815826416,6.446105,-0.5925905838764289
2015-05-07,5.49433708190918,5.510591983795166,5.437442779541016,5.437442779541016,9.220879,-0.2980615767763428
2015-05-10,5.45369815826416,5.534975051879883,5.45369815826416,5.510591983795166,3.162424,1.345286878776597
2015-05-11,5.5187201499938965,5.534975051879883,5.44556999206543,5.45369815826416,2.408252,-1.0324448933673902
2015-05-12,5.437442779541016,5.486208915710449,5.404932022094727,5.461825847625732,2.666784,0.1490307883881714
2015-05-13,5.429315090179443,5.5187201499938965,5.429315090179443,5.45369815826416,3.813996,-0.1488090171367417
2015-05-14,5.486208915710449,5.5512309074401855,5.486208915710449,5.534975051879883,4.990258,1.490307883881714
2015-05-17,5.534975051879883,5.616252899169922,5.478081226348877,5.591868877410889,5.578148,1.0278966932594003
2015-05-18,5.575613975524902,5.599997043609619,5.5024638175964355,5.575613975524902,3.456208,-0.2906881803264372
2015-05-19,5.575613975524902,5.673147201538086,5.575613975524902,5.616252899169922,8.544556,0.7288690326018088
2015-05-20,5.648763179779053,5.770678997039795,5.616252899169922,5.648763179779053,18.121545,0.5788606957841225
2015-05-21,5.656890869140625,5.705657005310059,5.648763179779053,5.681273937225342,3.531816,0.5755376249914068
2015-05-24,5.689402103424072,5.713785171508789,5.591868877410889,5.599997043609619,2.738484,-1.4306103615805754
2015-05-25,5.624380111694336,5.640635967254639,5.599997043609619,5.60812520980835,1.789765,0.1451459016037493
2015-05-26,5.616252899169922,5.616252899169922,5.583742141723633,5.591868877410889,1.2638,-0.28987106723347145
2015-05-27,5.583742141723633,5.583742141723633,5.534975051879883,5.567485809326172,4.450571,-0.4360450614858902
2015-05-28,5.583742141723633,5.583742141723633,5.534975051879883,5.567485809326172,4.450571,0.0
2015-05-31,5.5187201499938965,5.5512309074401855,5.404932022094727,5.404932022094727,9.106454,-2.919698276718541
2015-06-01,5.421186923980713,5.478081226348877,5.421186923980713,5.44556999206543,2.800436,0.7518682900095719
2015-06-02,5.44556999206543,5.502463817596436,5.413060188293457,5.486208915710449,4.040434,0.7462749299748772
2015-06-03,5.49433708190918,5.5512309074401855,5.429315090179443,5.437442779541016,8.282722,-0.8888858758146378
2015-06-04,5.49433708190918,5.5512309074401855,5.429315090179443,5.437442779541016,8.282722,0.0
2015-06-07,5.44556999206543,5.461825847625732,5.421186923980713,5.437442779541016,3.478963,0.0
2015-06-08,5.469954013824463,5.478081226348877,5.413060188293457,5.461825847625732,2.148895,0.4484289595922064
2015-06-09,5.44556999206543,5.534975051879883,5.421186923980713,5.5187201499938965,12.96902,1.0416718503190037
2015-06-10,5.583742141723633,5.640635967254639,5.5187201499938965,5.5593581199646,12.753762,0.73636583965484
2015-06-11,5.583742141723633,5.640635967254639,5.5187201499938965,5.5593581199646,12.753762,0.0
2015-06-14,5.5024638175964355,5.534975051879883,5.45369815826416,5.486208915710449,1.591788,-1.3157850722272935
2015-06-15,5.49433708190918,5.543103218078613,5.469954013824463,5.543103218078613,3.663495,1.037042213344086
2015-06-16,5.543103218078613,5.5512309074401855,5.461825847625732,5.486208915710449,2.095733,-1.0263980324704325
2015-06-17,5.534975051879883,5.543103218078613,5.49433708190918,5.526847839355469,2.791291,0.740746921405866
2015-06-18,5.534975051879883,5.543103218078613,5.49433708190918,5.526847839355469,2.791291,0.0
2015-06-21,5.526847839355469,5.534975051879883,5.469954013824463,5.534975051879883,2.81793,0.14704968836922738
2015-06-22,5.526847839355469,5.60812520980835,5.49433708190918,5.5593581199646,9.899822,0.44052715425402234
2015-06-23,5.60812520980835,5.616252899169922,5.5593581199646,5.5593581199646,5.984335,0.0
2015-06-24,5.591868877410889,5.591868877410889,5.543103218078613,5.591868877410889,2.390971,0.5847933654343551
2015-06-25,5.591868877410889,5.591868877410889,5.543103218078613,5.591868877410889,2.390971,0.0
2015-06-28,5.567485809326172,5.567485809326172,5.469954013824463,5.49433708190918,4.089674,-1.7441717186127526
2015-06-29,5.486208915710449,5.486208915710449,5.421186923980713,5.44556999206543,7.021197,-0.8875882407055391
2015-06-30,5.469954013824463,5.5593581199646,5.45369815826416,5.5593581199646,8.605435,2.0895540423677694
2015-07-01,5.5593581199646,5.583742141723633,5.526847839355469,5.5593581199646,3.355479,0.0
2015-07-02,5.5593581199646,5.583742141723633,5.526847839355469,5.5593581199646,3.355479,0.0
2015-07-05,5.534975051879883,5.583742141723633,5.526847839355469,5.5512309074401855,0.722864,-0.14618976416050922
2015-07-06,5.486208915710449,5.575613975524902,5.478081226348877,5.543103218078613,2.26267,-0.14641238127347522
2015-07-07,5.526847839355469,5.5593581199646,5.510591983795166,5.526847839355469,3.945018,-0.2932541228914509
2015-07-08,5.5593581199646,5.567485809326172,5.486208915710449,5.567485809326172,6.237276,0.7352829524512883
2015-07-09,5.5593581199646,5.567485809326172,5.486208915710449,5.567485809326172,6.237276,0.0
2015-07-12,5.624380111694336,5.640635967254639,5.526847839355469,5.526847839355469,2.686072,-0.7299160045029618
2015-07-13,5.567485809326172,5.632507801055908,5.526847839355469,5.60812520980835,3.778421,1.4705917878564012
2015-07-14,5.60812520980835,5.665019035339356,5.591868877410889,5.591868877410889,2.652061,-0.2898710672334714
2015-07-15,5.632507801055908,5.705657005310059,5.624380111694336,5.705657005310059,10.547187,2.0348854809316475
2015-07-16,5.632507801055908,5.705657005310059,5.624380111694336,5.705657005310059,10.547187,0.0
2015-07-21,5.851955890655518,5.916977882385254,5.795062065124512,5.8113179206848145,5.428543,1.8518623758214225
2015-07-22,5.811317920684815,5.933234214782715,5.795062065124512,5.925106048583984,5.915451,1.9580434154901736
2015-07-23,5.916977882385254,5.973872184753418,5.8682122230529785,5.9657440185546875,5.220266,0.685860635024671
2015-07-26,5.916977882385254,5.973872184753418,5.8682122230529785,5.8682122230529785,3.021204,-1.634863902949324
2015-07-27,5.884467124938965,5.933234214782715,5.8682122230529785,5.916977882385254,2.591962,0.8310139013156581
2015-07-28,5.8194451332092285,5.900722980499268,5.8113179206848145,5.8113179206848145,5.750102,-1.785708241617523
2015-07-29,5.860084056854248,5.98199987411499,5.860084056854248,5.933234214782715,13.553059,2.0979112786783105
2015-07-30,5.916977882385254,6.136425971984863,5.916977882385254,6.09578800201416,11.506041,2.739716339301768
2015-08-02,6.1120429039001465,6.2014479637146,6.047021865844727,6.063276767730713,8.750196,-0.5333393200797842
2015-08-03,6.063276767730713,6.20957612991333,6.006382942199707,6.2014479637146,7.20919,2.278820533465442
2015-08-04,6.1689372062683105,6.193319797515869,6.136425971984863,6.193319797515869,6.164939,-0.13106884466803637
2015-08-05,6.185193061828613,6.217703819274902,6.103916168212891,6.217703819274902,3.381731,0.3937148824256331
2015-08-06,6.185193061828613,6.233959197998047,6.152681827545166,6.233959197998047,2.904974,0.2614370062586912
2015-08-09,6.225831031799316,6.225831031799316,6.144554138183594,6.177064895629883,1.654443,-0.9126511829983586
2015-08-10,6.2014479637146,6.2014479637146,6.071404933929443,6.071404933929443,2.499479,-1.7105205058666528
2015-08-11,6.128299236297607,6.185193061828613,6.128299236297607,6.136425971984863,3.847269,1.0709389138592318
2015-08-12,6.103916168212891,6.103916168212891,5.998254776000977,6.08765983581543,6.204584,-0.7946993313708961
2015-08-13,6.047021865844727,6.09578800201416,5.9657440185546875,5.9657440185546875,9.052477,-2.002671314574389
2015-08-16,5.933234214782715,5.957616806030273,5.860084056854248,5.884467124938965,5.170622,-1.3623932465579247
2015-08-17,5.851955890655518,6.047021865844727,5.8113179206848145,5.949489116668701,7.647194,1.104976718353412
2015-08-18,5.965744018554688,6.030766010284424,5.860084056854248,5.892594814300537,5.594404,-0.9562888720774932
2015-08-19,5.8194451332092285,5.973872184753418,5.7625508308410645,5.851955890655518,6.236037,-0.6896609206252236
2015-08-20,5.811317920684815,5.811317920684815,5.624380111694336,5.673147201538086,7.508135,-3.0555371991602964
2015-08-23,5.526847839355469,5.5512309074401855,5.258633136749268,5.356165885925293,20.427284,-5.5873980411940245
2015-08-24,4.844119071960449,5.429315090179443,4.844119071960449,5.22612190246582,13.654306,-2.42793046797144
2015-08-25,5.250504970550537,5.404932022094727,5.250504970550537,5.364293098449707,12.138774,2.643857119343007
2015-08-26,5.372420787811279,5.413060188293457,5.315526962280273,5.413060188293457,4.681663,0.9091056165041245
2015-08-27,5.973872184753418,5.973872184753418,5.567485809326172,5.60812520980835,13.463679,3.603599714940353
2015-08-30,5.738167762756348,5.851955890655518,5.648763179779053,5.656890869140625,8.822445,0.8695536834125273
2015-08-31,5.632507801055908,5.689402103424072,5.567485809326172,5.689402103424072,7.145362,0.5747191352196923
2015-09-01,5.689402103424072,5.705657005310059,5.575613975524902,5.575613975524902,3.218779,-2.000001508606475
2015-09-02,5.45369815826416,5.583742141723633,5.364293098449707,5.372420787811279,8.445465,-3.6443195064359557
2015-09-03,5.44556999206543,5.502463817596436,5.404932022094727,5.404932022094727,4.335985,0.6051505562856718
2015-09-06,5.307398796081543,5.388676166534424,5.307398796081543,5.364293098449707,1.853674,-0.7518859345296502
2015-09-07,5.33991003036499,5.44556999206543,5.33991003036499,5.364293098449707,2.363654,0.0
2015-09-08,5.33178186416626,5.429315090179443,5.315526962280273,5.396803855895996,1.274545,0.6060585588748779
2015-09-09,5.486208915710449,5.5593581199646,5.461825847625732,5.5024638175964355,6.951627,1.957824751866899
2015-09-10,5.44556999206543,5.526847839355469,5.404932022094727,5.49433708190918,1.631323,-0.1476926692596691
2015-09-13,5.49433708190918,5.5187201499938965,5.44556999206543,5.45369815826416,0.978091,-0.7396510814530965
2015-09-14,5.45369815826416,5.45369815826416,5.364293098449707,5.413060188293457,2.964458,-0.7451451985681201
2015-09-15,5.372420787811279,5.478081226348877,5.372420787811279,5.478081226348877,3.163307,1.2011881596298846
2015-09-16,5.44556999206543,5.567485809326172,5.44556999206543,5.5512309074401855,2.238518,1.3353157441234664
2015-09-17,5.575613975524902,5.665019035339356,5.5593581199646,5.648763179779053,8.340609,1.7569485752816805
2015-09-20,5.60812520980835,5.648763179779053,5.567485809326172,5.60812520980835,2.447132,-0.7194135897956477
2015-09-21,5.567485809326172,5.648763179779053,5.567485809326172,5.648763179779053,1.914378,0.7246266524083556
2015-09-22,5.632507801055908,5.6650190353393555,5.534975051879883,5.599997043609619,4.102742,-0.8633064374870991
2015-09-27,5.591868877410889,5.640635967254639,5.567485809326172,5.575613975524902,0.853309,-0.4354121599499994
2015-09-28,5.632507801055908,5.632507801055908,5.534975051879883,5.534975051879883,3.412425,-0.7288690326018088
2015-09-29,5.5187201499938965,5.5187201499938965,5.429315090179443,5.44556999206543,9.122016,-1.6152748472477385
2015-09-30,5.45369815826416,5.49433708190918,5.437442779541016,5.44556999206543,7.181881,0.0
2015-10-01,5.526847839355469,5.534975051879883,5.478081226348877,5.486208915710449,2.82625,0.7462749299748772
2015-10-04,5.502463817596436,5.543103218078613,5.486208915710449,5.486208915710449,3.387873,0.0
2015-10-05,5.534975051879883,5.5593581199646,5.5187201499938965,5.5512309074401855,4.660956,1.185189859313196
2015-10-06,5.5593581199646,5.575613975524902,5.526847839355469,5.543103218078613,3.164652,-0.1464123812734752
2015-10-07,5.567485809326172,5.599997043609619,5.5512309074401855,5.575613975524902,8.201144,0.5865082457829018
2015-10-08,5.567485809326172,5.583742141723633,5.543103218078613,5.567485809326172,1.332915,-0.14578064827318604
2015-10-11,5.567485809326172,5.624380111694336,5.567485809326172,5.616252899169922,1.692514,0.8759266123689047
2015-10-12,5.632507801055908,5.656890869140625,5.567485809326172,5.591868877410889,2.0319,-0.4341688701845481
2015-10-14,5.5187201499938965,5.5593581199646,5.486208915710449,5.5024638175964355,1.089588,-1.5988404194457573
2015-10-15,5.5024638175964355,5.5024638175964355,5.5024638175964355,5.5024638175964355,0.0,0.0
2015-10-18,5.486208915710449,5.543103218078613,5.486208915710449,5.543103218078613,1.884622,0.738567336912177
2015-10-19,5.543103218078613,5.60812520980835,5.534975051879883,5.599997043609619,3.969736,1.0263894301201004
2015-10-20,5.599997043609619,5.599997043609619,5.534975051879883,5.5593581199646,2.862739,-0.7256954482037448
2015-10-21,5.5593581199646,5.583742141723633,5.49433708190918,5.510591983795166,3.436766,-0.8771900481515327
2015-10-22,5.510591983795166,5.510591983795166,5.404932022094727,5.413060188293457,8.156321,-1.7698968783847135
2015-10-25,5.478081226348877,5.526847839355469,5.372420787811279,5.372420787811279,3.331304,-0.7507657234269494
2015-10-26,5.478081226348877,5.526847839355469,5.372420787811279,5.372420787811279,3.331304,0.0
2015-10-27,5.372420787811279,5.372420787811279,5.242376804351807,5.291143894195557,8.025497,-1.5128542015941937
2015-10-28,5.22612190246582,5.283016204833984,5.209867000579834,5.26676082611084,4.3404,-0.4608279149517225
2015-10-29,5.33991003036499,5.404932022094727,5.209867000579834,5.209867000579834,15.578296,-1.0802431970889037
2015-11-01,5.299272060394287,5.315526962280273,5.087951183319092,5.144845008850098,4.921508,-1.2480547338828307
2015-11-02,5.299272060394287,5.315526962280273,5.087951183319092,5.144845008850098,4.921508,0.0
2015-11-03,5.120461940765381,5.185482978820801,5.087951183319092,5.185482978820801,5.712528,0.7898774385000529
2015-11-04,5.193611145019531,5.250504970550537,5.152973175048828,5.242376804351807,5.110387,1.097175051260968
2015-11-05,5.250504970550537,5.26676082611084,4.998546123504639,5.0229291915893555,4.860833,-4.186032804438689
2015-11-08,5.104206085205078,5.104206085205078,4.966034889221191,4.966034889221191,3.498969,-1.1326917063340436
2015-11-09,5.104206085205078,5.104206085205078,4.966034889221191,4.966034889221191,3.498969,0.0
2015-11-10,4.982291221618652,5.031056880950928,4.925395965576172,5.014801025390625,4.317515,0.9819934264916341
2015-11-11,5.0229291915893555,5.0229291915893555,4.9091410636901855,4.957907199859619,3.544174,-1.1345181043663444
2015-11-12,4.957907199859619,4.957907199859619,4.876629829406738,4.892886161804199,3.896446,-1.3114613774388717
2015-11-15,4.835991859436035,4.835991859436035,4.73845911026001,4.754714012145996,8.889758,-2.823939594933345
2015-11-16,4.762842178344727,4.819736003875732,4.762842178344727,4.795352935791016,5.384964,0.8547080548105823
2015-11-17,4.811607837677002,4.901012897491455,4.811607837677002,4.884757995605469,5.272075,1.8644104200790323
2015-11-18,4.876629829406738,4.876629829406738,4.795352935791016,4.85224723815918,1.613126,-0.6655551303777374
2015-11-19,4.876629829406738,5.079823017120361,4.860374927520752,5.079823017120361,5.993134,4.6901109484173364
2015-11-22,5.079823017120361,5.087951183319092,5.0229291915893555,5.039185047149658,1.816032,-0.7999879096917795
2015-11-23,5.0229291915893555,5.0554399490356445,4.998546123504639,4.998546123504639,2.603813,-0.8064582519748176
2015-11-24,4.998546123504639,5.039185047149658,4.941651821136475,4.974163055419922,3.254259,-0.487803202816528
2015-11-25,4.974163055419922,5.039185047149658,4.949779987335205,5.039185047149658,2.3164,1.307194617572649
2015-11-26,4.982291221618652,5.087951183319092,4.982291221618652,5.087951183319092,1.395602,0.9677385472680156
2015-11-29,5.006673812866211,5.063568115234375,5.006673812866211,5.0229291915893555,0.523603,-1.2779602120183808
2015-11-30,4.998546123504639,5.201738834381104,4.860374927520752,5.201738834381104,6.798377,3.5598678773166137
2015-12-01,5.201738834381104,5.201738834381104,5.201738834381104,5.201738834381104,0.0,0.0
2015-12-06,5.11233377456665,5.11233377456665,4.941651821136475,4.966034889221191,4.899978,-4.531252964912758
2015-12-07,5.11233377456665,5.11233377456665,4.941651821136475,4.966034889221191,4.899978,0.0
2015-12-08,4.966034889221191,4.982291221618652,4.787224769592285,4.795352935791016,9.847134,-3.4369865946903055
2015-12-09,4.770969867706299,4.770969867706299,4.640925884246826,4.665309906005859,6.211101,-2.711855238319494
2015-12-10,4.714076042175293,4.730330944061279,4.63279914855957,4.63279914855957,4.95963,-0.6968616898190727
2015-12-13,4.421477794647217,4.47024393081665,4.307690143585205,4.4052228927612305,7.679032,-4.912284096518582
2015-12-14,4.388967037200928,4.502755165100098,4.380838871002197,4.4621171951293945,4.335808,1.2915192659525676
2015-12-15,4.388967037200928,4.502755165100098,4.380838871002197,4.4621171951293945,4.335808,0.0
2015-12-16,4.47024393081665,4.535265922546387,4.437733173370361,4.47024393081665,5.485061,0.18212734744229575
2015-12-17,4.478372097015381,4.5596489906311035,4.478372097015381,4.551520824432373,4.725659,1.8181758059201636
2015-12-20,4.640925884246826,4.714076042175293,4.592160224914551,4.7059478759765625,2.087129,3.3928670767632507
2015-12-21,4.640925884246826,4.714076042175293,4.592160224914551,4.7059478759765625,2.087129,0.0
2015-12-22,4.657182216644287,4.957907199859619,4.657182216644287,4.957907199859619,3.133853,5.354061084469008
2015-12-23,4.876629829406738,4.957907199859619,4.860374927520752,4.876629829406738,4.389506,-1.639348361647075
2015-12-24,4.917269229888916,4.917269229888916,4.844119071960449,4.901012897491455,1.543849,0.4999983377389716
2015-12-27,4.901012897491455,5.031056880950928,4.901012897491455,4.966034889221191,5.6375,1.3267051748224734
2015-12-28,4.901012897491455,5.031056880950928,4.901012897491455,4.966034889221191,5.6375,0.0
2015-12-29,4.957907199859619,4.966034889221191,4.941651821136475,4.949779987335205,2.725761,-0.3273215401943252
2015-12-30,4.941651821136475,4.941651821136475,4.876629829406738,4.941651821136475,3.951365,-0.1642126765134532
2015-12-31,4.957907199859619,4.982291221618652,4.917269229888916,4.949779987335205,1.729972,0.16448277808576162
2016-01-03,4.9091410636901855,4.957907199859619,4.9091410636901855,4.933524131774902,1.01163,-0.3284157195248216
2016-01-04,4.9091410636901855,4.957907199859619,4.9091410636901855,4.933524131774902,1.01163,0.0
2016-01-05,4.9091410636901855,4.917269229888916,4.860374927520752,4.860374927520752,3.333825,-1.4826967964547857
2016-01-06,4.811607837677002,4.860374927520752,4.795352935791016,4.827864170074463,2.98821,-0.6688940242491226
2016-01-07,4.844119071960449,4.9091410636901855,4.835991859436035,4.876629829406738,2.197883,1.0100876415403135
2016-01-10,4.673437118530273,4.714076042175293,4.640925884246826,4.673437118530273,1.218608,-4.166662592497494
2016-01-11,4.673437118530273,4.714076042175293,4.640925884246826,4.673437118530273,1.218608,0.0
2016-01-12,4.673437118530273,4.673437118530273,4.567777156829834,4.592160224914551,7.19831,-1.7391245790696175
2016-01-13,4.567777156829834,4.592160224914551,4.4621171951293945,4.535265922546387,5.031578,-1.238944191439284
2016-01-14,4.559648990631104,4.640925884246826,4.527138233184815,4.543394088745117,4.580236,0.1792213805660747
2016-01-17,4.226412773132324,4.242668151855469,4.0638580322265625,4.226412773132324,7.014715,-6.976751508261591
2016-01-18,4.226412773132324,4.242668151855469,4.0638580322265625,4.226412773132324,7.014715,0.0
2016-01-19,4.2101569175720215,4.307690143585205,4.169518947601318,4.185773849487305,3.773862,-0.9615464893387826
2016-01-20,4.226412773132324,4.340200901031494,4.226412773132324,4.299561977386475,7.639496,2.718449013032731
2016-01-21,4.185773849487305,4.185773849487305,4.03134822845459,4.0638580322265625,10.708021,-5.4820455292794
2016-01-24,4.348329067230225,4.348329067230225,4.242668151855469,4.275178909301758,5.431636,5.200006383082578
2016-01-25,4.348329067230225,4.348329067230225,4.242668151855469,4.275178909301758,5.431636,0.0
2016-01-26,4.299561977386475,4.307690143585205,4.153263092041016,4.185773849487305,4.616261,-2.0912589089530087
2016-01-27,4.047603130340576,4.2670512199401855,4.015091896057129,4.2670512199401855,4.901898,1.941752549838216
2016-01-28,4.307690143585205,4.592160224914551,4.307690143585205,4.494626998901367,13.322052,5.333326628415103
2016-01-31,4.779098033905029,4.949779987335205,4.779098033905029,4.9091410636901855,14.948258,9.222435251916107
2016-02-01,4.779098033905029,4.949779987335205,4.779098033905029,4.9091410636901855,14.948258,0.0
2016-02-02,4.9091410636901855,4.917269229888916,4.827864170074463,4.860374927520752,9.993375,-0.9933741063202661
2016-02-03,4.795352935791016,4.860374927520752,4.770969867706299,4.770969867706299,7.142254,-1.8394683773924057
2016-02-04,4.714076042175293,4.754714012145996,4.673437118530273,4.754714012145996,6.68063,-0.3407243393075077
2016-02-07,4.835991859436035,4.85224723815918,4.762842178344727,4.762842178344727,3.38211,0.1709496339415306
2016-02-08,4.835991859436035,4.85224723815918,4.762842178344727,4.762842178344727,3.38211,0.0
2016-02-09,4.819736003875732,4.892886161804199,4.795352935791016,4.860374927520752,6.300705,2.047784611034964
2016-02-10,4.770969867706299,4.835991859436035,4.746586799621582,4.787224769592285,7.708713,-1.5050311759751467
2016-02-11,4.714076042175293,4.779098033905029,4.714076042175293,4.754714012145996,6.274157,-0.6791149154473097
2016-02-14,4.746586799621582,4.762842178344727,4.69782018661499,4.714076042175293,2.081302,-0.8546879973620469
2016-02-15,4.746586799621582,4.762842178344727,4.69782018661499,4.714076042175293,2.081302,0.0
2016-02-16,4.69782018661499,4.754714012145996,4.673437118530273,4.689692974090576,2.077306,-0.517239600434305
2016-02-17,4.73845911026001,4.795352935791016,4.714076042175293,4.762842178344727,7.836031,1.5597866354638112
2016-02-18,4.754714012145996,4.811607837677002,4.73845911026001,4.811607837677002,3.81994,1.023877288103292
2016-02-21,4.892886161804199,4.892886161804199,4.860374927520752,4.892886161804199,3.363888,1.6892133953800623
2016-02-22,4.892886161804199,4.892886161804199,4.860374927520752,4.892886161804199,3.363888,0.0
2016-02-23,4.917269229888916,5.071694850921631,4.901012897491455,5.071694850921631,16.662256,3.654462482967258
2016-02-24,5.063568115234375,5.152973175048828,5.022929191589356,5.144845008850098,12.12629,1.4423217499998753
2016-02-25,5.120461940765381,5.120461940765381,4.990417957305908,5.0229291915893555,10.924717,-2.3696693885048803
2016-02-28,5.120461940765381,5.120461940765381,5.079823017120361,5.120461940765381,3.476279,1.941750429994893
2016-02-29,5.120461940765381,5.120461940765381,5.079823017120361,5.120461940765381,3.476279,0.0
2016-03-01,5.120461940765381,5.193611145019531,5.079823017120361,5.193611145019531,8.211484,1.428566506310491
2016-03-02,5.185482978820801,5.209867000579834,5.128589153289795,5.128589153289795,11.708066,-1.2519611097971728
2016-03-03,5.201738834381104,5.217994213104248,5.047311782836914,5.128589153289795,9.276633,0.0
2016-03-06,5.161099910736084,5.242376804351807,5.104206085205078,5.177355766296387,24.134055,0.9508777472515996
2016-03-07,5.161099910736084,5.242376804351807,5.104206085205078,5.177355766296387,24.134055,0.0
2016-03-08,5.2017388343811035,5.291143894195557,5.128589153289795,5.217994213104248,15.607685,0.7849266815390665
2016-03-09,5.22612190246582,5.283016204833984,5.209867000579834,5.283016204833984,7.965279,1.2461108440182445
2016-03-10,5.283016204833984,5.307398796081543,5.201738834381104,5.26676082611084,14.181257,-0.3076912523620634
2016-03-13,4.933524131774902,4.949779987335205,4.787224769592285,4.787224769592285,8.025044,-9.104952215433348
2016-03-14,4.933524131774902,4.949779987335205,4.787224769592285,4.787224769592285,8.025044,0.0
2016-03-15,4.795352935791016,4.795352935791016,4.681564807891846,4.681564807891846,8.095139,-2.2071234752037427
2016-03-16,4.69782018661499,4.730330944061279,4.649054050445557,4.69782018661499,6.729413,0.34722105514255475
2016-03-17,4.69782018661499,4.69782018661499,4.592160224914551,4.673437118530273,8.080479,-0.5190294033430409
2016-03-20,4.819736003875732,4.835991859436035,4.73845911026001,4.746586799621582,3.699155,1.5652223242989427
2016-03-21,4.819736003875732,4.835991859436035,4.73845911026001,4.746586799621582,3.699155,0.0
2016-03-22,4.746586799621582,4.795352935791016,4.689692974090576,4.7059478759765625,5.780743,-0.85617150513837
2016-03-23,4.7059478759765625,4.7059478759765625,4.608415126800537,4.69782018661499,6.701307,-0.17271099416683589
2016-03-24,4.7059478759765625,4.7059478759765625,4.608415126800537,4.69782018661499,6.701307,0.0
2016-03-27,4.608415126800537,4.63279914855957,4.58403205871582,4.616542816162109,1.810386,-1.7301081613224745
2016-03-28,4.608415126800537,4.63279914855957,4.58403205871582,4.616542816162109,1.810386,0.0
2016-03-29,4.63279914855957,4.63279914855957,4.535265922546387,4.592160224914551,3.055642,-0.5281569394785524
2016-03-30,4.608415126800537,4.63279914855957,4.551520824432373,4.592160224914551,2.809748,0.0
2016-03-31,4.592160224914551,4.754714012145996,4.592160224914551,4.746586799621582,8.633766,3.3628307189543793
2016-04-03,4.787224769592285,4.787224769592285,4.714076042175293,4.754714012145996,1.623294,0.17122224595285118
2016-04-04,4.787224769592285,4.787224769592285,4.714076042175293,4.754714012145996,1.623294,0.0
2016-04-05,4.730330944061279,4.835991859436035,4.730330944061279,4.835991859436035,2.102286,1.7094161096211868
2016-04-06,4.819736003875732,4.827864170074463,4.746586799621582,4.770969867706299,2.456834,-1.3445430352175824
2016-04-07,4.770969867706299,4.835991859436035,4.770969867706299,4.770969867706299,2.82176,0.0
2016-04-10,4.901012897491455,4.974163055419922,4.901012897491455,4.957907199859619,11.003118,3.9182249592197183
2016-04-11,4.901012897491455,4.974163055419922,4.901012897491455,4.957907199859619,11.003118,0.0
2016-04-12,4.949779987335205,4.974163055419922,4.917269229888916,4.917269229888916,4.527128,-0.8196597542578843
2016-04-13,4.917269229888916,4.982291221618652,4.917269229888916,4.974163055419922,5.17844,1.1570207542264566
2016-04-14,4.990417957305908,4.998546123504639,4.917269229888916,4.925395965576172,3.79309,-0.9804079460284831
2016-04-17,4.998546123504639,5.039185047149658,4.974163055419922,4.974163055419922,2.466302,0.9901151132738484
2016-04-18,4.998546123504639,5.039185047149658,4.974163055419922,4.974163055419922,2.466302,0.0
2016-04-19,4.925395965576172,4.966034889221191,4.868502140045166,4.957907199859619,6.037071,-0.3268058441025623
2016-04-20,4.957907199859619,5.014801025390625,4.957907199859619,4.966034889221191,3.477004,0.16393387439366247
2016-04-21,4.966034889221191,4.974163055419922,4.933524131774902,4.933524131774902,3.295156,-0.6546622843277561
2016-04-24,5.022929191589356,5.063568115234375,5.006673812866211,5.039185047149658,4.732225,2.1416924809232185
2016-04-25,5.0229291915893555,5.063568115234375,5.006673812866211,5.039185047149658,4.732225,0.0
2016-04-26,4.998546123504639,5.022929191589356,4.990417957305908,5.014801025390625,2.44905,-0.4838881988036059
2016-04-27,5.039185047149658,5.063568115234375,5.014801025390625,5.039185047149658,5.31223,0.4862410619199675
2016-04-28,5.063568115234375,5.128589153289795,4.803481101989746,4.860374927520752,22.95864,-3.5483935984856885
2016-05-01,4.730330944061279,4.746586799621582,4.69782018661499,4.722204208374023,3.569736,-2.8427996030587876
2016-05-02,4.730330944061279,4.746586799621582,4.69782018661499,4.722204208374023,3.569736,0.0
2016-05-03,4.714076042175293,4.73845911026001,4.543394088745117,4.551520824432373,8.728149,-3.614485448108584
2016-05-04,4.567777156829834,4.649054050445557,4.51088285446167,4.551520824432373,5.071061,0.0
2016-05-08,4.592160224914551,4.640925884246826,4.567777156829834,4.575904846191406,2.444534,0.535733498749269
2016-05-09,4.62467098236084,4.63279914855957,4.567777156829834,4.592160224914551,3.42538,0.3552385652571876
2016-05-10,4.62467098236084,4.63279914855957,4.567777156829834,4.592160224914551,3.42538,0.0
2016-05-11,4.575904846191406,4.608415126800537,4.551520824432373,4.5596489906311035,2.524735,-0.7079725595605102
2016-05-12,4.575904846191406,4.63279914855957,4.5596489906311035,4.592160224914551,3.101852,0.713020549394261
2016-05-15,4.616542816162109,4.616542816162109,4.559648990631104,4.559648990631104,1.710738,-0.7079725595605102
2016-05-16,4.616542816162109,4.616542816162109,4.559648990631104,4.559648990631104,1.710738,0.0
2016-05-17,4.559648990631104,4.559648990631104,4.535265922546387,4.543394088745117,5.350157,-0.3564945880567993
2016-05-18,4.567777156829834,4.567777156829834,4.502755165100098,4.502755165100098,3.352611,-0.894461780141198
2016-05-19,4.527138233184815,4.527138233184815,4.47024393081665,4.47024393081665,3.597368,-0.72202980378403
2016-05-22,4.388967037200928,4.405222892761231,4.364583969116211,4.388967037200928,2.071037,-1.818175805920164
2016-05-23,4.388967037200928,4.405222892761231,4.364583969116211,4.388967037200928,2.071037,0.0
2016-05-24,4.453989028930664,4.47024393081665,4.421477794647217,4.47024393081665,2.92321,1.8518456148524096
2016-05-25,4.923594951629639,5.119470119476318,4.923594951629639,5.048243045806885,10.519161,12.9299233763434
2016-05-26,4.6742987632751465,4.701008796691895,4.66539478302002,4.692105770111084,5.26458,-7.054677686162747
2016-05-29,4.6742987632751465,4.825656890869141,4.6742987632751465,4.825656890869141,3.684207,2.8462939094165973
2016-05-30,4.6742987632751465,4.825656890869141,4.6742987632751465,4.825656890869141,3.684207,0.0
2016-05-31,4.807849884033203,4.807849884033203,4.629782199859619,4.629782199859619,8.890931,-4.05902647948605
2016-06-01,4.620878219604492,4.629782199859619,4.540747165679932,4.540747165679932,11.229847,-1.9230933624131863
2016-06-02,4.4517130851745605,4.4517130851745605,4.37158203125,4.407196044921875,9.033631,-2.94117060221869
2016-06-05,4.407196044921875,4.4873270988464355,4.3626790046691895,4.4873270988464355,7.649539,1.8181867361423576
2016-06-06,4.407196044921875,4.487327098846436,4.3626790046691895,4.487327098846436,7.649539,0.0
2016-06-07,4.469520092010498,4.469520092010498,4.3982930183410645,4.407196044921875,5.948643,-1.7857190296013847
2016-06-08,4.4517130851745605,4.4517130851745605,4.37158203125,4.407196044921875,21.014802,0.0
2016-06-09,4.496230125427246,4.549651145935059,4.487327098846436,4.540747165679932,22.187686,3.030296800886334
2016-06-12,4.496230125427246,4.514037132263184,4.478423118591309,4.4873270988464355,4.206665,-1.1764598398531834
2016-06-13,4.496230125427246,4.514037132263184,4.478423118591309,4.4873270988464355,4.206665,0.0
2016-06-14,4.496230125427246,4.496230125427246,4.4250030517578125,4.4517130851745605,16.454153,-0.7936576248482208
2016-06-15,4.4517130851745605,4.603071212768555,4.433906078338623,4.558554172515869,19.604496,2.399999400166175
2016-06-16,4.514037132263184,4.514037132263184,4.478423118591309,4.487327098846436,8.399465,-1.5624926451213603
2016-06-19,4.496230125427246,4.540747165679932,4.478423118591309,4.5229411125183105,7.512956,0.7936576248482208
2016-06-20,4.496230125427246,4.540747165679932,4.478423118591309,4.522941112518311,7.512956,0.0
2016-06-21,4.5229411125183105,4.531844139099121,4.496230125427246,4.514037132263184,5.949476,-0.19686261734611632
2016-06-22,4.514037132263184,4.567458152770996,4.478423118591309,4.567458152770996,8.246485,1.1834422035653214
2016-06-23,4.576361179351807,4.576361179351807,4.531844139099121,4.558554172515869,3.314985,-0.1949438825120886
2016-06-26,4.3982930183410645,4.487327098846436,4.3626790046691895,4.469520092010498,11.898194,-1.9531210365376197
2016-06-27,4.460617065429688,4.549651145935059,4.460617065429688,4.478423118591309,5.659156,0.1991942400421331
2016-06-28,4.496230125427246,4.549651145935059,4.469520092010498,4.514037132263184,5.906533,0.7952355712891546
2016-06-29,4.540747165679932,4.549651145935059,4.469520092010498,4.469520092010498,5.887329,-0.986191272874315
2016-06-30,4.478423118591309,4.558554172515869,4.478423118591309,4.549651145935059,6.93142,1.7928335095259706
2016-07-03,4.549651145935059,4.6742987632751465,4.531844139099121,4.66539478302002,11.816228,2.544011252123668
2016-07-04,4.6653947830200195,4.807849884033203,4.594168186187744,4.763332843780518,16.399609,2.0992448724157065
2016-07-05,4.763332843780518,4.763332843780518,4.763332843780518,4.763332843780518,0.0,0.0
2016-07-06,4.763332843780518,4.763332843780518,4.763332843780518,4.763332843780518,0.0,0.0
2016-07-10,4.74552583694458,4.807849884033203,4.718815803527832,4.74552583694458,3.344688,-0.373835031477765
2016-07-11,4.798946857452393,4.798946857452393,4.727718830108643,4.727718830108643,4.7495,-0.3752378018323621
2016-07-12,4.74552583694458,4.790042877197266,4.7010087966918945,4.790042877197266,5.046775,1.3182689015199145
2016-07-13,4.807849884033203,4.968111991882324,4.790042877197266,4.950304985046387,16.816788,3.345734306722803
2016-07-14,4.861270904541016,4.932497978210449,4.781139850616455,4.852366924285889,21.751596,-1.9784247850656467
2016-07-17,4.843463897705078,4.852366924285889,4.798946857452393,4.807849884033203,9.544702,-0.917429389559965
2016-07-18,4.81675386428833,4.896883964538574,4.798946857452393,4.896883964538574,19.152979,1.851848178560056
2016-07-19,4.896883964538574,4.896883964538574,4.825656890869141,4.852366924285889,6.959308,-0.9090891386249188
2016-07-20,4.852366924285889,4.896883964538574,4.825656890869141,4.834559917449951,5.712834,-0.3669756865832707
2016-07-21,4.861270904541016,4.870173931121826,4.834559917449951,4.834559917449951,4.065734,0.0
2016-07-24,4.834559917449951,4.843463897705078,4.790042877197266,4.834559917449951,1.931357,
2016-07-25,4.834559917449951,4.879077911376953,4.825656890869141,4.843463897705078,4.799018,0.1841735423112389
2016-07-26,4.843463897705078,4.861270904541016,4.807849884033203,4.834559917449951,3.966271,-0.1838349669406214
2016-07-27,4.852366924285889,4.887980937957764,4.790042877197266,4.790042877197266,6.69673,-0.9208085329960425
2016-07-28,4.790042877197266,4.825656890869141,4.772235870361328,4.81675386428833,3.922015,0.5576356574639618
2016-07-31,4.807849884033203,4.843463897705078,4.790042877197266,4.807849884033203,4.610324,-0.184854375083221
2016-08-01,4.81675386428833,4.825656890869141,4.790042877197266,4.807849884033203,3.976259,0.0
2016-08-02,4.798946857452393,4.798946857452393,4.754429817199707,4.763332843780518,5.518698,-0.925924089280028
2016-08-03,4.754429817199707,4.754429817199707,4.683201789855957,4.701008796691895,5.727708,-1.3084125995939888
2016-08-04,4.718815803527832,4.74552583694458,4.701008796691895,4.74552583694458,4.763739,0.9469678143128046
2016-08-07,4.754429817199707,4.798946857452393,4.7366228103637695,4.798946857452393,5.153925,1.1257134054970752
2016-08-08,4.807849884033203,4.807849884033203,4.763332843780518,4.763332843780518,4.211441,-0.7421214430947343
2016-08-09,4.763332843780518,4.790042877197266,4.763332843780518,4.781139850616455,2.543608,0.373835031477765
2016-08-10,4.781139850616455,4.81675386428833,4.781139850616455,4.798946857452393,4.629693,0.3724427101550187
2016-08-11,4.790042877197266,4.798946857452393,4.781139850616455,4.781139850616455,2.224842,-0.3710607215473671
2016-08-14,4.798946857452393,4.861270904541016,4.798946857452393,4.861270904541016,14.932818,1.6759822224030607
2016-08-15,4.870173931121826,4.959208011627197,4.870173931121826,4.932497978210449,28.042744,1.4651944947750015
2016-08-16,4.941401958465576,5.003726005554199,4.941401958465576,4.985918998718262,19.174947,1.0830419139308711
2016-08-17,4.977015018463135,5.003726005554199,4.941401958465576,4.959208011627197,6.646516,-0.5357284604489365
2016-08-18,4.941401958465576,4.985918998718262,4.941401958465576,4.985918998718262,4.281332,0.5386139687715952
2016-08-21,5.003726005554199,5.01262903213501,4.950304985046387,4.950304985046387,4.245989,-0.714291862363392
2016-08-22,4.968111991882324,4.968111991882324,4.905787944793701,4.914690971374512,3.15939,-0.7194306972894804
2016-08-23,4.914690971374512,4.950304985046387,4.870173931121826,4.950304985046387,5.333561,0.7246440087343764
2016-08-24,4.950304985046387,4.950304985046387,4.879077911376953,4.879077911376953,4.266151,-1.438842129618123
2016-08-25,4.852366924285889,4.896883964538574,4.825656890869141,4.896883964538574,8.245291,0.36494709625565225
2016-08-28,4.896883964538574,4.896883964538574,4.861270904541016,4.861270904541016,1.755337,-0.7272596258244057
2016-08-29,4.825656890869141,4.852366924285889,4.807849884033203,4.852366924285889,5.069642,-0.18316157297075808
2016-08-30,4.852366924285889,4.887980937957764,4.843463897705078,4.879077911376953,3.109833,0.5504733567730957
2016-08-31,4.887980937957764,4.896883964538574,4.861270904541016,4.861270904541016,5.089587,-0.3649666424554443
2016-09-01,4.861270904541016,4.861270904541016,4.825656890869141,4.834559917449951,3.418087,-0.549465101114055
2016-09-04,4.852366924285889,4.879077911376953,4.807849884033203,4.843463897705078,1.99007,0.1841735423112389
2016-09-05,4.852366924285889,4.861270904541016,4.81675386428833,4.843463897705078,5.080272,0.0
2016-09-06,4.843463897705078,4.852366924285889,4.807849884033203,4.843463897705078,7.170602,0.0
2016-09-07,4.843463897705078,4.861270904541016,4.798946857452393,4.807849884033203,3.533117,-0.7353004879162905
2016-09-08,4.807849884033203,4.825656890869141,4.763332843780518,4.798946857452393,4.819307,-0.1851768835457456
2016-09-11,4.798946857452393,4.798946857452393,4.798946857452393,4.798946857452393,0.0,0.0
2016-09-18,4.772235870361328,4.781139850616455,4.7366228103637695,4.763332843780518,1.6911,-0.7421214430947343
2016-09-19,4.772235870361328,4.790042877197266,4.7366228103637695,4.781139850616455,2.604331,0.373835031477765
2016-09-20,4.754429817199707,4.754429817199707,4.727718830108643,4.74552583694458,2.534513,-0.7448854203100375
2016-09-21,4.74552583694458,4.772235870361328,4.709911823272705,4.709911823272705,4.003084,-0.7504756036647131
2016-09-22,4.7366228103637695,4.825656890869141,4.7366228103637695,4.825656890869141,4.09869,2.4574784399256533
2016-09-25,4.81675386428833,4.825656890869141,4.763332843780518,4.807849884033203,2.013694,-0.3690068987215245
2016-09-26,4.790042877197266,4.825656890869141,4.781139850616455,4.825656890869141,4.023841,0.3703736028671356
2016-09-27,4.772235870361328,4.807849884033203,4.772235870361328,4.790042877197266,4.336232,-0.7380137974430379
2016-09-28,4.781139850616455,4.798946857452393,4.74552583694458,4.74552583694458,2.649075,-0.9293662164196137
2016-09-29,4.790042877197266,4.825656890869141,4.772235870361328,4.825656890869141,8.13129,1.6885600601039608
2016-10-02,4.825656890869141,4.825656890869141,4.825656890869141,4.825656890869141,0.0,0.0
2016-10-04,4.74552583694458,4.74552583694458,4.66539478302002,4.718815803527832,2.894681,-2.2140216297488524
2016-10-05,4.754429817199707,4.754429817199707,4.647587776184082,4.656492233276367,3.158937,-1.3207459847208058
2016-10-06,4.647587776184082,4.656492233276367,4.567458152770996,4.585265159606934,7.936585,-1.5296293884144885
2016-10-09,4.585265159606934,4.629782199859619,4.585265159606934,4.603071212768555,2.663692,0.3883320275233082
2016-10-10,4.594168186187744,4.7010087966918945,4.567458152770996,4.7010087966918945,12.040198,2.1276573704023694
2016-10-11,4.701008796691895,4.7366228103637695,4.701008796691895,4.7366228103637695,4.662688,0.7575823660856962
2016-10-12,4.718815803527832,4.807849884033203,4.709911823272705,4.7366228103637695,10.730431,0.0
2016-10-13,4.718815803527832,4.718815803527832,4.6653947830200195,4.7010087966918945,2.412582,-0.751886208755137
2016-10-16,4.6742987632751465,4.692105770111084,4.63868522644043,4.6742987632751465,3.488453,-0.5681766312699454
2016-10-17,4.6742987632751465,4.683201789855957,4.629782199859619,4.6742987632751465,5.56112,0.0
2016-10-18,4.63868522644043,4.763332843780518,4.63868522644043,4.763332843780518,5.513782,1.9047580185693525
2016-10-19,4.763332843780518,4.772235870361328,4.718815803527832,4.772235870361328,1.604099,0.1869075051607049
2016-10-20,4.763332843780518,4.798946857452393,4.763332843780518,4.781139850616455,2.947662,0.1865787965432908
2016-10-23,4.781139850616455,4.807849884033203,4.763332843780518,4.790042877197266,2.638334,0.186211381783008
2016-10-24,4.790042877197266,4.807849884033203,4.701008796691895,4.718815803527832,6.794998,-1.486981964368339
2016-10-25,4.727718830108643,4.763332843780518,4.701008796691895,4.701008796691895,4.125421,-0.3773617699301734
2016-10-26,4.718815803527832,4.718815803527832,4.63868522644043,4.656492233276367,3.298789,-0.946957671018478
2016-10-27,4.6742987632751465,4.709911823272705,4.629782199859619,4.683201789855957,3.65894,0.5735982203238121
2016-10-30,4.683201789855957,4.7010087966918945,4.656492233276367,4.656492233276367,1.153656,-0.5703268357439617
2016-10-31,4.683201789855957,4.692105770111084,4.647587776184082,4.6653947830200195,4.685122,0.1911857530875416
2016-11-01,4.647587776184082,4.66539478302002,4.620878219604492,4.620878219604492,5.428598,-0.9541864190689252
2016-11-02,4.594168186187744,4.603071212768555,4.540747165679932,4.558554172515869,4.833625,-1.3487489634374628
2016-11-03,4.540747165679932,4.585265159606934,4.540747165679932,4.576361179351807,3.349607,0.3906283914162589
2016-11-06,4.567458152770996,4.567458152770996,4.531844139099121,4.540747165679932,2.405669,-0.7782168468818185
2016-11-07,4.540747165679932,4.620878219604492,4.531844139099121,4.540747165679932,4.362201,0.0
2016-11-08,4.558554172515869,4.576361179351807,4.522941112518311,4.576361179351807,5.055582,0.7843205616259397
2016-11-09,4.496230125427246,4.576361179351807,4.469520092010498,4.576361179351807,6.15108,0.0
2016-11-10,4.585265159606934,4.629782199859619,4.540747165679932,4.540747165679932,7.383471,-0.7782168468818185
2016-11-13,4.496230125427246,4.540747165679932,4.496230125427246,4.505134105682373,2.184707,-0.7842995590402135
2016-11-14,4.505134105682373,4.549651145935059,4.469520092010498,4.478423118591309,5.85376,-0.5929010427763615
2016-11-15,4.4873270988464355,4.505134105682373,4.4606170654296875,4.4606170654296875,3.802694,-0.3975964907760199
2016-11-16,4.487327098846436,4.629782199859619,4.487327098846436,4.567458152770996,7.78603,2.3952086846759317
2016-11-17,4.558554172515869,4.63868522644043,4.558554172515869,4.620878219604492,4.013548,1.16957977603116
2016-11-20,4.594168186187744,4.629782199859619,4.594168186187744,4.611975193023682,1.924642,-0.192669578329041
2016-11-21,4.603071212768555,4.620878219604492,4.549651145935059,4.549651145935059,5.546098,-1.3513526088105965
2016-11-22,4.603071212768555,4.603071212768555,4.505134105682373,4.549651145935059,23.531001,0.0
2016-11-23,4.540747165679932,4.656492233276367,4.522941112518311,4.629782199859619,4.677479,1.7612571020122036
2016-11-24,4.629782199859619,4.647587776184082,4.531844139099121,4.585265159606934,4.120513,-0.9615363818633926
2016-11-27,4.594168186187744,4.620878219604492,4.567458152770996,4.576361179351807,1.509743,-0.19418681243486002
2016-11-28,4.558554172515869,4.603071212768555,4.540747165679932,4.558554172515869,3.647713,-0.3891084234409092
2016-11-29,4.576361179351807,4.576361179351807,4.540747165679932,4.540747165679932,3.927574,-0.3906283914162589
2016-11-30,4.540747165679932,4.540747165679932,4.540747165679932,4.540747165679932,0.0,0.0
2016-12-01,4.540747165679932,4.540747165679932,4.540747165679932,4.540747165679932,0.0,0.0
2016-12-04,4.6742987632751465,4.81675386428833,4.66539478302002,4.807849884033203,18.803698,5.88235170573026
2016-12-05,4.772235870361328,4.798946857452393,4.718815803527832,4.718815803527832,3.737861,-1.8518481785600671
2016-12-06,4.718815803527832,4.941401958465576,4.718815803527832,4.923594951629639,14.443492,4.339630039144815
2016-12-07,4.896883964538574,5.003726005554199,4.861270904541016,4.994822025299072,10.364541,1.4466477110562925
2016-12-08,4.994822025299072,5.057146072387695,4.985918998718262,5.048243045806885,12.338661,1.0695280079496603
2016-12-11,5.048243045806885,5.048243045806885,5.048243045806885,5.048243045806885,0.0,0.0
2016-12-13,5.066050052642822,5.066050052642822,4.994822025299072,5.039339065551758,4.927268,-0.17637780460120212
2016-12-14,5.030436038970947,5.057146072387695,4.941401958465576,4.941401958465576,5.249361,-1.943451429090504
2016-12-15,4.941401958465576,4.941401958465576,4.896883964538574,4.905787944793701,3.535941,-0.7207269105250824
2016-12-18,4.941401958465576,5.003726005554199,4.941401958465576,4.968111991882324,2.333893,1.270418692980102
2016-12-19,5.003726005554199,5.003726005554199,4.932497978210449,4.932497978210449,3.556301,-0.7168520703652925
2016-12-20,4.923594951629639,4.950304985046387,4.905787944793701,4.941401958465576,3.897204,0.1805166529101676
2016-12-21,4.914690971374512,4.985918998718262,4.914690971374512,4.932497978210449,2.814267,-0.1801913774667318
2016-12-22,4.932497978210449,4.968111991882324,4.932497978210449,4.941401958465576,3.086848,0.1805166529101676
2016-12-25,4.941401958465576,4.941401958465576,4.896883964538574,4.932497978210449,2.203952,-0.1801913774667318
2016-12-26,4.923594951629639,4.959208011627197,4.905787944793701,4.950304985046387,3.897064,0.3610139713102978
2016-12-27,4.959208011627197,4.968111991882324,4.923594951629639,4.950304985046387,2.62375,0.0
2016-12-28,4.950304985046387,4.977015018463135,4.932497978210449,4.932497978210449,6.316154,-0.3597153486447402
2016-12-29,4.923594951629639,4.959208011627197,4.914690971374512,4.959208011627197,2.617897,0.541511289710428
2017-01-02,4.950304985046387,4.968111991882324,4.914690971374512,4.950304985046387,0.711276,-0.1795251693402777
2017-01-03,4.959208011627197,5.030436038970947,4.959208011627197,5.003726005554199,8.506006,1.0791460459342206
2017-01-04,5.003726005554199,5.030436038970947,4.977015018463135,5.02153205871582,3.963458,0.35585587903606
2017-01-05,4.977015018463135,5.083856105804443,4.977015018463135,5.083856105804443,8.659109,1.2411360987021558
2017-01-08,5.083856105804443,5.199601173400879,5.083856105804443,5.199601173400879,12.371926,2.276718010651102
2017-01-09,5.199601173400879,5.288634777069092,5.181794166564941,5.27973222732544,14.456152,1.541100004640339
2017-01-10,5.217408180236816,5.27973222732544,5.2085041999816895,5.27973222732544,3.433589,0.0
2017-01-11,5.253022193908691,5.261925220489502,5.217408180236816,5.217408180236816,5.46138,-1.180439545135692
2017-01-12,5.217408180236816,5.253022193908691,5.217408180236816,5.217408180236816,1.433619,0.0
2017-01-15,5.253022193908691,5.261925220489502,5.217408180236816,5.235215187072754,2.117954,0.3412998604055861
2017-01-16,5.217408180236816,5.235215187072754,5.199601173400879,5.235215187072754,2.957509,0.0
2017-01-17,5.235215187072754,5.270827770233154,5.172891139984131,5.261925220489502,8.867016,0.5101993416183337
2017-01-18,5.235215187072754,5.342055797576904,5.2085041999816895,5.333151817321777,5.794399,1.3536223691458904
2017-01-19,5.297539234161377,5.38657283782959,5.297539234161377,5.333151817321777,10.65987,0.0
2017-01-22,5.342055797576904,5.431089878082275,5.324248790740967,5.38657283782959,11.086716,1.001678225890812
2017-01-23,5.38657283782959,5.475606918334961,5.38657283782959,5.404379844665527,14.60685,0.33058138025869876
2017-01-24,5.404379844665527,5.448896884918213,5.404379844665527,5.439993858337402,5.276495,0.6589842811849822
2017-01-25,5.448896884918213,5.546834945678711,5.448896884918213,5.46670389175415,17.110377,0.490993815660512
2017-01-26,5.448896884918213,5.5201239585876465,5.38657283782959,5.502317905426025,16.444725,0.6514714236780739
2017-01-29,5.511220932006836,5.529027938842773,5.439993858337402,5.439993858337402,6.105009,-1.1326871358552926
2017-01-30,5.431089878082275,5.439993858337402,5.377669811248779,5.377669811248779,8.031478,-1.145663923739626
2017-01-31,5.422186851501465,5.422186851501465,5.288634777069092,5.297539234161377,11.883787,-1.4900613072187596
2017-02-01,5.342055797576904,5.38657283782959,5.288634777069092,5.297539234161377,9.554361,0.0
2017-02-02,5.306441783905029,5.333151817321777,5.235215187072754,5.253022193908691,6.908338,-0.8403343191045298
2017-02-05,5.297539234161377,5.475606918334961,5.297539234161377,5.457799911499023,14.814399,3.8982838836620237
2017-02-06,5.46670389175415,5.5201239585876465,5.46670389175415,5.511220932006836,10.031743,0.9788013737048074
2017-02-07,5.502317905426025,5.564640998840332,5.493413925170898,5.537930965423584,13.863543,0.4846482067453861
2017-02-08,5.564640998840332,5.564640998840332,5.511220932006836,5.546834945678711,4.345871,0.1607817127140087
2017-02-09,5.546834945678711,5.600255012512207,5.520123958587647,5.520123958587647,12.264927,-0.481553667139023
2017-02-12,5.529027938842773,5.600255012512207,5.529027938842773,5.573544979095459,6.749399,0.9677503785889829
2017-02-13,5.511220932006836,5.5824480056762695,5.511220932006836,5.5824480056762695,5.791864,0.159737233918511
2017-02-14,5.564640998840332,5.573544979095459,5.520123958587647,5.546834945678711,3.238645,-0.637947007501849
2017-02-15,5.546834945678711,5.5824480056762695,5.546834945678711,5.546834945678711,3.590134,0.0
2017-02-16,5.546834945678711,5.564640998840332,5.529027938842773,5.5557379722595215,5.74939,0.16050642696239237
2017-02-19,5.5557379722595215,5.564640998840332,5.529027938842773,5.5557379722595215,4.752962,0.0
2017-02-20,5.546834945678711,5.546834945678711,5.511220932006836,5.537930965423584,5.016582,-0.3205155989150277
2017-02-21,5.537930965423584,5.546834945678711,5.511220932006836,5.537930965423584,4.930148,0.0
2017-02-22,5.537930965423584,5.573544979095459,5.537930965423584,5.564640998840332,15.103074,0.4823106966033608
2017-02-23,5.564640998840332,5.564640998840332,5.511220932006836,5.520123958587647,8.556286,-0.7999984232938462
2017-02-26,5.520123958587647,5.573544979095459,5.520123958587647,5.5557379722595215,11.689481,0.6451669190593146
2017-02-27,5.546834945678711,5.573544979095459,5.546834945678711,5.5557379722595215,5.107578,0.0
2017-02-28,5.5557379722595215,5.5913519859313965,5.546834945678711,5.564640998840332,17.693195,0.1602492166704827
2017-03-01,5.5557379722595215,5.5557379722595215,5.484510898590088,5.484510898590088,14.965775,-1.4399868790626935
2017-03-02,5.083856105804443,5.083856105804443,4.959208011627197,4.977015018463135,11.717123,-9.253256844788403
2017-03-05,4.977015018463135,4.977015018463135,4.861270904541016,4.870173931121826,4.852685,-2.1466900731655914
2017-03-06,4.879077911376953,4.914690971374512,4.825656890869141,4.887980937957764,3.235194,0.36563389907176
2017-03-07,4.879077911376953,4.887980937957764,4.790042877197266,4.790042877197266,4.00337,-2.0036506280120103
2017-03-08,4.781139850616455,4.905787944793701,4.772235870361328,4.887980937957764,5.846514,2.044617621832301
2017-03-09,4.896883964538574,4.896883964538574,4.843463897705078,4.843463897705078,1.94191,-0.9107449643877884
2017-03-12,4.887980937957764,4.896883964538574,4.834559917449951,4.852366924285889,2.949506,0.18381527701751832
2017-03-13,4.887980937957764,4.914690971374512,4.807849884033203,4.914690971374512,7.870234,1.2844050761432246
2017-03-14,4.914690971374512,4.923594951629639,4.861270904541016,4.887980937957764,4.388826,-0.543473304269182
2017-03-15,4.861270904541016,4.905787944793701,4.861270904541016,4.896883964538574,1.74871,0.1821411886383073
2017-03-16,4.914690971374512,5.048243045806885,4.896883964538574,4.968111991882324,17.287638,1.4545582019005687
2017-03-19,4.959208011627197,5.003726005554199,4.914690971374512,4.932497978210449,2.459433,-0.7168520703652925
2017-03-20,4.968111991882324,4.977015018463135,4.923594951629639,4.923594951629639,2.315977,-0.1804973184001301
2017-03-21,4.923594951629639,4.994822025299072,4.923594951629639,4.985918998718262,1.99354,1.2658240107260355
2017-03-22,4.923594951629639,4.977015018463135,4.879077911376953,4.932497978210449,4.84149,-1.0714377935450936
2017-03-23,4.968111991882324,4.977015018463135,4.905787944793701,4.914690971374512,3.493086,-0.3610139713102978
2017-03-26,4.896883964538574,4.985918998718262,4.896883964538574,4.950304985046387,2.829801,0.7246440087343764
2017-03-27,4.941401958465576,4.950304985046387,4.896883964538574,4.950304985046387,2.916627,0.0
2017-03-28,4.950304985046387,4.977015018463135,4.914690971374512,4.923594951629639,0.728541,-0.539563390486697
2017-03-29,4.923594951629639,4.950304985046387,4.896883964538574,4.896883964538574,4.653298,-0.5425098399335915
2017-03-30,4.932497978210449,4.985918998718262,4.923594951629639,4.985918998718262,5.905173,1.8181977523757276
2017-04-02,4.968111991882324,4.994822025299072,4.968111991882324,4.994822025299072,3.152566,0.17856340191446662
2017-04-03,4.959208011627197,5.039339065551758,4.959208011627197,5.039339065551758,5.509252,0.8912637933284451
2017-04-04,5.003726005554199,5.163987159729004,4.985918998718262,5.128374099731445,10.733422,1.7667998327066226
2017-04-05,5.119470119476318,5.190698146820068,5.119470119476318,5.190698146820068,7.723239,1.2152788754604904
2017-04-06,5.172891139984131,5.181794166564941,5.137277126312256,5.172891139984131,3.009332,-0.3430561040588809
2017-04-09,5.163987159729004,5.181794166564941,5.163987159729004,5.181794166564941,2.405388,0.17210929710069767
2017-04-10,5.172891139984131,5.181794166564941,5.119470119476318,5.119470119476318,2.377852,-1.2027503425505293
2017-04-11,5.163987159729004,5.181794166564941,5.137277126312256,5.163987159729004,2.066911,0.8695634355463167
2017-04-12,5.163987159729004,5.253022193908691,5.163987159729004,5.253022193908691,14.350115,1.7241528963127806
2017-04-13,5.253022193908691,5.297539234161377,5.199601173400879,5.235215187072754,3.790863,-0.33898594330300513
2017-04-16,5.199601173400879,5.199601173400879,5.128374099731445,5.128374099731445,2.912185,-2.040815582998956
2017-04-17,5.163987159729004,5.217408180236816,5.128374099731445,5.2085041999816895,4.821976,1.5624854718465198
2017-04-18,5.217408180236816,5.297539234161377,5.217408180236816,5.235215187072754,5.332801,0.5128341279087012
2017-04-19,5.235215187072754,5.288634777069092,5.226311206817627,5.2441182136535645,3.114962,0.1700603750308893
2017-04-20,5.235215187072754,5.253022193908691,5.217408180236816,5.226311206817627,0.992153,-0.3395615070151403
2017-04-23,5.226311206817627,5.226311206817627,5.226311206817627,5.226311206817627,0.0,0.0
2017-04-24,5.226311206817627,5.226311206817627,5.226311206817627,5.226311206817627,0.0,0.0
2017-04-25,5.190698146820068,5.261925220489502,5.190698146820068,5.2441182136535645,1.955639,0.34071845573813153
2017-04-26,5.199601173400879,5.2441182136535645,5.199601173400879,5.2441182136535645,2.284819,0.0
2017-04-27,5.217408180236816,5.253022193908691,5.217408180236816,5.226311206817627,2.38943,-0.3395615070151403
2017-04-30,5.226311206817627,5.235215187072754,5.163987159729004,5.163987159729004,3.926719,-1.192505471303018
2017-05-01,5.163987159729004,5.2085041999816895,5.163987159729004,5.2085041999816895,3.652692,0.8620672142612751
2017-05-02,5.2085041999816895,5.2085041999816895,5.137277126312256,5.163987159729004,1.773521,-0.854699133252923
2017-05-03,5.146180152893066,5.190698146820068,5.146180152893066,5.155084133148193,2.161864,-0.1724060557361628
2017-05-04,5.172891139984131,5.181794166564941,5.110567092895508,5.155084133148193,4.310005,0.0
2017-05-07,5.119470119476318,5.163987159729004,5.110567092895508,5.110567092895508,2.39251,-0.863556037164015
2017-05-08,5.199601173400879,5.199601173400879,5.119470119476318,5.119470119476318,1.539151,0.17420819292612855
2017-05-09,5.119470119476318,5.146180152893066,5.119470119476318,5.119470119476318,2.134753,0.0
2017-05-10,5.110567092895508,5.137277126312256,5.09276008605957,5.101663112640381,4.875184,-0.3478290998944033
2017-05-11,5.101663112640381,5.181794166564941,5.101663112640381,5.181794166564941,3.125839,1.5706849346053486
2017-05-14,5.181794166564941,5.181794166564941,5.146180152893066,5.163987159729004,0.485425,-0.3436455842039332
2017-05-15,5.155084133148193,5.163987159729004,5.09276008605957,5.155084133148193,4.346793,-0.1724060557361628
2017-05-16,5.146180152893066,5.146180152893066,5.110567092895508,5.119470119476318,0.885408,-0.6908522296051434
2017-05-17,5.119470119476318,5.155084133148193,5.119470119476318,5.119470119476318,1.22556,0.0
2017-05-18,5.137277126312256,5.155084133148193,5.128374099731445,5.146180152893066,1.1425,0.5217343356519244
2017-05-21,5.146180152893066,5.235215187072754,5.146180152893066,5.190698146820068,3.585403,0.8650687034727156
2017-05-22,5.190698146820068,5.261925220489502,5.190698146820068,5.217408180236816,8.335706,0.5145749697102131
2017-05-23,5.2085041999816895,5.235215187072754,5.172891139984131,5.172891139984131,2.739433,-0.8532405116646435
2017-05-24,5.172891139984131,5.226311206817627,5.172891139984131,5.181794166564941,3.365618,0.1721092971006976
2017-05-28,5.128374099731445,5.163987159729004,5.101663112640381,5.110567092895508,6.904288,-1.3745639324892478
2017-05-29,5.110567092895508,5.2085041999816895,5.101663112640381,5.119470119476318,1.726436,0.17420819292612855
2017-05-30,5.146180152893066,5.181794166564941,5.128374099731445,5.172891139984131,0.729079,1.0434872996832212
2017-05-31,5.172891139984131,5.199601173400879,5.128374099731445,5.172891139984131,5.083918,0.0
2017-06-01,5.137277126312256,5.190698146820068,5.137277126312256,5.190698146820068,0.963017,0.34423703020343144
2017-06-04,5.190698146820068,5.190698146820068,5.137277126312256,5.163987159729004,0.539192,-0.5145933424664295
2017-06-05,5.163987159729004,5.163987159729004,5.083856105804443,5.155084133148193,4.986072,-0.17240605573616286
2017-06-06,5.119470119476318,5.172891139984131,5.119470119476318,5.155084133148193,0.960718,0.0
2017-06-07,5.163987159729004,5.172891139984131,5.110567092895508,5.163987159729004,4.759229,0.1727038075588716
2017-06-08,5.172891139984131,5.199601173400879,5.163987159729004,5.163987159729004,3.746907,0.0
2017-06-11,5.163987159729004,5.163987159729004,5.119470119476318,5.119470119476318,5.45823,-0.8620672142612751
2017-06-12,5.119470119476318,5.163987159729004,5.110567092895508,5.163987159729004,2.458061,0.8695634355463167
2017-06-13,5.155084133148193,5.163987159729004,5.146180152893066,5.146180152893066,2.56087,-0.3448305792625561
2017-06-14,5.155084133148193,5.181794166564941,5.119470119476318,5.181794166564941,4.516554,0.6920475501009049
2017-06-15,5.146180152893066,5.163987159729004,5.128374099731445,5.128374099731445,8.332837,-1.0309183482853146
2017-06-18,5.119470119476318,5.155084133148193,5.119470119476318,5.155084133148193,0.468042,0.5208284906154992
2017-06-19,5.128374099731445,5.163987159729004,5.110567092895508,5.146180152893066,2.597175,-0.1727223072436889
2017-06-20,5.128374099731445,5.181794166564941,5.128374099731445,5.155084133148193,4.692509,0.17302115337181068
2017-06-21,5.128374099731445,5.137277126312256,5.101663112640381,5.119470119476318,5.90258,-0.6908522296051434
2017-06-22,5.110567092895508,5.163987159729004,5.09276008605957,5.128374099731445,2.689674,0.17392386413690453
2017-06-25,5.128374099731445,5.128374099731445,5.128374099731445,5.128374099731445,0.0,0.0
2017-06-26,5.128374099731445,5.128374099731445,5.128374099731445,5.128374099731445,0.0,0.0
2017-06-27,5.128374099731445,5.128374099731445,5.128374099731445,5.128374099731445,0.0,0.0
2017-06-28,5.128374099731445,5.128374099731445,5.128374099731445,5.128374099731445,0.0,0.0
2017-06-29,5.119470119476318,5.119470119476318,5.074953079223633,5.074953079223633,1.333176,-1.0416755772674646
2017-07-02,5.057146072387695,5.074953079223633,4.985918998718262,5.01262903213501,4.857396,-1.2280713952562805
2017-07-03,5.003726005554199,5.09276008605957,5.003726005554199,5.066050052642822,3.394007,1.06572858604419
2017-07-04,5.066050052642822,5.066050052642822,4.959208011627197,4.985918998718262,6.22929,-1.5817264553625645
2017-07-05,4.994822025299072,5.030436038970947,4.959208011627197,4.968111991882324,3.809709,-0.3571459311817015
2017-07-06,4.985918998718262,4.985918998718262,4.968111991882324,4.968111991882324,1.065715,0.0
2017-07-09,4.977015018463135,5.030436038970947,4.977015018463135,4.985918998718262,0.919776,0.35842603518265737
2017-07-10,4.994822025299072,5.030436038970947,4.994822025299072,5.003726005554199,1.835093,0.35714593118170157
2017-07-11,5.039339065551758,5.083856105804443,5.01262903213501,5.074953079223633,6.146734,1.4234806939942501
2017-07-12,5.074953079223633,5.110567092895508,5.074953079223633,5.09276008605957,2.602866,0.350880226042638
2017-07-13,5.110567092895508,5.163987159729004,5.101663112640381,5.119470119476318,21.77342,0.5244706792660647
2017-07-16,5.119470119476318,5.181794166564941,5.119470119476318,5.163987159729004,1.329953,0.8695634355463167
2017-07-17,5.172891139984131,5.235215187072754,5.172891139984131,5.2085041999816895,5.724121,0.8620672142612751
2017-07-18,5.2085041999816895,5.2085041999816895,5.190698146820068,5.2085041999816895,1.703114,0.0
2017-07-19,5.226311206817627,5.2797322273254395,5.190698146820068,5.2085041999816895,5.435012,0.0
2017-07-20,5.217408180236816,5.217408180236816,5.172891139984131,5.190698146820068,1.856915,-0.3418650053442107
2017-07-23,5.190698146820068,5.226311206817627,5.181794166564941,5.217408180236816,1.205014,0.5145749697102131
2017-07-24,5.217408180236816,5.261925220489502,5.172891139984131,5.226311206817627,2.54074,0.1706407908534934
2017-07-25,5.217408180236816,5.226311206817627,5.190698146820068,5.2085041999816895,1.495904,-0.3407184557381204
2017-07-26,5.2085041999816895,5.253022193908691,5.190698146820068,5.253022193908691,4.742089,0.8547174431991156
2017-07-27,5.261925220489502,5.270827770233154,5.217408180236816,5.270827770233154,2.530773,0.3389587111417569
2017-07-30,5.235215187072754,5.324248790740967,5.235215187072754,5.315345764160156,3.951476,0.8446110529054973
2017-07-31,5.333151817321777,5.413282871246338,5.333151817321777,5.413282871246338,7.346299,1.8425350190112373
2017-08-01,5.404379844665527,5.448896884918213,5.38657283782959,5.431089878082275,6.723993,0.3289502370275698
2017-08-02,5.431089878082275,5.439993858337402,5.38657283782959,5.413282871246338,2.208001,-0.3278717022857536
2017-08-03,5.413282871246338,5.493413925170898,5.38657283782959,5.493413925170898,6.987706,1.480267257973744
2017-08-06,5.493413925170898,5.5201239585876465,5.46670389175415,5.484510898590088,1.987769,-0.16206728096742617
2017-08-07,5.484510898590088,5.484510898590088,5.457799911499023,5.475606918334961,1.237789,-0.16234775387931055
2017-08-08,5.457799911499023,5.475606918334961,5.431089878082275,5.431089878082275,2.010859,-0.8130065016833332
2017-08-09,5.422186851501465,5.457799911499023,5.359862804412842,5.439993858337402,2.765937,0.1639446309121162
2017-08-10,5.3954758644104,5.448896884918213,5.3954758644104,5.448896884918213,0.887904,0.1636587616209439
2017-08-13,5.404379844665527,5.439993858337402,5.404379844665527,5.413282871246338,0.407116,-0.6536004337033718
2017-08-14,5.38657283782959,5.413282871246338,5.368765830993652,5.368765830993652,1.632825,-0.8223667839186155
2017-08-15,5.431089878082275,5.439993858337402,5.342055797576904,5.359862804412842,1.280611,-0.1658300410387392
2017-08-16,5.350958824157715,5.359862804412842,5.333151817321777,5.359862804412842,2.513684,0.0
2017-08-17,5.359862804412842,5.38657283782959,5.306441783905029,5.333151817321777,1.741485,-0.4983520673154773
2017-08-20,5.333151817321777,5.38657283782959,5.333151817321777,5.359862804412842,1.234233,0.5008480539464344
2017-08-21,5.359862804412842,5.38657283782959,5.350958824157715,5.350958824157715,1.884591,-0.16612328673405452
2017-08-22,5.342055797576904,5.3954758644104,5.342055797576904,5.350958824157715,1.621398,0.0
2017-08-23,5.350958824157715,5.38657283782959,5.350958824157715,5.368765830993652,1.337938,0.3327816083268153
2017-08-24,5.3954758644104,5.3954758644104,5.350958824157715,5.350958824157715,1.219132,-0.33167784545823364
2017-08-27,5.350958824157715,5.38657283782959,5.350958824157715,5.350958824157715,0.872149,0.0
2017-08-28,5.368765830993652,5.422186851501465,5.342055797576904,5.422186851501465,2.570501,1.3311264333072392
2017-08-29,5.431089878082275,5.431089878082275,5.377669811248779,5.377669811248779,1.032567,-0.8210163439933527
2017-08-30,5.413282871246338,5.431089878082275,5.3954758644104,5.422186851501465,1.698815,0.8278128225642778
2017-08-31,5.422186851501465,5.422186851501465,5.422186851501465,5.422186851501465,0.0,0.0
2017-09-03,5.422186851501465,5.422186851501465,5.422186851501465,5.422186851501465,0.0,0.0
2017-09-04,5.431089878082275,5.448896884918213,5.422186851501465,5.448896884918213,2.69478,0.4926062887218974
2017-09-05,5.457799911499023,5.502317905426025,5.431089878082275,5.502317905426025,1.726168,0.9804006505550688
2017-09-06,5.457799911499023,5.502317905426025,5.457799911499023,5.46670389175415,1.068119,-0.6472547439826171
2017-09-07,5.46670389175415,5.520123958587647,5.448896884918213,5.46670389175415,3.940003,0.0
2017-09-10,5.484510898590088,5.511220932006836,5.448896884918213,5.502317905426025,3.941369,0.6514714236780739
2017-09-11,5.475606918334961,5.493413925170898,5.457799911499023,5.46670389175415,2.47581,-0.6472547439826171
2017-09-12,5.475606918334961,5.475606918334961,5.413282871246338,5.46670389175415,2.766032,0.0
2017-09-13,5.46670389175415,5.46670389175415,5.431089878082275,5.448896884918213,1.217686,-0.3257357118390369
2017-09-14,5.457799911499023,5.511220932006836,5.457799911499023,5.511220932006836,2.822093,1.1437920079039765
2017-09-17,5.511220932006836,5.5557379722595215,5.475606918334961,5.511220932006836,5.937297,0.0
2017-09-18,5.511220932006836,5.564640998840332,5.511220932006836,5.564640998840332,5.660553,0.9692964134907944
2017-09-19,5.564640998840332,5.573544979095459,5.529027938842773,5.537930965423584,0.914362,-0.47999562635423487
2017-09-20,5.5201239585876465,5.537930965423584,5.493413925170898,5.5201239585876465,2.006552,-0.3215462046586848
2017-09-21,5.520123958587647,5.520123958587647,5.520123958587647,5.520123958587647,0.0,0.0
2017-09-24,5.5557379722595215,5.5557379722595215,5.484510898590088,5.493413925170898,1.102262,-0.4838665511341489
2017-09-25,5.493413925170898,5.493413925170898,5.404379844665527,5.422186851501465,7.200902,-1.296590328703795
2017-09-26,5.413282871246338,5.5201239585876465,5.413282871246338,5.422186851501465,3.379488,0.0
2017-09-27,5.422186851501465,5.439993858337402,5.3954758644104,5.431089878082275,1.728148,0.1641962334504532
2017-09-28,5.431089878082275,5.448896884918213,5.38657283782959,5.38657283782959,3.334112,-0.8196704759451445
2017-10-01,5.3954758644104,5.422186851501465,5.3954758644104,5.413282871246338,0.51994,0.4958632180589006
2017-10-02,5.413282871246338,5.439993858337402,5.404379844665527,5.431089878082275,1.033047,0.3289502370275698
2017-10-03,5.431089878082275,5.46670389175415,5.431089878082275,5.46670389175415,0.560991,0.6557434045715071
2017-10-04,5.475606918334961,5.493413925170898,5.439993858337402,5.475606918334961,2.879874,0.1628591333479701
2017-10-05,5.457799911499023,5.493413925170898,5.439993858337402,5.439993858337402,1.728718,-0.6503947512796926
2017-10-08,5.448896884918213,5.502317905426025,5.448896884918213,5.502317905426025,2.399437,1.145663923739626
2017-10-09,5.484510898590088,5.502317905426025,5.484510898590088,5.493413925170898,1.800638,-0.16182235210994156
2017-10-10,5.493413925170898,5.511220932006836,5.484510898590088,5.493413925170898,2.091062,0.0
2017-10-11,5.502317905426025,5.537930965423584,5.502317905426025,5.529027938842773,8.737765,0.648303844512621
2017-10-12,5.529027938842773,5.546834945678711,5.511220932006836,5.529027938842773,3.097292,0.0
2017-10-15,5.546834945678711,5.564640998840332,5.502317905426025,5.502317905426025,4.740339,-0.4830873294942805
2017-10-16,5.511220932006836,5.529027938842773,5.457799911499023,5.457799911499023,8.396209,-0.8090770960925586
2017-10-17,5.475606918334961,5.484510898590088,5.377669811248779,5.377669811248779,12.979058,-1.4681758501519648
2017-10-18,5.38657283782959,5.422186851501465,5.38657283782959,5.3954758644104,2.714752,0.33111094185023227
2017-10-19,5.404379844665527,5.439993858337402,5.404379844665527,5.422186851501465,2.366173,0.4950626740313213
2017-10-22,5.422186851501465,5.431089878082275,5.38657283782959,5.404379844665527,2.687507,-0.3284100552714553
2017-10-23,5.422186851501465,5.422186851501465,5.342055797576904,5.368765830993652,8.923189,-0.6589842811849822
2017-10-24,5.3954758644104,5.439993858337402,5.3954758644104,5.422186851501465,4.636524,0.9950335363746898
2017-10-25,5.422186851501465,5.46670389175415,5.3954758644104,5.439993858337402,6.302458,0.3284100552714442
2017-10-26,5.457799911499023,5.457799911499023,5.422186851501465,5.422186851501465,2.236957,-0.327335054039557
2017-10-29,5.448896884918213,5.457799911499023,5.413282871246338,5.413282871246338,0.712056,-0.16421382182101318
2017-10-30,5.422186851501465,5.439993858337402,5.413282871246338,5.439993858337402,1.905846,0.49343416419165287
2017-10-31,5.431089878082275,5.448896884918213,5.431089878082275,5.448896884918213,2.293739,0.1636587616209439
2017-11-01,5.448896884918213,5.457799911499023,5.431089878082275,5.431089878082275,3.07054,-0.3268002168516859
2017-11-02,5.431089878082275,5.448896884918213,5.413282871246338,5.413282871246338,2.683846,-0.3278717022857536
2017-11-05,5.413282871246338,5.431089878082275,5.377669811248779,5.38657283782959,4.737125,-0.49341654689104564
2017-11-06,5.38657283782959,5.413282871246338,5.342055797576904,5.350958824157715,7.876738,-0.6611627605174086
2017-11-07,5.377669811248779,5.377669811248779,5.333151817321777,5.333151817321777,6.382655,-0.33278160832681536
2017-11-08,5.324248790740967,5.368765830993652,5.288634777069092,5.324248790740967,7.143189,-0.1669374299807846
2017-11-09,5.324248790740967,5.359862804412842,5.306441783905029,5.333151817321777,5.465361,0.1672165770369993
2017-11-12,5.315345764160156,5.368765830993652,5.315345764160156,5.342055797576904,6.499232,0.1669553119828082
2017-11-13,5.342055797576904,5.350958824157715,5.333151817321777,5.333151817321777,3.404409,-0.1666770358176639
2017-11-14,5.342055797576904,5.404379844665527,5.342055797576904,5.350958824157715,8.257512,0.33389274196360397
2017-11-15,5.350958824157715,5.359862804412842,5.333151817321777,5.333151817321777,3.103641,-0.33278160832681536
2017-11-16,5.342055797576904,5.377669811248779,5.333151817321777,5.359862804412842,3.065344,0.5008480539464344
2017-11-19,5.342055797576904,5.368765830993652,5.324248790740967,5.324248790740967,3.985879,-0.6644575611628234
2017-11-20,5.359862804412842,5.359862804412842,5.324248790740967,5.359862804412842,3.02654,0.6689021319553845
2017-11-21,5.359862804412842,5.3954758644104,5.350958824157715,5.377669811248779,4.668719,0.3322287805814117
2017-11-22,5.350958824157715,5.38657283782959,5.342055797576904,5.359862804412842,3.509418,-0.33112867581958083
2017-11-23,5.359862804412842,5.404379844665527,5.359862804412842,5.3954758644104,1.606051,0.664439768276126
2017-11-26,5.404379844665527,5.422186851501465,5.377669811248779,5.377669811248779,2.834521,-0.33001821542884
2017-11-27,5.38657283782959,5.404379844665527,5.38657283782959,5.3954758644104,1.618557,0.3311109418502322
2017-11-28,5.38657283782959,5.404379844665527,5.350958824157715,5.38657283782959,5.305865,-0.16500910771442
2017-11-29,5.38657283782959,5.38657283782959,5.350958824157715,5.368765830993652,11.149588,-0.3305813802586987
2017-11-30,5.368765830993652,5.368765830993652,5.368765830993652,5.368765830993652,0.0,0.0
2017-12-03,5.368765830993652,5.368765830993652,5.368765830993652,5.368765830993652,0.0,0.0
2017-12-04,5.38657283782959,5.3954758644104,5.359862804412842,5.38657283782959,6.117127,0.33167784545822254
2017-12-05,5.38657283782959,5.3954758644104,5.368765830993652,5.3954758644104,3.947989,0.1652818378001797
2017-12-06,5.377669811248779,5.413282871246338,5.342055797576904,5.413282871246338,8.910134,0.33003589087285956
2017-12-07,5.413282871246338,5.413282871246338,5.342055797576904,5.342055797576904,2.543437,-1.31578333080965
2017-12-10,5.404379844665527,5.404379844665527,5.350958824157715,5.350958824157715,1.800599,0.1666591836208208
2017-12-11,5.38657283782959,5.3954758644104,5.377669811248779,5.377669811248779,1.494242,0.49918132373723
2017-12-12,5.38657283782959,5.484510898590088,5.38657283782959,5.46670389175415,10.012691,1.6556256451285556
2017-12-13,5.431089878082275,5.484510898590088,5.431089878082275,5.46670389175415,3.153393,0.0
2017-12-14,5.484510898590088,5.529027938842773,5.46670389175415,5.475606918334961,9.704432,0.1628591333479701
2017-12-17,5.475606918334961,5.529027938842773,5.475606918334961,5.511220932006836,2.624621,0.6504121680579678
2017-12-18,5.5201239585876465,5.5201239585876465,5.493413925170898,5.5201239585876465,2.984217,0.16154363417197892
2017-12-19,5.529027938842773,5.5557379722595215,5.448896884918213,5.537930965423584,10.506759,0.3225834595296684
2017-12-20,5.529027938842773,5.5557379722595215,5.502317905426025,5.502317905426025,4.235333,-0.6430751885480479
2017-12-21,5.5201239585876465,5.537930965423584,5.511220932006836,5.511220932006836,2.729998,0.16180501988136697
2017-12-24,5.511220932006836,5.537930965423584,5.475606918334961,5.5201239585876465,3.7813,0.16154363417197892
2017-12-25,5.529027938842773,5.529027938842773,5.502317905426025,5.511220932006836,0.889664,-0.1612830916044916
2017-12-26,5.502317905426025,5.502317905426025,5.484510898590088,5.484510898590088,1.44014,-0.4846482067453972
2017-12-27,5.502317905426025,5.520123958587647,5.493413925170898,5.502317905426025,3.309721,0.3246781192560943
2017-12-28,5.502317905426025,5.529027938842773,5.493413925170898,5.511220932006836,3.29791,0.1618050198813669
2017-12-31,5.511220932006836,5.511220932006836,5.511220932006836,5.511220932006836,0.0,0.0
2018-01-01,5.511220932006836,5.511220932006836,5.511220932006836,5.511220932006836,0.0,0.0
2018-01-02,5.529027938842773,5.5557379722595215,5.520123958587647,5.5557379722595215,2.88959,0.8077527793188155
2018-01-03,5.5557379722595215,5.600255012512207,5.5557379722595215,5.600255012512207,5.346418,0.8012804145005603
2018-01-04,5.600255012512207,5.635869026184082,5.5824480056762695,5.635869026184082,4.21086,0.6359355706535785
2018-01-07,5.635869026184082,5.671483039855957,5.600255012512207,5.671483039855957,2.646273,0.6319169857641027
2018-01-08,5.65367603302002,5.698193073272705,5.65367603302002,5.680386066436768,5.305701,0.1569788099205382
2018-01-09,5.698193073272705,5.778324127197266,5.689289093017578,5.778324127197266,7.499449,1.7241444439696885
2018-01-10,5.778324127197266,5.840648174285889,5.769420146942139,5.787227153778076,5.917915,0.15407627514187894
2018-01-11,5.778324127197266,5.787227153778076,5.716000080108643,5.787227153778076,2.098765,0.0
2018-01-14,5.787227153778076,5.822841167449951,5.778324127197266,5.822841167449951,5.192995,0.6153899393533502
2018-01-15,5.822841167449951,5.858455181121826,5.796131134033203,5.831744194030762,4.433108,0.1528983244567738
2018-01-16,5.840648174285889,5.849551200866699,5.796131134033203,5.831744194030762,7.681171,0.0
2018-01-17,5.858455181121826,5.902972221374512,5.822841167449951,5.876261234283447,9.906937,0.7633572182101478
2018-01-18,5.840648174285889,5.840648174285889,5.778324127197266,5.831744194030762,10.652138,-0.757574220713042
2018-01-21,5.813937187194824,5.831744194030762,5.778324127197266,5.813937187194824,3.323833,-0.3053461579155758
2018-01-22,5.796131134033203,5.796131134033203,5.698193073272705,5.751613140106201,5.995773,-1.0719766155350197
2018-01-23,5.724903106689453,5.805034160614014,5.724903106689453,5.805034160614014,2.304157,0.9288006548163974
2018-01-24,5.805034160614014,5.822841167449951,5.73380708694458,5.742710113525391,6.631954,-1.073620677574627
2018-01-25,5.724903106689453,5.787227153778076,5.724903106689453,5.778324127197266,2.664854,0.6201603940967804
2018-01-28,5.778324127197266,5.787227153778076,5.751613140106201,5.778324127197266,3.907722,0.0
2018-01-29,5.769420146942139,5.813937187194824,5.769420146942139,5.813937187194824,5.452951,0.6163216049085207
2018-01-30,5.707096099853516,5.707096099853516,5.546834945678711,5.546834945678711,13.865385,-4.594171435226457
2018-01-31,5.529027938842773,5.529027938842773,5.431089878082275,5.431089878082275,7.250092,-2.0866867092666497
2018-02-01,5.431089878082275,5.5557379722595215,5.431089878082275,5.520123958587647,3.818381,1.639340951890289
2018-02-04,5.502317905426025,5.529027938842773,5.484510898590088,5.520123958587647,4.675049,0.0
2018-02-05,5.520123958587647,5.520123958587647,5.520123958587647,5.520123958587647,0.0,0.0
2018-02-06,5.5201239585876465,5.5201239585876465,5.422186851501465,5.457799911499023,4.503962,-1.1290334701934635
2018-02-07,5.493413925170898,5.520123958587647,5.475606918334961,5.520123958587647,4.248096,1.1419261991872045
2018-02-08,5.511220932006836,5.537930965423584,5.502317905426025,5.520123958587647,7.328863,0.0
2018-02-11,5.520123958587647,5.573544979095459,5.511220932006836,5.5557379722595215,9.482734,0.6451669190593146
2018-02-12,5.5557379722595215,5.564640998840332,5.529027938842773,5.529027938842773,2.451576,-0.48076481558552153
2018-02-13,5.529027938842773,5.529027938842773,5.529027938842773,5.529027938842773,0.0,0.0
2018-02-14,5.529027938842773,5.529027938842773,5.529027938842773,5.529027938842773,0.0,0.0
2018-02-15,5.564640998840332,5.600255012512207,5.5557379722595215,5.600255012512207,2.522412,1.288238628150995
2018-02-18,5.600255012512207,5.609158992767334,5.511220932006836,5.511220932006836,5.99783,-1.5898218975109013
2018-02-19,5.502317905426025,5.520123958587647,5.475606918334961,5.511220932006836,3.442561,0.0
2018-02-20,5.502317905426025,5.520123958587647,5.484510898590088,5.484510898590088,2.414455,-0.4846482067453972
2018-02-21,5.484510898590088,5.511220932006836,5.431089878082275,5.431089878082275,7.262468,-0.9740343577682608
2018-02-22,5.5557379722595215,5.5557379722595215,5.431089878082275,5.431089878082275,3.833201,0.0
2018-02-25,5.493413925170898,5.511220932006836,5.457799911499023,5.493413925170898,2.383805,1.147542178230898
2018-02-26,5.493413925170898,5.493413925170898,5.448896884918213,5.475606918334961,4.407229,-0.3241519222563105
2018-02-27,5.475606918334961,5.475606918334961,5.422186851501465,5.439993858337402,9.159785,-0.6503947512796926
2018-02-28,5.431089878082275,5.431089878082275,5.368765830993652,5.3954758644104,12.870996,-0.8183464004977381
2018-03-01,5.066050052642822,5.066050052642822,4.985918998718262,4.985918998718262,2.572309,-7.590745950577871
2018-03-04,4.985918998718262,5.030436038970947,4.950304985046387,5.02153205871582,1.595828,0.7142727350106126
2018-03-05,5.030436038970947,5.030436038970947,4.968111991882324,4.985918998718262,2.784864,-0.7092070623296198
2018-03-06,5.02153205871582,5.02153205871582,4.950304985046387,4.977015018463135,2.612671,-0.178582529267246
2018-03-07,4.985918998718262,5.01262903213501,4.950304985046387,4.950304985046387,3.542753,-0.5366677278983989
2018-03-08,4.977015018463135,4.985918998718262,4.950304985046387,4.959208011627197,4.912475,0.1798480418419457
2018-03-11,4.985918998718262,4.985918998718262,4.923594951629639,4.923594951629639,2.188795,-0.718119907736503
2018-03-12,4.914690971374512,4.932497978210449,4.887980937957764,4.887980937957764,4.55082,-0.7233335402638486
2018-03-13,4.932497978210449,4.932497978210449,4.807849884033203,4.81675386428833,5.546712,-1.4571880409008475
2018-03-14,4.905787944793701,4.914690971374512,4.807849884033203,4.81675386428833,6.225109,0.0
2018-03-15,4.887980937957764,4.985918998718262,4.807849884033203,4.985918998718262,9.875323,3.512015336389318
2018-03-18,4.985918998718262,5.01262903213501,4.896883964538574,4.968111991882324,2.238591,-0.35714593118170157
2018-03-19,4.968111991882324,4.968111991882324,4.81675386428833,4.843463897705078,3.392958,-2.50896305036834
2018-03-20,4.852366924285889,4.941401958465576,4.852366924285889,4.887980937957764,3.29382,0.91911576493382
2018-03-21,4.914690971374512,4.941401958465576,4.879077911376953,4.896883964538574,2.146796,0.1821411886383073
2018-03-22,4.941401958465576,4.950304985046387,4.825656890869141,4.870173931121826,3.489531,-0.5454495881497712
2018-03-25,4.870173931121826,4.870173931121826,4.772235870361328,4.772235870361328,4.077926,-2.010976653926988
2018-03-26,4.781139850616455,4.807849884033203,4.709911823272705,4.709911823272705,11.300039,-1.3059716405824706
2018-03-27,4.718815803527832,4.763332843780518,4.6742987632751465,4.6742987632751465,3.805765,-0.7561300791574577
2018-03-28,4.6742987632751465,4.7366228103637695,4.6742987632751465,4.718815803527832,2.033359,0.9523790092846652
2018-03-29,4.754429817199707,4.763332843780518,4.718815803527832,4.727718830108643,4.317833,0.1886707799476861
2018-04-01,4.727718830108643,4.807849884033203,4.727718830108643,4.807849884033203,0.525806,1.6949200408079124
2018-04-02,4.81675386428833,4.81675386428833,4.718815803527832,4.718815803527832,3.968849,-1.8518481785600671
2018-04-03,4.790042877197266,4.798946857452393,4.683201789855957,4.718815803527832,1.791832,0.0
2018-04-04,4.790042877197266,4.790042877197266,4.656492233276367,4.718815803527832,2.569179,0.0
2018-04-05,4.7366228103637695,4.7366228103637695,4.692105770111084,4.718815803527832,4.375037,0.0
2018-04-08,4.718815803527832,4.727718830108643,4.692105770111084,4.718815803527832,2.062144,0.0
2018-04-09,4.727718830108643,4.763332843780518,4.709911823272705,4.763332843780518,3.338418,0.943394319808033
2018-04-10,4.763332843780518,4.879077911376953,4.74552583694458,4.879077911376953,4.827053,2.4299176940272726
2018-04-11,4.896883964538574,4.941401958465576,4.861270904541016,4.896883964538574,3.96956,0.36494709625565225
2018-04-12,4.843463897705078,4.870173931121826,4.807849884033203,4.861270904541016,3.513978,-0.7272596258244057
2018-04-15,4.879077911376953,5.003726005554199,4.879077911376953,5.003726005554199,3.330244,2.9304086073481894
2018-04-16,4.959208011627197,5.003726005554199,4.959208011627197,4.994822025299072,1.459148,-0.17794699880135934
2018-04-17,4.941401958465576,5.039339065551758,4.941401958465576,5.030436038970947,2.954157,0.7130186719664477
2018-04-18,5.048243045806885,5.057146072387695,4.914690971374512,4.941401958465576,7.940252,-1.7699078134702728
2018-04-19,4.941401958465576,4.941401958465576,4.718815803527832,4.843463897705078,12.411015,-1.9819893541085265
2018-04-23,4.807849884033203,4.887980937957764,4.807849884033203,4.861270904541016,6.596834,0.3676502439581508
2018-04-24,4.861270904541016,4.887980937957764,4.825656890869141,4.825656890869141,4.710867,-0.7326070562866049
2018-04-25,4.852366924285889,4.852366924285889,4.790042877197266,4.807849884033203,3.623628,-0.3690068987215245
2018-04-26,4.790042877197266,4.870173931121826,4.790042877197266,4.852366924285889,4.012388,0.925924089280028
2018-04-29,4.887980937957764,4.896883964538574,4.834559917449951,4.861270904541016,1.24267,0.1834976701898361
2018-04-30,4.879077911376953,4.941401958465576,4.870173931121826,4.896883964538574,4.289766,0.7325874384883857
2018-05-01,4.870173931121826,4.923594951629639,4.870173931121826,4.887980937957764,1.120441,-0.18181003767463455
2018-05-02,4.887980937957764,4.896883964538574,4.870173931121826,4.887980937957764,2.460244,0.0
2018-05-03,4.887980937957764,4.896883964538574,4.861270904541016,4.861270904541016,2.804271,-0.546443076513059
2018-05-06,4.852366924285889,4.977015018463135,4.852366924285889,4.959208011627197,3.291487,2.0146399780908375
2018-05-07,4.985918998718262,5.02153205871582,4.932497978210449,5.02153205871582,6.871486,1.2567338765081093
2018-05-08,5.02153205871582,5.048243045806885,4.985918998718262,5.01262903213501,8.605269,-0.17729701765734074
2018-05-09,4.985918998718262,4.985918998718262,4.843463897705078,4.932497978210449,8.792073,-1.5985833663503812
2018-05-10,4.929999828338623,4.949999809265137,4.75,4.849999904632568,6.66033,-1.672541457539778
2018-05-13,4.900000095367432,4.960000038146973,4.860000133514404,4.900000095367432,1.43577,1.0309317880007551
2018-05-14,4.889999866485596,4.900000095367432,4.860000133514404,4.900000095367432,1.262502,0.0
2018-05-15,4.900000095367432,4.920000076293945,4.869999885559082,4.880000114440918,1.93364,-0.40816286810733127
2018-05-16,4.869999885559082,4.869999885559082,4.75,4.829999923706055,8.7986,-1.0245940484079563
2018-05-17,4.800000190734863,4.820000171661377,4.800000190734863,4.800000190734863,5.449716,-0.621112493686593
2018-05-20,4.809999942779541,4.820000171661377,4.789999961853027,4.800000190734863,3.839461,0.0
2018-05-21,4.809999942779541,4.829999923706055,4.769999980926514,4.789999961853027,10.886602,-0.20833809342630794
2018-05-22,4.789999961853027,4.800000190734863,4.769999980926514,4.78000020980835,3.868288,-0.20876309236564916
2018-05-23,4.789999961853027,4.789999961853027,4.75,4.760000228881836,5.329775,-0.4184096244488566
2018-05-24,4.769999980926514,4.789999961853027,4.760000228881836,4.78000020980835,2.112703,0.4201676463198689
2018-05-27,4.769999980926514,4.78000020980835,4.75,4.75,3.660228,-0.6276194245094513
2018-05-28,4.760000228881836,4.760000228881836,4.699999809265137,4.739999771118164,6.565509,-0.21053113435444137
2018-05-29,4.739999771118164,4.789999961853027,4.670000076293945,4.789999961853027,8.291714,1.0548563955535384
2018-05-30,4.75,4.840000152587891,4.75,4.789999961853027,9.0589,0.0
2018-05-31,4.800000190734863,5.099999904632568,4.800000190734863,5.070000171661377,19.712288,5.845515908940224
2018-06-03,5.090000152587891,5.21999979019165,5.010000228881836,5.210000038146973,7.565437,2.7613384959653597
2018-06-04,5.210000038146973,5.269999980926514,5.170000076293945,5.239999771118164,13.191788,0.5758106094345017
2018-06-05,5.239999771118164,5.260000228881836,5.170000076293945,5.179999828338623,5.664229,-1.1450371259603576
2018-06-06,5.150000095367432,5.179999828338623,5.130000114440918,5.179999828338623,3.824846,0.0
2018-06-07,5.170000076293945,5.170000076293945,5.059999942779541,5.070000171661377,3.060368,-2.12354556607246
2018-06-10,5.090000152587891,5.130000114440918,5.090000152587891,5.130000114440918,2.272043,1.183430783985151
2018-06-11,5.130000114440918,5.190000057220459,5.130000114440918,5.190000057220459,5.509912,1.1695895017749036
2018-06-12,5.179999828338623,5.199999809265137,5.159999847412109,5.179999828338623,4.252124,-0.19268263529059748
2018-06-13,5.170000076293945,5.21999979019165,5.099999904632568,5.099999904632568,5.34128,-1.544400122725742
2018-06-14,5.110000133514404,5.110000133514404,5.039999961853027,5.099999904632568,16.287347,0.0
2018-06-18,5.079999923706055,5.099999904632568,5.039999961853027,5.039999961853027,5.81489,-1.1764694882648974
2018-06-19,5.050000190734863,5.070000171661377,4.96999979019165,5.0,8.477515,-0.7936500427734305
2018-06-20,4.960000038146973,5.0,4.900000095367432,4.940000057220459,5.776869,-1.1999988555908225
2018-06-21,4.960000038146973,5.03000020980835,4.889999866485596,5.010000228881836,7.362517,1.417007507096324
2018-06-24,4.989999771118164,5.019999980926514,4.980000019073486,5.019999980926514,3.060537,0.19959584007662734
2018-06-25,4.96999979019165,4.989999771118164,4.920000076293945,4.920000076293945,3.675219,-1.9920299803290464
2018-06-26,4.929999828338623,4.940000057220459,4.900000095367432,4.900000095367432,4.276994,-0.4065036710645509
2018-06-27,4.920000076293945,4.920000076293945,4.880000114440918,4.880000114440918,7.426861,-0.40816286810733127
2018-06-28,4.889999866485596,4.980000019073486,4.849999904632568,4.869999885559082,5.695652,-0.2049227181827984
2018-07-01,4.889999866485596,5.0,4.880000114440918,4.980000019073486,2.621409,2.258729694031114
2018-07-02,4.980000019073486,5.0,4.909999847412109,4.909999847412109,3.305351,-1.4056259315918695
2018-07-03,4.929999828338623,4.960000038146973,4.920000076293945,4.929999828338623,1.055913,0.4073315997566773
2018-07-04,4.940000057220459,4.980000019073486,4.940000057220459,4.96999979019165,0.788398,0.8113582808481956
2018-07-05,4.960000038146973,4.980000019073486,4.949999809265137,4.980000019073486,1.960378,0.20121185722323798
2018-07-08,4.96999979019165,5.03000020980835,4.96999979019165,5.03000020980835,3.941246,1.0040198904289532
2018-07-09,5.0,5.03000020980835,4.980000019073486,5.0,2.566582,-0.5964256174353699
2018-07-10,5.0,5.0,4.960000038146973,4.960000038146973,3.465777,-0.7999992370605447
2018-07-11,4.96999979019165,5.03000020980835,4.960000038146973,4.989999771118164,3.054181,0.6048333213803492
2018-07-12,4.980000019073486,4.989999771118164,4.940000057220459,4.96999979019165,3.563447,-0.4008012393562077
2018-07-15,4.960000038146973,5.0,4.960000038146973,4.989999771118164,2.358853,0.4024141201370623
2018-07-16,5.0,5.010000228881836,4.96999979019165,5.0,2.271228,0.2004053976057518
2018-07-17,5.0,5.0,4.929999828338623,4.980000019073486,3.615622,-0.3999996185302779
2018-07-18,4.980000019073486,5.0,4.929999828338623,4.960000038146973,4.388502,-0.4016060411629163
2018-07-19,4.960000038146973,5.0,4.960000038146973,4.96999979019165,8.297059,0.20160790257601757
2018-07-22,4.989999771118164,5.0,4.929999828338623,4.960000038146973,1.410071,-0.20120226291382437
2018-07-23,4.960000038146973,4.96999979019165,4.929999828338623,4.949999809265137,2.84098,-0.20161751622832513
2018-07-24,4.949999809265137,4.960000038146973,4.929999828338623,4.929999828338623,2.500759,-0.4040400342860351
2018-07-25,4.949999809265137,4.980000019073486,4.949999809265137,4.949999809265137,4.440052,0.4056791404241089
2018-07-26,4.949999809265137,4.989999771118164,4.949999809265137,4.96999979019165,3.129283,0.4040400342860462
2018-07-29,4.980000019073486,5.03000020980835,4.96999979019165,5.010000228881836,3.573497,0.8048378345835605
2018-07-30,5.03000020980835,5.090000152587891,5.0,5.079999923706055,7.115653,1.397199433658347
2018-07-31,5.059999942779541,5.090000152587891,5.03000020980835,5.03000020980835,4.487284,-0.9842463513508926
2018-08-01,5.050000190734863,5.099999904632568,5.03000020980835,5.090000152587891,4.202767,1.1928417550071346
2018-08-02,5.099999904632568,5.110000133514404,5.059999942779541,5.099999904632568,4.399081,0.196458776913655
2018-08-05,5.099999904632568,5.110000133514404,5.079999923706055,5.090000152587891,0.858623,-0.1960735731699636
2018-08-06,5.090000152587891,5.110000133514404,5.079999923706055,5.079999923706055,2.701229,-0.1964681450304373
2018-08-07,5.079999923706055,5.090000152587891,5.0,5.059999942779541,6.592137,-0.3937004178520276
2018-08-08,5.079999923706055,5.099999904632568,5.050000190734863,5.070000171661377,1.169603,0.1976329840893687
2018-08-09,5.079999923706055,5.079999923706055,5.010000228881836,5.010000228881836,2.884698,-1.183430783985151
2018-08-12,5.010000228881836,5.019999980926514,5.0,5.019999980926514,1.098604,0.19959584007662734
2018-08-13,5.019999980926514,5.019999980926514,4.989999771118164,5.0,4.400836,-0.3984059960658093
2018-08-14,5.0,5.019999980926514,5.0,5.010000228881836,2.496933,0.2000045776367143
2018-08-15,5.010000228881836,5.059999942779541,5.0,5.059999942779541,0.893498,0.9979982357977812
2018-08-16,5.050000190734863,5.059999942779541,5.0,5.0,3.043432,-1.1857696335581758
2018-08-19,5.0,5.039999961853027,5.0,5.010000228881836,1.155675,0.2000045776367143
2018-08-20,5.010000228881836,5.010000228881836,5.010000228881836,5.010000228881836,0.0,0.0
2018-08-21,5.010000228881836,5.010000228881836,5.010000228881836,5.010000228881836,0.0,0.0
2018-08-22,5.010000228881836,5.010000228881836,5.010000228881836,5.010000228881836,0.0,0.0
2018-08-23,5.010000228881836,5.010000228881836,5.010000228881836,5.010000228881836,0.0,0.0
2018-08-26,5.050000190734863,5.059999942779541,5.0,5.010000228881836,0.621534,0.0
2018-08-27,5.019999980926514,5.050000190734863,5.019999980926514,5.019999980926514,1.870243,0.1995958400766273
2018-08-28,5.019999980926514,5.099999904632568,5.019999980926514,5.099999904632568,4.743122,1.5936239842632371
2018-08-29,5.099999904632568,5.130000114440918,5.099999904632568,5.110000133514404,4.339911,0.196082922918328
2018-08-30,5.099999904632568,5.159999847412109,5.099999904632568,5.119999885559082,5.358726,0.1956898587750277
2018-09-02,5.119999885559082,5.139999866485596,5.119999885559082,5.130000114440918,2.314581,0.1953169747140437
2018-09-03,5.130000114440918,5.139999866485596,5.099999904632568,5.139999866485596,1.195943,0.1949269360935979
2018-09-04,5.139999866485596,5.170000076293945,5.139999866485596,5.150000095367432,4.169823,0.19455698719061942
2018-09-05,5.139999866485596,5.159999847412109,5.130000114440918,5.130000114440918,7.417407,-0.3883491370127223
2018-09-06,5.130000114440918,5.170000076293945,5.099999904632568,5.119999885559082,5.413547,-0.1949362311646996
2018-09-09,5.150000095367432,5.230000019073486,5.150000095367432,5.230000019073486,7.68206,2.148440155724596
2018-09-10,5.21999979019165,5.25,5.190000057220459,5.239999771118164,12.542639,0.1911998471932907
2018-09-11,5.210000038146973,5.25,5.199999809265137,5.21999979019165,4.506889,-0.38167904198678215
2018-09-12,5.199999809265137,5.230000019073486,5.170000076293945,5.170000076293945,3.847688,-0.9578489637423804
2018-09-13,5.170000076293945,5.170000076293945,5.170000076293945,5.170000076293945,0.0,0.0
2018-09-16,5.170000076293945,5.170000076293945,5.139999866485596,5.139999866485596,5.623749,-0.5802748426621873
2018-09-17,5.139999866485596,5.170000076293945,5.110000133514404,5.150000095367432,5.824214,0.19455698719061942
2018-09-18,5.119999885559082,5.199999809265137,5.119999885559082,5.199999809265137,3.232701,0.9708682130449064
2018-09-19,5.159999847412109,5.190000057220459,5.150000095367432,5.190000057220459,2.235271,-0.1923029309897406
2018-09-20,5.159999847412109,5.289999961853027,5.159999847412109,5.269999980926514,11.068221,1.541424331869834
2018-09-23,5.25,5.289999961853027,5.25,5.28000020980835,1.965921,0.1897576644787291
2018-09-24,5.28000020980835,5.289999961853027,5.25,5.25,2.575592,-0.5681857692471315
2018-09-25,5.239999771118164,5.28000020980835,5.210000038146973,5.28000020980835,2.702322,0.5714325677780963
2018-09-26,5.289999961853027,5.369999885559082,5.28000020980835,5.329999923706055,4.281092,0.9469642407366584
2018-09-27,5.369999885559082,5.400000095367432,5.340000152587891,5.389999866485596,12.026488,1.125702507286741
2018-09-30,5.380000114440918,5.409999847412109,5.340000152587891,5.380000114440918,6.131939,-0.18552416126863536
2018-10-01,5.349999904632568,5.380000114440918,5.340000152587891,5.340000152587891,2.068196,-0.743493698925024
2018-10-02,5.349999904632568,5.349999904632568,5.329999923706055,5.329999923706055,3.146319,-0.1872701984285463
2018-10-03,5.329999923706055,5.360000133514404,5.329999923706055,5.349999904632568,1.548665,0.37523416909557294
2018-10-04,5.349999904632568,5.360000133514404,5.320000171661377,5.320000171661377,2.759403,-0.5607426823543427
2018-10-07,5.340000152587891,5.340000152587891,5.309999942779541,5.329999923706055,0.9794,0.1879652579325874
2018-10-08,5.329999923706055,5.360000133514404,5.329999923706055,5.329999923706055,2.175037,0.0
2018-10-09,5.329999923706055,5.380000114440918,5.309999942779541,5.340000152587891,2.34805,0.1876215576919193
2018-10-10,5.389999866485596,5.389999866485596,5.329999923706055,5.349999904632568,3.280831,0.1872612688940123
2018-10-11,5.309999942779541,5.309999942779541,5.21999979019165,5.25,8.075194,-1.8691571292548725
2018-10-15,5.139999866485596,5.25,5.139999866485596,5.159999847412109,3.208382,-1.7142886207217267
2018-10-16,5.170000076293945,5.230000019073486,5.150000095367432,5.21999979019165,2.618084,1.1627896231359847
2018-10-17,5.170000076293945,5.21999979019165,5.159999847412109,5.159999847412109,4.379121,-1.1494242373779495
2018-10-18,5.159999847412109,5.25,5.150000095367432,5.25,3.629356,1.7441890552192252
2018-10-21,5.199999809265137,5.199999809265137,5.119999885559082,5.150000095367432,4.990494,-1.904760088239399
2018-10-22,5.130000114440918,5.170000076293945,5.130000114440918,5.139999866485596,6.30728,-0.19417919799324945
2018-10-23,5.139999866485596,5.179999828338623,5.110000133514404,5.179999828338623,1.220924,0.778209394786944
2018-10-24,5.130000114440918,5.150000095367432,5.119999885559082,5.150000095367432,1.499297,-0.5791454433467291
2018-10-25,5.130000114440918,5.199999809265137,5.130000114440918,5.179999828338623,1.731324,0.5825190760321952
2018-10-28,5.130000114440918,5.210000038146973,5.130000114440918,5.159999847412109,2.933951,-0.3861000306814355
2018-10-29,5.199999809265137,5.199999809265137,5.119999885559082,5.199999809265137,4.712839,0.7751930820906638
2018-10-30,5.199999809265137,5.199999809265137,5.159999847412109,5.179999828338623,2.282365,-0.3846150319251618
2018-10-31,5.199999809265137,5.260000228881836,5.179999828338623,5.260000228881836,4.08513,1.5444093280765792
2018-11-01,5.230000019073486,5.300000190734863,5.210000038146973,5.289999961853027,5.389547,0.5703371039124105
2018-11-04,5.25,5.300000190734863,5.25,5.28000020980835,1.756773,-0.18903123094116125
2018-11-05,5.25,5.300000190734863,5.230000019073486,5.300000190734863,2.929533,0.3787875024959364
2018-11-06,5.289999961853027,5.309999942779541,5.28000020980835,5.300000190734863,3.313138,0.0
2018-11-07,5.300000190734863,5.320000171661377,5.289999961853027,5.309999942779541,3.329582,0.18867456009075134
2018-11-08,5.289999961853027,5.349999904632568,5.269999980926514,5.349999904632568,2.181049,0.7532949582686577
2018-11-11,5.300000190734863,5.349999904632568,5.300000190734863,5.320000171661377,1.246087,-0.5607426823543427
2018-11-12,5.300000190734863,5.349999904632568,5.289999961853027,5.320000171661377,1.695705,0.0
2018-11-13,5.300000190734863,5.300000190734863,5.25,5.260000228881836,1.67875,-1.1278184369081234
2018-11-14,5.25,5.28000020980835,5.21999979019165,5.25,3.314224,-0.1901184115340237
2018-11-15,5.239999771118164,5.289999961853027,5.239999771118164,5.289999961853027,1.408226,0.7619040352957684
2018-11-18,5.289999961853027,5.289999961853027,5.289999961853027,5.289999961853027,0.0,0.0
2018-11-19,5.269999980926514,5.349999904632568,5.25,5.349999904632568,5.732795,1.134214427451985
2018-11-20,5.349999904632568,5.349999904632568,5.349999904632568,5.349999904632568,0.0,0.0
2018-11-21,5.300000190734863,5.340000152587891,5.300000190734863,5.340000152587891,3.18009,-0.1869112565033637
2018-11-22,5.300000190734863,5.349999904632568,5.300000190734863,5.340000152587891,0.457577,0.0
2018-11-25,5.309999942779541,5.329999923706055,5.289999961853027,5.300000190734863,0.910152,-0.749062934645095
2018-11-26,5.329999923706055,5.329999923706055,5.239999771118164,5.239999771118164,5.17999,-1.1320833482532322
2018-11-27,5.239999771118164,5.300000190734863,5.239999771118164,5.300000190734863,4.064961,1.1450462259065208
2018-11-28,5.300000190734863,5.309999942779541,5.199999809265137,5.269999980926514,3.924286,-0.5660416741266161
2018-11-29,5.289999961853027,5.300000190734863,5.239999771118164,5.239999771118164,6.239273,-0.5692639452927528
2018-12-02,5.239999771118164,5.239999771118164,5.239999771118164,5.239999771118164,0.0,0.0
2018-12-03,5.239999771118164,5.239999771118164,5.239999771118164,5.239999771118164,0.0,0.0
2018-12-04,5.300000190734863,5.300000190734863,5.239999771118164,5.269999980926514,5.15925,0.5725231129532604
2018-12-05,5.25,5.269999980926514,5.230000019073486,5.25,3.887838,-0.3795062808140126
2018-12-06,5.230000019073486,5.230000019073486,5.150000095367432,5.179999828338623,6.690278,-1.3333366030738425
2018-12-09,5.179999828338623,5.179999828338623,5.130000114440918,5.130000114440918,1.744192,-0.9652454740281646
2018-12-10,5.170000076293945,5.170000076293945,5.0,5.050000190734863,7.423182,-1.55945266903319
2018-12-11,5.019999980926514,5.110000133514404,5.0,5.110000133514404,5.571349,1.1881176339284538
2018-12-12,5.059999942779541,5.199999809265137,5.059999942779541,5.179999828338623,3.278648,1.369857005778119
2018-12-13,5.179999828338623,5.190000057220459,5.159999847412109,5.190000057220459,3.281011,0.19305461801615298
2018-12-16,5.159999847412109,5.190000057220459,5.079999923706055,5.090000152587891,3.803313,-1.9267804148372925
2018-12-17,5.079999923706055,5.159999847412109,5.079999923706055,5.099999904632568,2.499455,0.196458776913655
2018-12-18,5.099999904632568,5.119999885559082,5.079999923706055,5.079999923706055,2.615521,-0.39215649608830283
2018-12-19,5.119999885559082,5.139999866485596,5.090000152587891,5.139999866485596,1.843999,1.181101253556105
2018-12-20,5.110000133514404,5.110000133514404,5.010000228881836,5.010000228881836,5.296606,-2.5291758945636955
2018-12-23,5.019999980926514,5.050000190734863,4.989999771118164,5.0,3.369698,-0.1996053577839385
2018-12-24,5.0,5.099999904632568,4.960000038146973,4.989999771118164,5.004535,-0.2000045776367143
2018-12-25,4.980000019073486,5.0,4.960000038146973,4.989999771118164,1.531796,0.0
2018-12-26,5.0,5.0,4.960000038146973,5.0,2.011535,0.2004053976057518
2018-12-27,5.0,5.050000190734863,4.960000038146973,5.0,4.558348,0.0
2018-12-30,5.0,5.0,4.960000038146973,4.960000038146973,1.473124,-0.7999992370605447
2018-12-31,5.0,5.03000020980835,4.980000019073486,5.0,2.575781,0.8064508376086854
2019-01-01,5.0,5.0,5.0,5.0,0.0,0.0
2019-01-02,4.980000019073486,5.039999961853027,4.96999979019165,4.980000019073486,2.852346,-0.3999996185302779
2019-01-03,4.96999979019165,5.010000228881836,4.96999979019165,5.0,2.674447,0.4016060411629274
2019-01-06,5.03000020980835,5.099999904632568,5.019999980926514,5.070000171661377,2.902309,1.400003433227548
2019-01-07,5.070000171661377,5.079999923706055,5.0,5.0,3.36991,-1.380673950518596
2019-01-08,5.050000190734863,5.050000190734863,5.010000228881836,5.019999980926514,2.380768,0.3999996185302779
2019-01-09,5.050000190734863,5.070000171661377,5.039999961853027,5.059999942779541,2.762548,0.7968119921316186
2019-01-10,5.070000171661377,5.079999923706055,5.039999961853027,5.079999923706055,3.239498,0.3952565445193956
2019-01-13,5.090000152587891,5.110000133514404,5.070000171661377,5.079999923706055,3.713693,0.0
2019-01-14,5.099999904632568,5.139999866485596,5.070000171661377,5.139999866485596,4.077182,1.181101253556105
2019-01-15,5.150000095367432,5.150000095367432,5.050000190734863,5.099999904632568,2.948768,-0.778209394786944
2019-01-16,5.079999923706055,5.119999885559082,5.079999923706055,5.099999904632568,2.55997,0.0
2019-01-17,5.099999904632568,5.110000133514404,5.059999942779541,5.099999904632568,3.623092,0.0
2019-01-20,5.099999904632568,5.110000133514404,5.070000171661377,5.070000171661377,3.75037,-0.5882300692582665
2019-01-21,5.079999923706055,5.099999904632568,5.059999942779541,5.070000171661377,5.287446,0.0
2019-01-22,5.090000152587891,5.099999904632568,5.050000190734863,5.099999904632568,1.737194,0.5917106894566704
2019-01-23,5.059999942779541,5.119999885559082,5.059999942779541,5.119999885559082,3.631242,0.3921564960883028
2019-01-24,5.099999904632568,5.139999866485596,5.090000152587891,5.139999866485596,2.781031,0.3906246362021193
2019-01-27,5.110000133514404,5.159999847412109,5.110000133514404,5.159999847412109,2.731898,0.3891046973934831
2019-01-28,5.170000076293945,5.289999961853027,5.170000076293945,5.289999961853027,6.6375,2.519382137309889
2019-01-29,5.289999961853027,5.289999961853027,5.21999979019165,5.260000228881836,3.553693,-0.5671027067584822
2019-01-30,5.210000038146973,5.210000038146973,5.03000020980835,5.03000020980835,13.841659,-4.372623746489445
2019-01-31,5.059999942779541,5.119999885559082,5.039999961853027,5.099999904632568,6.640139,1.3916439742432063
2019-02-03,5.110000133514404,5.110000133514404,5.059999942779541,5.059999942779541,3.602719,-0.7843129921765946
2019-02-04,5.099999904632568,5.110000133514404,5.070000171661377,5.079999923706055,2.908958,0.3952565445193956
2019-02-05,5.070000171661377,5.119999885559082,5.059999942779541,5.119999885559082,2.465286,0.7874008357040552
2019-02-06,5.119999885559082,5.139999866485596,5.099999904632568,5.130000114440918,4.689279,0.19531697471404375
2019-02-07,5.130000114440918,5.139999866485596,5.090000152587891,5.090000152587891,3.410652,-0.779726334516595
2019-02-10,5.130000114440918,5.130000114440918,5.059999942779541,5.059999942779541,2.832021,-0.5893950669745407
2019-02-11,5.079999923706055,5.079999923706055,5.019999980926514,5.019999980926514,4.684342,-0.7905130890387913
2019-02-12,5.050000190734863,5.059999942779541,4.980000019073486,4.980000019073486,7.036667,-0.7968119921316186
2019-02-13,5.03000020980835,5.079999923706055,5.0,5.010000228881836,3.748449,0.6024138492660258
2019-02-14,5.010000228881836,5.079999923706055,5.010000228881836,5.050000190734863,3.812269,0.7984023957211539
2019-02-17,5.119999885559082,5.119999885559082,5.059999942779541,5.059999942779541,2.236787,0.19801488449493476
2019-02-18,5.079999923706055,5.079999923706055,5.039999961853027,5.070000171661377,2.824643,0.1976329840893687
2019-02-19,5.050000190734863,5.079999923706055,5.050000190734863,5.050000190734863,2.0792,-0.39447692799504663
2019-02-20,5.079999923706055,5.159999847412109,5.070000171661377,5.159999847412109,12.099609,2.1782109410423356
2019-02-21,5.170000076293945,5.170000076293945,5.119999885559082,5.150000095367432,6.994383,-0.19379365000743443
2019-02-24,5.150000095367432,5.190000057220459,5.119999885559082,5.170000076293945,4.52516,0.38834913701271123
2019-02-25,5.170000076293945,5.21999979019165,5.159999847412109,5.21999979019165,5.580909,0.9671124402293341
2019-02-26,5.230000019073486,5.260000228881836,5.199999809265137,5.260000228881836,3.862042,0.7662919597304585
2019-02-27,5.21999979019165,5.269999980926514,5.21999979019165,5.269999980926514,2.800497,0.1901093461891934
2019-02-28,5.25,5.269999980926514,5.21999979019165,5.21999979019165,5.845748,-0.9487702261067764
2019-03-03,5.25,5.25,5.230000019073486,5.230000019073486,1.645024,0.1915752736355802
2019-03-04,5.25,5.25,5.199999809265137,5.230000019073486,6.226957,0.0
2019-03-05,5.230000019073486,5.239999771118164,5.199999809265137,5.210000038146973,3.15055,-0.38240881173183805
2019-03-06,5.179999828338623,5.25,5.179999828338623,5.230000019073486,2.135891,0.3838767904045248
2019-03-07,5.210000038146973,5.230000019073486,5.130000114440918,5.170000076293945,8.429605,-1.147226435195503
2019-03-10,5.130000114440918,5.150000095367432,5.099999904632568,5.130000114440918,11.722112,-0.7736936414457607
2019-03-11,5.110000133514404,5.110000133514404,5.079999923706055,5.099999904632568,4.671225,-0.5847993984229971
2019-03-12,5.090000152587891,5.099999904632568,5.039999961853027,5.059999942779541,12.036298,-0.7843129921765946
2019-03-13,5.059999942779541,5.079999923706055,5.039999961853027,5.050000190734863,7.855478,-0.19762356043001583
2019-03-14,4.699999809265137,4.760000228881836,4.659999847412109,4.71999979019165,11.85986,-6.534661150085864
2019-03-17,4.71999979019165,4.78000020980835,4.71999979019165,4.760000228881836,3.185609,0.8474669590729178
2019-03-18,4.760000228881836,4.949999809265137,4.760000228881836,4.909999847412109,11.82113,3.151252338605648
2019-03-19,4.920000076293945,4.949999809265137,4.880000114440918,4.900000095367432,7.718778,-0.203660944102646
2019-03-20,4.880000114440918,4.900000095367432,4.860000133514404,4.900000095367432,5.923368,0.0
2019-03-21,4.860000133514404,4.900000095367432,4.849999904632568,4.869999885559082,4.485999,-0.6122491678461905
2019-03-24,4.900000095367432,4.900000095367432,4.809999942779541,4.820000171661377,5.953388,-1.0266881945103945
2019-03-25,4.809999942779541,4.849999904632568,4.800000190734863,4.829999923706055,8.458506,0.20746372797806334
2019-03-26,4.829999923706055,4.849999904632568,4.789999961853027,4.789999961853027,10.156705,-0.8281565731855234
2019-03-27,4.820000171661377,4.820000171661377,4.78000020980835,4.78000020980835,7.476795,-0.20876309236564916
2019-03-28,4.800000190734863,4.900000095367432,4.789999961853027,4.900000095367432,11.049837,2.51045774669314
2019-03-31,4.900000095367432,4.949999809265137,4.849999904632568,4.849999904632568,8.977664,-1.0204120359535218
2019-04-01,4.849999904632568,4.909999847412109,4.849999904632568,4.880000114440918,7.075055,0.6185610391392871
2019-04-02,4.869999885559082,4.940000057220459,4.869999885559082,4.900000095367432,10.98441,0.40983566511259006
2019-04-03,4.900000095367432,4.949999809265137,4.889999866485596,4.920000076293945,10.06555,0.40816286810732016
2019-04-04,4.940000057220459,5.010000228881836,4.920000076293945,4.949999809265137,10.489207,0.6097506606908221
2019-04-07,4.940000057220459,5.0,4.929999828338623,4.960000038146973,3.895679,0.2020248336801478
2019-04-08,5.0,5.039999961853027,4.980000019073486,5.039999961853027,9.815301,1.6129016752173708
2019-04-09,5.039999961853027,5.070000171661377,5.019999980926514,5.019999980926514,6.03746,-0.39682502138671527
2019-04-10,5.019999980926514,5.059999942779541,5.010000228881836,5.039999961853027,7.230258,0.3984059960657982
2019-04-11,5.039999961853027,5.050000190734863,5.010000228881836,5.03000020980835,5.390466,-0.1984077801659545
2019-04-14,5.039999961853027,5.050000190734863,5.019999980926514,5.019999980926514,8.472166,-0.1988116990996546
2019-04-15,5.03000020980835,5.139999866485596,5.019999980926514,5.090000152587891,14.301338,1.3944257356044432
2019-04-16,5.090000152587891,5.110000133514404,5.059999942779541,5.059999942779541,5.129706,-0.5893950669745407
2019-04-17,5.079999923706055,5.119999885559082,5.070000171661377,5.119999885559082,8.392544,1.1857696335581869
2019-04-18,5.110000133514404,5.130000114440918,5.099999904632568,5.130000114440918,11.071768,0.1953169747140437
2019-04-21,5.099999904632568,5.170000076293945,5.099999904632568,5.130000114440918,7.370408,0.0
2019-04-22,5.150000095367432,5.170000076293945,5.139999866485596,5.150000095367432,9.733471,0.3898631672583086
2019-04-23,5.159999847412109,5.21999979019165,5.159999847412109,5.210000038146973,16.436354,1.165047411038156
2019-04-24,5.21999979019165,5.289999961853027,5.199999809265137,5.260000228881836,13.406442,0.959696552183642
2019-04-25,5.260000228881836,5.28000020980835,5.210000038146973,5.230000019073486,5.152505,-0.5703461692572409
2019-04-28,5.25,5.269999980926514,5.230000019073486,5.25,5.050636,0.38240881173183805
2019-04-29,5.239999771118164,5.239999771118164,5.170000076293945,5.170000076293945,4.571623,-1.5238080705915147
2019-04-30,5.179999828338623,5.190000057220459,5.130000114440918,5.170000076293945,6.500418,0.0
2019-05-01,5.170000076293945,5.179999828338623,5.130000114440918,5.159999847412109,2.418229,-0.19342802193930142
2019-05-02,5.159999847412109,5.190000057220459,5.159999847412109,5.159999847412109,3.263856,0.0
2019-05-05,5.170000076293945,5.239999771118164,5.170000076293945,5.230000019073486,5.641264,1.3565925141738822
2019-05-06,5.199999809265137,5.199999809265137,5.139999866485596,5.139999866485596,4.873292,-1.7208442114658773
2019-05-07,5.139999866485596,5.179999828338623,5.139999866485596,5.179999828338623,4.894151,0.778209394786944
2019-05-08,5.159999847412109,5.190000057220459,5.139999866485596,5.179999828338623,5.053018,0.0
2019-05-09,5.150000095367432,5.170000076293945,5.119999885559082,5.130000114440918,4.427478,-0.9652454740281646
2019-05-12,5.130000114440918,5.159999847412109,5.110000133514404,5.110000133514404,4.307738,-0.3898631672582975
2019-05-13,5.099999904632568,5.099999904632568,4.940000057220459,4.940000057220459,15.209742,-3.3268115822343014
2019-05-14,4.920000076293945,5.119999885559082,4.920000076293945,5.119999885559082,8.755639,3.6437211792240687
2019-05-15,5.050000190734863,5.070000171661377,5.0,5.0,5.011237,-2.3437478172126713
2019-05-16,5.039999961853027,5.039999961853027,4.980000019073486,4.980000019073486,4.826064,-0.3999996185302779
2019-05-19,4.989999771118164,4.989999771118164,4.889999866485596,4.900000095367432,5.324602,-1.6064241646516764
2019-05-20,4.900000095367432,4.940000057220459,4.889999866485596,4.889999866485596,3.315292,-0.20408629973885928
2019-05-21,4.900000095367432,4.96999979019165,4.889999866485596,4.929999828338623,2.927197,0.8179951522529372
2019-05-22,4.940000057220459,4.989999771118164,4.929999828338623,4.949999809265137,3.558216,0.4056791404241089
2019-05-23,4.940000057220459,4.96999979019165,4.920000076293945,4.96999979019165,7.128535,0.4040400342860462
2019-05-26,4.960000038146973,5.019999980926514,4.949999809265137,5.019999980926514,3.739989,1.0060400974973627
2019-05-27,5.019999980926514,5.050000190734863,5.0,5.050000190734863,5.231667,0.5976137434728246
2019-05-28,5.019999980926514,5.070000171661377,4.989999771118164,5.0,12.340601,-0.990102749433508
2019-05-29,5.0,5.0,5.0,5.0,0.0,0.0
2019-05-30,4.989999771118164,5.039999961853027,4.989999771118164,5.039999961853027,9.687047,0.7999992370605558
2019-06-02,5.039999961853027,5.039999961853027,5.039999961853027,5.039999961853027,0.0,0.0
2019-06-03,5.039999961853027,5.039999961853027,5.039999961853027,5.039999961853027,0.0,0.0
2019-06-04,5.039999961853027,5.039999961853027,5.039999961853027,5.039999961853027,0.0,0.0
2019-06-05,5.039999961853027,5.039999961853027,5.039999961853027,5.039999961853027,0.0,0.0
2019-06-06,5.039999961853027,5.039999961853027,5.039999961853027,5.039999961853027,0.0,0.0
2019-06-09,5.039999961853027,5.039999961853027,5.039999961853027,5.039999961853027,0.0,0.0
2019-06-10,5.039999961853027,5.190000057220459,5.039999961853027,5.119999885559082,8.636913,1.587300085546861
2019-06-11,5.090000152587891,5.110000133514404,5.070000171661377,5.070000171661377,3.981114,-0.976556933892303
2019-06-12,5.079999923706055,5.099999904632568,5.050000190734863,5.070000171661377,3.623499,0.0
2019-06-13,5.059999942779541,5.059999942779541,5.0,5.0,4.560613,-1.380673950518596
2019-06-16,5.03000020980835,5.050000190734863,5.019999980926514,5.039999961853027,3.51249,0.7999992370605558
2019-06-17,5.039999961853027,5.059999942779541,5.010000228881836,5.039999961853027,3.44833,0.0
2019-06-18,5.019999980926514,5.079999923706055,5.010000228881836,5.070000171661377,3.890832,0.595242262607476
2019-06-19,5.050000190734863,5.130000114440918,5.050000190734863,5.130000114440918,8.300053,1.183430783985151
2019-06-20,5.119999885559082,5.159999847412109,5.099999904632568,5.159999847412109,11.40476,0.5847901033519065
2019-06-23,5.130000114440918,5.170000076293945,5.099999904632568,5.159999847412109,5.070768,0.0
2019-06-24,5.150000095367432,5.179999828338623,5.139999866485596,5.150000095367432,5.216629,-0.1937936500074344
2019-06-25,5.119999885559082,5.170000076293945,5.119999885559082,5.150000095367432,3.419432,0.0
2019-06-26,5.110000133514404,5.159999847412109,5.110000133514404,5.130000114440918,5.905543,-0.3883491370127223
2019-06-27,5.130000114440918,5.139999866485596,5.110000133514404,5.130000114440918,3.459733,0.0
2019-06-30,5.139999866485596,5.159999847412109,5.110000133514404,5.110000133514404,1.913663,-0.3898631672582975
2019-07-01,5.130000114440918,5.170000076293945,5.119999885559082,5.170000076293945,4.008779,1.1741671470031134
2019-07-02,5.159999847412109,5.170000076293945,5.119999885559082,5.170000076293945,3.710938,0.0
2019-07-03,5.130000114440918,5.159999847412109,5.130000114440918,5.150000095367432,2.697476,-0.3868468207228859
2019-07-04,5.139999866485596,5.159999847412109,5.130000114440918,5.130000114440918,1.776775,-0.38834913701272233
2019-07-07,5.150000095367432,5.170000076293945,5.130000114440918,5.159999847412109,2.209426,0.5847901033519065
2019-07-08,5.150000095367432,5.159999847412109,5.130000114440918,5.130000114440918,5.424153,-0.5813901910527552
2019-07-09,5.130000114440918,5.150000095367432,5.099999904632568,5.099999904632568,5.556503,-0.5847993984229971
2019-07-10,5.110000133514404,5.159999847412109,5.110000133514404,5.139999866485596,4.661147,0.7843129921766057
2019-07-11,5.139999866485596,5.139999866485596,5.110000133514404,5.119999885559082,8.763791,-0.389104697393472
2019-07-14,5.130000114440918,5.139999866485596,5.099999904632568,5.099999904632568,5.52049,-0.3906246362021082
2019-07-15,5.099999904632568,5.139999866485596,5.099999904632568,5.110000133514404,6.603248,0.19608292291832807
2019-07-16,5.119999885559082,5.150000095367432,5.119999885559082,5.139999866485596,4.26848,0.5870789077760508
2019-07-17,5.150000095367432,5.159999847412109,5.119999885559082,5.150000095367432,5.932999,0.19455698719061942
2019-07-18,5.199999809265137,5.230000019073486,5.170000076293945,5.179999828338623,13.013382,0.5825190760321952
2019-07-21,5.199999809265137,5.199999809265137,5.159999847412109,5.159999847412109,2.683747,-0.3861000306814355
2019-07-22,5.179999828338623,5.210000038146973,5.179999828338623,5.199999809265137,5.246699,0.7751930820906638
2019-07-23,5.210000038146973,5.289999961853027,5.210000038146973,5.25,15.859762,0.9615421647857669
2019-07-24,5.269999980926514,5.269999980926514,5.230000019073486,5.25,5.892906,0.0
2019-07-25,5.25,5.269999980926514,5.239999771118164,5.239999771118164,5.71905,-0.190480550130212
2019-07-28,5.260000228881836,5.269999980926514,5.239999771118164,5.269999980926514,3.401737,0.5725231129532604
2019-07-29,5.260000228881836,5.289999961853027,5.25,5.289999961853027,6.482792,0.3795062808140237
2019-07-30,5.25,5.349999904632568,5.25,5.340000152587891,6.257558,0.9451831965108236
2019-07-31,5.320000171661377,5.349999904632568,5.289999961853027,5.320000171661377,6.350168,-0.3745314673225475
2019-08-01,5.320000171661377,5.329999923706055,5.269999980926514,5.309999942779541,4.627511,-0.1879742210367796
2019-08-04,5.260000228881836,5.300000190734863,5.260000228881836,5.269999980926514,2.686358,-0.7532949582686688
2019-08-05,5.269999980926514,5.269999980926514,5.159999847412109,5.159999847412109,5.780502,-2.087289068548825
2019-08-06,5.139999866485596,5.179999828338623,5.119999885559082,5.130000114440918,5.061973,-0.5813901910527552
2019-08-07,5.150000095367432,5.239999771118164,5.150000095367432,5.230000019073486,4.527562,1.9493158362914984
2019-08-08,5.199999809265137,5.230000019073486,5.179999828338623,5.199999809265137,3.508286,-0.5736177762703742
2019-08-11,5.199999809265137,5.199999809265137,5.199999809265137,5.199999809265137,0.0,0.0
2019-08-12,5.199999809265137,5.199999809265137,5.199999809265137,5.199999809265137,0.0,0.0
2019-08-13,5.199999809265137,5.199999809265137,5.199999809265137,5.199999809265137,0.0,0.0
2019-08-14,5.179999828338623,5.239999771118164,5.159999847412109,5.170000076293945,3.235586,-0.5769179629149024
2019-08-15,5.159999847412109,5.159999847412109,5.130000114440918,5.139999866485596,4.377033,-0.5802748426621873
2019-08-18,5.139999866485596,5.170000076293945,5.119999885559082,5.119999885559082,3.536096,-0.389104697393472
2019-08-19,5.119999885559082,5.159999847412109,5.119999885559082,5.119999885559082,3.903608,0.0
2019-08-20,5.150000095367432,5.159999847412109,5.130000114440918,5.150000095367432,5.082476,0.5859416109161408
2019-08-21,5.139999866485596,5.170000076293945,5.110000133514404,5.110000133514404,8.132396,-0.7766982740254447
2019-08-22,5.119999885559082,5.159999847412109,5.110000133514404,5.110000133514404,3.369951,0.0
2019-08-25,5.099999904632568,5.099999904632568,5.03000020980835,5.03000020980835,6.974498,-1.5655561960041475
2019-08-26,5.039999961853027,5.090000152587891,5.03000020980835,5.059999942779541,6.404351,0.5964161375717758
2019-08-27,5.090000152587891,5.150000095367432,5.090000152587891,5.099999904632568,13.272535,0.7905130890387913
2019-08-28,5.099999904632568,5.119999885559082,5.070000171661377,5.079999923706055,5.868354,-0.3921564960883028
2019-08-29,5.099999904632568,5.130000114440918,5.099999904632568,5.119999885559082,5.820171,0.7874008357040552
2019-09-01,5.119999885559082,5.119999885559082,5.119999885559082,5.119999885559082,0.0,0.0
2019-09-02,5.179999828338623,5.289999961853027,5.150000095367432,5.28000020980835,26.605775,3.1250064028428337
2019-09-03,5.260000228881836,5.300000190734863,5.21999979019165,5.239999771118164,6.380998,-0.7575840359983155
2019-09-04,5.239999771118164,5.25,5.210000038146973,5.21999979019165,4.697963,-0.38167904198678215
2019-09-05,5.25,5.269999980926514,5.21999979019165,5.25,8.48824,0.5747166860948782
2019-09-08,5.239999771118164,5.309999942779541,5.239999771118164,5.300000190734863,11.942617,0.9523845854259694
2019-09-09,5.289999961853027,5.349999904632568,5.28000020980835,5.340000152587891,13.692539,0.7547162342173674
2019-09-10,5.340000152587891,5.349999904632568,5.300000190734863,5.349999904632568,5.755159,0.1872612688940123
2019-09-11,5.309999942779541,5.369999885559082,5.309999942779541,5.349999904632568,10.085352,0.0
2019-09-12,5.349999904632568,5.400000095367432,5.320000171661377,5.400000095367432,10.192613,0.934583021049562
2019-09-15,5.360000133514404,5.400000095367432,5.349999904632568,5.369999885559082,4.55214,-0.5555594310838297
2019-09-16,5.369999885559082,5.389999866485596,5.309999942779541,5.389999866485596,7.875185,0.3724391313358666
2019-09-17,5.369999885559082,5.380000114440918,5.340000152587891,5.340000152587891,3.508808,-0.927638499744643
2019-09-18,5.360000133514404,5.360000133514404,5.289999961853027,5.289999961853027,4.552607,-0.9363331330736413
2019-09-19,5.300000190734863,5.300000190734863,5.190000057220459,5.190000057220459,12.226811,-1.8903573790866268
2019-09-22,5.210000038146973,5.239999771118164,5.179999828338623,5.199999809265137,3.013198,0.192673447676861
2019-09-23,5.239999771118164,5.269999980926514,5.230000019073486,5.25,3.977696,0.9615421647857668
2019-09-24,5.239999771118164,5.309999942779541,5.230000019073486,5.239999771118164,6.619409,-0.19048055013021203
2019-09-25,5.28000020980835,5.289999961853027,5.25,5.28000020980835,3.458575,0.7633671839197387
2019-09-26,5.28000020980835,5.309999942779541,5.260000228881836,5.289999961853027,4.885938,0.1893892357447635
2019-09-29,5.25,5.289999961853027,5.239999771118164,5.239999771118164,0.966831,-0.9451831965108126
2019-09-30,5.289999961853027,5.289999961853027,5.239999771118164,5.25,2.806582,0.19084407096647826
2019-10-01,5.25,5.260000228881836,5.21999979019165,5.21999979019165,2.310988,-0.5714325677780852
2019-10-02,5.230000019073486,5.260000228881836,5.210000038146973,5.210000038146973,2.868926,-0.19156613882373996
2019-10-03,5.25,5.25,5.210000038146973,5.210000038146973,2.671593,0.0
2019-10-06,5.25,5.260000228881836,5.230000019073486,5.239999771118164,2.096861,0.5758106094345017
2019-10-07,5.21999979019165,5.340000152587891,5.21999979019165,5.340000152587891,2.816728,1.9084043098801073
2019-10-08,5.28000020980835,5.329999923706055,5.28000020980835,5.300000190734863,2.005518,-0.749062934645095
2019-10-09,5.300000190734863,5.329999923706055,5.289999961853027,5.329999923706055,3.85829,0.5660326771994351
2019-10-10,5.329999923706055,5.329999923706055,5.300000190734863,5.329999923706055,2.374036,0.0
2019-10-13,5.309999942779541,5.340000152587891,5.289999961853027,5.300000190734863,3.06129,-0.5628467804992376
2019-10-14,5.300000190734863,5.340000152587891,5.300000190734863,5.340000152587891,2.466104,0.7547162342173674
2019-10-15,5.329999923706055,5.329999923706055,5.300000190734863,5.309999942779541,2.654315,-0.5618016657510938
2019-10-16,5.340000152587891,5.349999904632568,5.320000171661377,5.329999923706055,4.661512,0.37664747913432883
2019-10-17,5.320000171661377,5.320000171661377,5.260000228881836,5.28000020980835,3.118046,-0.9380809495948217
2019-10-20,5.28000020980835,5.320000171661377,5.28000020980835,5.28000020980835,2.038417,0.0
2019-10-21,5.289999961853027,5.320000171661377,5.28000020980835,5.28000020980835,3.428803,0.0
2019-10-22,5.28000020980835,5.340000152587891,5.28000020980835,5.340000152587891,2.764869,1.1363625074878314
2019-10-23,5.329999923706055,5.349999904632568,5.309999942779541,5.309999942779541,3.952366,-0.5618016657510938
2019-10-24,5.329999923706055,5.340000152587891,5.309999942779541,5.320000171661377,2.742809,0.188328229559298
2019-10-27,5.340000152587891,5.369999885559082,5.329999923706055,5.329999923706055,4.653001,0.1879652579325874
2019-10-28,5.329999923706055,5.360000133514404,5.300000190734863,5.300000190734863,3.078958,-0.5628467804992376
2019-10-29,5.320000171661377,5.340000152587891,5.28000020980835,5.28000020980835,3.921025,-0.3773581171086837
2019-10-30,5.300000190734863,5.309999942779541,5.260000228881836,5.309999942779541,4.065105,0.5681767382406999
2019-10-31,5.289999961853027,5.349999904632568,5.28000020980835,5.289999961853027,5.541352,-0.37664747913432883
2019-11-03,5.309999942779541,5.329999923706055,5.25,5.28000020980835,3.88602,-0.18903123094116125
2019-11-04,5.289999961853027,5.309999942779541,5.260000228881836,5.309999942779541,2.928509,0.5681767382406999
2019-11-05,5.28000020980835,5.300000190734863,5.269999980926514,5.300000190734863,2.88721,-0.18831924957504187
2019-11-06,5.300000190734863,5.309999942779541,5.260000228881836,5.289999961853027,2.115189,-0.1886835570179323
2019-11-07,5.28000020980835,5.320000171661377,5.269999980926514,5.289999961853027,3.215243,0.0
2019-11-10,5.300000190734863,5.300000190734863,5.260000228881836,5.260000228881836,2.013162,-0.5671027067584822
2019-11-11,5.269999980926514,5.289999961853027,5.260000228881836,5.260000228881836,3.022539,0.0
2019-11-12,5.28000020980835,5.300000190734863,5.269999980926514,5.300000190734863,2.693809,0.7604555154464343
2019-11-13,5.300000190734863,5.320000171661377,5.28000020980835,5.289999961853027,3.928964,-0.18868355701793238
2019-11-14,5.300000190734863,5.380000114440918,5.300000190734863,5.369999885559082,8.205802,1.512285903269306
2019-11-17,5.320000171661377,5.380000114440918,5.300000190734863,5.329999923706055,2.700592,-0.7448782626717443
2019-11-18,5.320000171661377,5.349999904632568,5.309999942779541,5.329999923706055,6.967872,0.0
2019-11-19,5.329999923706055,5.349999904632568,5.300000190734863,5.309999942779541,5.092167,-0.37523416909558405
2019-11-20,5.329999923706055,5.349999904632568,5.309999942779541,5.309999942779541,7.331078,0.0
2019-11-21,5.329999923706055,5.329999923706055,5.28000020980835,5.28000020980835,5.353619,-0.5649667287093818
2019-11-24,5.300000190734863,5.340000152587891,5.28000020980835,5.289999961853027,3.045423,0.1893892357447635
2019-11-25,5.289999961853027,5.289999961853027,5.289999961853027,5.289999961853027,1.664842,0.0
2019-11-26,5.329999923706055,5.360000133514404,5.269999980926514,5.269999980926514,13.641067,-0.3780714758173209
2019-11-27,5.309999942779541,5.369999885559082,5.300000190734863,5.360000133514404,5.286669,1.7077827877348015
2019-11-28,5.349999904632568,5.369999885559082,5.300000190734863,5.300000190734863,3.642724,-1.119401889645122
2019-12-01,5.300000190734863,5.300000190734863,5.300000190734863,5.300000190734863,0.0,0.0
2019-12-02,5.300000190734863,5.300000190734863,5.300000190734863,5.300000190734863,0.0,0.0
2019-12-03,5.300000190734863,5.300000190734863,5.300000190734863,5.300000190734863,0.0,0.0
2019-12-04,5.300000190734863,5.300000190734863,5.300000190734863,5.300000190734863,0.0,0.0
2019-12-05,5.340000152587891,5.360000133514404,5.300000190734863,5.340000152587891,3.27605,0.7547162342173674
2019-12-08,5.329999923706055,5.340000152587891,5.300000190734863,5.320000171661377,2.905868,-0.3745314673225475
2019-12-09,5.320000171661377,5.320000171661377,5.320000171661377,5.320000171661377,0.0,0.0
2019-12-10,5.320000171661377,5.320000171661377,5.320000171661377,5.320000171661377,0.0,0.0
2019-12-11,5.320000171661377,5.320000171661377,5.320000171661377,5.320000171661377,0.0,0.0
2019-12-12,5.320000171661377,5.320000171661377,5.320000171661377,5.320000171661377,0.0,0.0
2019-12-15,5.320000171661377,5.320000171661377,5.320000171661377,5.320000171661377,0.0,0.0
2019-12-16,5.409999847412109,5.429999828338623,5.400000095367432,5.420000076293945,5.258012,1.87969739484688
2019-12-17,5.429999828338623,5.489999771118164,5.429999828338623,5.480000019073486,7.856623,1.1070099987999793
2019-12-18,5.489999771118164,5.5,5.46999979019165,5.5,7.053003,0.3649631543230391
2019-12-19,5.5,5.5,5.400000095367432,5.400000095367432,8.556412,-1.818180084228516
2019-12-22,5.449999809265137,5.480000019073486,5.449999809265137,5.460000038146973,2.921002,1.111110031850071
2019-12-23,5.449999809265137,5.5,5.449999809265137,5.5,5.028238,0.7326000288198298
2019-12-24,5.5,5.510000228881836,5.429999828338623,5.5,3.584901,0.0
2019-12-25,5.5,5.510000228881836,5.46999979019165,5.510000228881836,1.534014,0.1818223433061039
2019-12-26,5.510000228881836,5.510000228881836,5.449999809265137,5.460000038146973,2.05601,-0.9074444402520476
2019-12-29,5.289999961853027,5.519999980926514,5.210000038146973,5.519999980926514,247.733938,1.0989000432297447
2019-12-30,5.5,5.559999942779541,5.5,5.550000190734863,4.232949,0.5434820636233795
2019-12-31,5.550000190734863,5.559999942779541,5.510000228881836,5.510000228881836,11.220208,-0.7207200086191579
2020-01-01,5.510000228881836,5.510000228881836,5.510000228881836,5.510000228881836,0.0,0.0
2020-01-02,5.539999961853027,5.559999942779541,5.510000228881836,5.53000020980835,0.896608,0.3629760452945163
2020-01-05,5.480000019073486,5.480000019073486,5.389999866485596,5.389999866485596,6.752456,-2.5316516819373858
2020-01-06,5.389999866485596,5.46999979019165,5.369999885559082,5.429999828338623,3.685906,0.7421143384760187
2020-01-07,5.46999979019165,5.5,5.449999809265137,5.5,6.185718,1.2891376404112087
2020-01-08,5.449999809265137,5.489999771118164,5.429999828338623,5.489999771118164,3.268453,-0.18182234330610392
2020-01-09,5.519999980926514,5.559999942779541,5.519999980926514,5.559999942779541,8.940055,1.2750487172993097
2020-01-13,5.53000020980835,5.579999923706055,5.53000020980835,5.579999923706055,2.911658,0.3597118908694741
2020-01-14,5.559999942779541,5.650000095367432,5.559999942779541,5.650000095367432,7.50442,1.2544833802593525
2020-01-15,5.630000114440918,5.699999809265137,5.630000114440918,5.699999809265137,5.658672,0.8849506735177037
2020-01-16,5.679999828338623,5.75,5.679999828338623,5.739999771118164,10.698867,0.7017537402020491
2020-01-19,5.760000228881836,5.809999942779541,5.71999979019165,5.78000020980835,6.97732,0.6968717819721082
2020-01-20,5.800000190734863,5.800000190734863,5.739999771118164,5.75,2.655581,-0.519034752930303
2020-01-21,5.75,5.78000020980835,5.730000019073486,5.760000228881836,2.829198,0.1739170240319332
2020-01-22,5.78000020980835,5.809999942779541,5.739999771118164,5.769999980926514,6.732578,0.17360679943270174
2020-01-23,5.760000228881836,5.860000133514404,5.760000228881836,5.860000133514404,7.61624,1.559794677389914
2020-01-26,5.849999904632568,5.849999904632568,5.78000020980835,5.78000020980835,3.276277,-1.3651863802616737
2020-01-27,5.789999961853027,5.789999961853027,5.650000095367432,5.679999828338623,9.24248,-1.7301103432493137
2020-01-28,5.699999809265137,5.739999771118164,5.670000076293945,5.699999809265137,4.679575,0.3521123508970936
2020-01-29,5.710000038146973,5.789999961853027,5.710000038146973,5.78000020980835,3.205997,1.4035158459685393
2020-01-30,5.78000020980835,5.78000020980835,5.699999809265137,5.710000038146973,4.005288,-1.2110755903190218
2020-02-02,1.2999999523162842,1.309999942779541,1.2999999523162842,1.2999999523162842,0.832235,-77.23292568071219
2020-02-03,5.659999847412109,5.730000019073486,5.659999847412109,5.659999847412109,3.634008,335.384619616898
2020-02-04,5.659999847412109,5.71999979019165,5.659999847412109,5.659999847412109,3.045899,0.0
2020-02-05,5.659999847412109,5.659999847412109,5.659999847412109,5.659999847412109,0.0,0.0
2020-02-06,5.690000057220459,5.75,5.679999828338623,5.679999828338623,7.512773,0.35335656299810836
2020-02-09,5.699999809265137,5.699999809265137,5.619999885559082,5.630000114440918,3.517822,-0.8802766797323947
2020-02-10,5.670000076293945,5.699999809265137,5.659999847412109,5.690000057220459,3.947487,1.065718322556353
2020-02-11,5.679999828338623,5.679999828338623,5.619999885559082,5.639999866485596,3.709278,-0.8787379654138006
2020-02-12,5.639999866485596,5.710000038146973,5.630000114440918,5.650000095367432,5.508359,0.17730902692498773
2020-02-13,5.699999809265137,5.760000228881836,5.650000095367432,5.690000057220459,17.766543,0.7079639146523986
2020-02-16,5.690000057220459,5.710000038146973,5.679999828338623,5.690000057220459,1.608493,0.0
2020-02-17,5.710000038146973,5.730000019073486,5.699999809265137,5.71999979019165,9.981438,0.5272360750352201
2020-02-18,5.739999771118164,5.75,5.710000038146973,5.75,3.721515,0.5244792116914532
2020-02-19,5.75,5.75,5.75,5.75,0.0,0.0
2020-02-20,5.730000019073486,5.730000019073486,5.670000076293945,5.670000076293945,5.732656,-1.3913030209748656
2020-02-23,5.699999809265137,5.699999809265137,5.650000095367432,5.679999828338623,2.56995,0.1763624675506836
2020-02-24,5.670000076293945,5.679999828338623,5.650000095367432,5.650000095367432,11.155597,-0.5281643288353122
2020-02-25,5.650000095367432,5.650000095367432,5.53000020980835,5.599999904632568,8.334528,-0.8849591131132817
2020-02-26,5.570000171661377,5.570000171661377,5.46999979019165,5.480000019073486,11.756256,-2.142855135761923
2020-02-27,5.480000019073486,5.480000019073486,5.380000114440918,5.400000095367432,7.978491,-1.4598526172921569
2020-03-01,5.369999885559082,5.369999885559082,5.239999771118164,5.260000228881836,14.100155,-2.592590074316836
2020-03-02,5.300000190734863,5.409999847412109,5.300000190734863,5.349999904632568,8.215311,1.7110203770820842
2020-03-03,5.389999866485596,5.550000190734863,5.389999866485596,5.400000095367432,5.201603,0.934583021049562
2020-03-04,5.360000133514404,5.369999885559082,5.309999942779541,5.309999942779541,9.25492,-1.6666694629339007
2020-03-05,5.369999885559082,5.389999866485596,5.239999771118164,5.309999942779541,7.402378,0.0
2020-03-08,5.199999809265137,5.199999809265137,4.789999961853027,4.900000095367432,20.632992,-7.721277812245953
2020-03-09,4.409999847412109,4.489999771118164,4.409999847412109,4.440000057220459,30.857599,-9.387755697839006
2020-03-10,4.519999980926514,4.909999847412109,4.519999980926514,4.900000095367432,15.501415,10.360361086007352
2020-03-11,4.940000057220459,4.949999809265137,4.860000133514404,4.869999885559082,8.142745,-0.6122491678461905
2020-03-12,4.409999847412109,4.579999923706055,4.389999866485596,4.46999979019165,36.658562,-8.213554512671429
2020-03-15,4.599999904632568,4.630000114440918,4.340000152587891,4.46999979019165,14.246771,0.0
2020-03-16,4.409999847412109,4.409999847412109,4.070000171661377,4.090000152587891,25.356344,-8.501110859950789
2020-03-17,4.090000152587891,4.239999771118164,3.920000076293945,4.059999942779541,18.963668,-0.7335014349416968
2020-03-18,4.099999904632568,4.199999809265137,4.059999942779541,4.119999885559082,7.839155,1.4778311237724884
2020-03-19,4.099999904632568,4.25,4.019999980926514,4.119999885559082,17.323464,0.0
2020-03-22,4.099999904632568,4.199999809265137,4.079999923706055,4.119999885559082,10.451712,0.0
2020-03-23,4.119999885559082,4.119999885559082,3.950000047683716,3.990000009536743,26.122312,-3.1553368843042606
2020-03-24,3.799999952316284,3.799999952316284,3.799999952316284,3.799999952316284,4.474146,-4.7619061846197575
2020-03-25,3.75,3.950000047683716,3.75,3.920000076293945,16.076001,3.1578980390385425
2020-03-26,3.920000076293945,3.920000076293945,3.799999952316284,3.799999952316284,8.485039,-3.061227592911475
2020-03-29,3.700000047683716,3.8299999237060547,3.700000047683716,3.7899999618530273,5.866606,-0.26315764707210976
2020-03-30,3.7899999618530273,3.7899999618530273,3.640000104904175,3.640000104904175,8.231854,-3.957779906560044
2020-03-31,3.6600000858306885,3.690000057220459,3.569999933242798,3.5999999046325684,10.644411,-1.0989065691980104
2020-04-01,3.5999999046325684,3.5999999046325684,3.4200000762939453,3.4200000762939453,11.272177,-4.999995364083065
2020-04-02,3.359999895095825,3.369999885559082,3.259999990463257,3.3499999046325684,19.006604,-2.046788599409388
2020-04-05,3.190000057220459,3.2799999713897705,3.190000057220459,3.190000057220459,16.427769,-4.776114984088586
2020-04-06,3.0399999618530273,3.2300000190734863,3.0399999618530273,3.0399999618530273,34.896694,-4.702197262596009
2020-04-07,3.0999999046325684,3.190000057220459,3.0999999046325684,3.140000104904175,20.410665,3.289478431117887
2020-04-08,3.140000104904175,3.1500000953674316,3.0399999618530273,3.0799999237060547,12.370033,-1.9108337322794822
2020-04-09,3.109999895095825,3.2300000190734863,3.109999895095825,3.190000057220459,17.981767,3.5714329947789336
2020-04-12,3.299999952316284,3.359999895095825,3.259999990463257,3.3499999046325684,19.828003,5.015669107903453
2020-04-13,3.369999885559082,3.450000047683716,3.3299999237060547,3.3399999141693115,15.493293,-0.29850718650553665
2020-04-14,3.369999885559082,3.4600000381469727,3.3399999141693115,3.4600000381469727,10.695794,3.5928181754910637
2020-04-15,3.4600000381469727,3.4600000381469727,3.369999885559082,3.440000057220459,8.485147,-0.5780341244511877
2020-04-16,3.4200000762939453,3.4200000762939453,3.3399999141693115,3.390000104904175,8.353561,-1.4534869617614077
2020-04-19,3.490000009536743,3.509999990463257,3.440000057220459,3.4700000286102295,10.769242,2.3598796823139256
2020-04-20,3.4600000381469727,3.4600000381469727,3.390000104904175,3.430000066757202,9.930843,-1.152736643320651
2020-04-21,3.359999895095825,3.359999895095825,3.2899999618530273,3.2899999618530273,15.11501,-4.08163563205216
2020-04-22,3.259999990463257,3.3299999237060547,3.200000047683716,3.319999933242798,9.095024,0.9118532443044058
2020-04-23,3.390000104904175,3.390000104904175,3.3399999141693115,3.359999895095825,7.519753,1.2048181523292234
2020-04-26,3.390000104904175,3.509999990463257,3.359999895095825,3.509999990463257,9.926002,4.464288691983831
2020-04-27,3.5199999809265137,3.5999999046325684,3.4800000190734863,3.5999999046325684,12.160658,2.5641001257505236
2020-04-28,3.509999990463257,3.6500000953674316,3.509999990463257,3.619999885559082,10.861961,0.5555550404536813
2020-04-29,3.5999999046325684,3.630000114440918,3.569999933242798,3.5899999141693115,5.67554,-0.8287285176291403
2020-04-30,3.700000047683716,3.700000047683716,3.630000114440918,3.6700000762939453,11.432389,2.2284168255515047
2020-05-03,3.6700000762939453,3.6700000762939453,3.6700000762939453,3.6700000762939453,0.0,0.0
2020-05-04,3.5199999809265137,3.559999942779541,3.4100000858306885,3.5399999618530273,6.051448,-3.542237377068269
2020-05-05,3.5799999237060547,3.609999895095825,3.490000009536743,3.509999990463257,6.340166,-0.847456828052251
2020-05-06,3.549999952316284,3.549999952316284,3.4600000381469727,3.4600000381469727,4.302106,-1.4245000698614008
2020-05-07,3.490000009536743,3.549999952316284,3.470000028610229,3.4800000190734863,4.466142,0.5780341244511877
2020-05-10,3.490000009536743,3.5,3.380000114440918,3.4200000762939453,6.083561,-1.724136277318622
2020-05-11,3.400000095367432,3.450000047683716,3.25,3.3399999141693115,18.403425,-2.33918597485312
2020-05-12,3.3499999046325684,3.359999895095825,3.2799999713897705,3.3299999237060547,8.550292,-0.2994009197675007
2020-05-13,3.3299999237060547,3.440000057220459,3.3299999237060547,3.4100000858306885,6.218453,2.402407326051814
2020-05-14,3.4100000858306885,3.4100000858306885,3.359999895095825,3.400000095367432,3.389064,-0.2932548449136152
2020-05-17,3.400000095367432,3.430000066757202,3.369999885559082,3.400000095367432,1.759088,0.0
2020-05-18,3.400000095367432,3.430000066757202,3.380000114440918,3.400000095367432,4.005073,0.0
2020-05-19,3.4100000858306885,3.450000047683716,3.380000114440918,3.390000104904175,3.510694,-0.2941173583166034
2020-05-20,3.430000066757202,3.430000066757202,3.380000114440918,3.400000095367432,2.719486,0.2949849602892351
2020-05-21,3.400000095367432,3.430000066757202,3.380000114440918,3.400000095367432,4.778064,0.0
2020-05-24,3.400000095367432,3.400000095367432,3.400000095367432,3.400000095367432,0.0,0.0
2020-05-25,3.400000095367432,3.400000095367432,3.400000095367432,3.400000095367432,0.0,0.0
2020-05-26,3.400000095367432,3.400000095367432,3.400000095367432,3.400000095367432,0.0,0.0
2020-05-27,3.4600000381469727,3.5199999809265137,3.4600000381469727,3.5,8.961017,2.941173583166079
2020-05-28,3.5199999809265137,3.569999933242798,3.5199999809265137,3.549999952316284,19.309229,1.4285700661795575
2020-05-31,3.569999933242798,3.569999933242798,3.4800000190734863,3.490000009536743,7.245933,-1.690139255928513
2020-06-01,3.490000009536743,3.5299999713897705,3.4600000381469727,3.5299999713897705,7.065558,1.1461307089892123
2020-06-02,3.5199999809265137,3.539999961853028,3.5,3.539999961853028,5.535543,0.2832858511134795
2020-06-03,3.539999961853028,3.619999885559082,3.539999961853028,3.609999895095825,7.419177,1.97739926545526
2020-06-04,3.5999999046325684,3.680000066757202,3.5999999046325684,3.680000066757202,11.948066,1.9390629832558126
2020-06-07,3.7100000381469727,4.03000020980835,3.7100000381469727,4.03000020980835,20.158174,9.51087327994442
2020-06-08,4.070000171661377,4.139999866485596,3.950000047683716,4.050000190734863,20.435781,0.49627741650823953
2020-06-09,4.050000190734863,4.050000190734863,3.920000076293945,3.9600000381469727,7.617545,-2.222225885168672
2020-06-10,3.880000114440918,3.9700000286102295,3.880000114440918,3.880000114440918,7.332406,-2.020200074126499
2020-06-11,3.880000114440918,3.900000095367432,3.859999895095825,3.890000104904175,5.954466,0.2577317053687133
2020-06-14,3.839999914169312,3.869999885559082,3.7699999809265137,3.869999885559082,5.096239,-0.5141444423067854
2020-06-15,3.799999952316284,3.8399999141693115,3.7899999618530273,3.8399999141693115,3.393873,-0.7751930820906638
2020-06-16,3.859999895095825,3.9100000858306885,3.8499999046325684,3.8499999046325684,2.661964,0.2604164241347462
2020-06-17,3.910000085830689,3.910000085830689,3.829999923706055,3.890000104904175,3.882332,1.0389662665569288
2020-06-18,3.859999895095825,3.9700000286102295,3.849999904632568,3.9700000286102295,9.571818,2.056553253178528
2020-06-21,3.930000066757202,3.930000066757202,3.859999895095825,3.869999885559082,3.606725,-2.518895272808208
2020-06-22,3.890000104904175,3.940000057220459,3.869999885559082,3.940000057220459,3.490841,1.8087900188985317
2020-06-23,3.940000057220459,3.950000047683716,3.920000076293945,3.950000047683716,3.348654,0.2538068608636479
2020-06-24,3.950000047683716,3.9700000286102295,3.880000114440918,3.880000114440918,4.67164,-1.7721501872853374
2020-06-25,3.869999885559082,3.920000076293945,3.849999904632568,3.880000114440918,3.987754,0.0
2020-06-28,3.859999895095825,3.9200000762939453,3.859999895095825,3.890000104904175,1.560214,0.25773170536871337
2020-06-29,3.910000085830689,3.910000085830689,3.859999895095825,3.859999895095825,1.350202,-0.7712135989541014
2020-06-30,3.869999885559082,3.9000000953674316,3.819999933242798,3.819999933242798,4.441405,-1.036268469951196
2020-07-01,3.8299999237060547,3.859999895095825,3.819999933242798,3.8299999237060547,3.121944,0.2617798596338705
2020-07-02,3.839999914169312,3.880000114440918,3.809999942779541,3.880000114440918,3.630423,1.3054880347486142
2020-07-05,3.880000114440918,3.880000114440918,3.859999895095825,3.859999895095825,0.849768,-0.5154695555459998
2020-07-06,3.900000095367432,3.910000085830689,3.859999895095825,3.910000085830689,2.832075,1.2953417640862996
2020-07-07,3.9100000858306885,3.9200000762939453,3.880000114440918,3.9100000858306885,3.163533,0.0
2020-07-08,3.930000066757202,3.930000066757202,3.869999885559082,3.869999885559082,5.459351,-1.0230230023922982
2020-07-09,3.869999885559082,3.890000104904175,3.859999895095825,3.859999895095825,3.412105,-0.2583976940302213
2020-07-12,3.910000085830689,3.910000085830689,3.869999885559082,3.900000095367432,1.041305,1.0362746465985009
2020-07-13,3.900000095367432,3.900000095367432,3.859999895095825,3.900000095367432,1.427726,0.0
2020-07-14,3.859999895095825,3.880000114440918,3.8499999046325684,3.880000114440918,3.600092,-0.5128200112166748
2020-07-15,3.859999895095825,3.890000104904175,3.8499999046325684,3.880000114440918,2.724949,0.0
2020-07-16,3.869999885559082,3.880000114440918,3.8499999046325684,3.8499999046325684,3.34162,-0.7732012609147132
2020-07-19,3.890000104904175,3.890000104904175,3.859999895095825,3.869999885559082,0.513921,0.5194800369332064
2020-07-20,3.869999885559082,3.869999885559082,3.819999933242798,3.819999933242798,3.30737,-1.2919884701511064
2020-07-21,3.809999942779541,3.8499999046325684,3.759999990463257,3.809999942779541,7.79924,-0.2617798596338705
2020-07-22,3.839999914169312,3.849999904632568,3.799999952316284,3.819999933242798,3.862932,0.262466945234685
2020-07-23,3.809999942779541,3.829999923706055,3.7699999809265137,3.799999952316284,4.238923,-0.5235597192677299
2020-07-26,3.799999952316284,3.829999923706055,3.7799999713897705,3.7799999713897705,1.091785,-0.5263152941442195
2020-07-27,3.839999914169312,3.839999914169312,3.75,3.7699999809265137,3.078477,-0.2645500142578139
2020-07-28,3.7699999809265137,3.809999942779541,3.759999990463257,3.799999952316284,2.088565,0.7957552133036838
2020-07-29,3.799999952316284,3.799999952316284,3.759999990463257,3.7699999809265137,3.684115,-0.7894729412163293
2020-07-30,3.7699999809265137,3.7699999809265137,3.7699999809265137,3.7699999809265137,0.0,0.0
2020-08-02,3.7699999809265137,3.7699999809265137,3.7699999809265137,3.7699999809265137,0.0,0.0
2020-08-03,3.819999933242798,3.819999933242798,3.7799999713897705,3.809999942779541,1.072361,1.0610069510715636
2020-08-04,3.799999952316284,3.819999933242798,3.7899999618530273,3.7899999618530273,1.793551,-0.5249338904693812
2020-08-05,3.799999952316284,3.809999942779541,3.7799999713897705,3.7799999713897705,1.854653,-0.2638519937706696
2020-08-06,3.819999933242798,3.839999914169312,3.809999942779541,3.839999914169312,1.90802,1.587300085546861
2020-08-09,3.8499999046325684,3.8499999046325684,3.809999942779541,3.809999942779541,1.898771,-0.7812492724042275
2020-08-10,3.819999933242798,3.839999914169312,3.809999942779541,3.819999933242798,1.667289,0.262466945234685
2020-08-11,3.839999914169312,3.839999914169312,3.819999933242798,3.819999933242798,1.2258,0.0
2020-08-12,3.849999904632568,3.849999904632568,3.819999933242798,3.849999904632568,2.733097,0.7853395789016115
2020-08-13,3.849999904632568,3.890000104904175,3.849999904632568,3.890000104904175,5.227122,1.0389662665569288
2020-08-16,3.9000000953674316,3.950000047683716,3.890000104904175,3.950000047683716,4.68874,1.542414939883896
2020-08-17,3.950000047683716,3.9800000190734863,3.940000057220459,3.9700000286102295,6.644376,0.5063286249386678
2020-08-18,3.9800000190734863,4.070000171661377,3.950000047683716,4.070000171661377,15.380848,2.518895272808197
2020-08-19,4.059999942779541,4.130000114440918,4.03000020980835,4.110000133514404,9.582258,0.9828000040771334
2020-08-20,4.110000133514404,4.110000133514404,4.110000133514404,4.110000133514404,0.0,0.0
2020-08-23,4.110000133514404,4.110000133514404,4.110000133514404,4.110000133514404,0.0,0.0
2020-08-24,4.099999904632568,4.119999885559082,4.070000171661377,4.119999885559082,3.110822,0.2433029615531268
2020-08-25,4.130000114440918,4.199999809265137,4.130000114440918,4.199999809265137,7.358434,1.9417457749564715
2020-08-26,4.199999809265137,4.199999809265137,4.099999904632568,4.119999885559082,4.832527,-1.9047601747403944
2020-08-27,4.119999885559082,4.190000057220459,4.119999885559082,4.139999866485596,4.501719,0.4854364437391067
2020-08-30,4.150000095367432,4.199999809265137,4.119999885559082,4.130000114440918,7.640771,-0.24153991225044358
2020-08-31,4.139999866485596,4.179999828338623,4.099999904632568,4.099999904632568,8.528602,-0.72639731179307
2020-09-01,4.139999866485596,4.150000095367432,4.119999885559082,4.139999866485596,3.536886,0.9756088483765968
2020-09-02,4.170000076293945,4.170000076293945,4.139999866485596,4.150000095367432,3.660329,0.2415514300565746
2020-09-03,4.170000076293945,4.28000020980835,4.159999847412109,4.28000020980835,7.626048,3.132532806108479
2020-09-06,4.210000038146973,4.28000020980835,4.190000057220459,4.25,4.840229,-0.7009394471429897
2020-09-07,4.25,4.300000190734863,4.239999771118164,4.289999961853027,5.183856,0.9411755730124094
2020-09-08,4.309999942779541,4.340000152587891,4.28000020980835,4.340000152587891,5.379204,1.1655056218990323
2020-09-09,4.300000190734863,4.389999866485596,4.28000020980835,4.369999885559082,6.654098,0.6912380625909265
2020-09-10,4.389999866485596,4.389999866485596,4.340000152587891,4.340000152587891,3.663928,-0.6864927633139617
2020-09-13,4.369999885559082,4.369999885559082,4.289999961853027,4.329999923706055,5.613152,-0.23042001221758035
2020-09-14,4.320000171661377,4.349999904632568,4.289999961853027,4.309999942779541,2.784999,-0.46189333207644623
2020-09-15,4.300000190734863,4.340000152587891,4.300000190734863,4.309999942779541,2.913687,0.0
2020-09-16,4.300000190734863,4.329999923706055,4.300000190734863,4.309999942779541,3.610592,0.0
2020-09-17,4.329999923706055,4.349999904632568,4.289999961853027,4.349999904632568,8.407576,0.9280733731803936
2020-09-20,4.309999942779541,4.329999923706055,4.289999961853027,4.320000171661377,3.785309,-0.6896490489400442
2020-09-21,4.320000171661377,4.320000171661377,4.199999809265137,4.199999809265137,6.844998,-2.7777860562003376
2020-09-22,4.190000057220459,4.239999771118164,4.130000114440918,4.199999809265137,5.961336,0.0
2020-09-23,4.199999809265137,4.320000171661377,4.199999809265137,4.300000190734863,7.68611,2.3809615716916754
2020-09-24,4.25,4.300000190734863,4.25,4.269999980926514,4.052557,-0.6976792669216803
2020-09-27,4.25,4.300000190734863,4.25,4.260000228881836,1.655217,-0.23418623160058605
2020-09-28,4.28000020980835,4.349999904632568,4.260000228881836,4.309999942779541,5.669699,1.1737021411106552
2020-09-29,4.320000171661377,4.369999885559082,4.309999942779541,4.320000171661377,5.44731,0.232023875048748
2020-09-30,4.300000190734863,4.340000152587891,4.289999961853027,4.320000171661377,3.537018,0.0
2020-10-01,4.28000020980835,4.320000171661377,4.28000020980835,4.320000171661377,2.276355,0.0
2020-10-04,4.28000020980835,4.289999961853027,4.230000019073486,4.230000019073486,2.507182,-2.0833367826760707
2020-10-05,4.269999980926514,4.269999980926514,4.199999809265137,4.210000038146973,2.921493,-0.4728127857288822
2020-10-06,4.230000019073486,4.260000228881836,4.199999809265137,4.199999809265137,3.846253,-0.2375351256822644
2020-10-07,4.239999771118164,4.239999771118164,4.179999828338623,4.179999828338623,1.118016,-0.47619004368509854
2020-10-08,4.199999809265137,4.239999771118164,4.159999847412109,4.230000019073486,2.697227,1.1961768609626056
2020-10-11,4.239999771118164,4.239999771118164,4.199999809265137,4.230000019073486,0.904937,0.0
2020-10-12,4.21999979019165,4.21999979019165,4.199999809265137,4.21999979019165,4.685211,-0.23641202923744276
2020-10-13,4.21999979019165,4.239999771118164,4.199999809265137,4.210000038146973,6.222932,-0.2369609607071443
2020-10-14,4.21999979019165,4.21999979019165,4.150000095367432,4.150000095367432,21.55235,-1.425176775199033
2020-10-15,4.150000095367432,4.190000057220459,4.139999866485596,4.150000095367432,6.429687,0.0
2020-10-18,4.150000095367432,4.150000095367432,4.150000095367432,4.150000095367432,0.0,0.0
2020-10-19,4.150000095367432,4.150000095367432,4.150000095367432,4.150000095367432,0.0,0.0
2020-10-20,4.150000095367432,4.150000095367432,4.150000095367432,4.150000095367432,0.0,0.0
2020-10-21,4.150000095367432,4.150000095367432,4.150000095367432,4.150000095367432,0.0,0.0
2020-10-22,4.110000133514404,4.119999885559082,4.099999904632568,4.110000133514404,7.678466,-0.963854480333115
2020-10-25,4.130000114440918,4.139999866485596,4.099999904632568,4.099999904632568,2.124636,-0.24331456343007485
2020-10-26,4.099999904632568,4.159999847412109,4.099999904632568,4.119999885559082,3.93287,0.4878044241882984
2020-10-27,4.119999885559082,4.159999847412109,4.099999904632568,4.150000095367432,7.192342,0.7281604524675522
2020-10-28,4.159999847412109,4.179999828338623,4.130000114440918,4.159999847412109,5.248617,0.24095787505740152
2020-10-29,4.159999847412109,4.159999847412109,4.159999847412109,4.159999847412109,0.0,0.0
2020-11-01,4.139999866485596,4.139999866485596,4.090000152587891,4.110000133514404,3.188379,-1.201916243550094
2020-11-02,4.119999885559082,4.130000114440918,4.090000152587891,4.090000152587891,6.735766,-0.48661752498319055
2020-11-03,4.119999885559082,4.119999885559082,4.010000228881836,4.010000228881836,11.119508,-1.9559882816981289
2020-11-04,4.090000152587891,4.090000152587891,4.0,4.079999923706055,6.355401,1.7456282002192847
2020-11-05,4.090000152587891,4.150000095367432,4.019999980926514,4.079999923706055,9.261195,0.0
2020-11-08,4.079999923706055,4.110000133514404,4.079999923706055,4.110000133514404,2.264991,0.7352992737583053
2020-11-09,4.099999904632568,4.159999847412109,4.099999904632568,4.159999847412109,6.569205,1.216538011519508
2020-11-10,4.159999847412109,4.28000020980835,4.150000095367432,4.25,18.164587,2.1634652857951187
2020-11-11,4.28000020980835,4.28000020980835,4.21999979019165,4.269999980926514,6.025592,0.4705877865061936
2020-11-12,4.25,4.260000228881836,4.230000019073486,4.239999771118164,3.123576,-0.7025810290949952
2020-11-15,4.239999771118164,4.269999980926514,4.21999979019165,4.239999771118164,3.112469,0.0
2020-11-16,4.260000228881836,4.269999980926514,4.21999979019165,4.230000019073486,6.109622,-0.2358432213320771
2020-11-17,4.25,4.289999961853027,4.230000019073486,4.239999771118164,12.235397,0.2364007564914283
2020-11-18,4.260000228881836,4.340000152587891,4.239999771118164,4.28000020980835,17.741276,0.943406623808296
2020-11-19,4.269999980926514,4.28000020980835,4.239999771118164,4.260000228881836,4.787708,-0.4672892510771409
2020-11-22,4.260000228881836,4.309999942779541,4.25,4.300000190734863,7.40344,0.9389661902325042
2020-11-23,4.300000190734863,4.340000152587891,4.300000190734863,4.340000152587891,8.573713,0.9302316297383983
2020-11-24,4.349999904632568,4.429999828338623,4.349999904632568,4.400000095367432,18.037082,1.382487112212738
2020-11-25,4.429999828338623,4.489999771118164,4.429999828338623,4.440000057220459,15.644128,0.9090900224102638
2020-11-26,4.449999809265137,4.46999979019165,4.420000076293945,4.46999979019165,5.895306,0.6756696528056327
2020-11-29,4.46999979019165,4.489999771118164,4.429999828338623,4.460000038146973,6.292309,-0.22370810993369572
2020-11-30,4.460000038146973,4.480000019073486,4.409999847412109,4.480000019073486,14.430565,0.448430061781413
2020-12-01,4.480000019073486,4.480000019073486,4.480000019073486,4.480000019073486,0.0,0.0
2020-12-02,4.480000019073486,4.480000019073486,4.480000019073486,4.480000019073486,0.0,0.0
2020-12-03,4.480000019073486,4.480000019073486,4.480000019073486,4.480000019073486,0.0,0.0
2020-12-06,4.480000019073486,4.579999923706055,4.480000019073486,4.579999923706055,13.150504,2.2321407189022535
2020-12-07,4.519999980926514,4.590000152587891,4.519999980926514,4.539999961853027,13.092949,-0.873361627060032
2020-12-08,4.53000020980835,4.599999904632568,4.5,4.570000171661377,11.308842,0.6607975784234332
2020-12-09,4.579999923706055,4.619999885559082,4.559999942779541,4.590000152587891,7.611349,0.4376363276862305
2020-12-10,4.610000133514404,4.679999828338623,4.570000171661377,4.659999847412109,7.489394,1.5250477668230955
2020-12-13,4.679999828338623,4.699999809265137,4.650000095367432,4.679999828338623,3.626191,0.4291841541072205
2020-12-14,4.699999809265137,4.699999809265137,4.659999847412109,4.670000076293945,3.631024,-0.2136699233219352
2020-12-15,4.679999828338623,4.699999809265137,4.650000095367432,4.650000095367432,4.188269,-0.4282651092028522
2020-12-16,4.670000076293945,4.690000057220459,4.650000095367432,4.650000095367432,5.497899,0.0
2020-12-17,4.650000095367432,4.670000076293945,4.650000095367432,4.659999847412109,2.762962,0.2150484266578933
2020-12-20,4.690000057220459,4.690000057220459,4.670000076293945,4.670000076293945,1.598199,0.2145971933322998
2020-12-21,4.599999904632568,4.599999904632568,4.440000057220459,4.460000038146973,18.335005,-4.496788751952785
2020-12-22,4.46999979019165,4.579999923706055,4.46999979019165,4.579999923706055,6.526931,2.6905803706885
2020-12-23,4.550000190734863,4.650000095367432,4.519999980926514,4.650000095367432,7.328989,1.528388053000973
2020-12-24,4.659999847412109,4.679999828338623,4.619999885559082,4.679999828338623,7.648845,0.6451555345359905
2020-12-27,4.650000095367432,4.690000057220459,4.639999866485596,4.639999866485596,1.836824,-0.8547000709448138
2020-12-28,4.679999828338623,4.679999828338623,4.599999904632568,4.639999866485596,3.101328,0.0
2020-12-29,4.639999866485596,4.659999847412109,4.610000133514404,4.610000133514404,2.853138,-0.6465459878108537
2020-12-30,4.630000114440918,4.639999866485596,4.599999904632568,4.610000133514404,4.277583,0.0
2020-12-31,4.619999885559082,4.619999885559082,4.590000152587891,4.610000133514404,4.290897,0.0
2021-01-03,4.610000133514404,4.630000114440918,4.579999923706055,4.579999923706055,2.576439,-0.6507637513988307
2021-01-04,4.599999904632568,4.679999828338623,4.590000152587891,4.659999847412109,8.465897,1.746723254120064
2021-01-05,4.670000076293945,4.710000038146973,4.659999847412109,4.699999809265137,11.166462,0.8583683082144411
2021-01-06,4.699999809265137,4.710000038146973,4.659999847412109,4.679999828338623,4.995756,-0.4255315263436254
2021-01-07,4.679999828338623,4.699999809265137,4.650000095367432,4.690000057220459,8.092068,0.2136801121504827
2021-01-10,4.699999809265137,4.860000133514404,4.699999809265137,4.829999923706055,18.546466,2.9850717436572305
2021-01-11,4.829999923706055,4.880000114440918,4.789999961853027,4.869999885559082,7.865518,0.8281565731855123
2021-01-12,4.849999904632568,4.940000057220459,4.849999904632568,4.929999828338623,9.968097,1.232031708203074
2021-01-13,4.929999828338623,4.980000019073486,4.909999847412109,4.980000019073486,12.609107,1.014202687137078
2021-01-14,4.980000019073486,5.0,4.949999809265137,4.96999979019165,6.695395,-0.2008078081031095
2021-01-17,4.949999809265137,5.0,4.929999828338623,4.960000038146973,11.74452,-0.20120226291382437
2021-01-18,4.949999809265137,5.039999961853027,4.949999809265137,5.0,16.782249,0.8064508376086854
2021-01-19,5.070000171661377,5.139999866485596,5.070000171661377,5.079999923706055,21.0324,1.5999984741210893
2021-01-20,5.090000152587891,5.150000095367432,5.079999923706055,5.119999885559082,13.01894,0.7874008357040552
2021-01-21,5.139999866485596,5.139999866485596,5.010000228881836,5.03000020980835,9.787151,-1.7578062062965194
2021-01-24,5.050000190734863,5.050000190734863,4.960000038146973,5.039999961853027,6.935945,0.19880221923607166
2021-01-25,5.039999961853027,5.079999923706055,5.03000020980835,5.039999961853027,4.96056,0.0
2021-01-26,5.03000020980835,5.039999961853027,4.960000038146973,5.0,5.511955,-0.7936500427734305
2021-01-27,5.0,5.119999885559082,4.980000019073486,5.099999904632568,17.010719,1.9999980926513672
2021-01-28,5.050000190734863,5.110000133514404,5.019999980926514,5.039999961853027,12.438802,-1.1764694882648974
2021-01-31,5.019999980926514,5.050000190734863,4.949999809265137,4.949999809265137,5.522827,-1.7857173267676107
2021-02-01,4.96999979019165,5.070000171661377,4.96999979019165,5.010000228881836,6.965324,1.212129735932388
2021-02-02,5.039999961853027,5.070000171661377,5.019999980926514,5.039999961853027,5.748822,0.5987970379371932
2021-02-03,5.039999961853027,5.059999942779541,5.010000228881836,5.039999961853027,2.731568,0.0
2021-02-04,4.989999771118164,5.03000020980835,4.980000019073486,5.010000228881836,5.899615,-0.5952328015526698
2021-02-07,5.010000228881836,5.010000228881836,4.96999979019165,5.0,5.173783,-0.1996053577839385
2021-02-08,5.019999980926514,5.03000020980835,4.980000019073486,5.0,3.304785,0.0
2021-02-09,4.980000019073486,5.010000228881836,4.960000038146973,4.96999979019165,2.983131,-0.6000041961669922
2021-02-10,4.949999809265137,5.0,4.929999828338623,4.929999828338623,2.895733,-0.8048282402741247
2021-02-11,4.929999828338623,4.960000038146973,4.900000095367432,4.929999828338623,5.132272,0.0
2021-02-14,4.960000038146973,4.960000038146973,4.929999828338623,4.929999828338623,1.344158,0.0
2021-02-15,4.929999828338623,4.929999828338623,4.929999828338623,4.929999828338623,0.0,0.0
2021-02-16,4.820000171661377,4.889999866485596,4.75,4.800000190734863,17.480587,-2.6369095766798134
2021-02-17,4.789999961853027,4.820000171661377,4.730000019073486,4.730000019073486,7.468582,-1.4583368516629225
2021-02-18,4.730000019073486,4.800000190734863,4.710000038146973,4.789999961853027,2.632737,1.2684977280675414
2021-02-21,4.809999942779541,4.809999942779541,4.78000020980835,4.789999961853027,1.864128,0.0
2021-02-22,4.78000020980835,4.789999961853027,4.710000038146973,4.78000020980835,5.179522,-0.2087630923656491
2021-02-23,4.78000020980835,4.820000171661377,4.769999980926514,4.769999980926514,4.077457,-0.2092098000605946
2021-02-24,4.769999980926514,4.800000190734863,4.760000228881836,4.760000228881836,4.086635,-0.20963840848350346
2021-02-25,4.800000190734863,4.809999942779541,4.75,4.75,7.023212,-0.2100888319533811
2021-02-28,4.75,4.809999942779541,4.739999771118164,4.789999961853027,4.194907,0.8421044600637417
2021-03-01,4.800000190734863,4.820000171661377,4.789999961853027,4.789999961853027,8.671309,0.0
2021-03-02,4.809999942779541,4.840000152587891,4.789999961853027,4.829999923706055,7.947209,0.8350722791562015
2021-03-03,4.849999904632568,4.849999904632568,4.800000190734863,4.840000152587891,4.645343,0.2070440794989192
2021-03-04,4.829999923706055,4.829999923706055,4.78000020980835,4.800000190734863,5.527761,-0.8264454667762711
2021-03-07,4.820000171661377,4.820000171661377,4.760000228881836,4.769999980926514,4.479516,-0.6250043461718424
2021-03-08,4.800000190734863,4.800000190734863,4.710000038146973,4.71999979019165,8.153256,-1.048222032176016
2021-03-09,4.71999979019165,4.71999979019165,4.630000114440918,4.670000076293945,10.557579,-1.0593160194965812
2021-03-10,4.690000057220459,4.690000057220459,4.630000114440918,4.639999866485596,9.14978,-0.6424027691270928
2021-03-11,4.630000114440918,4.730000019073486,4.630000114440918,4.710000038146973,3.585455,1.508624432663952
2021-03-14,4.71999979019165,4.829999923706055,4.71999979019165,4.820000171661377,6.3531,2.3354592913693795
2021-03-15,4.820000171661377,4.840000152587891,4.800000190734863,4.820000171661377,3.910726,0.0
2021-03-16,4.849999904632568,4.849999904632568,4.78000020980835,4.800000190734863,6.520208,-0.4149373488428698
2021-03-17,4.809999942779541,4.829999923706055,4.769999980926514,4.78000020980835,5.234896,-0.4166662527455345
2021-03-18,4.800000190734863,4.820000171661377,4.78000020980835,4.800000190734863,9.924508,0.41840962444885665
2021-03-21,4.820000171661377,4.829999923706055,4.789999961853027,4.789999961853027,3.694877,-0.20833809342630794
2021-03-22,4.800000190734863,4.800000190734863,4.75,4.800000190734863,33.307685,0.2087730472124516
2021-03-23,4.769999980926514,4.800000190734863,4.769999980926514,4.800000190734863,3.785163,0.0
2021-03-24,4.78000020980835,4.78000020980835,4.71999979019165,4.769999980926514,10.030543,-0.6250043461718424
2021-03-25,4.579999923706055,4.599999904632568,4.539999961853027,4.570000171661377,4.111821,-4.192868135531713
2021-03-28,4.579999923706055,4.590000152587891,4.550000190734863,4.570000171661377,3.026195,0.0
2021-03-29,4.550000190734863,4.579999923706055,4.480000019073486,4.539999961853027,8.206167,-0.6564597085659041
2021-03-30,4.519999980926514,4.570000171661377,4.519999980926514,4.539999961853027,3.371905,0.0
2021-03-31,4.579999923706055,4.579999923706055,4.550000190734863,4.550000190734863,3.222439,0.2202693604815397
2021-04-01,4.550000190734863,4.570000171661377,4.539999961853027,4.550000190734863,2.406341,0.0
2021-04-04,4.559999942779541,4.590000152587891,4.550000190734863,4.550000190734863,1.601264,0.0
2021-04-05,4.570000171661377,4.650000095367432,4.559999942779541,4.650000095367432,3.400749,2.19780000968346
2021-04-06,4.659999847412109,4.670000076293945,4.53000020980835,4.599999904632568,8.359569,-1.0752728969764092
2021-04-07,4.599999904632568,4.599999904632568,4.570000171661377,4.599999904632568,1.566907,0.0
2021-04-08,4.599999904632568,4.630000114440918,4.550000190734863,4.619999885559082,3.986937,0.4347822030685622
2021-04-11,4.630000114440918,4.639999866485596,4.599999904632568,4.599999904632568,2.255423,-0.43290003077767203
2021-04-12,4.619999885559082,4.619999885559082,4.579999923706055,4.590000152587891,3.49984,-0.2173859185215843
2021-04-13,4.630000114440918,4.630000114440918,4.510000228881836,4.510000228881836,10.968658,-1.742917669859989
2021-04-14,4.510000228881836,4.559999942779541,4.46999979019165,4.5,6.468425,-0.221734553754449
2021-04-15,4.46999979019165,4.53000020980835,4.460000038146973,4.5,9.889673,0.0
2021-04-18,4.5,4.559999942779541,4.5,4.53000020980835,5e-06,0.6666713290744308
2021-04-19,4.559999942779541,4.559999942779541,4.53000020980835,4.539999961853027,2.937789,0.2207450680250744
2021-04-20,4.53000020980835,4.559999942779541,4.519999980926514,4.519999980926514,4.969038,-0.4405282179418934
2021-04-21,4.519999980926514,4.519999980926514,4.489999771118164,4.489999771118164,3.615718,-0.6637214587377094
2021-04-22,4.53000020980835,4.539999961853027,4.489999771118164,4.519999980926514,3.481522,0.6681561545130776
2021-04-25,4.510000228881836,4.53000020980835,4.5,4.519999980926514,2.92441,0.0
2021-04-26,4.510000228881836,4.559999942779541,4.510000228881836,4.559999942779541,4.05058,0.8849549119871458
2021-04-27,4.559999942779541,4.559999942779541,4.5,4.510000228881836,4.550871,-1.0964849676561195
2021-04-28,4.5,4.5,4.449999809265137,4.46999979019165,7.825585,-0.8869276421323513
2021-04-29,4.5,4.519999980926514,4.449999809265137,4.449999809265137,3.45011,-0.4474268873658316
2021-05-02,4.449999809265137,4.480000019073486,4.440000057220459,4.440000057220459,0.0,-0.22471353872549615
2021-05-03,4.460000038146973,4.519999980926514,4.449999809265137,4.5,3.719423,1.351350045186761
2021-05-04,4.510000228881836,4.519999980926514,4.449999809265137,4.449999809265137,4.294479,-1.1111153496636272
2021-05-05,4.480000019073486,4.5,4.460000038146973,4.489999771118164,1.749172,0.8988755857864295
2021-05-06,4.46999979019165,4.510000228881836,4.46999979019165,4.489999771118164,2.051592,0.0
2021-05-09,4.510000228881836,4.550000190734863,4.510000228881836,4.539999961853027,3.750253,1.113590050861224
2021-05-10,4.550000190734863,4.550000190734863,4.53000020980835,4.550000190734863,3.128541,0.2202693604815397
2021-05-11,4.550000190734863,4.550000190734863,4.550000190734863,4.550000190734863,0.0,0.0
2021-05-12,4.550000190734863,4.550000190734863,4.550000190734863,4.550000190734863,0.0,0.0
2021-05-13,4.550000190734863,4.550000190734863,4.550000190734863,4.550000190734863,0.0,0.0
2021-05-16,4.519999980926514,4.559999942779541,4.510000228881836,4.550000190734863,4.555333,0.0
2021-05-17,4.550000190734863,4.599999904632568,4.550000190734863,4.559999942779541,10.583892,0.21977476099979132
2021-05-18,4.579999923706055,4.599999904632568,4.570000171661377,4.579999923706055,6.548186,0.43859607845351256
2021-05-19,4.579999923706055,4.619999885559082,4.559999942779541,4.590000152587891,12.996763,0.21834561241091954
2021-05-20,4.599999904632568,4.699999809265137,4.590000152587891,4.670000076293945,16.180364,1.742917669859989
2021-05-23,4.690000057220459,4.78000020980835,4.690000057220459,4.760000228881836,11.593419,1.9271980967356492
2021-05-24,4.760000228881836,4.860000133514404,4.710000038146973,4.829999923706055,13.733529,1.47058175332615
2021-05-25,4.829999923706055,4.880000114440918,4.809999942779541,4.880000114440918,10.47157,1.0352006526844535
2021-05-26,4.889999866485596,4.949999809265137,4.849999904632568,4.889999866485596,14.663728,0.20491294692979167
2021-05-27,4.900000095367432,4.900000095367432,4.820000171661377,4.829999923706055,16.353892,-1.2269927283794058
2021-05-30,4.829999923706055,4.860000133514404,4.800000190734863,4.809999942779541,4.195772,-0.41407828659275614
2021-05-31,4.809999942779541,4.809999942779541,4.760000228881836,4.769999980926514,5.671639,-0.8316000484173136
2021-06-01,4.769999980926514,4.829999923706055,4.769999980926514,4.829999923706055,3.808994,1.2578604406595195
2021-06-02,4.840000152587891,4.880000114440918,4.820000171661377,4.869999885559082,6.96135,0.8281565731855123
2021-06-03,4.869999885559082,4.869999885559082,4.809999942779541,4.860000133514404,2.987195,-0.2053337223750229
2021-06-06,4.860000133514404,4.929999828338623,4.849999904632568,4.920000076293945,8.248329,1.2345666899427288
2021-06-07,4.940000057220459,4.96999979019165,4.909999847412109,4.96999979019165,7.918638,1.016254331755384
2021-06-08,4.980000019073486,4.989999771118164,4.949999809265137,4.980000019073486,6.578026,0.2012118572232379
2021-06-09,4.980000019073486,5.039999961853027,4.980000019073486,5.0,6.736226,0.4016060411629274
2021-06-10,4.980000019073486,5.050000190734863,4.960000038146973,5.019999980926514,6.160824,0.3999996185302779
2021-06-13,5.050000190734863,5.050000190734863,4.989999771118164,5.019999980926514,1.834173,0.0
2021-06-14,5.0,5.059999942779541,5.0,5.010000228881836,5.003113,-0.1991982486588051
2021-06-15,5.03000020980835,5.039999961853027,4.96999979019165,4.96999979019165,5.677594,-0.798411913428454
2021-06-16,4.96999979019165,4.96999979019165,4.900000095367432,4.900000095367432,5.572495,-1.4084446233250114
2021-06-17,4.900000095367432,4.940000057220459,4.860000133514404,4.940000057220459,13.002204,0.8163257362146625
2021-06-20,4.940000057220459,4.940000057220459,4.880000114440918,4.900000095367432,3.144598,-0.8097158176053498
2021-06-21,4.889999866485596,4.920000076293945,4.880000114440918,4.880000114440918,4.271407,-0.40816286810733127
2021-06-22,4.889999866485596,4.920000076293945,4.889999866485596,4.889999866485596,3.024054,0.20491294692979167
2021-06-23,4.889999866485596,4.920000076293945,4.880000114440918,4.889999866485596,5.447409,0.0
2021-06-24,4.889999866485596,4.900000095367432,4.860000133514404,4.869999885559082,5.722922,-0.4089975761264686
2021-06-27,4.869999885559082,4.920000076293945,4.869999885559082,4.880000114440918,2.908274,0.20534351369265735
2021-06-28,4.889999866485596,4.889999866485596,4.829999923706055,4.829999923706055,4.404405,-1.0245940484079563
2021-06-29,4.840000152587891,4.860000133514404,4.820000171661377,4.860000133514404,2.155677,0.6211223660916865
2021-06-30,4.860000133514404,4.869999885559082,4.820000171661377,4.820000171661377,2.776492,-0.8230444599618192
2021-07-01,4.840000152587891,4.869999885559082,4.829999923706055,4.829999923706055,1.261949,0.20746372797806334
2021-07-04,4.869999885559082,4.869999885559082,4.829999923706055,4.849999904632568,1.324818,0.41407828659276724
2021-07-05,4.860000133514404,4.860000133514404,4.789999961853027,4.840000152587891,4.406707,-0.206180458583649
2021-07-06,4.840000152587891,4.840000152587891,4.78000020980835,4.789999961853027,4.239277,-1.0330617594738856
2021-07-07,4.789999961853027,4.809999942779541,4.78000020980835,4.800000190734863,1.788197,0.2087730472124516
2021-07-08,4.78000020980835,4.809999942779541,4.75,4.809999942779541,2.756277,0.2083281593192376
2021-07-11,4.829999923706055,4.829999923706055,4.75,4.800000190734863,1.398705,-0.20789505537704978
2021-07-12,4.78000020980835,4.809999942779541,4.75,4.75,2.764511,-1.041670598917377
2021-07-13,4.75,4.800000190734863,4.75,4.789999961853027,2.522791,0.8421044600637417
2021-07-14,4.760000228881836,4.78000020980835,4.75,4.75,2.471027,-0.8350722791562015
2021-07-15,4.75,4.760000228881836,4.71999979019165,4.71999979019165,3.454331,-0.6315833643863122
2021-07-18,4.739999771118164,4.800000190734863,4.730000019073486,4.760000228881836,1.870468,0.8474669590729178
2021-07-19,4.760000228881836,4.760000228881836,4.760000228881836,4.760000228881836,0.0,0.0
2021-07-20,4.760000228881836,4.760000228881836,4.760000228881836,4.760000228881836,0.0,0.0
2021-07-21,4.760000228881836,4.760000228881836,4.760000228881836,4.760000228881836,0.0,0.0
2021-07-22,4.760000228881836,4.760000228881836,4.760000228881836,4.760000228881836,0.0,0.0
2021-07-25,4.800000190734863,4.800000190734863,4.769999980926514,4.769999980926514,1.562854,0.2100788143664989
2021-07-26,4.769999980926514,4.78000020980835,4.75,4.760000228881836,3.21395,-0.20963840848350346
2021-07-27,4.760000228881836,4.78000020980835,4.739999771118164,4.739999771118164,1.957574,-0.4201776639067511
2021-07-28,4.78000020980835,4.789999961853027,4.71999979019165,4.75,2.675915,0.21097530305316248
2021-07-29,4.769999980926514,4.829999923706055,4.760000228881836,4.829999923706055,5.123505,1.6842089201274613
2021-08-01,4.800000190734863,4.900000095367432,4.800000190734863,4.889999866485596,5.847236,1.2422348597782795
2021-08-02,4.900000095367432,4.949999809265137,4.889999866485596,4.929999828338623,4.700907,0.8179951522529372
2021-08-03,4.940000057220459,4.949999809265137,4.900000095367432,4.940000057220459,2.328276,0.2028444062888823
2021-08-04,5.03000020980835,5.090000152587891,5.03000020980835,5.079999923706055,31.287815,2.83400536161873
2021-08-05,5.070000171661377,5.079999923706055,5.019999980926514,5.070000171661377,10.03265,-0.19684551564682629
2021-08-08,5.050000190734863,5.079999923706055,5.050000190734863,5.070000171661377,2.853963,0.0
2021-08-09,5.070000171661377,5.070000171661377,5.039999961853027,5.070000171661377,3.85459,0.0
2021-08-10,5.050000190734863,5.059999942779541,5.019999980926514,5.03000020980835,2.986829,-0.7889538559901044
2021-08-11,5.039999961853027,5.050000190734863,4.980000019073486,5.019999980926514,2.95594,-0.19881169909965468
2021-08-12,5.019999980926514,5.019999980926514,5.019999980926514,5.019999980926514,0.0,0.0
2021-08-15,5.010000228881836,5.019999980926514,4.980000019073486,5.010000228881836,2.496336,-0.1991982486588051
2021-08-16,5.010000228881836,5.010000228881836,4.980000019073486,5.0,3.026775,-0.1996053577839385
2021-08-17,5.0,5.039999961853027,4.989999771118164,5.03000020980835,3.600916,0.6000041961669922
2021-08-18,5.010000228881836,5.039999961853027,5.0,5.03000020980835,3.868135,0.0
2021-08-19,5.039999961853027,5.070000171661377,5.039999961853027,5.059999942779541,7.427533,0.5964161375717758
2021-08-22,5.050000190734863,5.130000114440918,5.039999961853027,5.110000133514404,9.335314,0.98814607312816
2021-08-23,5.110000133514404,5.170000076293945,5.110000133514404,5.170000076293945,10.32765,1.1741671470031134
2021-08-24,5.170000076293945,5.190000057220459,5.150000095367432,5.190000057220459,6.186461,0.3868468207228748
2021-08-25,5.190000057220459,5.190000057220459,5.070000171661377,5.159999847412109,10.82792,-0.578038718258056
2021-08-26,5.110000133514404,5.139999866485596,5.090000152587891,5.139999866485596,3.509506,-0.3875965410453319
2021-08-29,5.119999885559082,5.159999847412109,5.110000133514404,5.119999885559082,3.508473,-0.389104697393472
2021-08-30,5.119999885559082,5.130000114440918,4.980000019073486,5.090000152587891,12.70321,-0.5859322976901948
2021-08-31,5.090000152587891,5.099999904632568,5.050000190734863,5.099999904632568,7.157092,0.196458776913655
2021-09-01,5.119999885559082,5.130000114440918,5.079999923706055,5.090000152587891,3.755204,-0.1960735731699636
2021-09-02,5.079999923706055,5.099999904632568,5.079999923706055,5.090000152587891,3.124781,0.0
2021-09-05,5.070000171661377,5.099999904632568,5.070000171661377,5.079999923706055,1.947396,-0.1964681450304373
2021-09-06,5.079999923706055,5.090000152587891,5.059999942779541,5.079999923706055,2.792987,0.0
2021-09-07,5.070000171661377,5.090000152587891,5.059999942779541,5.070000171661377,2.443376,-0.1968455156468262
2021-09-08,5.07,5.09,5.05,5.08,6.457376,0.197234
2021-09-09,5.079999923706055,5.079999923706055,5.039999961853027,5.079999923706055,4.201631,0.0
2021-09-12,5.050000190734863,5.079999923706055,5.039999961853027,5.039999961853027,3.240131,-0.7874008357040663
2021-09-13,5.039999961853027,5.050000190734863,5.019999980926514,5.03000020980835,4.646722,-0.1984077801659545
2021-09-14,5.03000020980835,5.03000020980835,4.96999979019165,4.96999979019165,8.780075,-1.1928512348707287
2021-09-15,4.960000038146973,5.019999980926514,4.940000057220459,5.010000228881836,7.25647,0.8048378345835605
2021-09-16,5.0,5.059999942779541,5.0,5.019999980926514,32.923819,0.19959584007662734
2021-09-19,5.019999980926514,5.090000152587891,5.019999980926514,5.03000020980835,3.3916,0.1992077474070042
2021-09-20,5.03000020980835,5.03000020980835,4.980000019073486,4.989999771118164,3.528766,-0.7952373165350135
2021-09-21,4.980000019073486,4.980000019073486,4.920000076293945,4.949999809265137,4.390839,-0.8016024787124265
2021-09-22,4.949999809265137,4.96999979019165,4.929999828338623,4.960000038146973,2.638813,0.2020248336801478
2021-09-23,4.960000038146973,4.96999979019165,4.920000076293945,4.920000076293945,3.74405,-0.8064508376086854
2021-09-26,4.940000057220459,4.960000038146973,4.920000076293945,4.920000076293945,2.962189,0.0
2021-09-27,4.920000076293945,4.960000038146973,4.920000076293945,4.940000057220459,2.615949,0.406503671064562
2021-09-28,4.949999809265137,4.980000019073486,4.929999828338623,4.960000038146973,3.292269,0.40485790880266936
2021-09-29,4.940000057220459,4.940000057220459,4.909999847412109,4.920000076293945,4.954302,-0.8064508376086854
2021-09-30,4.920000076293945,4.960000038146973,4.909999847412109,4.949999809265137,4.684322,0.6097506606908221
2021-10-03,4.920000076293945,4.960000038146973,4.920000076293945,4.940000057220459,1.40707,-0.2020152006058873
2021-10-04,4.96999979019165,4.96999979019165,4.900000095367432,4.929999828338623,3.523757,-0.20243378068830475
2021-10-05,4.920000076293945,4.949999809265137,4.900000095367432,4.949999809265137,2.722101,0.4056791404241089
2021-10-06,4.949999809265137,4.949999809265137,4.900000095367432,4.900000095367432,4.705754,-1.0100952691779574
2021-10-07,4.929999828338623,4.96999979019165,4.909999847412109,4.960000038146973,3.138629,1.2244886043219827
2021-10-10,4.949999809265137,4.96999979019165,4.929999828338623,4.949999809265137,2.437928,-0.2016175162283251
2021-10-11,4.949999809265137,4.960000038146973,4.920000076293945,4.920000076293945,2.931461,-0.6060552348919224
2021-10-12,4.929999828338623,4.949999809265137,4.900000095367432,4.949999809265137,6.985906,0.6097506606908221
2021-10-13,4.949999809265137,4.960000038146973,4.909999847412109,4.940000057220459,2.244373,-0.2020152006058873
2021-10-14,4.920000076293945,4.96999979019165,4.920000076293945,4.960000038146973,4.487957,0.40485790880266936
2021-10-17,4.960000038146973,5.019999980926514,4.949999809265137,5.019999980926514,6.968199,1.209676256413017
2021-10-18,5.03000020980835,5.070000171661377,5.0,5.019999980926514,6.02634,0.0
2021-10-19,5.019999980926514,5.059999942779541,4.949999809265137,5.039999961853027,6.035804,0.3984059960657982
2021-10-20,5.039999961853027,5.090000152587891,5.0,5.079999923706055,5.859243,0.7936500427734305
2021-10-21,5.079999923706055,5.079999923706055,5.079999923706055,5.079999923706055,0.0,0.0
2021-10-24,5.090000152587891,5.119999885559082,5.059999942779541,5.099999904632568,3.116031,0.3937004178520276
2021-10-25,5.090000152587891,5.099999904632568,5.050000190734863,5.099999904632568,2.336321,0.0
2021-10-26,5.090000152587891,5.119999885559082,5.059999942779541,5.059999942779541,2.034599,-0.7843129921765946
2021-10-27,5.099999904632568,5.150000095367432,5.070000171661377,5.119999885559082,11.40925,1.1857696335581869
2021-10-28,5.110000133514404,5.110000133514404,5.090000152587891,5.110000133514404,3.828386,-0.19530766148807555
2021-10-31,5.119999885559082,5.119999885559082,5.059999942779541,5.110000133514404,1.922457,0.0
2021-11-01,5.110000133514404,5.130000114440918,5.079999923706055,5.130000114440918,8.098876,0.3913890490010452
2021-11-02,5.199999809265137,5.349999904632568,5.179999828338623,5.28000020980835,38.452435,2.923978401972782
2021-11-03,5.340000152587891,5.429999828338623,5.309999942779541,5.420000076293945,24.604272,2.6515125174716214
2021-11-04,5.400000095367432,5.449999809265137,5.300000190734863,5.329999923706055,10.811465,-1.6605193970666954
2021-11-07,5.349999904632568,5.369999885559082,5.28000020980835,5.329999923706055,7.175682,0.0
2021-11-08,5.349999904632568,5.349999904632568,5.309999942779541,5.349999904632568,6.986204,0.3752341690955729
2021-11-09,5.349999904632568,5.400000095367432,5.329999923706055,5.360000133514404,7.928792,0.18692016934760414
2021-11-10,5.360000133514404,5.389999866485596,5.349999904632568,5.369999885559082,6.972992,0.1865625334998011
2021-11-11,5.380000114440918,5.409999847412109,5.360000133514404,5.389999866485596,9.45181,0.3724391313358666
2021-11-14,5.389999866485596,5.440000057220459,5.389999866485596,5.440000057220459,13.145675,0.9276473464453928
2021-11-15,5.440000057220459,5.510000228881836,5.400000095367432,5.510000228881836,22.255406,1.2867678478875488
2021-11-16,5.5,5.579999923706055,5.5,5.550000190734863,15.848165,0.7259520905890104
2021-11-17,5.550000190734863,5.590000152587891,5.519999980926514,5.539999961853027,8.259949,-0.1801842979848977
2021-11-18,5.519999980926514,5.539999961853027,5.489999771118164,5.539999961853027,7.301925,0.0
2021-11-21,5.53000020980835,5.539999961853027,5.5,5.510000228881836,5.203922,-0.5415114292014689
2021-11-22,5.5,5.510000228881836,5.380000114440918,5.409999847412109,15.111392,-1.8148888805040952
2021-11-23,5.380000114440918,5.380000114440918,5.269999980926514,5.309999942779541,12.593468,-1.8484271248252135
2021-11-24,5.320000171661377,5.349999904632568,5.300000190734863,5.309999942779541,7.974762,0.0
2021-11-25,5.340000152587891,5.449999809265137,5.340000152587891,5.349999904632568,8.079404,0.7532949582686577
2021-11-28,5.349999904632568,5.349999904632568,5.349999904632568,5.349999904632568,0.0,0.0
2021-11-29,5.349999904632568,5.349999904632568,5.349999904632568,5.349999904632568,0.0,0.0
2021-11-30,5.340000152587891,5.340000152587891,5.159999847412109,5.159999847412109,75.732165,-3.5514030020063703
2021-12-01,5.159999847412109,5.159999847412109,5.159999847412109,5.159999847412109,0.0,0.0
2021-12-02,5.159999847412109,5.159999847412109,5.159999847412109,5.159999847412109,0.0,0.0
2021-12-05,5.199999809265137,5.210000038146973,5.150000095367432,5.150000095367432,10.22516,-0.19379365000743443
2021-12-06,5.179999828338623,5.289999961853027,5.179999828338623,5.25,14.409906,1.9417456850636008
2021-12-07,5.289999961853027,5.329999923706055,5.28000020980835,5.329999923706055,13.503891,1.5238080705915147
2021-12-08,5.329999923706055,5.400000095367432,5.260000228881836,5.28000020980835,10.146816,-0.9380809495948217
2021-12-09,5.300000190734863,5.429999828338623,5.28000020980835,5.400000095367432,13.234722,2.272725014975663
2021-12-12,5.400000095367432,5.46999979019165,5.400000095367432,5.429999828338623,4.202211,0.5555506007662414
2021-12-13,5.440000057220459,5.480000019073486,5.420000076293945,5.480000019073486,7.51532,0.9208138547982524
2021-12-14,5.449999809265137,5.619999885559082,5.409999847412109,5.590000152587891,16.246771,2.0073016994806903
2021-12-15,5.590000152587891,5.599999904632568,5.460000038146973,5.53000020980835,4.109716,-1.0733442064713383
2021-12-16,5.539999961853027,5.599999904632568,5.53000020980835,5.570000171661377,9.115992,0.7233265883440865
2021-12-19,5.539999961853027,5.539999961853027,5.329999923706055,5.389999866485596,10.395074,-3.231603224925794
2021-12-20,5.369999885559082,5.440000057220459,5.300000190734863,5.400000095367432,7.461742,0.185533007969374
2021-12-21,5.429999828338623,5.429999828338623,5.389999866485596,5.420000076293945,2.222653,0.37037001061668295
2021-12-22,5.420000076293945,5.420000076293945,5.329999923706055,5.349999904632568,2.373182,-1.291516064133369
2021-12-23,5.349999904632568,5.409999847412109,5.349999904632568,5.360000133514404,3.368771,0.18692016934760414
2021-12-26,5.389999866485596,5.400000095367432,5.349999904632568,5.380000114440918,1.555786,0.3731339632150332
2021-12-27,5.360000133514404,5.489999771118164,5.360000133514404,5.449999809265137,3.147987,1.3011095415467857
2021-12-28,5.46999979019165,5.480000019073486,5.440000057220459,5.46999979019165,2.734973,0.3669721399349956
2021-12-29,5.429999828338623,5.460000038146973,5.420000076293945,5.429999828338623,2.345042,-0.7312607566229201
2021-12-30,5.429999828338623,5.449999809265137,5.360000133514404,5.380000114440918,4.92965,-0.9208050732665174
2022-01-02,5.380000114440918,5.380000114440918,5.380000114440918,5.380000114440918,0.0,0.0
2022-01-03,5.409999847412109,5.420000076293945,5.360000133514404,5.420000076293945,4.523557,0.7434936989250351
2022-01-04,5.420000076293945,5.46999979019165,5.420000076293945,5.46999979019165,6.333549,0.922503933466623
2022-01-05,5.440000057220459,5.489999771118164,5.429999828338623,5.489999771118164,3.029113,0.3656303783114545
2022-01-06,5.440000057220459,5.449999809265137,5.400000095367432,5.449999809265137,6.138448,-0.72859678543995
2022-01-09,5.489999771118164,5.489999771118164,5.489999771118164,5.489999771118164,0.0,0.7339442798699913
2022-01-10,5.489999771118164,5.489999771118164,5.489999771118164,5.489999771118164,0.0,0.0
2022-01-11,5.5,5.510000228881836,5.46999979019165,5.5,5.518989,0.1821535391393958
2022-01-12,5.5,5.519999980926514,5.46999979019165,5.5,4.415741,0.0
2022-01-13,5.480000019073486,5.5,5.449999809265137,5.489999771118164,5.818446,-0.18182234330610392
2022-01-17,5.480000019073486,5.550000190734863,5.360000133514404,5.440000057220459,9.97391,-0.9107416390205292
2022-01-18,5.440000057220459,5.46999979019165,5.409999847412109,5.449999809265137,3.784715,0.18381896947601284
2022-01-19,5.420000076293945,5.46999979019165,5.400000095367432,5.449999809265137,5.241926,0.0
2022-01-20,5.46999979019165,5.5,5.460000038146973,5.5,4.816285,0.9174347244904846
2022-01-24,5.5,5.5,5.429999828338623,5.480000019073486,6.778696,-0.3636360168457031
2022-01-25,5.489999771118164,5.510000228881836,5.429999828338623,5.449999809265137,10.916383,-0.5474490821885447
2022-01-26,5.489999771118164,5.53000020980835,5.449999809265137,5.480000019073486,11.235097,0.5504625845554889
2022-01-27,5.480000019073486,5.480000019073486,5.480000019073486,5.480000019073486,0.0,0.0
2022-01-31,5.48,5.51,5.48,5.5,9.848864,0.364963
2022-02-01,5.460000038146973,5.510000228881836,5.449999809265137,5.5,3.331543,0.0
2022-02-02,5.480000019073486,5.519999980926514,5.480000019073486,5.519999980926514,2.460149,0.3636360168457031
2022-02-03,5.5,5.5,5.440000057220459,5.5,6.382009,-0.3623184962974757
2022-02-07,5.489999771118164,5.519999980926514,5.480000019073486,5.519999980926514,4.628129,0.3636360168457031
2022-02-08,5.5,5.610000133514404,5.489999771118164,5.579999923706055,10.076474,1.086955488892416
2022-02-09,5.579999923706055,5.690000057220459,5.579999923706055,5.690000057220459,14.295647,1.9713285845592845
2022-02-10,5.690000057220459,5.739999771118164,5.659999847412109,5.690000057220459,8.718786,0.0
2022-02-14,5.610000133514404,5.690000057220459,5.579999923706055,5.679999828338623,6.098,-0.17575094518929024
2022-02-15,5.650000095367432,5.809999942779541,5.630000114440918,5.789999961853027,11.015141,1.9366221274442985
2022-02-16,5.809999942779541,5.909999847412109,5.789999961853027,5.900000095367432,13.924811,1.8998296068934772
2022-02-17,5.920000076293945,5.920000076293945,5.880000114440918,5.889999866485596,7.551471,-0.1694954020371564
2022-02-21,5.900000095367432,5.940000057220459,5.900000095367432,5.900000095367432,7.187092,0.1697831767151214
2022-02-22,5.860000133514404,5.929999828338623,5.820000171661377,5.929999828338623,4.872646,0.5084700421402744
2022-02-23,5.920000076293945,6.0,5.889999866485596,6.0,11.46572,1.1804413775335476
2022-02-24,5.880000114440918,5.920000076293945,5.829999923706055,5.869999885559082,8.082206,-2.166668574015296
2022-02-28,6.03000020980835,6.090000152587891,5.96999979019165,6.090000152587891,14.682517,3.747875150219948
2022-03-01,6.059999942779541,6.190000057220459,6.050000190734863,6.150000095367432,12.704885,0.9852207106110678
2022-03-02,6.150000095367432,6.480000019073486,6.110000133514404,6.440000057220459,33.978826,4.715446461073602
2022-03-03,6.440000057220459,6.630000114440918,6.369999885559082,6.440000057220459,25.583028,0.0
2022-03-07,6.260000228881836,6.329999923706055,6.179999828338623,6.260000228881836,8.968918,-2.795028365517005
2022-03-08,6.269999980926514,6.360000133514404,6.199999809265137,6.25,12.507309,-0.15974805936423975
2022-03-09,6.27,6.32,6.19,6.2,12.268241,-0.800003
2022-03-10,5.989999771118164,6.079999923706055,5.949999809265137,6.070000171661377,7.392293,-2.096768412952066
2022-03-14,6.010000228881836,6.03000020980835,5.900000095367432,5.900000095367432,6.660702,-2.800660156281609
2022-03-15,5.880000114440918,5.949999809265137,5.760000228881836,5.78000020980835,7.485524,-2.0338963325323256
2022-03-16,5.789999961853027,5.849999904632568,5.730000019073486,5.849999904632568,8.35452,1.211067340541483
2022-03-17,5.849999904632568,6.03000020980835,5.829999923706055,6.0,6.86673,2.5641042361154165
2022-03-21,6.010000228881836,6.050000190734863,5.96999979019165,6.0,3.088963,0.0
2022-03-22,6.019999980926514,6.090000152587891,6.0,6.050000190734863,6.155581,0.8333365122477288
2022-03-23,6.050000190734863,6.059999942779541,6.03000020980835,6.050000190734863,5.949629,0.0
2022-03-24,6.03000020980835,6.050000190734863,6.019999980926514,6.050000190734863,5.115059,0.0
2022-03-28,6.019999980926514,6.179999828338623,6.019999980926514,6.150000095367432,10.863766,1.652890933552542
2022-03-29,6.150000095367432,6.239999771118164,6.150000095367432,6.150000095367432,17.044898,0.0
2022-03-30,6.18,6.19,6.1,6.15,7.371676,0.0
2022-03-31,6.150000095367432,6.170000076293945,6.110000133514404,6.170000076293945,5.471429,0.3252029368516318
2022-04-04,6.159999847412109,6.179999828338623,6.090000152587891,6.099999904632568,2.368445,-1.1345246482301952
2022-04-05,6.099999904632568,6.139999866485596,6.079999923706055,6.119999885559082,6.728073,0.327868544904808
2022-04-06,6.079999923706055,6.119999885559082,5.989999771118164,6.03000020980835,5.549764,-1.4705829646026292
2022-04-07,6.03000020980835,6.139999866485596,5.980000019073486,6.090000152587891,4.190959,0.9950238920712673
2022-04-11,6.13,6.18,6.09,6.18,7.928214,1.477827
2022-04-12,6.170000076293945,6.179999828338623,6.079999923706055,6.170000076293945,4.284152,-0.16180829000712604
2022-04-13,6.119999885559082,6.199999809265137,6.110000133514404,6.199999809265137,4.950996,0.4862193290151584
2022-04-14,6.190000057220459,6.300000190734863,6.170000076293945,6.289999961853027,13.258734,1.4516154089778688
2022-04-18,6.269999980926514,6.28000020980835,6.110000133514404,6.179999828338623,8.447097,-1.748809764412118
2022-04-19,6.199999809265137,6.210000038146973,6.130000114440918,6.159999847412109,9.98269,-0.3236242958260749
2022-04-20,6.159999847412109,6.199999809265137,6.159999847412109,6.170000076293945,3.181279,0.1623413819731967
2022-04-21,6.170000076293945,6.269999980926514,6.170000076293945,6.25,6.85085,1.2965951817963006
2022-04-25,6.289999961853027,6.289999961853027,6.239999771118164,6.239999771118164,4.794861,-0.1600036621093759
2022-04-26,6.230000019073486,6.300000190734863,6.21999979019165,6.289999961853027,6.126389,0.8012851373214724
2022-04-27,6.289999961853027,6.340000152587891,6.199999809265137,6.340000152587891,14.803331,0.7949155967901245
2022-04-28,6.349999904632568,6.440000057220459,6.349999904632568,6.440000057220459,16.384556,1.5772855240665962
2022-05-02,6.449999809265137,6.449999809265137,6.449999809265137,6.449999809265137,0.0,0.15527565148800715
2022-05-03,6.449999809265137,6.449999809265137,6.449999809265137,6.449999809265137,0.0,0.0
2022-05-04,6.449999809265137,6.449999809265137,6.449999809265137,6.449999809265137,0.0,0.0
2022-05-05,6.460000038146973,6.570000171661377,6.460000038146973,6.5,12.338954,0.7751967785028402
2022-05-09,6.449999809265137,6.449999809265137,6.360000133514404,6.369999885559082,6.052562,-2.00000176062951
2022-05-10,6.360000133514404,6.369999885559082,6.300000190734863,6.349999904632568,6.756907,-0.3139714487570666
2022-05-11,6.320000171661377,6.369999885559082,6.28000020980835,6.300000190734863,11.368059,-0.7873970810807207
2022-05-12,6.269999980926514,6.269999980926514,5.800000190734863,5.849999904632568,17.671845,-7.142861467910599
2022-05-15,5.989999771118164,5.989999771118164,5.989999771118164,5.989999771118164,0.0,2.3931601498784705
2022-05-16,5.989999771118164,5.989999771118164,5.989999771118164,5.989999771118164,0.0,0.0
2022-05-17,6.079999923706055,6.139999866485596,6.039999961853027,6.039999961853027,5.00927,0.8347277570184275
2022-05-18,6.070000171661377,6.150000095367432,6.070000171661377,6.079999923706055,6.180897,0.6622510282393357
2022-05-19,6.0,6.03000020980835,5.900000095367432,5.900000095367432,9.521608,-2.960523529561243
2022-05-23,5.96999979019165,5.96999979019165,5.849999904632568,5.900000095367432,5.752016,0.0
2022-05-24,5.909999847412109,5.909999847412109,5.690000057220459,5.809999942779541,10.107211,-1.5254262903920512
2022-05-25,5.800000190734863,5.909999847412109,5.78000020980835,5.789999961853027,4.874478,-0.3442337542768681
2022-05-26,5.820000171661377,5.889999866485596,5.800000190734863,5.800000190734863,6.470752,0.1727155258673951
2022-05-30,5.920000076293945,6.059999942779541,5.909999847412109,6.0,5.912297,3.448272460139301
2022-05-31,6.010000228881836,6.010000228881836,5.900000095367432,5.949999809265137,15.189896,-0.8333365122477177
2022-06-01,5.960000038146973,6.090000152587891,5.960000038146973,6.090000152587891,7.639981,2.3529470220276405
2022-06-02,6.03000020980835,6.070000171661377,5.96999979019165,6.010000228881836,4.130293,-1.313627614148083
2022-06-06,5.980000019073486,6.0,5.929999828338623,5.989999771118164,3.057952,-0.3327863061894254
2022-06-07,5.960000038146973,5.989999771118164,5.929999828338623,5.980000019073486,3.018223,-0.16694077507136695
2022-06-08,5.989999771118164,5.989999771118164,5.940000057220459,5.96999979019165,2.463829,-0.16722790718962655
2022-06-09,5.949999809265137,5.949999809265137,5.889999866485596,5.900000095367432,3.21116,-1.172524242617634
2022-06-13,5.800000190734863,5.820000171661377,5.730000019073486,5.730000019073486,6.785735,-2.881357178746935
2022-06-14,5.710000038146973,5.829999923706055,5.710000038146973,5.730000019073486,5.130184,0.0
2022-06-15,5.800000190734863,5.940000057220459,5.710000038146973,5.860000133514404,5.720642,2.268762897176013
2022-06-16,5.860000133514404,5.900000095367432,5.599999904632568,5.650000095367432,16.14247,-3.5836183167632374
2022-06-20,5.599999904632568,5.659999847412109,5.519999980926514,5.639999866485596,8.314901,-0.17699519846088307
2022-06-21,5.659999847412109,5.849999904632568,5.659999847412109,5.769999980926514,6.369482,2.304966622666327
2022-06-22,5.75,5.789999961853027,5.639999866485596,5.739999771118164,3.270844,-0.5199343138218238
2022-06-23,5.699999809265137,5.699999809265137,5.630000114440918,5.679999828338623,3.492241,-1.0452952120563075
2022-06-27,5.800000190734863,5.829999923706055,5.659999847412109,5.659999847412109,4.096356,-0.3521123508970825
2022-06-28,5.699999809265137,5.769999980926514,5.659999847412109,5.75,3.867818,1.5901087458339846
2022-06-29,5.739999771118164,5.820000171661377,5.710000038146973,5.760000228881836,3.04817,0.1739170240319332
2022-06-30,5.800000190734863,5.800000190734863,5.739999771118164,5.760000228881836,4.070151,0.0
2022-07-04,5.639999866485596,5.690000057220459,5.519999980926514,5.550000190734863,4.134835,-3.6458338507347476
2022-07-05,5.53000020980835,5.550000190734863,5.5,5.5,1.643415,-0.9009043066040445
2022-07-06,5.510000228881836,5.539999961853027,5.349999904632568,5.349999904632568,3.723823,-2.727274461226026
2022-07-07,5.389999866485596,5.53000020980835,5.389999866485596,5.429999828338623,5.939783,1.4953257034038936
2022-07-10,5.429999828338623,5.429999828338623,5.429999828338623,5.429999828338623,0.0,0.0
2022-07-11,5.429999828338623,5.429999828338623,5.429999828338623,5.429999828338623,0.0,0.0
2022-07-12,5.46999979019165,5.570000171661377,5.460000038146973,5.510000228881836,4.404143,1.4733039239835488
2022-07-13,5.570000171661377,5.570000171661377,5.480000019073486,5.510000228881836,3.585597,0.0
2022-07-14,5.550000190734863,5.599999904632568,5.510000228881836,5.559999942779541,3.943634,0.9074357862205007
2022-07-18,5.519999980926514,5.570000171661377,5.5,5.550000190734863,3.541165,-0.179851657330754
2022-07-19,5.510000228881836,5.550000190734863,5.5,5.510000228881836,3.07406,-0.7207200086191579
2022-07-20,5.559999942779541,5.650000095367432,5.510000228881836,5.570000171661377,5.505135,1.0889281358835268
2022-07-21,5.610000133514404,5.78000020980835,5.599999904632568,5.78000020980835,7.467953,3.770198055206442
2022-07-25,5.760000228881836,5.849999904632568,5.739999771118164,5.820000171661377,4.080221,0.6920408373887188
2022-07-26,5.849999904632568,5.849999904632568,5.769999980926514,5.78000020980835,3.925581,-0.6872845476499134
2022-07-27,5.820000171661377,5.849999904632568,5.769999980926514,5.829999923706055,3.708222,0.8650469218471457
2022-07-28,5.849999904632568,5.889999866485596,5.809999942779541,5.829999923706055,3.600329,0.0
2022-08-01,5.900000095367432,5.929999828338623,5.860000133514404,5.929999828338623,4.880788,1.7152642528509565
2022-08-02,5.929999828338623,5.929999828338623,5.849999904632568,5.880000114440918,4.130546,-0.8431655201533661
2022-08-03,5.849999904632568,5.889999866485596,5.820000171661377,5.849999904632568,3.944412,-0.5102076398718292
2022-08-04,5.849999904632568,5.849999904632568,5.769999980926514,5.800000190734863,3.706784,-0.8546959779967
2022-08-08,5.840000152587891,5.900000095367432,5.809999942779541,5.900000095367432,6.490842,1.7241362300696395
2022-08-09,5.860000133514404,5.989999771118164,5.860000133514404,5.980000019073486,5.582945,1.3559308883548835
2022-08-10,5.989999771118164,6.0,5.929999828338623,5.96999979019165,4.65361,-0.16722790718962655
2022-08-11,5.96999979019165,5.989999771118164,5.889999866485596,5.909999847412109,2.302336,-1.0050242024818412
2022-08-15,6.0,6.0,5.940000057220459,5.949999809265137,3.171616,0.6768183229402647
2022-08-16,5.900000095367432,5.960000038146973,5.889999866485596,5.949999809265137,9.868355,0.0
2022-08-17,5.949999809265137,6.039999961853027,5.940000057220459,6.03000020980835,5.707939,1.3445445900458486
2022-08-18,6.050000190734863,6.050000190734863,5.909999847412109,5.940000057220459,4.51881,-1.492539791980385
2022-08-22,5.940000057220459,5.949999809265137,5.900000095367432,5.900000095367432,3.394691,-0.6734000247088368
2022-08-23,5.900000095367432,5.929999828338623,5.820000171661377,5.820000171661377,3.138401,-1.3559308883548835
2022-08-24,5.860000133514404,5.900000095367432,5.829999923706055,5.880000114440918,3.505224,1.0309268214748757
2022-08-25,5.900000095367432,5.96999979019165,5.889999866485596,5.909999847412109,4.10548,0.5101995303965046
2022-08-29,5.93,5.97,5.9,5.9,4.36249,-0.169201
2022-08-30,5.909999847412109,5.940000057220459,5.880000114440918,5.880000114440918,2.581686,-0.3389827220887209
2022-08-31,5.880000114440918,5.929999828338623,5.849999904632568,5.849999904632568,6.649929,-0.5102076398718292
2022-09-01,5.889999866485596,5.900000095367432,5.829999923706055,5.849999904632568,5.804237,0.0
2022-09-05,5.800000190734863,5.840000152587891,5.730000019073486,5.739999771118164,4.804335,-1.8803441932929927
2022-09-06,5.739999771118164,5.869999885559082,5.739999771118164,5.860000133514404,7.491845,2.0905987313805108
2022-09-07,5.800000190734863,5.860000133514404,5.800000190734863,5.840000152587891,2.046863,-0.3412965950654212
2022-09-08,5.800000190734863,5.889999866485596,5.78000020980835,5.78000020980835,5.90177,-1.0273962536277215
2022-09-12,5.800000190734863,5.880000114440918,5.789999961853027,5.849999904632568,4.683359,1.211067340541483
2022-09-13,5.889999866485596,6.03000020980835,5.880000114440918,5.980000019073486,14.607246,2.222224214704216
2022-09-14,5.920000076293945,5.989999771118164,5.75,5.980000019073486,8.01793,0.0
2022-09-15,5.920000076293945,6.150000095367432,5.920000076293945,6.039999961853027,12.769402,1.0033435215412778
2022-09-19,5.960000038146973,6.070000171661377,5.960000038146973,6.070000171661377,4.435792,0.4966922185069888
2022-09-20,6.079999923706055,6.170000076293945,6.070000171661377,6.150000095367432,11.522256,1.317955872218013
2022-09-21,6.150000095367432,6.150000095367432,5.980000019073486,6.119999885559082,12.282064,-0.48780828200226667
2022-09-22,6.0,6.199999809265137,6.0,6.050000190734863,8.348663,-1.1437858845290472
2022-09-26,5.96999979019165,6.050000190734863,5.880000114440918,6.0,7.117585,-0.8264494075791107
2022-09-27,5.929999828338623,6.039999961853027,5.929999828338623,5.989999771118164,5.478605,-0.1666704813639286
2022-09-28,6.0,6.03000020980835,5.909999847412109,5.929999828338623,7.248484,-1.0016685320897831
2022-09-29,5.949999809265137,5.960000038146973,5.900000095367432,5.960000038146973,3.849494,0.5059057449712467
2022-10-03,5.880000114440918,6.010000228881836,5.860000133514404,5.900000095367432,4.078452,-1.0067104428777118
2022-10-04,5.949999809265137,6.139999866485596,5.949999809265137,6.0,11.412903,1.694913610443605
2022-10-05,6.03000020980835,6.099999904632568,5.989999771118164,6.039999961853027,5.946461,0.6666660308837891
2022-10-06,6.050000190734863,6.059999942779541,5.900000095367432,5.949999809265137,10.947897,-1.4900687608660037
2022-10-10,5.960000038146973,6.019999980926514,5.929999828338623,5.989999771118164,5.725442,0.6722682879878539
2022-10-11,5.949999809265137,6.0,5.949999809265137,6.0,6.553211,0.1669487356252386
2022-10-12,5.960000038146973,6.0,5.960000038146973,6.0,7.256226,0.0
2022-10-13,5.989999771118164,6.0,5.949999809265137,6.0,5.442404,0.0
2022-10-17,6.010000228881836,6.019999980926514,5.96999979019165,5.96999979019165,4.479876,-0.5000034968058231
2022-10-18,6.0,6.059999942779541,5.989999771118164,6.059999942779541,5.249747,1.5075402973339314
2022-10-19,6.070000171661377,6.099999904632568,6.03000020980835,6.090000152587891,7.08881,0.49505297180894026
2022-10-20,6.050000190734863,6.099999904632568,6.039999961853027,6.090000152587891,5.718457,0.0
2022-10-24,6.090000152587891,6.119999885559082,6.03000020980835,6.03000020980835,6.654097,-0.9852207106110566
2022-10-25,6.079999923706055,6.079999923706055,5.889999866485596,5.949999809265137,17.625107,-1.3267064305086618
2022-10-26,5.920000076293945,5.940000057220459,5.860000133514404,5.860000133514404,12.315904,-1.5125996409376063
2022-10-27,5.869999885559082,5.869999885559082,5.800000190734863,5.809999942779541,10.147095,-0.85324555623989
2022-10-31,5.849999904632568,5.860000133514404,5.800000190734863,5.820000171661377,8.819691,0.17212098072847404
2022-11-01,5.849999904632568,5.860000133514404,5.809999942779541,5.820000171661377,3.723071,0.0
2022-11-02,5.820000171661377,5.900000095367432,5.800000190734863,5.860000133514404,6.369177,0.6872845476499245
2022-11-03,5.829999923706055,5.860000133514404,5.78000020980835,5.78000020980835,5.770212,-1.3651863802616737
2022-11-07,5.860000133514404,5.860000133514404,5.800000190734863,5.829999923706055,6.783197,0.8650469218471457
2022-11-08,5.820000171661377,5.860000133514404,5.789999961853027,5.800000190734863,9.78246,-0.514575186342725
2022-11-09,5.809999942779541,5.840000152587891,5.789999961853027,5.840000152587891,4.381566,0.6896544920278691
2022-11-10,5.840000152587891,5.840000152587891,5.789999961853027,5.829999923706055,3.015071,-0.1712367914477597
2022-11-14,5.889999866485596,5.940000057220459,5.860000133514404,5.869999885559082,4.550121,0.6861057011403826
2022-11-15,5.849999904632568,5.849999904632568,5.800000190734863,5.840000152587891,4.789546,-0.5110687147540594
2022-11-16,5.840000152587891,5.840000152587891,5.78000020980835,5.809999942779541,5.170649,-0.5137022093236632
2022-11-17,5.800000190734863,5.809999942779541,5.75,5.78000020980835,5.000265,-0.516346527825251
2022-11-21,5.760000228881836,5.849999904632568,5.760000228881836,5.800000190734863,6.614045,0.3460204186943594
2022-11-22,5.769999980926514,5.809999942779541,5.75,5.75,5.741411,-0.8620722256998503
2022-11-23,5.760000228881836,5.78000020980835,5.71999979019165,5.730000019073486,6.992201,-0.3478257552437136
2022-11-24,5.730000019073486,5.789999961853027,5.730000019073486,5.75,4.828748,0.3490398055835841
2022-11-28,5.78000020980835,5.78000020980835,5.699999809265137,5.71999979019165,7.703049,-0.5217427792756468
2022-11-29,5.75,5.769999980926514,5.699999809265137,5.75,6.966549,0.5244792116914532
2022-11-30,5.71999979019165,5.860000133514404,5.679999828338623,5.679999828338623,41.81998,-1.217394289763074
2022-12-01,5.679999828338623,5.679999828338623,5.679999828338623,5.679999828338623,0.0,0.0
2022-12-05,5.800000190734863,5.829999923706055,5.75,5.789999961853027,16.931139,1.9366221274442983
2022-12-06,5.75,5.820000171661377,5.739999771118164,5.739999771118164,16.930356,-0.8635611582778147
2022-12-07,5.809999942779541,5.809999942779541,5.690000057220459,5.769999980926514,5.727977,0.5226517596621072
2022-12-08,5.739999771118164,5.739999771118164,5.610000133514404,5.610000133514404,5.643312,-2.772960969514904
2022-12-12,5.650000095367432,5.650000095367432,5.480000019073486,5.53000020980835,5.452704,-1.4260235615348948
2022-12-13,5.539999961853027,5.579999923706055,5.46999979019165,5.46999979019165,5.742598,-1.0849985052492128
2022-12-14,5.5,5.5,5.380000114440918,5.489999771118164,8.153532,0.3656303783114545
2022-12-15,5.5,5.599999904632568,5.420000076293945,5.599999904632568,3.207676,2.0036455027392597
2022-12-19,5.670000076293945,5.699999809265137,5.579999923706055,5.699999809265137,3.691456,1.7857126131349377
2022-12-20,5.639999866485596,5.710000038146973,5.579999923706055,5.699999809265137,3.938178,0.0
2022-12-21,5.650000095367432,5.679999828338623,5.619999885559082,5.630000114440918,2.494663,-1.228064862571343
2022-12-22,5.650000095367432,5.650000095367432,5.559999942779541,5.599999904632568,3.143184,-0.532863396066352
2022-12-26,5.619999885559082,5.71999979019165,5.550000190734863,5.690000057220459,2.112347,1.6071456092961345
2022-12-27,5.690000057220459,5.78000020980835,5.659999847412109,5.75,3.83409,1.0544805303367655
2022-12-28,5.75,5.800000190734863,5.699999809265137,5.78000020980835,3.442043,0.5217427792756357
2022-12-29,5.710000038146973,5.800000190734863,5.710000038146973,5.710000038146973,2.563046,-1.2110755903190218
2023-01-02,5.760000228881836,5.760000228881836,5.650000095367432,5.699999809265137,0.796782,-0.1751353557798096
2023-01-03,5.670000076293945,5.679999828338623,5.619999885559082,5.619999885559082,2.685433,-1.403507480404087
2023-01-04,5.610000133514404,5.739999771118164,5.579999923706055,5.650000095367432,4.515123,0.533811573296239
2023-01-05,5.659999847412109,5.690000057220459,5.590000152587891,5.659999847412109,3.780971,0.1769867588653051
2023-01-09,5.650000095367432,5.679999828338623,5.599999904632568,5.679999828338623,2.561366,0.3533565629981083
2023-01-10,5.679999828338623,5.679999828338623,5.599999904632568,5.639999866485596,4.249341,-0.7042247017941761
2023-01-11,5.599999904632568,5.650000095367432,5.5,5.5,6.910085,-2.4822671950315622
2023-01-12,5.559999942779541,5.559999942779541,5.400000095367432,5.510000228881836,9.070106,0.18182234330610392
2023-01-16,5.639999866485596,5.670000076293945,5.579999923706055,5.650000095367432,3.999908,2.54083231706157
2023-01-17,5.619999885559082,5.699999809265137,5.610000133514404,5.659999847412109,3.904524,0.1769867588653051
2023-01-18,5.659999847412109,5.659999847412109,5.570000171661377,5.619999885559082,3.013551,-0.7067131259962167
2023-01-19,5.599999904632568,5.610000133514404,5.579999923706055,5.599999904632568,3.757613,-0.3558715539817902
2023-01-23,5.570000171661377,5.599999904632568,5.550000190734863,5.550000190734863,2.064617,-0.8928520490927738
2023-01-24,5.570000171661377,5.670000076293945,5.559999942779541,5.670000076293945,4.175276,2.162160025857452
2023-01-25,5.679999828338623,5.730000019073486,5.659999847412109,5.659999847412109,4.688443,-0.1763708773769967
2023-01-26,5.71999979019165,5.71999979019165,5.630000114440918,5.650000095367432,2.06225,-0.17667406915655715
2023-01-30,5.599999904632568,5.71999979019165,5.510000228881836,5.71999979019165,5.745334,1.238932630843892
2023-01-31,5.670000076293945,5.670000076293945,5.550000190734863,5.550000190734863,8.952905,-2.9720210785373347
2023-02-01,5.590000152587891,5.599999904632568,5.550000190734863,5.570000171661377,3.295941,0.3603600043095678
2023-02-02,5.599999904632568,5.619999885559082,5.570000171661377,5.570000171661377,3.517111,0.0
2023-02-06,5.610000133514404,5.619999885559082,5.559999942779541,5.619999885559082,3.913333,0.8976609040712402
2023-02-07,5.610000133514404,5.650000095367432,5.570000171661377,5.619999885559082,4.954801,0.0
2023-02-08,5.630000114440918,5.650000095367432,5.599999904632568,5.650000095367432,2.700337,0.533811573296239
2023-02-09,5.659999847412109,5.679999828338623,5.619999885559082,5.650000095367432,2.95851,0.0
2023-02-13,5.690000057220459,5.75,5.690000057220459,5.71999979019165,6.343363,1.238932630843892
2023-02-14,5.71999979019165,5.739999771118164,5.690000057220459,5.730000019073486,3.730092,0.1748291826685788
2023-02-15,5.710000038146973,5.760000228881836,5.699999809265137,5.760000228881836,2.92976,0.5235638692580702
2023-02-16,5.760000228881836,5.760000228881836,5.710000038146973,5.71999979019165,2.297691,-0.6944520329984494
2023-02-20,5.789999961853027,5.789999961853027,5.789999961853027,5.789999961853027,0.0,1.2237792697372019
2023-02-21,5.730000019073486,5.760000228881836,5.699999809265137,5.730000019073486,4.025183,-1.0362684486156517
2023-02-22,5.71999979019165,5.760000228881836,5.690000057220459,5.730000019073486,3.088995,0.0
2023-02-23,5.710000038146973,5.75,5.579999923706055,5.639999866485596,3.073195,-1.5706832860088449
2023-02-27,5.7,5.71,5.64,5.67,3.211585,0.531919
2023-02-28,5.699999809265137,5.769999980926514,5.679999828338623,5.739999771118164,6.583347,1.2345625023337359
2023-03-01,5.75,5.769999980926514,5.699999809265137,5.739999771118164,4.347599,0.0
2023-03-02,5.75,5.789999961853027,5.730000019073486,5.730000019073486,4.361285,-0.1742117150421052
2023-03-06,5.699999809265137,5.760000228881836,5.679999828338623,5.75,3.606442,0.3490398055835841
2023-03-07,5.710000038146973,5.760000228881836,5.699999809265137,5.75,2.514305,0.0
2023-03-08,5.75,5.769999980926514,5.71999979019165,5.760000228881836,4.111078,0.1739170240319332
2023-03-09,5.730000019073486,5.769999980926514,5.699999809265137,5.699999809265137,2.414378,-1.0416739102864003
2023-03-13,5.650000095367432,5.699999809265137,5.559999942779541,5.610000133514404,6.06762,-1.5789417326723676
2023-03-14,5.599999904632568,5.599999904632568,5.409999847412109,5.409999847412109,9.366363,-3.5650674036081353
2023-03-15,5.460000038146973,5.650000095367432,5.449999809265137,5.449999809265137,8.883249,0.7393708499300766
2023-03-16,5.449999809265137,5.510000228881836,5.380000114440918,5.489999771118164,4.964739,0.7339442798699913
2023-03-20,5.449999809265137,5.570000171661377,5.449999809265137,5.519999980926514,3.177475,0.5464519318593597
2023-03-21,5.539999961853027,5.599999904632568,5.5,5.53000020980835,3.950459,0.18116356732591488
2023-03-22,5.590000152587891,5.590000152587891,5.53000020980835,5.53000020980835,3.58009,0.0
2023-03-23,5.559999942779541,5.579999923706055,5.480000019073486,5.519999980926514,9.329402,-0.1808359584525631
2023-03-27,5.269999980926514,5.289999961853027,5.099999904632568,5.099999904632568,3.895605,-7.608697060601255
2023-03-28,5.139999866485596,5.349999904632568,5.139999866485596,5.349999904632568,13.175486,4.901960875977918
2023-03-29,5.349999904632568,5.420000076293945,5.320000171661377,5.360000133514404,5.741703,0.1869201693476041
2023-03-30,5.400000095367432,5.400000095367432,5.340000152587891,5.360000133514404,2.060271,0.0
2023-04-03,5.3,5.33,5.26,5.3,2.954749,-1.119402
2023-04-04,5.349999904632568,5.360000133514404,5.269999980926514,5.289999961853027,3.78677,-0.18868355701793238
2023-04-05,5.289999961853027,5.300000190734863,5.239999771118164,5.28000020980835,2.24468,-0.1890312309411612
2023-04-06,5.28000020980835,5.329999923706055,5.230000019073486,5.260000228881836,3.460651,-0.3787875024959475
2023-04-10,5.269999980926514,5.349999904632568,5.269999980926514,5.300000190734863,3.97447,0.7604555154464343
2023-04-11,5.300000190734863,5.360000133514404,5.28000020980835,5.300000190734863,5.807498,0.0
2023-04-12,5.329999923706055,5.369999885559082,5.28000020980835,5.369999885559082,5.016245,1.3207489114168025
2023-04-13,5.380000114440918,5.400000095367432,5.309999942779541,5.309999942779541,6.030148,-1.117317394007622
2023-04-17,5.389999866485596,5.400000095367432,5.349999904632568,5.360000133514404,5.77411,0.9416231878279556
2023-04-18,5.389999866485596,5.429999828338623,5.369999885559082,5.389999866485596,8.710609,0.5596964967148566
2023-04-19,5.389999866485596,5.389999866485596,5.300000190734863,5.320000171661377,11.714738,-1.2986956689826412
2023-04-20,5.320000171661377,5.320000171661377,5.320000171661377,5.320000171661377,0.0,0.0
2023-04-24,5.320000171661377,5.369999885559082,5.309999942779541,5.349999904632568,2.815904,0.5639047369019767
2023-04-25,5.349999904632568,5.380000114440918,5.320000171661377,5.320000171661377,3.577805,-0.5607426823543427
2023-04-26,5.320000171661377,5.380000114440918,5.289999961853027,5.360000133514404,7.033881,0.7518789579387564
2023-04-27,5.329999923706055,5.400000095367432,5.329999923706055,5.400000095367432,5.213369,0.7462679264300887
2023-05-01,5.559999942779541,5.590000152587891,5.5,5.510000228881836,4.359561,2.0370394735505837
2023-05-02,5.53000020980835,5.599999904632568,5.489999771118164,5.570000171661377,9.033779,1.0889281358835268
2023-05-03,5.579999923706055,5.690000057220459,5.550000190734863,5.550000190734863,12.539972,-0.35906607379059263
2023-05-04,5.610000133514404,5.610000133514404,5.5,5.510000228881836,4.873502,-0.7207200086191579
2023-05-08,5.590000152587891,5.639999866485596,5.539999961853027,5.550000190734863,6.090303,0.7259520905890104
2023-05-09,5.570000171661377,5.590000152587891,5.480000019073486,5.519999980926514,5.890915,-0.5405443022944767
2023-05-10,5.5,5.53000020980835,5.460000038146973,5.5,3.834612,-0.3623184962974757
2023-05-11,5.5,5.5,5.440000057220459,5.440000057220459,3.873516,-1.0909080505371094
2023-05-15,5.440000057220459,5.440000057220459,5.309999942779541,5.309999942779541,7.213388,-2.3897079609102256
2023-05-16,5.360000133514404,5.360000133514404,5.269999980926514,5.320000171661377,3.705027,0.188328229559298
2023-05-17,5.289999961853027,5.360000133514404,5.289999961853027,5.329999923706055,5.074419,0.18796525793258745
2023-05-18,5.340000152587891,5.369999885559082,5.320000171661377,5.340000152587891,2.313466,0.18762155769191935
2023-05-22,5.380000114440918,5.380000114440918,5.289999961853027,5.329999923706055,5.082811,-0.1872701984285463
2023-05-23,5.320000171661377,5.329999923706055,5.260000228881836,5.260000228881836,7.494558,-1.3133151186904055
2023-05-24,5.28000020980835,5.28000020980835,5.179999828338623,5.210000038146973,10.3189,-0.950573926980458
2023-05-25,5.25,5.25,5.170000076293945,5.170000076293945,3.59216,-0.7677535808090719
2023-05-29,5.239999771118164,5.260000228881836,5.190000057220459,5.230000019073486,4.592014,1.1605404621686466
2023-05-30,5.230000019073486,5.28000020980835,5.21999979019165,5.269999980926514,4.161306,0.7648176234636761
2023-05-31,5.28000020980835,5.349999904632568,5.25,5.260000228881836,19.206559,-0.1897486163352835
2023-06-01,5.289999961853027,5.300000190734863,5.230000019073486,5.269999980926514,8.779783,0.1901093461891934
2023-06-05,5.300000190734863,5.340000152587891,5.28000020980835,5.320000171661377,2.453377,0.9487702261067765
2023-06-06,5.340000152587891,5.429999828338623,5.340000152587891,5.349999904632568,13.082666,0.5639047369019767
2023-06-07,5.349999904632568,5.389999866485596,5.309999942779541,5.309999942779541,4.606836,-0.7476628517019468
2023-06-08,5.309999942779541,5.340000152587891,5.289999961853027,5.320000171661377,4.139775,0.18832822955929807
2023-06-12,5.389999866485596,5.420000076293945,5.349999904632568,5.409999847412109,4.783254,1.6917231738101002
2023-06-13,5.380000114440918,5.449999809265137,5.380000114440918,5.380000114440918,4.791823,-0.5545237304496742
2023-06-14,5.44,5.44,5.39,5.4,4.466997,0.371747
2023-06-15,5.400000095367432,5.440000057220459,5.389999866485596,5.420000076293945,2.682718,0.37037001061668295
2023-06-19,5.489999771118164,5.5,5.409999847412109,5.449999809265137,4.611371,0.5535006005332743
2023-06-20,5.46999979019165,5.46999979019165,5.400000095367432,5.449999809265137,6.331805,0.0
2023-06-21,5.46999979019165,5.46999979019165,5.400000095367432,5.409999847412109,3.527442,-0.7339442798700024
2023-06-22,5.449999809265137,5.449999809265137,5.400000095367432,5.449999809265137,4.089274,0.7393708499300766
2023-06-26,5.449999809265137,5.510000228881836,5.449999809265137,5.46999979019165,5.303252,0.36697213993499567
2023-06-27,5.46999979019165,5.46999979019165,5.46999979019165,5.46999979019165,0.0,0.0
2023-06-28,5.46999979019165,5.46999979019165,5.46999979019165,5.46999979019165,0.0,0.0
2023-06-29,5.46999979019165,5.46999979019165,5.46999979019165,5.46999979019165,0.0,0.0
2023-07-03,5.440000057220459,5.53000020980835,5.440000057220459,5.510000228881836,10.499166,0.731269473938756
2023-07-04,5.53000020980835,5.610000133514404,5.53000020980835,5.590000152587891,21.234588,1.451904181178043
2023-07-05,5.579999923706055,5.639999866485596,5.510000228881836,5.579999923706055,10.614173,-0.17889496616929623
2023-07-06,5.599999904632568,5.599999904632568,5.53000020980835,5.53000020980835,5.074887,-0.8960522326404763
2023-07-10,5.53000020980835,5.559999942779541,5.489999771118164,5.53000020980835,6.491311,0.0
2023-07-11,5.52,5.58,5.52,5.58,6.227858,0.904154
2023-07-12,5.579999923706055,5.619999885559082,5.550000190734863,5.559999942779541,7.751251,-0.358422602149977
2023-07-13,5.579999923706055,5.679999828338623,5.559999942779541,5.650000095367432,10.234423,1.6187077970166053
2023-07-17,5.670000076293945,5.730000019073486,5.670000076293945,5.699999809265137,8.214252,0.8849506735177037
2023-07-18,5.710000038146973,5.710000038146973,5.630000114440918,5.659999847412109,4.368093,-0.701753740202038
2023-07-19,5.659999847412109,5.699999809265137,5.639999866485596,5.639999866485596,1.915016,-0.3533565629981083
2023-07-20,5.630000114440918,5.670000076293945,5.619999885559082,5.650000095367432,2.444962,0.17730902692498773
2023-07-24,5.650000095367432,5.730000019073486,5.650000095367432,5.699999809265137,8.909093,0.8849506735177037
2023-07-25,5.71999979019165,5.820000171661377,5.699999809265137,5.800000190734863,22.569461,1.7543927160695638
2023-07-26,5.800000190734863,5.800000190734863,5.699999809265137,5.710000038146973,14.102037,-1.5517267177277083
2023-07-27,5.699999809265137,5.739999771118164,5.679999828338623,5.710000038146973,7.204622,0.0
2023-07-31,5.739999771118164,5.75,5.690000057220459,5.75,5.843871,0.7005247212924504
2023-08-01,5.730000019073486,5.829999923706055,5.71999979019165,5.789999961853027,9.908885,0.6956515104874272
2023-08-02,5.800000190734863,5.820000171661377,5.760000228881836,5.769999980926514,6.906681,-0.34542281620522086
2023-08-03,5.769999980926514,5.820000171661377,5.760000228881836,5.820000171661377,6.18673,0.8665544350111798
2023-08-07,5.769999980926514,5.820000171661377,5.75,5.760000228881836,5.736444,-1.0309268214748757
2023-08-08,5.75,5.789999961853027,5.730000019073486,5.730000019073486,5.106717,-0.5208369551432002
2023-08-09,5.730000019073486,5.760000228881836,5.71999979019165,5.71999979019165,2.642392,-0.174524063674486
2023-08-10,5.730000019073486,5.760000228881836,5.699999809265137,5.760000228881836,3.019425,0.6993083943600098
2023-08-14,5.690000057220459,5.71999979019165,5.659999847412109,5.679999828338623,2.725179,-1.3888957875743513
2023-08-15,5.670000076293945,5.710000038146973,5.670000076293945,5.679999828338623,1.627185,0.0
2023-08-16,5.679999828338623,5.679999828338623,5.630000114440918,5.630000114440918,4.460537,-0.8802766797323947
2023-08-17,5.630000114440918,5.659999847412109,5.610000133514404,5.610000133514404,2.697713,-0.35523944085211756
2023-08-21,5.659999847412109,5.659999847412109,5.579999923706055,5.579999923706055,2.884189,-0.5347630854610319
2023-08-22,5.579999923706055,5.659999847412109,5.579999923706055,5.659999847412109,4.142902,1.4336904085998858
2023-08-23,5.659999847412109,5.699999809265137,5.619999885559082,5.619999885559082,5.270364,-0.7067131259962167
2023-08-24,5.659999847412109,5.690000057220459,5.639999866485596,5.670000076293945,3.738141,0.8896831272780181
2023-08-28,5.679999828338623,5.71999979019165,5.659999847412109,5.659999847412109,2.186179,-0.1763708773769967
2023-08-29,5.690000057220459,5.690000057220459,5.619999885559082,5.639999866485596,3.024992,-0.3533565629981083
2023-08-30,5.650000095367432,5.730000019073486,5.650000095367432,5.679999828338623,5.292286,0.7092191985804464
2023-08-31,5.679999828338623,5.710000038146973,5.639999866485596,5.639999866485596,8.42585,-0.7042247017941761
2023-09-04,5.650000095367432,5.679999828338623,5.599999904632568,5.650000095367432,5.610792,0.1773090269249877
2023-09-05,5.650000095367432,5.650000095367432,5.590000152587891,5.619999885559082,3.274362,-0.5309771557870824
2023-09-06,5.610000133514404,5.610000133514404,5.570000171661377,5.570000171661377,2.351249,-0.889674642630911
2023-09-07,5.590000152587891,5.639999866485596,5.559999942779541,5.639999866485596,3.436134,1.2567269778618329
2023-09-11,5.619999885559082,5.650000095367432,5.599999904632568,5.639999866485596,2.617418,0.0
2023-09-12,5.639999866485596,5.659999847412109,5.619999885559082,5.650000095367432,3.899363,0.1773090269249877
2023-09-13,5.650000095367432,5.650000095367432,5.619999885559082,5.619999885559082,2.282916,-0.5309771557870824
2023-09-14,5.619999885559082,5.699999809265137,5.619999885559082,5.699999809265137,4.56862,1.4234862159271389
2023-09-18,5.679999828338623,5.679999828338623,5.630000114440918,5.650000095367432,1.932135,-0.8771879924703185
2023-09-19,5.630000114440918,5.699999809265137,5.630000114440918,5.670000076293945,3.690832,0.3539819573261882
2023-09-20,5.679999828338623,5.739999771118164,5.650000095367432,5.710000038146973,6.741869,0.7054666898553608
2023-09-21,5.71999979019165,5.820000171661377,5.699999809265137,5.800000190734863,22.00788,1.5761847983646993
2023-09-25,5.920000076293945,5.929999828338623,5.860000133514404,5.889999866485596,8.691714,1.5517184963976582
2023-09-26,5.889999866485596,5.889999866485596,5.800000190734863,5.800000190734863,7.079377,-1.5280081118988709
2023-09-27,5.800000190734863,5.820000171661377,5.760000228881836,5.78000020980835,4.469405,-0.3448272460139345
2023-09-28,5.800000190734863,5.889999866485596,5.78000020980835,5.849999904632568,8.081534,1.211067340541483
2023-10-02,5.849999904632568,5.849999904632568,5.849999904632568,5.849999904632568,0.0,0.0
2023-10-03,5.880000114440918,5.880000114440918,5.769999980926514,5.78000020980835,9.903148,-1.1965759994079117
2023-10-04,5.800000190734863,5.800000190734863,5.739999771118164,5.78000020980835,5.454926,0.0
2023-10-05,5.760000228881836,5.800000190734863,5.739999771118164,5.739999771118164,2.663138,-0.6920490871662466
2023-10-09,5.730000019073486,5.730000019073486,5.599999904632568,5.599999904632568,7.51328,-2.43902216146471
2023-10-10,5.610000133514404,5.679999828338623,5.590000152587891,5.590000152587891,5.141535,-0.1785670038387921
2023-10-11,5.650000095367432,5.650000095367432,5.559999942779541,5.570000171661377,7.486992,-0.3577814021571091
2023-10-12,5.599999904632568,5.619999885559082,5.570000171661377,5.570000171661377,3.62821,0.0
2023-10-16,5.519999980926514,5.550000190734863,5.409999847412109,5.409999847412109,7.76962,-2.8725371511352016
2023-10-17,5.420000076293945,5.53000020980835,5.409999847412109,5.409999847412109,7.64891,0.0
2023-10-18,5.489999771118164,5.489999771118164,5.340000152587891,5.46999979019165,5.060947,1.109056274895126
2023-10-19,5.46999979019165,5.480000019073486,5.360000133514404,5.360000133514404,8.236576,-2.0109627220550985
2023-10-23,5.28000020980835,5.329999923706055,5.25,5.260000228881836,2.014899,-1.8656698160751997
2023-10-24,5.25,5.309999942779541,5.239999771118164,5.269999980926514,5.536358,0.1901093461891934
2023-10-25,5.29,5.44,5.29,5.39,7.001898,2.277038
2023-10-26,5.409999847412109,5.460000038146973,5.309999942779541,5.309999942779541,7.752187,-1.4842286769520152
2023-10-30,5.25,5.389999866485596,5.25,5.360000133514404,6.000823,0.9416231878279556
2023-10-31,5.400000095367432,5.449999809265137,5.349999904632568,5.400000095367432,6.353607,0.7462679264300887
2023-11-01,5.420000076293945,5.46999979019165,5.360000133514404,5.46999979019165,4.831817,1.2962906219996295
2023-11-02,5.46999979019165,5.510000228881836,5.449999809265137,5.460000038146973,3.417128,-0.18281083049780378
2023-11-06,5.449999809265137,5.550000190734863,5.449999809265137,5.550000190734863,5.954324,1.6483544314852328
2023-11-07,5.559999942779541,5.599999904632568,5.550000190734863,5.599999904632568,4.787145,0.900895714943828
2023-11-08,5.590000152587891,5.599999904632568,5.510000228881836,5.550000190734863,3.111499,-0.8928520490927738
2023-11-09,5.510000228881836,5.570000171661377,5.510000228881836,5.53000020980835,2.263745,-0.36036000430957893
2023-11-13,5.519999980926514,5.550000190734863,5.460000038146973,5.489999771118164,3.727204,-0.7233352110771807
2023-11-14,5.53000020980835,5.53000020980835,5.46999979019165,5.5,3.107238,0.1821535391393958
2023-11-15,5.510000228881836,5.510000228881836,5.449999809265137,5.510000228881836,7.181399,0.18182234330610392
2023-11-16,5.489999771118164,5.53000020980835,5.46999979019165,5.53000020980835,5.587308,0.3629760452945163
2023-11-20,5.46999979019165,5.539999961853027,5.46999979019165,5.53000020980835,3.384511,0.0
2023-11-21,5.480000019073486,5.590000152587891,5.480000019073486,5.550000190734863,4.201489,0.36166329417204324
2023-11-22,5.53000020980835,5.579999923706055,5.510000228881836,5.559999942779541,2.14579,0.1801757063246922
2023-11-23,5.510000228881836,5.550000190734863,5.480000019073486,5.510000228881836,1.885078,-0.8992754390696911
2023-11-27,5.510000228881836,5.510000228881836,5.480000019073486,5.489999771118164,1.487715,-0.3629846993260632
2023-11-28,5.539999961853027,5.550000190734863,5.5,5.519999980926514,4.44074,0.5464519318593597
2023-11-29,5.510000228881836,5.539999961853027,5.510000228881836,5.53000020980835,3.563843,0.18116356732591488
2023-11-30,5.539999961853027,5.570000171661377,5.519999980926514,5.519999980926514,7.831033,-0.18083595845256317
2023-12-04,5.519999980926514,5.519999980926514,5.519999980926514,5.519999980926514,0.0,0.0
2023-12-05,5.56,5.58,5.5,5.58,3.317113,1.086955
2023-12-06,5.579999923706055,5.610000133514404,5.539999961853027,5.570000171661377,3.491347,-0.17920702834053337
2023-12-07,5.53000020980835,5.570000171661377,5.510000228881836,5.570000171661377,3.888341,0.0
2023-12-11,5.599999904632568,5.619999885559082,5.519999980926514,5.559999942779541,2.941015,-0.1795373173005376
2023-12-12,5.559999942779541,5.559999942779541,5.519999980926514,5.53000020980835,3.687289,-0.539563548200217
2023-12-13,5.570000171661377,5.610000133514404,5.53000020980835,5.610000133514404,1.498065,1.446653176688173
2023-12-14,5.559999942779541,5.71999979019165,5.559999942779541,5.699999809265137,8.254929,1.6042722568413215
2023-12-18,5.699999809265137,5.739999771118164,5.659999847412109,5.699999809265137,1.57025,0.0
2023-12-19,5.690000057220459,5.699999809265137,5.659999847412109,5.659999847412109,1.631183,-0.701753740202038
2023-12-20,5.69,5.7,5.65,5.68,1.997408,0.353357
2023-12-21,5.679999828338623,5.690000057220459,5.639999866485596,5.690000057220459,0.993168,0.176060372958875
2023-12-25,5.670000076293945,5.730000019073486,5.630000114440918,5.710000038146973,1.622632,0.3514935101122551
2023-12-26,5.679999828338623,5.730000019073486,5.679999828338623,5.699999809265137,2.041663,-0.17513535577980965
2023-12-27,5.710000038146973,5.730000019073486,5.659999847412109,5.690000057220459,4.54793,-0.1754342522682805
2023-12-28,5.730000019073486,5.760000228881836,5.659999847412109,5.71999979019165,13.848234,0.5272360750352201
2024-01-01,5.71999979019165,5.71999979019165,5.71999979019165,5.71999979019165,0.0,0.0
2024-01-02,5.71999979019165,5.800000190734863,5.71999979019165,5.800000190734863,4.995571,1.398608452405781
2024-01-03,5.800000190734863,5.809999942779541,5.71999979019165,5.75,7.043274,-0.8620722256998503
2024-01-04,5.75,5.789999961853027,5.730000019073486,5.760000228881836,3.881729,0.1739170240319332
2024-01-08,5.769999980926514,5.809999942779541,5.760000228881836,5.78000020980835,3.356113,0.34722187728795095
2024-01-09,5.800000190734863,5.840000152587891,5.789999961853027,5.809999942779541,4.999884,0.5190265031527863
2024-01-10,5.809999942779541,5.829999923706055,5.789999961853027,5.820000171661377,4.526254,0.172120980728474
2024-01-11,5.800000190734863,5.860000133514404,5.78000020980835,5.809999942779541,5.710623,-0.1718252334515169
2024-01-15,5.800000190734863,5.840000152587891,5.760000228881836,5.78000020980835,2.452546,-0.516346527825251
2024-01-16,5.800000190734863,5.809999942779541,5.769999980926514,5.769999980926514,3.513586,-0.1730143342359436
2024-01-17,5.760000228881836,5.800000190734863,5.760000228881836,5.789999961853027,4.470793,0.34662012118935603
2024-01-18,5.809999942779541,5.809999942779541,5.75,5.760000228881836,4.238713,-0.5181301065430466
2024-01-22,5.800000190734863,5.829999923706055,5.78000020980835,5.800000190734863,4.782987,0.6944437545759019
2024-01-23,5.800000190734863,5.840000152587891,5.789999961853027,5.840000152587891,3.48557,0.6896544920278691
2024-01-24,6.150000095367432,6.400000095367432,6.150000095367432,6.289999961853027,47.738839,7.705475984717691
2024-01-25,6.28000020980835,6.289999961853027,6.210000038146973,6.25,10.777973,-0.635929445081318
2024-01-29,6.230000019073486,6.329999923706055,6.230000019073486,6.320000171661377,7.463784,1.1200027465820384
2024-01-30,6.320000171661377,6.420000076293945,6.309999942779541,6.369999885559082,16.868749,0.7911346920827844
2024-01-31,6.389999866485596,6.440000057220459,6.320000171661377,6.320000171661377,9.96849,-0.7849248790577801
2024-02-01,6.349999904632568,6.389999866485596,6.320000171661377,6.389999866485596,8.807482,1.107590077894205
2024-02-05,6.369999885559082,6.380000114440918,6.360000133514404,6.369999885559082,3.912763,-0.3129887534334741
2024-02-06,6.380000114440918,6.389999866485596,6.289999961853027,6.349999904632568,7.950246,-0.3139714487570666
2024-02-07,6.349999904632568,6.349999904632568,6.349999904632568,6.349999904632568,0.0,0.0
2024-02-08,6.380000114440918,6.400000095367432,6.349999904632568,6.389999866485596,3.719271,0.6299206685632441
2024-02-12,6.380000114440918,6.429999828338623,6.380000114440918,6.429999828338623,3.433571,0.6259775068669482
2024-02-13,6.429999828338623,6.460000038146973,6.429999828338623,6.429999828338623,5.336032,0.0
2024-02-14,6.420000076293945,6.480000019073486,6.400000095367432,6.480000019073486,4.301256,0.777607963759186
2024-02-15,6.480000019073486,6.5,6.449999809265137,6.480000019073486,3.613285,0.0
2024-02-19,6.519999980926514,6.550000190734863,6.460000038146973,6.46999979019165,4.422465,-0.15432451932717584
2024-02-20,6.46999979019165,6.5,6.449999809265137,6.5,6.489443,0.46368177405242683
2024-02-21,6.5,6.5,6.5,6.5,0.0,0.0
2024-02-22,6.5,6.510000228881836,6.400000095367432,6.400000095367432,8.727605,-1.5384600712702867
2024-02-26,6.380000114440918,6.449999809265137,6.340000152587891,6.349999904632568,8.070288,-0.7812529685906622
2024-02-27,6.349999904632568,6.440000057220459,6.349999904632568,6.440000057220459,10.055428,1.417325258890667
2024-02-28,6.440000057220459,6.440000057220459,6.360000133514404,6.360000133514404,7.32921,-1.2422348291186711
2024-02-29,6.360000133514404,6.440000057220459,6.360000133514404,6.440000057220459,10.044118,1.2578604092237322
2024-03-04,6.489999771118164,6.550000190734863,6.420000076293945,6.46999979019165,8.310752,0.46583435876768053
2024-03-05,6.460000038146973,6.460000038146973,6.300000190734863,6.349999904632568,9.846324,-1.854712356266208
2024-03-06,6.349999904632568,6.389999866485596,6.28000020980835,6.340000152587891,13.37998,-0.1574764125174654
2024-03-07,5.900000095367432,5.900000095367432,5.829999923706055,5.829999923706055,7.162197,-8.044167454375561
2024-03-11,5.78000020980835,5.800000190734863,5.75,5.75,4.843072,-1.3722114022807652
2024-03-12,5.75,5.789999961853027,5.75,5.78000020980835,2.854242,0.5217427792756357
2024-03-13,5.840000152587891,5.840000152587891,5.769999980926514,5.769999980926514,3.975505,-0.1730143342359436
2024-03-14,5.800000190734863,5.869999885559082,5.78000020980835,5.869999885559082,4.136943,1.7331006059468024
2024-03-18,5.769999980926514,5.849999904632568,5.769999980926514,5.789999961853027,5.478767,-1.3628607370651635
2024-03-19,5.820000171661377,5.840000152587891,5.769999980926514,5.769999980926514,6.181671,-0.3454228162052208
2024-03-20,5.820000171661377,5.820000171661377,5.760000228881836,5.78000020980835,7.254611,0.1733141926324677
2024-03-21,5.800000190734863,5.820000171661377,5.78000020980835,5.78000020980835,4.365041,0.0
2024-03-25,5.869999885559082,5.940000057220459,5.849999904632568,5.929999828338623,7.966535,2.5951490153189205
2024-03-26,5.940000057220459,5.96999979019165,5.809999942779541,5.860000133514404,8.383603,-1.1804333364345165
2024-03-27,5.880000114440918,5.880000114440918,5.829999923706055,5.829999923706055,9.556214,-0.5119489611744688
2024-03-28,5.840000152587891,5.909999847412109,5.840000152587891,5.840000152587891,5.107381,0.17153051479765757
2024-04-01,5.840000152587891,5.840000152587891,5.840000152587891,5.840000152587891,0.0,0.0
2024-04-02,5.840000152587891,5.849999904632568,5.800000190734863,5.809999942779541,3.71796,-0.5137022093236632
2024-04-03,5.829999923706055,5.829999923706055,5.769999980926514,5.769999980926514,3.744204,-0.6884675085537251
2024-04-04,5.820000171661377,5.820000171661377,5.75,5.760000228881836,4.350007,-0.1733059285568994
2024-04-15,5.699999809265137,5.78000020980835,5.679999828338623,5.75,11.809806,-0.1736150778552492
2024-04-16,5.75,5.809999942779541,5.670000076293945,5.670000076293945,4.931241,-1.3913030209748656
2024-04-17,5.670000076293945,5.739999771118164,5.659999847412109,5.699999809265137,5.964834,0.5290958124783751
2024-04-18,5.739999771118164,5.769999980926514,5.699999809265137,5.730000019073486,5.048203,0.5263194879337574
2024-04-22,5.75,5.75,5.679999828338623,5.679999828338623,4.242535,-0.8726036748416655
2024-04-23,5.710000038146973,5.710000038146973,5.650000095367432,5.710000038146973,4.734428,0.5281727238559464
2024-04-24,5.710000038146973,5.710000038146973,5.630000114440918,5.630000114440918,3.85268,-1.4010494425848783
2024-04-25,5.659999847412109,5.659999847412109,5.5,5.5,9.358028,-2.309060600326962
2024-04-29,5.510000228881836,5.559999942779541,5.510000228881836,5.559999942779541,6.095615,1.0909080505371094
2024-04-30,5.559999942779541,5.619999885559082,5.550000190734863,5.559999942779541,6.833199,0.0
2024-05-01,5.559999942779541,5.610000133514404,5.539999961853027,5.559999942779541,3.137116,0.0
2024-05-02,5.599999904632568,5.619999885559082,5.570000171661377,5.619999885559082,2.452441,1.0791356726084
2024-05-06,5.670000076293945,5.690000057220459,5.630000114440918,5.630000114440918,2.262986,0.1779400193144598
2024-05-07,5.670000076293945,5.670000076293945,5.630000114440918,5.630000114440918,2.508702,0.0
2024-05-08,5.659999847412109,5.71999979019165,5.650000095367432,5.710000038146973,5.005669,1.4209577634084924
2024-05-09,5.71999979019165,5.75,5.679999828338623,5.679999828338623,5.035368,-0.5253977164260348
2024-05-13,5.659999847412109,5.710000038146973,5.650000095367432,5.670000076293945,2.762141,-0.17605197793821858
2024-05-14,5.699999809265137,5.710000038146973,5.639999866485596,5.679999828338623,3.550315,0.17636246755068363
2024-05-15,5.690000057220459,5.690000057220459,5.599999904632568,5.599999904632568,3.943989,-1.408449403588352
2024-05-16,5.650000095367432,5.670000076293945,5.579999923706055,5.630000114440918,4.679375,0.5357180414151896
2024-05-20,5.559999942779541,5.670000076293945,5.550000190734863,5.650000095367432,5.077763,0.35523944085211756
2024-05-21,5.650000095367432,5.690000057220459,5.599999904632568,5.599999904632568,7.814413,-0.8849591131132817
2024-05-22,5.599999904632568,5.630000114440918,5.570000171661377,5.579999923706055,6.622922,-0.3571425226269853
2024-05-23,5.579999923706055,5.650000095367432,5.519999980926514,5.519999980926514,7.492017,-1.07526780644992
2024-05-27,5.5,5.670000076293945,5.5,5.670000076293945,5.663705,2.7173930414082115
2024-05-28,5.670000076293945,5.679999828338623,5.559999942779541,5.570000171661377,5.529664,-1.763666724638402
2024-05-29,5.570000171661377,5.619999885559082,5.510000228881836,5.510000228881836,6.989573,-1.0771982213717668
2024-05-30,5.570000171661377,5.579999923706055,5.5,5.579999923706055,4.059762,1.2704118315149948
2024-06-03,5.519999980926514,5.599999904632568,5.5,5.53000020980835,5.936985,-0.8960522326404763
2024-06-04,5.550000190734863,5.550000190734863,5.5,5.519999980926514,6.394305,-0.1808359584525631
2024-06-05,5.550000190734863,5.550000190734863,5.5,5.5,4.470952,-0.3623184962974757
2024-06-06,5.519999980926514,5.550000190734863,5.510000228881836,5.510000228881836,3.466804,0.1818223433061039
2024-06-10,5.539999961853027,5.559999942779541,5.53000020980835,5.539999961853027,2.642258,0.5444597409259844
2024-06-11,5.579999923706055,5.590000152587891,5.550000190734863,5.559999942779541,3.406333,0.3610104885239718
2024-06-12,5.550000190734863,5.590000152587891,5.519999980926514,5.519999980926514,5.661433,-0.7194237817389371
2024-06-13,5.550000190734863,5.590000152587891,5.53000020980835,5.590000152587891,2.977109,1.2681190562183309
2024-06-20,5.630000114440918,5.71999979019165,5.630000114440918,5.71999979019165,12.038389,2.3255748489304784
2024-06-24,5.769999980926514,5.769999980926514,5.619999885559082,5.659999847412109,5.712286,-1.0489500870686341
2024-06-25,5.659999847412109,5.730000019073486,5.659999847412109,5.730000019073486,5.387253,1.2367521828358763
2024-06-26,5.730000019073486,5.730000019073486,5.659999847412109,5.659999847412109,5.361733,-1.2216434804252496
2024-06-27,5.659999847412109,5.699999809265137,5.619999885559082,5.659999847412109,3.705642,0.0
2024-07-01,5.690000057220459,5.760000228881836,5.679999828338623,5.760000228881836,6.010735,1.766791239675558
2024-07-02,5.760000228881836,5.800000190734863,5.739999771118164,5.75,4.670843,-0.1736150778552492
2024-07-03,5.760000228881836,5.800000190734863,5.739999771118164,5.75,4.670843,0.0
2024-07-04,5.809999942779541,5.840000152587891,5.78000020980835,5.800000190734863,4.102352,0.8695685345193604
2024-07-08,5.829999923706055,5.869999885559082,5.809999942779541,5.829999923706055,3.922892,0.5172367583558657
2024-07-09,5.829999923706055,5.829999923706055,5.769999980926514,5.809999942779541,4.757119,-0.3430528505701913
2024-07-10,5.800000190734863,5.820000171661377,5.78000020980835,5.800000190734863,2.735684,-0.17211277354839405
2024-07-11,5.800000190734863,5.820000171661377,5.769999980926514,5.769999980926514,3.047202,-0.5172449796859158
2024-07-15,5.789999961853027,5.869999885559082,5.75,5.869999885559082,5.203143,1.7331006059468024
2024-07-16,5.880000114440918,5.960000038146973,5.869999885559082,5.869999885559082,10.870642,0.0
2024-07-17,5.880000114440918,5.920000076293945,5.829999923706055,5.880000114440918,3.341724,0.1703616537785279
2024-07-18,5.849999904632568,6.0,5.849999904632568,6.0,13.35653,2.040814340536645
2024-07-22,5.96999979019165,5.980000019073486,5.920000076293945,5.940000057220459,5.307557,-0.9999990463256836
2024-07-23,5.929999828338623,6.039999961853027,5.920000076293945,6.039999961853027,9.985839,1.6835000617720919
2024-07-24,6.0,6.0,5.929999828338623,5.960000038146973,11.498818,-1.3245020564786825
2024-07-25,5.949999809265137,5.949999809265137,5.860000133514404,5.860000133514404,9.403464,-1.677850738129516
2024-07-29,5.920000076293945,6.03000020980835,5.909999847412109,5.96999979019165,9.697426,1.8771272042834575
2024-07-30,5.980000019073486,6.03000020980835,5.960000038146973,5.980000019073486,9.118139,0.16750802735814307
2024-07-31,5.989999771118164,5.989999771118164,5.829999923706055,5.849999904632568,11.715549,-2.173914950272182
2024-08-01,5.849999904632568,5.960000038146973,5.849999904632568,5.920000076293945,7.555386,1.19658415047057
2024-08-05,5.849999904632568,5.849999904632568,5.610000133514404,5.650000095367432,16.819394,-4.560810429846141
2024-08-06,5.699999809265137,5.789999961853027,5.699999809265137,5.75,17.956264,1.7699097866309854
2024-08-07,5.800000190734863,5.929999828338623,5.769999980926514,5.880000114440918,10.473259,2.260871555494215
2024-08-08,5.829999923706055,5.96999979019165,5.809999942779541,5.829999923706055,8.370673,-0.8503433632946034
2024-08-12,5.820000171661377,5.900000095367432,5.820000171661377,5.880000114440918,2.183561,0.8576362159380402
2024-08-13,5.840000152587891,5.889999866485596,5.78000020980835,5.78000020980835,3.94652,-1.7006786171138821
2024-08-14,5.809999942779541,5.820000171661377,5.769999980926514,5.78000020980835,4.103244,0.0
2024-08-15,5.789999961853027,5.880000114440918,5.789999961853027,5.880000114440918,2.325364,1.730102093471797
2024-08-19,5.889999866485596,5.920000076293945,5.880000114440918,5.900000095367432,2.051325,0.3401357234227742
2024-08-20,5.880000114440918,5.900000095367432,5.869999885559082,5.900000095367432,2.151787,0.0
2024-08-21,5.889999866485596,6.079999923706055,5.869999885559082,6.059999942779541,13.664244,2.7118617767097675
2024-08-22,6.050000190734863,6.090000152587891,6.010000228881836,6.050000190734863,7.942158,-0.1650124115362805
2024-08-26,6.119999885559082,6.159999847412109,6.119999885559082,6.159999847412109,5.5582,1.8181760861049723
2024-08-27,6.150000095367432,6.210000038146973,6.139999866485596,6.199999809265137,5.453167,0.649350046166508
2024-08-28,6.199999809265137,6.21999979019165,6.130000114440918,6.130000114440918,4.287702,-1.1290273706075382
2024-08-29,6.130000114440918,6.170000076293945,6.099999904632568,6.139999866485596,3.348481,0.16312808903740095
2024-09-02,6.190000057220459,6.28000020980835,6.159999847412109,6.199999809265137,6.381807,0.9771977863882952
2024-09-03,6.199999809265137,6.239999771118164,6.179999828338623,6.179999828338623,3.070715,-0.3225803474481759
2024-09-04,6.139999866485596,6.199999809265137,6.090000152587891,6.150000095367432,3.293247,-0.4854325858332009
2024-09-05,6.150000095367432,6.230000019073486,6.150000095367432,6.179999828338623,2.029719,0.4878005285526621
2024-09-09,6.139999866485596,6.199999809265137,6.130000114440918,6.159999847412109,1.549282,-0.3236242958260749
2024-09-10,6.190000057220459,6.239999771118164,6.170000076293945,6.21999979019165,4.191426,0.974025069249751
2024-09-11,6.21999979019165,6.230000019073486,6.110000133514404,6.110000133514404,5.391021,-1.7684832859754307
2024-09-12,6.159999847412109,6.190000057220459,6.110000133514404,6.130000114440918,2.623815,0.3273319229047278
2024-09-16,6.150000095367432,6.21999979019165,6.150000095367432,6.199999809265137,2.141711,1.1419199595007257
2024-09-17,6.190000057220459,6.210000038146973,6.170000076293945,6.199999809265137,2.229318,0.0
2024-09-18,6.210000038146973,6.25,6.190000057220459,6.199999809265137,3.600762,0.0
2024-09-19,6.199999809265137,6.230000019073486,6.190000057220459,6.199999809265137,6.54582,0.0
2024-09-23,6.28000020980835,6.320000171661377,6.269999980926514,6.269999980926514,4.433554,1.1290350615296818
2024-09-24,6.260000228881836,6.329999923706055,6.260000228881836,6.309999942779541,3.470834,0.6379579262313806
2024-09-25,6.300000190734863,6.320000171661377,6.28000020980835,6.320000171661377,4.60621,0.1584822341128333
2024-09-26,6.320000171661377,6.429999828338623,6.309999942779541,6.380000114440918,7.793062,0.9493661574342616
2024-09-30,6.340000152587891,6.369999885559082,6.300000190734863,6.300000190734863,5.07728,-1.2539172769758689
2024-10-01,6.300000190734863,6.329999923706055,6.28000020980835,6.329999923706055,3.798745,0.47618622322125326
2024-10-02,6.260000228881836,6.269999980926514,6.179999828338623,6.199999809265137,5.579347,-2.053714312919075
2024-10-03,6.199999809265137,6.21999979019165,6.090000152587891,6.119999885559082,5.036418,-1.2903213897927035
2024-10-07,6.090000152587891,6.090000152587891,6.090000152587891,6.090000152587891,0.0,-0.4901917243818832
2024-10-08,6.190000057220459,6.190000057220459,6.130000114440918,6.139999866485596,5.597182,0.8210133439234601
2024-10-09,6.13,6.17,6.11,6.11,2.283415,-0.488595
2024-10-10,6.11,6.16,6.0,6.15,2.817709,0.654664
2024-10-14,6.110000133514404,6.150000095367432,6.099999904632568,6.119999885559082,2.843195,-0.4878082820022666
2024-10-15,6.110000133514404,6.170000076293945,6.099999904632568,6.150000095367432,6.88632,0.4901995158388628
2024-10-16,6.150000095367432,6.150000095367432,6.150000095367432,6.150000095367432,0.0,0.0
2024-10-17,6.179999828338623,6.199999809265137,6.119999885559082,6.119999885559082,5.656761,-0.48780828200226667
2024-10-21,6.179999828338623,6.230000019073486,6.159999847412109,6.230000019073486,3.585133,1.7973878361331908
2024-10-22,6.230000019073486,6.239999771118164,6.190000057220459,6.210000038146973,3.04558,-0.321026980181105
2024-10-23,6.210000038146973,6.230000019073486,6.150000095367432,6.199999809265137,4.316729,-0.16103428052184343
2024-10-24,6.199999809265137,6.199999809265137,6.119999885559082,6.119999885559082,4.299774,-1.2903213897927035
2024-10-28,6.119999885559082,6.25,6.119999885559082,6.210000038146973,5.616802,1.4705907560596199
2024-10-29,6.25,6.269999980926514,6.210000038146973,6.269999980926514,4.107605,0.9661826475196644
2024-10-30,6.289999961853027,6.309999942779541,6.25,6.289999961853027,7.753349,0.3189789631157014
2024-10-31,6.289999961853027,6.289999961853027,6.25,6.25,6.237857,-0.635929445081318
2024-11-04,6.260000228881836,6.260000228881836,6.230000019073486,6.25,4.210648,0.0
2024-11-05,6.260000228881836,6.28000020980835,6.190000057220459,6.199999809265137,11.289364,-0.8000030517578138
2024-11-06,6.199999809265137,6.199999809265137,6.199999809265137,6.199999809265137,0.0,0.0
2024-11-07,6.309999942779541,6.340000152587891,6.289999961853027,6.309999942779541,2.616564,1.7741957564260336
2024-11-11,6.360000133514404,6.400000095367432,6.360000133514404,6.380000114440918,4.193393,1.1093529682433267
2024-11-12,6.380000114440918,6.46999979019165,6.369999885559082,6.440000057220459,9.571708,0.94043795773191
2024-11-13,6.440000057220459,6.489999771118164,6.420000076293945,6.489999771118164,4.729301,0.7763930660473539
2024-11-14,6.480000019073486,6.539999961853027,6.480000019073486,6.539999961853027,6.329793,0.7704189907274728
2024-11-18,6.53000020980835,6.610000133514404,6.53000020980835,6.590000152587891,4.102455,0.7645289147784062
2024-11-19,6.590000152587891,6.730000019073486,6.559999942779541,6.730000019073486,6.463604,2.124428880788698
2024-11-20,6.590000152587891,6.730000019073486,6.559999942779541,6.730000019073486,6.463604,0.0
2024-11-21,6.679999828338623,6.679999828338623,6.5,6.5,13.59912,-3.417533706116549
2024-11-25,6.599999904632568,6.739999771118164,6.579999923706055,6.739999771118164,11.714726,3.692304171048688
2024-11-26,6.71999979019165,6.809999942779541,6.690000057220459,6.800000190734863,6.568764,0.8902139711311152
2024-11-27,6.809999942779541,6.840000152587891,6.75,6.75,6.234382,-0.7352969019469913
2024-11-28,6.800000190734863,6.849999904632568,6.71999979019165,6.800000190734863,5.276265,0.7407435664424256
2024-12-02,6.800000190734863,6.800000190734863,6.800000190734863,6.800000190734863,0.0,0.0
2024-12-03,6.800000190734863,6.800000190734863,6.800000190734863,6.800000190734863,0.0,0.0
2024-12-04,6.800000190734863,6.929999828338623,6.800000190734863,6.889999866485596,9.079259,1.3235246062692552
2024-12-05,6.929999828338623,6.929999828338623,6.829999923706055,6.889999866485596,5.693166,0.0
2024-12-09,6.800000190734863,6.820000171661377,6.769999980926514,6.800000190734863,5.754659,-1.3062362481095158
2024-12-10,6.800000190734863,6.809999942779541,6.769999980926514,6.800000190734863,4.01617,0.0
2024-12-11,6.789999961853027,6.800000190734863,6.760000228881836,6.760000228881836,2.806977,-0.588234716633218
2024-12-12,6.78000020980835,6.809999942779541,6.75,6.800000190734863,3.652681,0.5917153919925866
2024-12-16,6.840000152587891,7.179999828338623,6.840000152587891,7.130000114440918,20.572196,4.852939918379495
2024-12-17,7.159999847412109,7.159999847412109,6.949999809265137,7.010000228881836,11.84242,-1.6830278209398308
2024-12-18,7.050000190734863,7.139999866485596,7.010000228881836,7.099999904632568,7.349178,1.2838755037400065
2024-12-19,7.0,7.079999923706055,6.96999979019165,7.079999923706055,6.517213,-0.2816898759880892
2024-12-23,7.03000020980835,7.090000152587891,7.03000020980835,7.050000190734863,2.142766,-0.4237250465320308
2024-12-24,7.039999961853027,7.070000171661377,7.03000020980835,7.03000020980835,2.357229,-0.2836876650414544
2024-12-25,7.050000190734863,7.079999923706055,7.010000228881836,7.050000190734863,1.689058,0.2844947415308718
2024-12-26,7.039999961853027,7.079999923706055,7.03000020980835,7.03000020980835,1.396943,-0.2836876650414544
2024-12-30,7.079999923706055,7.110000133514404,7.070000171661377,7.110000133514404,4.285248,1.1379789661234652
2024-12-31,7.090000152587891,7.110000133514404,7.050000190734863,7.090000152587891,5.775442,-0.281293678634964
2025-01-02,7.079999923706055,7.099999904632568,7.070000171661377,7.079999923706055,1.418298,-0.1410469487533872
2025-01-06,7.050000190734863,7.070000171661377,7.010000228881836,7.070000171661377,3.393465,-0.14123943718128418
2025-01-07,7.090000152587891,7.329999923706055,7.079999923706055,7.289999961853027,18.226567,3.1117367022630797
2025-01-08,7.239999771118164,7.349999904632568,7.239999771118164,7.28000020980835,6.902407,-0.1371708106584934
2025-01-09,7.289999961853027,7.380000114440918,7.289999961853027,7.300000190734863,5.362154,0.2747250048093175
2025-01-13,7.329999923706055,7.340000152587891,7.260000228881836,7.260000228881836,6.717981,-0.5479446686014522
2025-01-14,7.269999980926514,7.309999942779541,7.269999980926514,7.289999961853027,6.775198,0.41321944938577104
2025-01-15,7.300000190734863,7.320000171661377,7.28000020980835,7.28000020980835,4.262153,-0.1371708106584934
2025-01-16,7.28000020980835,7.300000190734863,7.239999771118164,7.300000190734863,6.257554,0.2747250048093175
2025-01-20,7.300000190734863,7.340000152587891,7.25,7.260000228881836,3.809061,-0.5479446686014522
2025-01-21,7.300000190734863,7.349999904632568,7.25,7.340000152587891,4.722014,1.1019272890350207
2025-01-22,7.36,7.44,7.33,7.44,10.447774,1.362396
2025-01-23,7.440000057220459,7.599999904632568,7.380000114440918,7.590000152587891,9.659178,2.0161302985724827
2025-01-27,7.510000228881836,7.570000171661377,7.489999771118164,7.5,4.327606,-1.185772737530233
2025-01-28,7.53000020980835,7.559999942779541,7.440000057220459,7.440000057220459,3.299066,-0.7999992370605447
2025-01-29,7.46,7.65,7.37,7.6,9.210658,2.150536
2025-01-30,7.639999866485596,7.659999847412109,7.550000190734863,7.599999904632568,4.042776,0.0
2025-02-03,7.71999979019165,7.809999942779541,7.650000095367432,7.809999942779541,9.646968,2.76315843134376
2025-02-04,7.800000190734863,7.869999885559082,7.789999961853027,7.829999923706055,7.180368,0.2560817038802065
2025-02-05,7.829999923706055,7.840000152587891,7.710000038146973,7.739999771118164,5.995745,-1.1494272473158929
2025-02-06,7.75,7.8,7.74,7.79,7.087159,0.645997
2025-02-10,7.699999809265137,7.769999980926514,7.619999885559082,7.760000228881836,7.471458,-0.38510568829394076
2025-02-11,7.769999980926514,7.929999828338623,7.739999771118164,7.920000076293945,11.831579,2.0618536429497514
2025-02-12,7.800000190734863,7.800000190734863,7.550000190734863,7.599999904632568,23.666118,-4.040406168924138
2025-02-13,7.590000152587891,7.639999866485596,7.489999771118164,7.599999904632568,14.078663,0.0
2025-02-17,7.650000095367432,7.71999979019165,7.630000114440918,7.690000057220459,7.107328,1.184212548911101
2025-02-18,7.699999809265137,7.730000019073486,7.630000114440918,7.679999828338623,6.028776,-0.13004198709265502
2025-02-19,7.639999866485596,7.699999809265137,7.639999866485596,7.690000057220459,4.331699,0.1302113164760143
2025-02-20,7.670000076293945,7.760000228881836,7.670000076293945,7.730000019073486,5.256578,0.5201555468841601
2025-02-24,7.699999809265137,7.71999979019165,7.599999904632568,7.690000057220459,5.715821,-0.517463929551476
2025-02-25,7.679999828338623,7.679999828338623,7.590000152587891,7.639999866485596,3.742215,-0.6501975339768151
2025-02-26,7.610000133514404,7.679999828338623,7.610000133514404,7.619999885559082,6.093081,-0.2617798596338705
2025-02-27,7.650000095367432,7.710000038146973,7.639999866485596,7.679999828338623,6.160806,0.7874008357040552
2025-03-03,7.710000038146973,7.710000038146973,7.599999904632568,7.599999904632568,5.036957,-1.0416656965389626
2025-03-04,7.619999885559082,7.650000095367432,7.559999942779541,7.610000133514404,10.398854,0.131581960622662
2025-03-05,7.610000133514404,7.619999885559082,7.579999923706055,7.579999923706055,5.669123,-0.3942208841262506
2025-03-06,7.579999923706055,7.619999885559082,7.559999942779541,7.570000171661377,6.832952,-0.1319228515214598
2025-03-10,7.449999809265137,7.460000038146973,7.329999923706055,7.349999904632568,7.215645,-2.9062121801844754
2025-03-11,7.28000020980835,7.389999866485596,7.0,7.340000152587891,17.440532,-0.13605104999219186
2025-03-12,7.269999980926514,7.570000171661377,7.269999980926514,7.570000171661377,5.927047,3.133515181091573
2025-03-13,7.550000190734863,7.639999866485596,7.519999980926514,7.550000190734863,6.33123,-0.2642005346497167
2025-03-17,7.570000171661377,7.599999904632568,7.400000095367432,7.519999980926514,5.788043,-0.3973537622577128
2025-03-18,7.519999980926514,7.519999980926514,7.46999979019165,7.510000228881836,5.238815,-0.13297542646331095
2025-03-19,7.519999980926514,7.579999923706055,7.480000019073486,7.550000190734863,6.277784,0.5326226449261062
2025-03-20,7.510000228881836,7.559999942779541,7.460000038146973,7.539999961853027,8.249574,-0.13245335932716706
2025-03-24,7.19,7.28,7.14,7.25,5.491705,-3.846153
2025-03-25,7.25,7.25,7.150000095367432,7.190000057220459,6.047026,-0.8275854176488462
2025-03-26,7.18,7.24,7.18,7.21,3.924326,0.278164
2025-03-27,7.199999809265137,7.239999771118164,7.179999828338623,7.21999979019165,7.800534,0.13869281541984968
2025-03-31,7.170000076293945,7.170000076293945,7.170000076293945,7.170000076293945,0.0,-0.6925168331116782
2025-04-01,7.170000076293945,7.170000076293945,7.170000076293945,7.170000076293945,0.0,0.0
2025-04-02,7.199999809265137,7.199999809265137,7.079999923706055,7.179999828338623,8.417888,0.13946655422976129
2025-04-03,7.179999828338623,7.199999809265137,7.099999904632568,7.179999828338623,5.693361,0.0
2025-04-07,6.800000190734863,6.909999847412109,6.550000190734863,6.789999961853027,18.528065,-5.431753144983542
2025-04-08,6.849999904632568,7.010000228881836,6.849999904632568,6.940000057220459,8.107229,2.209132492049326
2025-04-09,6.880000114440918,7.190000057220459,6.78000020980835,7.099999904632568,10.878835,2.305473286641302
2025-04-10,7.199999809265137,7.300000190734863,7.179999828338623,7.210000038146973,6.607792,1.5492976759426735
2025-04-14,7.230000019073486,7.489999771118164,7.21999979019165,7.449999809265137,14.379357,3.328706932709613
2025-04-15,7.449999809265137,7.460000038146973,7.369999885559082,7.460000038146973,7.316432,0.13423126359546345
2025-04-16,7.460000038146973,7.46999979019165,7.400000095367432,7.46999979019165,4.307165,0.13404493288933228
2025-04-17,7.429999828338623,7.46999979019165,7.420000076293945,7.449999809265137,4.438594,-0.2677373693205975
2025-04-21,7.510000228881836,7.559999942779541,7.480000019073486,7.5,5.566353,0.6711435169794333
2025-04-22,7.5,7.5,7.5,7.5,0.0,0.0
2025-04-23,7.5,7.539999961853027,7.480000019073486,7.539999961853027,4.250389,0.5333328247070224
2025-04-24,7.539999961853027,7.579999923706055,7.5,7.539999961853027,9.389489,0.0
2025-04-28,7.460000038146973,7.53000020980835,7.440000057220459,7.5,6.163027,-0.5305034755357818
2025-04-29,7.5,7.579999923706055,7.46999979019165,7.5,9.106845,0.0
2025-04-30,7.5,7.559999942779541,7.480000019073486,7.559999942779541,11.946915,0.7999992370605558
2025-05-01,7.539999961853027,7.690000057220459,7.539999961853027,7.630000114440918,8.501754,0.9259282035872562
2025-05-05,7.550000190734863,7.570000171661377,7.489999771118164,7.559999942779541,3.262858,-0.9174334287215924
2025-05-06,7.539999961853027,7.630000114440918,7.519999980926514,7.550000190734863,4.340361,-0.132271853443977
2025-05-07,7.579999923706055,7.659999847412109,7.570000171661377,7.599999904632568,5.326682,0.6622478494644701
2025-05-08,7.599999904632568,7.619999885559082,7.550000190734863,7.550000190734863,4.415909,-0.6578909805936672
2025-05-12,7.539999961853027,7.619999885559082,7.539999961853027,7.590000152587891,3.023701,0.5298008058610915
2025-05-13,7.599999904632568,7.840000152587891,7.599999904632568,7.820000171661377,11.062256,3.0303032206799863
2025-05-14,7.829999923706055,7.829999923706055,7.739999771118164,7.800000190734863,3.73662,-0.2557542261826362
2025-05-15,7.800000190734863,7.840000152587891,7.71999979019165,7.840000152587891,4.125984,0.5128200112166859
2025-05-19,7.889999866485596,7.889999866485596,7.889999866485596,7.889999866485596,0.0,0.6377514403644646
2025-05-20,8.010000228881836,8.100000381469727,7.96999979019165,7.989999771118164,6.135607,1.2674259356750817
2025-05-21,8.010000228881836,8.069999694824219,7.980000019073486,7.989999771118164,6.129076,0.0
2025-05-22,7.989999771118164,8.039999961853027,7.929999828338623,8.029999732971191,4.559562,0.5006253191347732
2025-05-26,8.0,8.180000305175781,7.980000019073486,8.15999984741211,8.625241,1.6189304951921502
2025-05-27,8.180000305175781,8.260000228881836,8.149999618530273,8.1899995803833,7.434504,0.3676437932864207
2025-05-28,8.220000267028809,8.25,8.149999618530273,8.25,7.510042,0.732605893660998
2025-05-29,8.25,8.270000457763672,8.210000038146973,8.260000228881836,6.791928,0.12121489553740261
2025-06-02,8.239999771118164,8.300000190734863,8.170000076293945,8.229999542236328,5.511049,-0.3632044287433245
2025-06-03,8.289999961853027,8.479999542236328,8.229999542236328,8.479999542236328,10.740858,3.03766724064809
2025-06-04,8.479999542236328,8.539999961853027,8.4399995803833,8.489999771118164,6.745282,0.1179272337460402
2025-06-05,8.489999771118164,8.489999771118164,8.489999771118164,8.489999771118164,0.0,0.0
2025-06-09,8.5,8.649999618530273,8.489999771118164,8.59000015258789,4.791654,1.177860826450372
2025-06-10,8.59000015258789,8.65999984741211,8.550000190734863,8.600000381469727,7.031189,0.1164170978369849
2025-06-11,8.630000114440918,8.649999618530273,8.5600004196167,8.600000381469727,3.128305,0.0
2025-06-12,8.5600004196167,8.569999694824219,8.449999809265137,8.489999771118164,12.245519,-1.2790768078171144
2025-06-16,8.300000190734863,8.479999542236328,8.289999961853027,8.390000343322754,7.390856,-1.177849593537028
2025-06-17,8.430000305175781,8.489999771118164,8.369999885559082,8.399999618530273,6.945621,0.1191808676799022
2025-06-18,8.350000381469727,8.399999618530273,8.199999809265137,8.390000343322754,15.666856,-0.11903899597163203
2025-06-19,8.3100004196167,8.359999656677246,8.149999618530273,8.199999809265137,13.210603,-2.2646069878749286
2025-06-23,8.369999885559082,8.529999732971191,8.369999885559082,8.510000228881836,5.21475,3.780493010090447
2025-06-24,8.550000190734863,8.850000381469727,8.550000190734863,8.850000381469727,12.294178,3.9953013330595866
2025-06-25,8.550000190734863,8.850000381469727,8.550000190734863,8.850000381469727,12.294178,0.0
2025-06-26,8.75,9.18000030517578,8.729999542236328,9.18000030517578,18.550286,3.728812536517112
2025-06-30,9.1899995803833,9.1899995803833,9.0,9.069999694824219,12.484807,-1.1982636894853127
2025-07-01,9.130000114440918,9.140000343322754,9.010000228881836,9.020000457763672,2.29535,-0.5512595230744988
2025-07-02,9.100000381469727,9.100000381469727,8.949999809265137,9.09000015258789,5.670682,0.7760497923696708
2025-07-03,9.079999923706055,9.239999771118164,9.039999961853027,9.199999809265137,6.595963,1.2101172148597739
2025-07-07,9.18,9.38,9.18,9.34,5.918043,1.521743
2025-07-08,9.31,9.33,9.2,9.24,5.640701,-1.070668
2025-07-09,9.270000457763672,9.34000015258789,9.239999771118164,9.300000190734863,5.683462,0.6493552067419417
2025-07-10,9.350000381469727,9.350000381469727,9.260000228881836,9.260000228881836,2.347253,-0.43010710787809714
2025-07-14,9.229999542236328,9.300000190734863,9.130000114440918,9.1899995803833,4.728091,-0.7559465093770035
2025-07-15,9.149999618530273,9.300000190734863,9.149999618530273,9.270000457763672,6.693035,0.8705210123310492
2025-07-16,9.220000267028809,9.640000343322754,9.220000267028809,9.470000267028809,13.688189,2.157495139038912
2025-07-17,9.470000267028809,9.720000267028809,9.449999809265137,9.649999618530273,12.635079,1.9007322748253674
2025-07-21,9.729999542236328,9.75,9.619999885559082,9.699999809265137,3.608138,0.518136712035222
2025-07-22,9.68000030517578,9.699999809265137,9.579999923706056,9.579999923706056,3.954528,-1.2371122465843931
2025-07-23,9.65999984741211,9.720000267028809,9.609999656677246,9.699999809265137,5.041626,1.2526084187343134
2025-07-24,9.739999771118164,9.800000190734863,9.710000038146973,9.800000190734863,6.196192,1.0309317880007551
2025-07-28,9.800000190734863,9.880000114440918,9.760000228881836,9.770000457763672,5.448484,-0.3061197182379072
2025-07-29,9.770000457763672,9.869999885559082,9.630000114440918,9.819999694824219,4.778954,0.511762893734713
2025-07-30,9.869999885559082,9.869999885559082,9.779999732971191,9.850000381469727,5.179304,0.30550598348104696
2025-07-31,9.84000015258789,9.979999542236328,9.779999732971191,9.979999542236328,8.528371,1.3197883830660784
2025-08-04,9.989999771118164,10.0,9.899999618530273,10.0,3.16765,0.20040539760575182
2025-08-05,10.0,10.050000190734863,9.960000038146973,9.979999542236328,5.371031,-0.2000045776367143
2025-08-06,9.970000267028809,9.970000267028809,9.6899995803833,9.770000457763672,18.14299,-2.1041993397286185
2025-08-07,9.800000190734863,9.800000190734863,9.619999885559082,9.65999984741211,9.869305,-1.1259017932199855
2025-08-11,9.670000076293945,9.75,9.670000076293945,9.739999771118164,4.519224,0.8281565731855123
2025-08-12,9.739999771118164,9.779999732971191,9.68000030517578,9.760000228881836,8.703112,0.2053435136926573
2025-08-13,9.779999732971191,9.779999732971191,9.699999809265137,9.75,6.912497,-0.1024613590913992
2025-08-14,9.779999732971191,9.779999732971191,9.6899995803833,9.739999771118164,7.204776,-0.10256645007010734
2025-08-18,9.729999542236328,9.84000015258789,9.720000267028809,9.800000190734863,4.321654,0.6160207497603487
2025-08-19,9.800000190734863,9.8100004196167,9.75,9.75,4.270011,-0.5102060179767554
2025-08-20,9.75,9.8100004196167,9.729999542236328,9.800000190734863,3.546851,0.5128224690755134
2025-08-21,9.800000190734863,9.800000190734863,9.729999542236328,9.729999542236328,2.934853,-0.7142923177156146
2025-08-25,9.770000457763672,9.960000038146973,9.720000267028809,9.8100004196167,4.794369,0.8222084393026075
2025-08-26,9.850000381469728,9.93000030517578,9.81999969482422,9.81999969482422,11.588682,0.1019294065219833
2025-08-27,9.81999969482422,9.890000343322754,9.789999961853027,9.81999969482422,3.585665,0.0
2025-08-28,9.8100004196167,9.829999923706055,9.779999732971191,9.800000190734863,2.926542,-0.203660944102646
2025-09-01,9.699999809265137,9.710000038146973,9.369999885559082,9.4399995803833,9.870923,-3.6734755443363687
2025-09-02,9.350000381469727,9.539999961853027,9.350000381469727,9.539999961853027,10.469733,1.0593261219791872
2025-09-03,9.539999961853027,9.630000114440918,9.43000030517578,9.449999809265137,7.014174,-0.9433978296411794
2025-09-04,9.449999809265137,9.5,9.43000030517578,9.4399995803833,4.82929,-0.1058225299859882
2025-09-08,9.4399995803833,9.609999656677246,9.359999656677246,9.460000038146973,8.436727,0.2118692653888754
2025-09-09,9.489999771118164,9.539999961853027,9.430000305175781,9.539999961853027,5.266452,0.8456651520450276
2025-09-10,9.5,9.539999961853027,9.449999809265137,9.539999961853027,3.068495,0.0
2025-09-11,9.529999732971191,9.770000457763672,9.5,9.770000457763672,7.380855,2.410906675370361
2025-09-15,9.859999656677246,9.899999618530273,9.84000015258789,9.899999618530273,5.877492,1.3305952372120844
2025-09-16,9.84000015258789,9.880000114440918,9.510000228881836,9.520000457763672,5.972631,-3.838375509180225
2025-09-17,9.520000457763672,9.59000015258789,9.449999809265137,9.489999771118164,6.328453,-0.3151332479300661
2025-09-18,9.510000228881836,9.649999618530272,9.479999542236328,9.489999771118164,8.42753,0.0
2025-09-22,9.550000190734863,9.56999969482422,9.470000267028809,9.56999969482422,1.402937,0.8429918402055758
2025-09-23,9.5600004196167,9.600000381469728,9.449999809265137,9.449999809265137,4.174566,-1.2539173394538583
2025-09-24,9.449999809265137,9.5,9.15999984741211,9.300000190734863,10.944507,-1.5872975826222602
2025-09-25,9.300000190734863,9.3100004196167,9.039999961853027,9.149999618530272,8.250641,-1.6129093454646193
2025-09-29,9.390000343322754,9.539999961853027,9.350000381469728,9.539999961853027,5.741366,4.262299011826598
2025-09-30,9.550000190734863,9.59000015258789,9.479999542236328,9.579999923706055,8.010566,0.41928681355316577
2025-10-01,9.579999923706055,9.579999923706055,9.4399995803833,9.5,6.32225,-0.8350722791562015
2025-10-02,9.5,9.539999961853027,9.5,9.5,3.08172,0.0
2025-10-06,9.5,9.5,9.43000030517578,9.479999542236328,1.572411,-0.2105311343544413
2025-10-07,9.479999542236328,9.479999542236328,9.369999885559082,9.390000343322754,4.271554,-0.94935868417082
2025-10-08,9.380000114440918,9.579999923706056,9.380000114440918,9.529999732971191,3.700033,1.4909412622970963
2025-10-09,9.5600004196167,9.59000015258789,9.5,9.59000015258789,2.494811,0.6295951867565597
2025-10-13,9.420000076293944,9.59000015258789,9.420000076293944,9.56999969482422,2.66472,-0.2085553435395404
2025-10-14,9.56999969482422,9.579999923706056,9.5,9.5,3.234517,-0.7314492900357905
2025-10-15,9.5,9.56999969482422,9.479999542236328,9.56999969482422,3.063112,0.7368388928865155
2025-10-16,9.569999694824219,9.65999984741211,9.5600004196167,9.59000015258789,9.218846,0.20899120586690412
2025-10-20,9.579999923706056,9.619999885559082,9.510000228881836,9.510000228881836,2.448243,-0.834201485225905
2025-10-21,9.539999961853027,9.550000190734863,9.479999542236328,9.520000457763672,2.525153,0.1051548753013165
2025-10-22,9.520000457763672,9.640000343322754,9.520000457763672,9.59000015258789,5.89643,0.7352908766630639
2025-10-23,9.59,9.61,9.56,9.61,2.916647,0.208545
2025-10-27,9.75,9.770000457763672,9.6899995803833,9.75,3.591776,1.4568194414604108
2025-10-28,9.75,9.75,9.75,9.75,0.0,0.0
2025-10-29,9.649999618530272,9.68000030517578,9.520000457763672,9.649999618530272,6.575893,-1.025644938151038
2025-10-30,9.640000343322754,9.68000030517578,9.550000190734863,9.600000381469728,4.250897,-0.5181268293994234
2025-11-03,9.5,9.520000457763672,9.380000114440918,9.40999984741211,6.608627,-1.979172151121611
2025-11-04,9.399999618530272,9.539999961853027,9.399999618530272,9.520000457763672,4.289559,1.168975686878615
2025-11-05,9.5,9.5,9.399999618530272,9.5,4.6865,-0.2100888319533811
2025-11-06,9.5,9.57,9.47,9.5,4.166364,0.0
2025-11-10,9.5,9.5,9.390000343322754,9.399999618530272,4.153265,-1.052635594418172
2025-11-11,9.449999809265137,9.539999961853027,9.399999618530272,9.539999961853027,4.451853,1.4893654149386482
2025-11-12,9.539999961853027,9.539999961853027,9.479999542236328,9.5,5.353121,-0.4192868135531769
2025-11-13,9.479999542236328,9.5,9.43000030517578,9.460000038146973,4.13258,-0.4210522300318708
2025-11-17,9.380000114440918,9.399999618530272,9.3100004196167,9.359999656677246,4.349291,-1.0570864806181857
2025-11-18,9.350000381469728,9.350000381469728,9.279999732971191,9.279999732971191,6.496121,-0.8547000709448138
2025-11-19,9.289999961853027,9.300000190734863,9.199999809265137,9.260000228881836,4.97912,-0.2155119037158925
2025-11-20,9.260000228881836,9.399999618530272,9.260000228881836,9.350000381469728,3.159217,0.9719238700143906
2025-11-24,9.25,9.25,9.25,9.25,0.0,-1.0695227528323081
2025-11-25,9.140000343322754,9.210000038146973,9.119999885559082,9.199999809265137,5.114514,-0.5405426025390625
2025-11-26,9.199999809265137,9.220000267028809,9.149999618530273,9.199999809265137,5.69226,0.0
2025-11-27,9.210000038146973,9.220000267028809,9.15999984741211,9.180000305175781,4.535774,-0.2173859185215843
2025-12-01,9.170000076293944,9.170000076293944,9.170000076293944,9.170000076293944,0.0,-0.1089349515184356
2025-12-02,9.170000076293945,9.170000076293945,9.170000076293945,9.170000076293945,0.0,0.0
2025-12-03,9.399999618530272,9.539999961853027,9.399999618530272,9.520000457763672,4.289559,3.816798021349399
2025-12-04,9.350000381469727,9.420000076293945,9.300000190734863,9.3100004196167,4.595369,-2.205882647576085
2025-12-08,9.149999618530272,9.31999969482422,9.130000114440918,9.31999969482422,4.778231,0.107403595669564
2025-12-09,9.369999885559082,9.5,9.329999923706056,9.40999984741211,4.820868,0.965666904880602
2025-12-10,9.40999984741211,9.4399995803833,9.359999656677246,9.369999885559082,2.034702,-0.4250793039494938
2025-12-11,9.369999885559082,9.470000267028809,9.350000381469728,9.43000030517578,3.16692,0.6403460015957041
2025-12-15,9.40999984741211,9.630000114440918,9.369999885559082,9.539999961853027,10.341156,1.1664862472684279
2025-12-16,9.59000015258789,9.640000343322754,9.520000457763672,9.5600004196167,4.545379,0.20964840506967342
2025-12-17,9.5600004196167,9.59000015258789,9.449999809265137,9.479999542236328,4.143636,-0.8368292245700459
2025-12-18,9.479999542236328,9.579999923706055,9.460000038146973,9.550000190734863,3.402888,0.7384035008299428
2025-12-22,9.449999809265137,9.539999961853027,9.430000305175781,9.5,4.784178,-0.5235621961910741
2025-12-23,9.5,9.5,9.430000305175781,9.479999542236328,3.822393,-0.21053113435444137
2025-12-24,9.470000267028809,9.550000190734863,9.470000267028809,9.5,4.803158,0.2109753030531624
2025-12-25,9.5,9.56999969482422,9.5,9.539999961853027,1.141316,0.4210522300318597
2025-12-29,9.460000038146973,9.489999771118164,9.40999984741211,9.4399995803833,1.577697,-1.048222032176016
2025-12-30,9.420000076293944,9.4399995803833,9.220000267028809,9.220000267028809,3.692062,-2.3305013043820377
2025-12-31,9.260000228881836,9.380000114440918,9.260000228881836,9.270000457763672,3.615985,0.5423014022425399
2026-01-05,9.359999656677246,9.399999618530273,9.260000228881836,9.300000190734863,2.693164,0.32362169891875237
2026-01-06,9.300000190734863,9.420000076293945,9.300000190734863,9.380000114440918,3.984934,0.8602142157561943
2026-01-07,9.319999694824219,9.510000228881836,9.319999694824219,9.489999771118164,5.162774,1.1727042146608913
2026-01-08,9.489999771118164,9.520000457763672,9.380000114440918,9.460000038146973,2.523051,-0.31611942776323954
2026-01-12,9.43000030517578,9.43000030517578,9.369999885559082,9.43000030517578,2.97001,-0.3171219117359292
2026-01-13,9.399999618530273,9.539999961853027,9.399999618530273,9.539999961853027,4.68763,1.1664862472684279
2026-01-14,9.550000190734863,9.600000381469728,9.399999618530272,9.399999618530272,6.625645,-1.4675088457291818
2026-01-15,9.40999984741211,9.479999542236328,9.390000343322754,9.479999542236328,4.076688,0.8510630526872509
2026-01-19,9.489999771118164,9.630000114440918,9.489999771118164,9.619999885559082,3.692647,1.4767969418037374
2026-01-20,9.619999885559082,9.729999542236328,9.600000381469727,9.699999809265137,6.566301,0.8316000484173136
2026-01-21,9.649999618530272,9.770000457763672,9.649999618530272,9.75,2.569433,0.5154658940003776
2026-01-22,9.75,9.880000114440918,9.75,9.869999885559082,5.870728,1.2307680570162294
2026-01-26,9.819999694824219,9.84000015258789,9.600000381469727,9.75,3.20426,-1.2158043257392115
2026-01-27,9.739999771118164,9.930000305175781,9.670000076293945,9.899999618530273,6.248868,1.5384576259515281
2026-01-28,9.899999618530272,9.9399995803833,9.800000190734863,9.9399995803833,4.302768,0.4040400342860462
2026-01-29,9.949999809265137,9.970000267028809,9.850000381469728,9.890000343322754,4.429315,-0.5030104544392677
2026-02-02,9.600000381469728,9.800000190734863,9.579999923706056,9.800000190734863,5.369134,-0.9100116224834532
2026-02-03,9.8100004196167,9.979999542236328,9.800000190734863,9.979999542236328,5.608602,1.836728040797797
2026-02-04,9.949999809265137,10.0,9.920000076293944,10.0,5.129778,0.2004053976057518
2026-02-05,9.989999771118164,10.0,9.920000076293944,10.0,4.575097,0.0
2026-02-09,10.0,10.199999809265137,9.970000267028809,10.199999809265137,10.026889,1.9999980926513672
2026-02-10,10.199999809265137,10.199999809265137,9.949999809265137,10.0,8.212545,-1.960782480441492
2026-02-11,9.399999618530273,9.489999771118164,9.140000343322754,9.140000343322754,32.878005,-8.599996566772461
2026-02-12,9.109999656677246,9.25,9.079999923706055,9.229999542236328,12.363636,0.98467391173922
2026-02-16,9.109999656677246,9.199999809265137,9.0,9.0,6.945376,-2.491869486925258
2026-02-17,9.0,9.0,8.789999961853027,8.800000190734863,8.662073,-2.22222010294596
2026-02-18,8.8100004196167,8.890000343322754,8.760000228881836,8.859999656677246,5.416755,0.681812098203749
2026-02-19,8.84000015258789,8.890000343322754,8.600000381469727,8.600000381469727,6.574088,-2.9345291792598815
2026-02-23,8.420000076293945,8.779999732971191,8.399999618530273,8.739999771118164,9.789982,1.6278998074243267
2026-02-24,8.800000190734863,8.9399995803833,8.600000381469727,8.600000381469727,8.946008,-1.6018237221363973
2026-02-25,8.680000305175781,8.6899995803833,8.5,8.5,5.722571,-1.1627950817908794
2026-02-26,8.5,8.5600004196167,8.479999542236328,8.5,7.695004,0.0
2026-03-02,8.300000190734863,8.300000190734863,8.300000190734863,8.300000190734863,0.0,-2.3529389325310235
2026-03-03,8.300000190734863,8.300000190734863,8.300000190734863,8.300000190734863,0.0,0.0
2026-03-04,7.889999866485596,7.889999866485596,7.889999866485596,7.889999866485596,4.489874,-4.939762829245997
2026-03-05,7.5,7.900000095367432,7.5,7.900000095367432,21.649318,0.12674561534928852
2026-03-09,7.300000190734863,7.480000019073486,7.28000020980835,7.28000020980835,8.994101,-7.848099722462665
2026-03-10,7.300000190734863,7.900000095367432,7.300000190734863,7.630000114440918,14.495287,4.807690859143299
2026-03-11,7.769999980926514,7.800000190734863,7.519999980926514,7.539999961853027,9.677275,-1.17955637271292
2026-03-12,7.519999980926514,7.53000020980835,7.199999809265137,7.25,11.866101,-3.84615335968459
2026-03-16,7.300000190734863,7.300000190734863,7.03000020980835,7.179999828338623,10.921522,-0.9655196091224448
2026-03-17,7.099999904632568,7.570000171661377,6.96999979019165,7.550000190734863,10.017447,5.153208513124086
2026-03-18,7.550000190734863,7.699999809265137,7.360000133514404,7.360000133514404,26.92823,-2.5165569857020897
2026-03-19,7.360000133514404,7.360000133514404,7.360000133514404,7.360000133514404,0.0,0.0
2026-03-24,7.519999980926514,7.599999904632568,7.269999980926514,7.329999923706055,10.886208,-0.4076115389147983
2026-03-25,7.440000057220459,7.670000076293945,7.409999847412109,7.650000095367432,7.961059,4.365623124039342
2026-03-26,7.639999866485596,7.639999866485596,7.300000190734863,7.300000190734863,6.649366,-4.575162095024233
2026-03-30,7.489999771118164,7.539999961853027,7.300000190734863,7.300000190734863,6.168586,0.0
2026-03-31,7.309999942779541,7.429999828338623,7.300000190734863,7.320000171661377,7.921548,0.2739723343007316
2026-04-01,7.440000057220459,7.519999980926514,7.380000114440918,7.420000076293945,7.215809,1.3661188837086113
2026-04-02,7.409999847412109,7.409999847412109,7.289999961853027,7.289999961853027,6.559948,-1.7520230876580944
2026-04-06,7.329999923706055,7.460000038146973,7.329999923706055,7.429999828338623,4.86368,1.9204371360519223
2026-04-07,7.440000057220459,7.519999980926514,7.389999866485596,7.449999809265137,5.510482,0.26917875354763865
2026-04-08,7.889999866485596,8.199999809265137,7.849999904632568,7.900000095367432,22.648579,6.040272451318129
2026-04-09,7.900000095367432,7.929999828338623,7.710000038146973,7.889999866485596,12.392296,-0.1265851741913293
2026-04-13,7.400000095367432,7.420000076293945,7.300000190734863,7.369999885559082,4.707931,-6.59062090907404
2026-04-14,7.409999847412109,7.5,7.329999923706055,7.360000133514404,7.271003,-0.1356818480319321
2026-04-15,7.400000095367432,7.53000020980835,7.380000114440918,7.5,9.507726,1.902172064482644
2026-04-16,7.539999961853027,7.590000152587891,7.480000019073486,7.480000019073486,6.793148,-0.2666664123535112
2026-04-20,7.5,7.5,7.309999942779541,7.309999942779541,7.983464,-2.272728286904502
2026-04-21,7.340000152587891,7.440000057220459,7.320000171661377,7.329999923706055,5.942744,0.27359755243594464
2026-04-22,7.340000152587891,7.380000114440918,7.289999961853027,7.289999961853027,3.131658,-0.5457020773446786
2026-04-23,7.329999923706055,7.329999923706055,7.090000152587891,7.090000152587891,8.691265,-2.7434816229312986
2026-04-27,7.199999809265137,7.380000114440918,7.199999809265137,7.21999979019165,4.860313,1.8335632553732717
2026-04-28,7.28000020980835,7.340000152587891,7.25,7.25,3.109344,0.41551538338138183
2026-04-29,7.25,7.28000020980835,7.159999847412109,7.159999847412109,8.247594,-1.2413814150053826
2026-04-30,7.170000076293945,7.21999979019165,7.130000114440918,7.139999866485596,8.902442,-0.27932934850189994
2026-05-04,7.210000038146973,7.320000171661377,7.199999809265137,7.199999809265137,6.945358,0.8403353487606458
2026-05-05,7.130000114440918,7.210000038146973,7.119999885559082,7.199999809265137,4.986113,0.0
2026-05-06,7.21999979019165,7.480000019073486,7.21999979019165,7.409999847412109,6.918593,2.916667273751017
2026-05-07,7.429999828338623,7.449999809265137,7.329999923706055,7.449999809265137,6.306342,0.5398105624387695
2026-05-11,7.300000190734863,7.320000171661377,7.199999809265137,7.199999809265137,3.332312,-3.355704783899316
2026-05-12,7.239999771118164,7.260000228881836,7.150000095367432,7.260000228881836,5.005291,0.8333391834189907
2026-05-13,7.260000228881836,7.300000190734863,7.099999904632568,7.179999828338623,5.950373,-1.1019338570397608
2026-05-14,7.210000038146973,7.25,7.150000095367432,7.21999979019165,3.741968,0.557102546091337
2026-05-18,7.199999809265137,7.239999771118164,7.170000076293945,7.210000038146973,12.114513,-0.1385007248651537
2026-05-19,7.21999979019165,7.389999866485596,7.21999979019165,7.380000114440918,9.296367,2.357837384112371
2026-05-20,7.369999885559082,7.409999847412109,7.320000171661377,7.340000152587891,5.745427,-0.5420048947527345
2026-05-21,7.360000133514404,7.449999809265137,7.320000171661377,7.320000171661377,3.990337,-0.27247929851148545
2026-05-25,7.420000076293945,7.650000095367432,7.400000095367432,7.400000095367432,11.213747,1.0928951069668846
2026-05-26,7.400000095367432,7.400000095367432,7.400000095367432,7.400000095367432,0.0,0.0
2026-05-27,7.400000095367432,7.400000095367432,7.400000095367432,7.400000095367432,0.0,0.0
2026-05-28,7.400000095367432,7.400000095367432,7.400000095367432,7.400000095367432,0.0,0.0
2026-06-01,7.400000095367432,7.559999942779541,7.320000171661377,7.480000019073486,11.760037,1.0810800361494177
2026-06-02,7.480000019073486,7.480000019073486,7.349999904632568,7.389999866485596,3.344651,-1.2032105930266934
2026-06-03,7.400000095367432,7.409999847412109,7.199999809265137,7.210000038146973,4.23256,-2.4357216724040898
2026-06-04,7.260000228881836,7.369999885559082,7.21999979019165,7.269999980926514,4.149565,0.8321767331774144
2026-06-08,7.260000228881836,7.380000114440918,7.199999809265137,7.380000114440918,4.187814,1.513069240756515
2026-06-09,7.389999866485596,7.440000057220459,7.349999904632568,7.369999885559082,3.713636,-0.1355044542921901
2026-06-10,7.35,7.37,7.28,7.32,3.677769,-0.678422
2026-06-11,7.28000020980835,7.320000171661377,7.239999771118164,7.260000228881836,2.413812,-0.8196713302251579
2026-06-16,7.949999809265137,7.980000019073486,7.710000038146973,7.760000228881836,9.117715,6.887052124473669
2026-06-17,7.760000228881836,7.809999942779541,7.659999847412109,7.78000020980835,11.366613,0.25773170536871337
2026-06-18,7.800000190734863,7.980000019073486,7.800000190734863,7.980000019073486,8.856171,2.57069156647316
2026-06-22,7.789999961853027,7.829999923706055,7.730000019073486,7.739999771118164,3.332102,-3.0075218970135764
2026-06-23,7.75,7.760000228881836,7.679999828338623,7.710000038146973,3.496562,-0.3875934607018405
2026-06-24,7.679999828338623,7.78000020980835,7.630000114440918,7.630000114440918,4.678818,-1.0376124942962028
2026-06-25,7.650000095367432,7.730000019073486,7.369999885559082,7.480000019073486,11.998781,-1.9659252046868805
2026-06-29,7.550000190734863,7.550000190734863,7.460000038146973,7.5,1.779348,0.2673794234694604
2026-06-30,7.46999979019165,7.590000152587891,7.449999809265137,7.449999809265137,8.049273,-0.6666692097981763
2026-07-01,7.429999828338623,7.590000152587891,7.429999828338623,7.590000152587891,3.875983,1.8791992873428365
2026-07-02,7.590000152587891,7.650000095367432,7.590000152587891,7.619999885559082,3.15419,0.3952533908838207
2026-07-06,7.71999979019165,7.739999771118164,7.650000095367432,7.679999828338623,2.280786,0.7874008357040552
2026-07-07,7.71999979019165,7.71999979019165,7.650000095367432,7.650000095367432,2.994872,-0.3906215317934558
2026-07-08,7.599999904632568,7.639999866485596,7.480000019073486,7.579999923706055,4.923768,-0.9150349122710066
2026-07-09,7.61,7.62,7.51,7.54,3.497125,-0.527704
2026-07-13,7.690000057220459,7.739999771118164,7.590000152587891,7.690000057220459,2.253498,1.9893911953093424
2026-07-14,7.650000095367432,7.650000095367432,7.5,7.519999980926514,3.6564,-2.2106641746292954
2026-07-15,7.519999980926514,7.659999847412109,7.519999980926514,7.579999923706055,3.204661,0.7978715815388782
2026-07-16,7.579999923706055,7.619999885559082,7.400000095367432,7.400000095367432,4.488501,-2.3746679439360263
2026-07-20,7.340000152587891,7.389999866485596,7.300000190734863,7.380000114440918,1.801899,-0.2702700090373544
2026-07-21,7.369999885559082,7.420000076293945,7.309999942779541,7.340000152587891,3.235625,-0.5420048947527345
2026-07-22,7.409999847412109,7.420000076293945,7.309999942779541,7.340000152587891,1.999604,0.0
2026-07-23,7.400000095367432,7.519999980926514,7.389999866485596,7.460000038146973,4.508073,1.6348757910689349
2026-07-24,7.460000038146973,7.489999771118164,7.349999904632568,7.349999904632568,1.726253,-1.474532613296442
2026-07-27,7.429999828338623,7.5,7.380000114440918,7.5,3.629158,0.5361925153952507
2026-07-28,7.5,7.510000228881836,7.349999904632568,7.349999904632568,3.958291,-2.0000012715657545
2026-07-29,7.349999904632568,7.389999866485596,7.329999923706055,7.389999866485596,1.988836,0.5442171751297131
2026-07-30,7.389999866485596,7.389999866485596,7.320000171661377,7.320000171661377,1.461625,-0.9472218685912859
2026-08-03,7.320000171661377,7.480000019073486,7.309999942779541,7.480000019073486,2.862754,2.1857902139337693
2026-08-04,7.429999828338623,7.619999885559082,7.420000076293945,7.599999904632568,7.048385,1.604276540816718
2026-08-05,7.579999923706055,7.659999847412109,7.559999942779541,7.659999847412109,4.958095,0.7894729412163404
2026-08-06,7.659999847412109,7.670000076293945,7.5,7.5,3.755763,-2.088770895552494
2026-08-10,7.550000190734863,7.579999923706055,7.449999809265137,7.53000020980835,1.577222,0.40000279744465406
2026-08-11,7.5,7.53000020980835,7.440000057220459,7.510000228881836,2.431129,-0.26560398896752213
2026-08-12,7.5,7.579999923706055,7.400000095367432,7.579999923706055,3.956466,0.9320864539393181
2026-08-13,7.539999961853027,7.570000171661377,7.440000057220459,7.46999979019165,2.516643,-1.4511891111025577
2026-08-17,7.449999809265137,7.539999961853027,7.409999847412109,7.46999979019165,0.927666,0.0
2026-08-18,7.5,7.5,7.380000114440918,7.460000038146973,1.69974,-0.13386549297910166
2026-08-19,7.460000038146973,7.460000038146973,7.380000114440918,7.409999847412109,1.148482,-0.6702438402035549
2026-08-20,7.449999809265137,7.489999771118164,7.420000076293945,7.480000019073486,1.626949,0.9446717017925987
2026-08-24,7.409999847412109,7.489999771118164,7.409999847412109,7.489999771118164,1.130288,0.13368652432057537
2026-08-25,7.46999979019165,7.480000019073486,7.349999904632568,7.369999885559082,5.259112,-1.6021347026178523
2026-08-26,7.389999866485596,7.420000076293945,7.300000190734863,7.369999885559082,3.761156,0.0
2026-08-27,7.369999885559082,7.369999885559082,7.369999885559082,7.369999885559082,0.0,0.0
2026-08-31,7.329999923706055,7.349999904632568,7.199999809265137,7.199999809265137,6.727485,-2.3066496463188146
2026-09-01,7.21999979019165,7.320000171661377,7.159999847412109,7.159999847412109,4.181517,-0.5555550404536702
2026-09-02,7.159999847412109,7.159999847412109,7.159999847412109,7.159999847412109,0.0,0.0
2026-09-03,7.199999809265137,7.269999980926514,7.150000095367432,7.230000019073486,3.111763,0.9776560496251641
2026-09-08,7.289999961853027,7.349999904632568,7.28000020980835,7.309999942779541,2.780936,1.1064996334025912
2026-09-09,7.300000190734863,7.329999923706055,7.239999771118164,7.300000190734863,1.88239,-0.13679551467787876
2026-09-10,7.25,7.309999942779541,7.210000038146973,7.269999980926514,2.63888,-0.4109617674589394
2026-09-11,7.269999980926514,7.360000133514404,7.239999771118164,7.360000133514404,3.278734,1.2379663387072082
