Date,Open,High,Low,Close,Volume,Change_Pct
2010-02-22,2.8299999237060547,2.859999895095825,2.819999933242798,2.8499999046325684,0.533536,
2010-02-23,2.8499999046325684,2.890000104904175,2.799999952316284,2.8499999046325684,1.856339,0.0
2010-02-24,2.8499999046325684,2.8499999046325684,2.8499999046325684,2.8499999046325684,0.0,0.0
2010-02-25,2.9000000953674316,2.930000066757202,2.8299999237060547,2.8399999141693115,3.585914,-0.35087687010102453
2010-02-28,2.809999942779541,2.869999885559082,2.799999952316284,2.819999933242798,1.981987,-0.7042247017941761
2010-03-01,2.819999933242798,2.819999933242798,2.819999933242798,2.819999933242798,0.0,0.0
2010-03-02,2.819999933242798,2.859999895095825,2.819999933242798,2.8399999141693115,5.733891,0.7092191985804464
2010-03-03,2.7799999713897705,2.819999933242798,2.7799999713897705,2.799999952316284,0.429335,-1.4084494035883521
2010-03-04,2.799999952316284,2.809999942779541,2.7899999618530273,2.809999942779541,0.3275,0.3571425226269964
2010-03-07,2.8299999237060547,2.8299999237060547,2.7699999809265137,2.8299999237060547,1.131761,0.7117431079635805
2010-03-08,2.8299999237060547,2.8299999237060547,2.8299999237060547,2.8299999237060547,0.0,0.0
2010-03-09,2.819999933242798,2.8499999046325684,2.799999952316284,2.8299999237060547,3.286403,0.0
2010-03-10,2.8499999046325684,2.8499999046325684,2.799999952316284,2.809999942779541,2.519383,-0.7067131259962167
2010-03-11,2.809999942779541,2.869999885559082,2.809999942779541,2.8299999237060547,4.955349,0.7117431079635805
2010-03-14,2.8399999141693115,2.890000104904175,2.8399999141693115,2.8499999046325684,4.423827,0.7067131259962167
2010-03-15,2.8499999046325684,2.8499999046325684,2.8499999046325684,2.8499999046325684,0.0,0.0
2010-03-16,2.859999895095825,2.859999895095825,2.8299999237060547,2.8499999046325684,2.290094,0.0
2010-03-17,2.9000000953674316,2.930000066757202,2.819999933242798,2.8399999141693115,5.029254,-0.35087687010102453
2010-03-18,2.8399999141693115,2.8399999141693115,2.819999933242798,2.8399999141693115,0.486144,0.0
2010-03-21,2.859999895095825,2.869999885559082,2.8399999141693115,2.859999895095825,1.066808,0.704224701794165
2010-03-22,2.8499999046325684,2.859999895095825,2.8399999141693115,2.8499999046325684,0.642342,-0.34965002902287434
2010-03-23,2.8499999046325684,2.8499999046325684,2.8299999237060547,2.8399999141693115,0.460847,-0.35087687010102453
2010-03-24,2.8299999237060547,2.8299999237060547,2.799999952316284,2.8299999237060547,0.290831,-0.3521123508970825
2010-03-25,2.859999895095825,2.9600000381469727,2.8299999237060547,2.9000000953674316,4.930399,2.473504365671775
2010-03-28,2.9000000953674316,2.9000000953674316,2.9000000953674316,2.9000000953674316,0.0,0.0
2010-03-29,2.950000047683716,3.0,2.9200000762939453,2.940000057220459,2.122761,1.379308984055716
2010-03-30,2.930000066757202,2.940000057220459,2.880000114440918,2.880000114440918,1.308252,-2.0408143405366563
2010-03-31,2.890000104904175,2.9100000858306885,2.869999885559082,2.869999885559082,0.674814,-0.3472301557105095
2010-04-01,2.869999885559082,2.9000000953674316,2.869999885559082,2.9000000953674316,0.772916,1.0453035193241922
2010-04-04,2.9000000953674316,2.9000000953674316,2.9000000953674316,2.9000000953674316,0.0,0.0
2010-04-05,2.9200000762939453,2.9200000762939453,2.880000114440918,2.890000104904175,1.506559,-0.34482724601393455
2010-04-06,2.869999885559082,2.890000104904175,2.8399999141693115,2.890000104904175,0.907307,0.0
2010-04-07,2.890000104904175,2.890000104904175,2.8299999237060547,2.8399999141693115,1.287429,-1.7301103432493137
2010-04-08,2.8499999046325684,2.8499999046325684,2.809999942779541,2.8499999046325684,0.42075,0.3521123508970936
2010-04-11,2.869999885559082,2.9000000953674316,2.8499999046325684,2.890000104904175,1.675973,1.4035158459685393
2010-04-12,2.9000000953674316,2.9000000953674316,2.859999895095825,2.869999885559082,1.374768,-0.6920490871662466
2010-04-13,2.880000114440918,2.890000104904175,2.8499999046325684,2.890000104904175,0.828859,0.6968717819721082
2010-04-14,2.859999895095825,2.9000000953674316,2.8399999141693115,2.880000114440918,0.843455,-0.3460204186943594
2010-04-15,2.869999885559082,2.890000104904175,2.8399999141693115,2.859999895095825,0.324722,-0.6944520329984494
2010-04-18,2.859999895095825,2.859999895095825,2.859999895095825,2.859999895095825,0.0,0.0
2010-04-19,2.869999885559082,2.869999885559082,2.7300000190734863,2.7300000190734863,0.664298,-4.545450377297411
2010-04-20,2.740000009536743,2.740000009536743,2.5999999046325684,2.5999999046325684,2.35917,-4.761908920610103
2010-04-21,2.509999990463257,2.5999999046325684,2.5,2.5199999809265137,1.226967,-3.0769202554013275
2010-04-22,2.4800000190734863,2.5399999618530273,2.4800000190734863,2.5299999713897705,0.596029,0.39682502138671527
2010-04-25,2.5799999237060547,2.5799999237060547,2.5299999713897705,2.559999942779541,0.430716,1.1857696335581869
2010-04-26,2.549999952316284,2.549999952316284,2.509999990463257,2.509999990463257,0.546077,-1.953123181010552
2010-04-27,2.5,2.5399999618530273,2.5,2.5199999809265137,1.035379,0.3984059960657982
2010-04-28,2.4600000381469727,2.5,2.4000000953674316,2.450000047683716,0.819506,-2.777775149706996
2010-04-29,2.4200000762939453,2.4800000190734863,2.4000000953674316,2.450000047683716,0.479188,0.0
2010-05-02,2.450000047683716,2.450000047683716,2.450000047683716,2.450000047683716,0.0,0.0
2010-05-03,2.5,2.5,2.450000047683716,2.4700000286102295,0.497104,0.8163257362146625
2010-05-04,2.5199999809265137,2.5399999618530273,2.5,2.5199999809265137,0.537471,2.024289544013369
2010-05-05,2.450000047683716,2.509999990463257,2.450000047683716,2.509999990463257,0.343393,-0.39682502138671527
2010-05-06,2.4800000190734863,2.5999999046325684,2.4800000190734863,2.5999999046325684,0.417677,3.5856539645922725
2010-05-09,2.4800000190734863,2.5399999618530273,2.4700000286102295,2.5399999618530273,0.718181,-2.307690191550993
2010-05-10,2.5399999618530273,2.5399999618530273,2.5399999618530273,2.5399999618530273,0.0,0.0
2010-05-11,2.5399999618530273,2.559999942779541,2.509999990463257,2.549999952316284,0.465509,0.3937004178520276
2010-05-12,2.569999933242798,2.5799999237060547,2.5199999809265137,2.5399999618530273,1.341629,-0.39215649608830283
2010-05-13,2.549999952316284,2.6600000858306885,2.5299999713897705,2.6600000858306885,9.849307,4.724414400782773
2010-05-16,2.6600000858306885,2.6600000858306885,2.6600000858306885,2.6600000858306885,0.0,0.0
2010-05-17,2.509999990463257,2.619999885559082,2.5,2.619999885559082,1.687029,-1.5037668789816938
2010-05-18,2.6600000858306885,2.6600000858306885,2.5999999046325684,2.609999895095825,1.558854,-0.38167904198678215
2010-05-19,2.5999999046325684,2.5999999046325684,2.5399999618530273,2.559999942779541,0.93055,-1.91570706229659
2010-05-20,2.559999942779541,2.630000114440918,2.549999952316284,2.5799999237060547,1.654364,0.7812492724042164
2010-05-23,2.5999999046325684,2.5999999046325684,2.559999942779541,2.569999933242798,0.716583,-0.3875965410453319
2010-05-24,2.569999933242798,2.569999933242798,2.509999990463257,2.5399999618530273,0.790898,-1.167314092180416
2010-05-25,2.5,2.5,2.440000057220459,2.4700000286102295,0.927363,-2.7559029249642264
2010-05-26,2.4700000286102295,2.5299999713897705,2.4700000286102295,2.490000009536743,0.361362,0.8097158176053387
2010-05-27,2.5,2.549999952316284,2.490000009536743,2.490000009536743,2.335862,0.0
2010-05-30,2.5,2.5,2.390000104904175,2.4000000953674316,2.062996,-3.61445437046628
2010-05-31,2.3499999046325684,2.390000104904175,2.2799999713897705,2.2799999713897705,2.844218,-5.0000049670535285
2010-06-01,2.2799999713897705,2.2799999713897705,2.2799999713897705,2.2799999713897705,0.0,0.0
2010-06-02,2.190000057220459,2.240000009536743,2.1700000762939453,2.1700000762939453,1.731093,-4.824556862988683
2010-06-03,2.1500000953674316,2.1600000858306885,2.0999999046325684,2.0999999046325684,1.003427,-3.225814248860648
2010-06-06,2.0999999046325684,2.0999999046325684,2.0999999046325684,2.0999999046325684,0.0,0.0
2010-06-07,2.0,2.069999933242798,2.0,2.0399999618530273,0.69896,-2.8571402621105912
2010-06-08,2.0299999713897705,2.069999933242798,2.0299999713897705,2.049999952316284,0.389723,0.49019562011036744
2010-06-09,2.0799999237060547,2.130000114440918,2.069999933242798,2.069999933242798,0.414952,0.9756088483765968
2010-06-10,2.0799999237060547,2.130000114440918,2.069999933242798,2.069999933242798,0.414952,0.0
2010-06-13,2.119999885559082,2.1500000953674316,2.0999999046325684,2.109999895095825,1.002029,1.9323653692280285
2010-06-14,2.0999999046325684,2.109999895095825,2.0999999046325684,2.0999999046325684,0.540189,-0.47393322087357914
2010-06-15,2.109999895095825,2.109999895095825,2.059999942779541,2.0899999141693115,0.398975,-0.47619004368509854
2010-06-16,2.0999999046325684,2.109999895095825,2.069999933242798,2.069999933242798,0.423216,-0.9569369257348859
2010-06-17,2.069999933242798,2.0999999046325684,2.049999952316284,2.0999999046325684,0.473694,1.4492740269210325
2010-06-20,2.0299999713897705,2.140000104904175,2.0299999713897705,2.140000104904175,1.072511,1.904771528006588
2010-06-21,2.109999895095825,2.2300000190734863,2.109999895095825,2.2300000190734863,1.467309,4.205603259694302
2010-06-22,2.1500000953674316,2.25,2.140000104904175,2.25,1.134907,0.896860123562826
2010-06-23,2.180000066757202,2.240000009536743,2.1700000762939453,2.1700000762939453,0.799763,-3.555552164713538
2010-06-24,2.200000047683716,2.200000047683716,2.109999895095825,2.180000066757202,3.859797,0.4608290374042534
2010-06-27,2.109999895095825,2.1600000858306885,2.0799999237060547,2.0899999141693115,4.001668,-4.1284472399933385
2010-06-28,2.109999895095825,2.1600000858306885,2.0799999237060547,2.0899999141693115,4.001668,0.0
2010-06-29,2.0299999713897705,2.049999952316284,1.9700000286102295,1.9700000286102295,3.869309,-5.741621554409349
2010-06-30,1.909999966621399,1.9800000190734863,1.909999966621399,1.9600000381469727,4.672749,-0.5076137217272736
2010-07-01,1.9600000381469727,1.9900000095367432,1.899999976158142,1.9800000190734863,2.243979,1.0204071702683226
2010-07-04,2.0,2.0,1.8899999856948853,1.9199999570846558,4.229839,-3.0303061318608826
2010-07-05,1.9199999570846558,1.940000057220459,1.909999966621399,1.909999966621399,0.836008,-0.5208328482694813
2010-07-06,1.9199999570846558,1.9700000286102295,1.9199999570846558,1.9700000286102295,4.313904,3.1413645569305926
2010-07-07,1.9700000286102295,1.9700000286102295,1.9500000476837158,1.9500000476837158,0.713255,-1.0152274434545583
2010-07-08,1.9700000286102295,1.9800000190734863,1.9600000381469727,1.9700000286102295,0.602478,1.0256400224333495
2010-07-11,1.9900000095367432,1.9900000095367432,1.9500000476837158,1.9700000286102295,0.661894,0.0
2010-07-12,1.9299999475479126,1.9800000190734863,1.9299999475479126,1.9500000476837158,0.190032,-1.0152274434545583
2010-07-13,1.9500000476837158,1.9500000476837158,1.9500000476837158,1.9500000476837158,0.0,0.0
2010-07-14,1.9500000476837158,1.9800000190734863,1.9500000476837158,1.9500000476837158,0.850627,0.0
2010-07-15,1.9700000286102295,2.049999952316284,1.9500000476837158,2.009999990463257,3.330127,3.0769200673000707
2010-07-18,2.009999990463257,2.0999999046325684,2.0,2.059999942779541,5.761232,2.487559828533148
2010-07-19,2.0799999237060547,2.0899999141693115,2.049999952316284,2.069999933242798,3.229358,0.48543644373910677
2010-07-20,2.059999942779541,2.0799999237060547,2.0399999618530273,2.0399999618530273,1.26138,-1.4492740269210325
2010-07-21,2.0399999618530273,2.069999933242798,2.0399999618530273,2.059999942779541,1.158429,0.9803912402207571
2010-07-22,2.049999952316284,2.069999933242798,2.049999952316284,2.059999942779541,0.499341,0.0
2010-07-25,2.069999933242798,2.069999933242798,2.0199999809265137,2.0199999809265137,0.629132,-1.9417457749564604
2010-07-26,2.0199999809265137,2.049999952316284,2.0199999809265137,2.0399999618530273,0.797948,0.9900980750178201
2010-07-27,2.0299999713897705,2.059999942779541,2.0299999713897705,2.0299999713897705,0.888654,-0.49019562011037854
2010-07-28,2.0399999618530273,2.049999952316284,2.0299999713897705,2.0399999618530273,0.776817,0.49261037459082946
2010-07-29,2.049999952316284,2.059999942779541,2.0399999618530273,2.0399999618530273,0.438221,0.0
2010-08-01,2.059999942779541,2.059999942779541,2.0,2.0399999618530273,0.689099,0.0
2010-08-02,2.0399999618530273,2.0399999618530273,2.0399999618530273,2.0399999618530273,0.0,0.0
2010-08-03,2.059999942779541,2.069999933242798,2.0399999618530273,2.0399999618530273,2.171514,0.0
2010-08-04,2.0399999618530273,2.059999942779541,2.0299999713897705,2.0399999618530273,0.331194,0.0
2010-08-05,2.0399999618530273,2.0399999618530273,2.0299999713897705,2.0399999618530273,0.500607,0.0
2010-08-08,2.0399999618530273,2.0399999618530273,2.0399999618530273,2.0399999618530273,0.0,0.0
2010-08-09,2.009999990463257,2.0299999713897705,2.0,2.009999990463257,0.745227,-1.4705868603311245
2010-08-10,2.0399999618530273,2.109999895095825,2.0199999809265137,2.0299999713897705,5.733705,0.9950239314132636
2010-08-11,2.0199999809265137,2.0299999713897705,2.0,2.009999990463257,1.822293,-0.9852207491816589
2010-08-12,2.0,2.0399999618530273,1.9900000095367432,2.0299999713897705,1.400542,0.9950239314132636
2010-08-15,2.0299999713897705,2.0299999713897705,2.0,2.0199999809265137,0.729123,-0.49261037459082946
2010-08-16,2.009999990463257,2.0299999713897705,2.009999990463257,2.009999990463257,0.558203,-0.49504903750891005
2010-08-17,2.0199999809265137,2.0399999618530273,2.0199999809265137,2.0299999713897705,0.399322,0.9950239314132636
2010-08-18,2.0399999618530273,2.059999942779541,2.0299999713897705,2.0299999713897705,1.222158,0.0
2010-08-19,2.0299999713897705,2.049999952316284,2.0299999713897705,2.0399999618530273,0.787338,0.49261037459082946
2010-08-22,2.0299999713897705,2.109999895095825,2.0299999713897705,2.109999895095825,8.710109,3.4313693407726165
2010-08-23,2.0999999046325684,2.140000104904175,2.0999999046325684,2.109999895095825,4.761448,0.0
2010-08-24,2.109999895095825,2.130000114440918,2.0799999237060547,2.0799999237060547,1.67271,-1.4217996626207485
2010-08-25,2.0899999141693115,2.0999999046325684,2.059999942779541,2.0899999141693115,0.486593,0.48076878990646055
2010-08-26,2.0899999141693115,2.109999895095825,2.0799999237060547,2.0799999237060547,1.436204,-0.47846846286744293
2010-08-29,2.0799999237060547,2.0999999046325684,2.0799999237060547,2.0899999141693115,0.370564,0.48076878990646055
2010-08-30,2.0899999141693115,2.109999895095825,2.0799999237060547,2.0899999141693115,1.211224,0.0
2010-08-31,2.0999999046325684,2.109999895095825,2.0899999141693115,2.0899999141693115,1.497241,0.0
2010-09-01,2.0999999046325684,2.180000066757202,2.0899999141693115,2.180000066757202,4.429466,4.306227573395005
2010-09-02,2.180000066757202,2.190000057220459,2.1700000762939453,2.180000066757202,2.324685,0.0
2010-09-05,2.190000057220459,2.2699999809265137,2.190000057220459,2.259999990463257,6.00548,3.6697211585436484
2010-09-06,2.240000009536743,2.299999952316284,2.240000009536743,2.2699999809265137,4.655149,0.4424774559935729
2010-09-07,2.2699999809265137,2.369999885559082,2.2699999809265137,2.359999895095825,6.032648,3.964753961477019
2010-09-12,2.359999895095825,2.359999895095825,2.359999895095825,2.359999895095825,0.0,0.0
2010-09-13,2.380000114440918,2.4200000762939453,2.3499999046325684,2.4100000858306885,5.090089,2.1186522439583966
2010-09-14,2.359999895095825,2.569999933242798,2.359999895095825,2.4700000286102295,7.490709,2.489624093057241
2010-09-15,2.5,2.549999952316284,2.4700000286102295,2.4700000286102295,4.85259,0.0
2010-09-16,2.4700000286102295,2.4700000286102295,2.4700000286102295,2.4700000286102295,0.0,0.0
2010-09-19,2.5399999618530273,2.559999942779541,2.5299999713897705,2.5299999713897705,4.828543,2.4291474528160384
2010-09-20,2.5199999809265137,2.569999933242798,2.5,2.5,3.45241,-1.1857696335581758
2010-09-21,2.549999952316284,2.619999885559082,2.5199999809265137,2.5299999713897705,9.739787,1.1999988555908114
2010-09-22,2.5299999713897705,2.559999942779541,2.4700000286102295,2.4700000286102295,4.288796,-2.3715392671163626
2010-09-23,2.4700000286102295,2.4700000286102295,2.4700000286102295,2.4700000286102295,0.0,0.0
2010-09-26,2.5199999809265137,2.559999942779541,2.5199999809265137,2.5399999618530273,3.084759,2.83400536161873
2010-09-27,2.549999952316284,2.559999942779541,2.5,2.5199999809265137,2.026136,-0.7874008357040663
2010-09-28,2.5199999809265137,2.5199999809265137,2.5,2.5,0.893516,-0.7936500427734305
2010-09-29,2.5299999713897705,2.569999933242798,2.5199999809265137,2.569999933242798,4.198339,2.799997329711923
2010-09-30,2.549999952316284,2.6500000953674316,2.5399999618530273,2.5799999237060547,11.247723,0.3891046973934831
2010-10-03,2.630000114440918,2.7100000381469727,2.619999885559082,2.680000066757202,13.98116,3.875974651483771
2010-10-04,2.680000066757202,2.690000057220459,2.609999895095825,2.630000114440918,12.833891,-1.8656698160751994
2010-10-05,2.609999895095825,2.6600000858306885,2.5899999141693115,2.6600000858306885,3.990652,1.1406832731696515
2010-10-06,2.680000066757202,2.700000047683716,2.6600000858306885,2.6700000762939453,5.74999,0.3759394789693671
2010-10-07,2.680000066757202,2.700000047683716,2.6500000953674316,2.680000066757202,2.250193,0.3745314673225364
2010-10-10,2.700000047683716,2.7899999618530273,2.690000057220459,2.7699999809265137,12.794223,3.3582056689353434
2010-10-11,2.7799999713897705,2.799999952316284,2.740000009536743,2.7699999809265137,7.458075,0.0
2010-10-12,2.7200000286102295,2.7699999809265137,2.7200000286102295,2.75,2.878572,-0.7220209770479546
2010-10-13,2.75,2.75,2.75,2.75,0.0,0.0
2010-10-14,2.950000047683716,3.0299999713897705,2.940000057220459,2.9600000381469727,16.71985,7.63636502352627
2010-10-17,2.930000066757202,2.990000009536743,2.9100000858306885,2.950000047683716,5.362376,-0.33783751129669026
2010-10-18,2.9600000381469727,3.0899999141693115,2.950000047683716,3.049999952316284,22.153152,3.3898272208872093
2010-10-19,3.059999942779541,3.119999885559082,3.0399999618530273,3.0999999046325684,13.111868,1.6393427245240622
2010-10-20,3.049999952316284,3.0799999237060547,3.0299999713897705,3.0799999237060547,16.992922,-0.6451606948963517
2010-10-21,3.0899999141693115,3.140000104904175,3.059999942779541,3.069999933242798,12.566311,-0.324675023083254
2010-10-24,3.0999999046325684,3.109999895095825,3.069999933242798,3.069999933242798,4.006516,0.0
2010-10-25,3.0999999046325684,3.0999999046325684,3.059999942779541,3.059999942779541,2.46616,-0.3257325954627577
2010-10-26,3.049999952316284,3.069999933242798,3.0299999713897705,3.049999952316284,2.020192,-0.326797080073582
2010-10-27,3.059999942779541,3.059999942779541,2.9700000286102295,3.0,2.631538,-1.639342724524051
2010-10-28,2.9700000286102295,3.0899999141693115,2.9700000286102295,3.0799999237060547,5.013748,2.6666641235351562
2010-10-31,3.0899999141693115,3.1700000762939453,3.049999952316284,3.059999942779541,13.638924,-0.649350046166508
2010-11-01,3.0899999141693115,3.119999885559082,3.049999952316284,3.0799999237060547,4.444103,0.653594160147164
2010-11-02,3.059999942779541,3.0799999237060547,2.990000009536743,3.0199999809265137,6.660063,-1.9480501384995241
2010-11-03,3.0199999809265137,3.0399999618530273,2.9800000190734863,2.9800000190734863,2.416544,-1.3245020564786825
2010-11-04,3.0199999809265137,3.0399999618530273,2.950000047683716,3.0,4.0631,0.6711402952518153
2010-11-07,3.049999952316284,3.049999952316284,3.0,3.0199999809265137,4.093974,0.6666660308837891
2010-11-08,3.0299999713897705,3.0899999141693115,2.9700000286102295,3.0299999713897705,12.085043,0.33112551411966784
2010-11-09,3.0299999713897705,3.069999933242798,3.009999990463257,3.0399999618530273,22.527665,0.3300326916725993
2010-11-10,3.049999952316284,3.059999942779541,3.0,3.0,3.386332,-1.3157882353605488
2010-11-11,3.009999990463257,3.0299999713897705,2.9700000286102295,3.0,4.286433,0.0
2010-11-14,2.9000000953674316,3.0,2.9000000953674316,3.0,1.075782,0.0
2010-11-21,3.0,3.0199999809265137,2.9700000286102295,2.990000009536743,0.8323,-0.33333301544189453
2010-11-22,3.0,3.049999952316284,2.990000009536743,3.0299999713897705,4.73055,1.3377913620550297
2010-11-23,3.0,3.0299999713897705,2.9800000190734863,3.009999990463257,4.73669,-0.6600653833452097
2010-11-24,2.9800000190734863,3.0199999809265137,2.9800000190734863,3.0,2.204911,-0.33222559783855354
2010-11-25,3.009999990463257,3.0199999809265137,2.9700000286102295,2.9800000190734863,2.369642,-0.6666660308837891
2010-11-28,2.9600000381469727,2.990000009536743,2.940000057220459,2.940000057220459,1.704231,-1.3422805905036084
2010-11-29,2.940000057220459,2.940000057220459,2.9100000858306885,2.930000066757202,2.521444,-0.3401357234227742
2010-11-30,2.9100000858306885,2.9600000381469727,2.9100000858306885,2.9100000858306885,3.176938,-0.6825931901308424
2010-12-01,2.9000000953674316,2.950000047683716,2.9000000953674316,2.940000057220459,1.138386,1.0309268214748757
2010-12-06,2.9600000381469727,2.9800000190734863,2.940000057220459,2.950000047683716,4.003606,0.3401357234227742
2010-12-07,2.950000047683716,2.950000047683716,2.950000047683716,2.950000047683716,0.0,0.0
2010-12-08,2.950000047683716,2.9800000190734863,2.9200000762939453,2.930000066757202,3.816625,-0.6779654441774419
2010-12-09,2.930000066757202,2.9600000381469727,2.9200000762939453,2.930000066757202,0.836242,0.0
2010-12-12,2.930000066757202,2.940000057220459,2.890000104904175,2.890000104904175,1.719445,-1.3651863802616737
2010-12-13,2.9000000953674316,2.9000000953674316,2.8399999141693115,2.8499999046325684,2.735466,-1.3840899245549543
2010-12-14,2.819999933242798,2.8499999046325684,2.7799999713897705,2.7899999618530273,4.296746,-2.105261220606125
2010-12-15,2.7899999618530273,2.799999952316284,2.7699999809265137,2.7799999713897705,1.346297,-0.358422602149977
2010-12-16,2.7799999713897705,2.799999952316284,2.75,2.799999952316284,0.766497,0.7194237817389482
2010-12-19,2.819999933242798,2.819999933242798,2.759999990463257,2.7699999809265137,0.793407,-1.071427567880967
2010-12-20,2.759999990463257,2.7799999713897705,2.759999990463257,2.759999990463257,1.646651,-0.3610104885239718
2010-12-21,2.7799999713897705,2.7799999713897705,2.7200000286102295,2.7300000190734863,1.740149,-1.086955488892416
2010-12-22,2.740000009536743,2.7799999713897705,2.7200000286102295,2.759999990463257,1.514424,1.0989000432297447
2010-12-23,2.7300000190734863,2.7899999618530273,2.7300000190734863,2.7899999618530273,0.347794,1.086955488892416
2010-12-26,2.75,2.7699999809265137,2.740000009536743,2.740000009536743,0.303939,-1.7921130107498628
2010-12-27,2.7200000286102295,2.75,2.700000047683716,2.740000009536743,1.295043,0.0
2010-12-28,2.75,2.759999990463257,2.7200000286102295,2.740000009536743,0.759047,0.0
2010-12-29,2.7200000286102295,2.859999895095825,2.7200000286102295,2.859999895095825,2.787315,4.379557851876448
2010-12-30,2.8299999237060547,2.930000066757202,2.8299999237060547,2.9000000953674316,2.787315,1.3986084524057807
2011-01-02,2.880000114440918,2.880000114440918,2.869999885559082,2.9700000286102295,5.727028,2.4137907220975086
2011-01-03,2.950000047683716,3.0399999618530273,2.950000047683716,2.990000009536743,8.043849,0.6734000247088368
2011-01-04,3.0199999809265137,3.0299999713897705,2.9600000381469727,2.9700000286102295,2.440905,-0.6688956810275148
2011-01-05,2.9700000286102295,3.0,2.940000057220459,2.950000047683716,1.132267,-0.6734000247088368
2011-01-06,2.9800000190734863,2.9800000190734863,2.950000047683716,2.9800000190734863,1.85803,1.0169481662661628
2011-01-09,2.9800000190734863,3.0,2.9700000286102295,2.9700000286102295,0.969256,-0.33557014762590764
2011-01-10,2.950000047683716,3.0,2.950000047683716,2.9600000381469727,1.265148,-0.3367000123544184
2011-01-11,2.950000047683716,2.9700000286102295,2.930000066757202,2.9700000286102295,1.275797,0.33783751129670136
2011-01-12,2.9700000286102295,2.990000009536743,2.940000057220459,2.950000047683716,1.94049,-0.6734000247088368
2011-01-13,2.9600000381469727,2.9700000286102295,2.950000047683716,2.9700000286102295,1.363696,0.6779654441774419
2011-01-16,2.950000047683716,2.9600000381469727,2.9000000953674316,2.9000000953674316,1.562608,-2.3569000864809175
2011-01-17,2.9000000953674316,3.0,2.890000104904175,3.0,3.600611,3.448272460139301
2011-01-18,3.0,3.0,3.0,3.0,0.0,0.0
2011-01-19,3.069999933242798,3.0999999046325684,3.0199999809265137,3.0199999809265137,8.341087,0.6666660308837891
2011-01-20,3.0199999809265137,3.049999952316284,3.0199999809265137,3.0299999713897705,1.330448,0.33112551411966784
2011-01-23,3.009999990463257,3.059999942779541,3.009999990463257,3.0199999809265137,1.420945,-0.3300326916726104
2011-01-24,3.009999990463257,3.190000057220459,3.009999990463257,3.180000066757202,22.321274,5.298016120569704
2011-01-25,3.190000057220459,3.200000047683716,3.119999885559082,3.119999885559082,4.826578,-1.8867981112750454
2011-01-26,3.130000114440918,3.1600000858306885,3.109999895095825,3.130000114440918,3.209956,0.32052016822570195
2011-01-27,3.109999895095825,3.1600000858306885,3.0799999237060547,3.0799999237060547,3.268767,-1.597450124815547
2011-01-30,2.880000114440918,3.0399999618530273,2.819999933242798,3.0199999809265137,3.960378,-1.9480501384995241
2011-01-31,3.049999952316284,3.0999999046325684,3.009999990463257,3.0199999809265137,1.802239,0.0
2011-02-01,3.0199999809265137,3.119999885559082,3.0199999809265137,3.0999999046325684,2.784591,2.649004112957365
2011-02-02,3.119999885559082,3.1500000953674316,3.109999895095825,3.109999895095825,4.704233,0.3225803474481648
2011-02-03,3.109999895095825,3.109999895095825,3.109999895095825,3.109999895095825,0.0,0.0
2011-02-06,3.0899999141693115,3.190000057220459,3.0899999141693115,3.180000066757202,5.2448,2.250809454101921
2011-02-07,3.0899999141693115,3.190000057220459,3.0899999141693115,3.180000066757202,5.2448,0.0
2011-02-08,3.2100000381469727,3.2300000190734863,3.190000057220459,3.2200000286102295,2.77619,1.2578604092237322
2011-02-09,3.190000057220459,3.259999990463257,3.190000057220459,3.2300000190734863,4.153623,0.3105587072796734
2011-02-10,3.2300000190734863,3.2300000190734863,3.180000066757202,3.180000066757202,2.194197,-1.547986130682022
2011-02-13,3.2100000381469727,3.25,3.2100000381469727,3.2200000286102295,3.314523,1.2578604092237322
2011-02-14,3.2100000381469727,3.25,3.190000057220459,3.2100000381469727,2.405485,-0.3105587072796623
2011-02-15,3.2100000381469727,3.2100000381469727,3.2100000381469727,3.2100000381469727,0.0,0.0
2011-02-16,3.2100000381469727,3.2100000381469727,3.2100000381469727,3.2100000381469727,0.0,0.0
2011-02-20,3.2100000381469727,3.25,3.1700000762939453,3.1700000762939453,4.102458,-1.2461047158154548
2011-02-21,3.2100000381469727,3.25,3.1700000762939453,3.1700000762939453,4.102458,0.0
2011-02-22,3.1700000762939453,3.1700000762939453,3.1700000762939453,3.1700000762939453,0.0,0.0
2011-02-23,3.009999990463257,3.0799999237060547,2.990000009536743,3.049999952316284,6.553182,-3.785492778850452
2011-02-24,3.0299999713897705,3.0299999713897705,2.9600000381469727,2.9600000381469727,2.73524,-2.950816904143305
2011-02-27,2.9600000381469727,3.059999942779541,2.940000057220459,2.9800000190734863,6.028377,0.6756750225933805
2011-02-28,2.9600000381469727,2.9700000286102295,2.7799999713897705,2.880000114440918,7.393017,-3.355701476259032
2011-03-01,2.9000000953674316,2.9600000381469727,2.869999885559082,2.950000047683716,4.127242,2.4305531410156345
2011-03-02,2.9000000953674316,2.9000000953674316,2.809999942779541,2.869999885559082,1.405803,-2.7118698586953704
2011-03-03,2.819999933242798,2.940000057220459,2.799999952316284,2.819999933242798,6.769294,-1.7421586867605088
2011-03-06,2.950000047683716,3.0199999809265137,2.9100000858306885,2.9100000858306885,4.809344,3.1914948481717387
2011-03-07,2.880000114440918,2.9000000953674316,2.8399999141693115,2.8499999046325684,1.179535,-2.061861836027834
2011-03-08,2.880000114440918,2.9800000190734863,2.880000114440918,2.9700000286102295,2.734332,4.210530806776713
2011-03-09,2.9700000286102295,3.0399999618530273,2.9700000286102295,3.0199999809265137,4.37287,1.6835000617720919
2011-03-10,3.0199999809265137,3.0999999046325684,2.9700000286102295,3.0799999237060547,6.197308,1.986753084718007
2011-03-13,3.119999885559082,3.180000066757202,3.119999885559082,3.1500000953674316,7.910755,2.2727329024459175
2011-03-14,3.1500000953674316,3.1500000953674316,3.1500000953674316,3.1500000953674316,0.0,0.0
2011-03-15,3.0,3.0299999713897705,2.9600000381469727,2.9700000286102295,4.072578,-5.714287660559769
2011-03-16,3.009999990463257,3.0199999809265137,2.990000009536743,3.0,2.728313,1.0101000370632551
2011-03-17,2.950000047683716,3.0399999618530273,2.950000047683716,3.0299999713897705,2.483967,0.9999990463256836
2011-03-20,3.0299999713897705,3.119999885559082,3.0299999713897705,3.0999999046325684,5.938943,2.3102288417082395
2011-03-21,3.0899999141693115,3.119999885559082,3.069999933242798,3.0799999237060547,0.813882,-0.6451606948963517
2011-03-22,3.109999895095825,3.130000114440918,3.0799999237060547,3.0799999237060547,2.749399,0.0
2011-03-23,3.059999942779541,3.0999999046325684,3.0299999713897705,3.0899999141693115,1.89671,0.3246750230832429
2011-03-24,3.0999999046325684,3.1700000762939453,3.0899999141693115,3.140000104904175,6.829374,1.6181291949422194
2011-03-27,3.1700000762939453,3.190000057220459,3.119999885559082,3.119999885559082,4.71615,-0.636949639391915
2011-03-28,3.0899999141693115,3.140000104904175,3.0899999141693115,3.0899999141693115,1.023919,-0.96153757981291
2011-03-29,3.1500000953674316,3.1600000858306885,3.109999895095825,3.140000104904175,2.925148,1.6181291949422194
2011-03-30,3.1500000953674316,3.2300000190734863,3.1500000953674316,3.2200000286102295,8.95853,2.5477681857751344
2011-03-31,3.2200000286102295,3.2200000286102295,3.2200000286102295,3.2200000286102295,0.0,0.0
2011-04-03,3.1700000762939453,3.190000057220459,3.140000104904175,3.140000104904175,2.295785,-2.4844696582373316
2011-04-04,3.130000114440918,3.130000114440918,3.0899999141693115,3.0899999141693115,2.517375,-1.5923627090575931
2011-04-05,3.119999885559082,3.130000114440918,3.049999952316284,3.049999952316284,1.958517,-1.2944971833043106
2011-04-06,3.0299999713897705,3.0999999046325684,3.0299999713897705,3.0999999046325684,1.778146,1.6393427245240622
2011-04-07,3.0999999046325684,3.130000114440918,3.0899999141693115,3.0899999141693115,2.754624,-0.3225803474481759
2011-04-10,3.0999999046325684,3.119999885559082,3.0999999046325684,3.0999999046325684,1.352275,0.323624295826086
2011-04-11,3.0999999046325684,3.0999999046325684,3.0799999237060547,3.0899999141693115,1.508153,-0.3225803474481759
2011-04-12,3.0899999141693115,3.140000104904175,3.0899999141693115,3.109999895095825,2.063913,0.6472485916521498
2011-04-13,3.140000104904175,3.200000047683716,3.140000104904175,3.1600000858306885,9.632138,1.6077232289849475
2011-04-14,3.1600000858306885,3.180000066757202,3.130000114440918,3.180000066757202,1.802995,0.632910771622841
2011-04-17,3.190000057220459,3.190000057220459,3.1600000858306885,3.180000066757202,3.508733,0.0
2011-04-18,3.1600000858306885,3.180000066757202,3.1500000953674316,3.1600000858306885,2.192693,-0.6289302046118661
2011-04-19,3.1500000953674316,3.240000009536743,3.140000104904175,3.180000066757202,11.581416,0.632910771622841
2011-04-20,3.190000057220459,3.2200000286102295,3.180000066757202,3.2200000286102295,2.922887,1.2578604092237322
2011-04-21,3.2100000381469727,3.25,3.200000047683716,3.240000009536743,6.377392,0.6211174145593246
2011-04-24,3.240000009536743,3.240000009536743,3.240000009536743,3.240000009536743,0.0,0.0
2011-04-25,3.2899999618530273,3.3499999046325684,3.259999990463257,3.2799999713897705,17.201297,1.2345667202249944
2011-04-26,3.2899999618530273,3.309999942779541,3.240000009536743,3.240000009536743,3.37201,-1.2195110427418387
2011-04-27,3.259999990463257,3.309999942779541,3.259999990463257,3.2899999618530273,3.879699,1.5432084002812374
2011-04-28,3.299999952316284,3.299999952316284,3.25,3.259999990463257,2.966387,-0.9118532443044058
2011-05-01,3.259999990463257,3.309999942779541,3.259999990463257,3.299999952316284,1.526903,1.226992698467555
2011-05-02,3.259999990463257,3.309999942779541,3.259999990463257,3.299999952316284,1.526903,0.0
2011-05-03,3.2699999809265137,3.3399999141693115,3.2699999809265137,3.2799999713897705,2.005014,-0.6060600368335001
2011-05-04,3.2699999809265137,3.3399999141693115,3.2699999809265137,3.2799999713897705,2.005014,0.0
2011-05-05,3.2799999713897705,3.299999952316284,3.2699999809265137,3.299999952316284,0.512244,0.6097555213709249
2011-05-08,3.25,3.2799999713897705,3.240000009536743,3.25,2.32874,-1.5151500920837613
2011-05-09,3.299999952316284,3.299999952316284,3.240000009536743,3.2699999809265137,0.856586,0.6153840285081147
2011-05-10,3.25,3.2899999618530273,3.25,3.2899999618530273,0.545319,0.6116202153874983
2011-05-11,3.2699999809265137,3.299999952316284,3.2699999809265137,3.2699999809265137,0.55211,-0.6079021628696002
2011-05-12,3.240000009536743,3.2699999809265137,3.240000009536743,3.2300000190734863,0.917512,-1.2232404307749856
2011-05-15,3.240000009536743,3.259999990463257,3.2100000381469727,3.2300000190734863,0.488372,0.0
2011-05-16,3.2300000190734863,3.2300000190734863,3.2300000190734863,3.2300000190734863,0.0,0.0
2011-05-17,3.2300000190734863,3.240000009536743,3.2200000286102295,3.2300000190734863,0.108425,0.0
2011-05-18,3.25,3.2799999713897705,3.240000009536743,3.25,0.199639,0.6191944522728088
2011-05-19,3.25,3.2799999713897705,3.25,3.2699999809265137,1.399778,0.6153840285081147
2011-05-22,3.240000009536743,3.299999952316284,3.240000009536743,3.299999952316284,1.389648,0.9174303230812475
2011-05-23,3.2899999618530273,3.2899999618530273,3.2300000190734863,3.2300000190734863,0.834614,-2.1212101289172614
2011-05-24,3.2100000381469727,3.2300000190734863,3.190000057220459,3.2200000286102295,1.03754,-0.3095972261364044
2011-05-25,3.2200000286102295,3.2200000286102295,3.2200000286102295,3.2200000286102295,0.0,0.0
2011-05-26,3.190000057220459,3.2200000286102295,3.1500000953674316,3.1600000858306885,1.060404,-1.863352243678007
2011-05-29,3.1700000762939453,3.200000047683716,3.1700000762939453,3.180000066757202,0.704638,0.632910771622841
2011-05-30,3.190000057220459,3.190000057220459,3.180000066757202,3.1500000953674316,0.6357,-0.9433953069178047
2011-05-31,3.180000066757202,3.200000047683716,3.1700000762939453,3.190000057220459,1.474324,1.2698400203813742
2011-06-01,3.200000047683716,3.2200000286102295,3.200000047683716,3.200000047683716,1.084026,0.31347931924397
2011-06-02,3.190000057220459,3.2200000286102295,3.1500000953674316,3.1600000858306885,1.060404,-1.2499987892806708
2011-06-05,3.130000114440918,3.2100000381469727,3.0,3.1500000953674316,2.029443,-0.3164553858114205
2011-06-06,3.140000104904175,3.1700000762939453,3.140000104904175,3.1600000858306885,0.305102,0.317460005095338
2011-06-07,3.1500000953674316,3.1700000762939453,3.0999999046325684,3.1500000953674316,0.688299,-0.3164553858114205
2011-06-08,3.119999885559082,3.1700000762939453,3.119999885559082,3.130000114440918,0.301951,-0.6349200101906871
2011-06-09,3.119999885559082,3.1700000762939453,3.119999885559082,3.140000104904175,0.835666,0.31948850152176966
2011-06-12,3.130000114440918,3.180000066757202,3.130000114440918,3.1500000953674316,0.121248,0.318471023221889
2011-06-13,3.1600000858306885,3.180000066757202,3.1500000953674316,3.180000066757202,0.188702,0.9523800152860362
2011-06-14,3.1500000953674316,3.190000057220459,3.109999895095825,3.1700000762939453,0.269199,-0.3144651023059386
2011-06-15,3.1700000762939453,3.1700000762939453,3.1700000762939453,3.1700000762939453,0.0,0.0
2011-06-16,3.190000057220459,3.25,3.1700000762939453,3.2200000286102295,2.842672,1.5772855240665962
2011-06-19,3.200000047683716,3.2300000190734863,3.200000047683716,3.200000047683716,0.247638,-0.6211174145593357
2011-06-20,3.180000066757202,3.2100000381469727,3.180000066757202,3.2100000381469727,0.375022,0.3124996973201677
2011-06-21,3.180000066757202,3.2100000381469727,3.180000066757202,3.2100000381469727,0.375022,0.0
2011-06-22,3.1700000762939453,3.190000057220459,3.130000114440918,3.1500000953674316,1.452533,-1.8691570737231822
2011-06-23,3.140000104904175,3.200000047683716,3.119999885559082,3.1500000953674316,0.948602,0.0
2011-06-26,3.140000104904175,3.140000104904175,3.0899999141693115,3.0899999141693115,0.999569,-1.9047675994156243
2011-06-27,3.0999999046325684,3.140000104904175,3.069999933242798,3.0899999141693115,0.95519,0.0
2011-06-28,3.0799999237060547,3.109999895095825,3.0799999237060547,3.0999999046325684,0.151952,0.323624295826086
2011-06-29,3.0799999237060547,3.109999895095825,3.0799999237060547,3.0999999046325684,0.151952,0.0
2011-07-03,3.140000104904175,3.2100000381469727,3.119999885559082,3.200000047683716,0.954785,3.2258111654039023
2011-07-04,3.190000057220459,3.200000047683716,3.1700000762939453,3.190000057220459,0.473045,-0.3124996973201677
2011-07-05,3.1600000858306885,3.200000047683716,3.1600000858306885,3.180000066757202,0.27622,-0.31347931924397
2011-07-06,3.180000066757202,3.190000057220459,3.2200000286102295,3.1700000762939453,3.8e-05,-0.3144651023059386
2011-07-07,3.1600000858306885,3.200000047683716,3.1600000858306885,3.190000057220459,0.137919,0.6309142096266429
2011-07-10,3.2200000286102295,3.2200000286102295,3.180000066757202,3.2200000286102295,0.271345,0.94043795773191
2011-07-11,3.200000047683716,3.2200000286102295,3.200000047683716,3.200000047683716,0.280787,-0.6211174145593357
2011-07-12,3.200000047683716,3.200000047683716,3.1700000762939453,3.190000057220459,0.381331,-0.3124996973201677
2011-07-13,3.200000047683716,3.200000047683716,3.1700000762939453,3.200000047683716,0.048727,0.31347931924397
2011-07-14,3.1700000762939453,3.2100000381469727,3.1500000953674316,3.2100000381469727,0.460907,0.3124996973201677
2011-07-17,3.1600000858306885,3.2100000381469727,3.1600000858306885,3.1700000762939453,0.05277,-1.2461047158154548
2011-07-18,3.1700000762939453,3.190000057220459,3.140000104904175,3.1500000953674316,0.256064,-0.6309142096266318
2011-07-19,3.140000104904175,3.190000057220459,3.140000104904175,3.140000104904175,0.228074,-0.3174600050953491
2011-07-20,3.1500000953674316,3.180000066757202,3.1500000953674316,3.1600000858306885,0.23291,0.636942046443778
2011-07-21,3.180000066757202,3.190000057220459,3.1600000858306885,3.1600000858306885,0.202923,0.0
2011-07-24,3.1500000953674316,3.200000047683716,3.1500000953674316,3.200000047683716,0.518828,1.2658215432457043
2011-07-25,3.1500000953674316,3.1600000858306885,3.140000104904175,3.1600000858306885,0.444412,-1.2499987892806708
2011-07-26,3.1500000953674316,3.2200000286102295,3.1500000953674316,3.1700000762939453,0.580311,0.3164553858114205
2011-07-27,3.1700000762939453,3.190000057220459,3.1600000858306885,3.1600000858306885,0.177156,-0.31545710481332145
2011-07-28,3.1500000953674316,3.1600000858306885,3.119999885559082,3.1600000858306885,1.193611,0.0
2011-07-31,3.1600000858306885,3.1600000858306885,3.1600000858306885,3.1600000858306885,0.0,0.0
2011-08-01,3.180000066757202,3.2200000286102295,3.1500000953674316,3.2200000286102295,0.995649,1.8987323148685453
2011-08-02,3.2100000381469727,3.2100000381469727,3.180000066757202,3.190000057220459,0.130306,-0.931676121838998
2011-08-03,3.190000057220459,3.200000047683716,3.1500000953674316,3.180000066757202,0.675028,-0.31347931924397
2011-08-04,3.190000057220459,3.25,3.190000057220459,3.2300000190734863,1.774,1.572325511529682
2011-08-07,3.1600000858306885,3.1600000858306885,3.0999999046325684,3.1600000858306885,1.704922,-2.1671805829548307
2011-08-08,3.1500000953674316,3.180000066757202,3.0899999141693115,3.0999999046325684,1.16861,-1.898739859760079
2011-08-09,3.0799999237060547,3.1600000858306885,3.009999990463257,3.0299999713897705,2.802794,-2.258062432137231
2011-08-10,3.0999999046325684,3.140000104904175,3.059999942779541,3.069999933242798,0.894095,1.3201307666904194
2011-08-11,3.0199999809265137,3.0799999237060547,3.0199999809265137,3.0799999237060547,1.243353,0.3257325954627577
2011-08-14,3.130000114440918,3.130000114440918,3.059999942779541,3.059999942779541,1.918296,-0.649350046166508
2011-08-15,3.0899999141693115,3.0899999141693115,3.0,3.0199999809265137,3.726568,-1.307188320294328
2011-08-16,3.0399999618530273,3.0799999237060547,3.009999990463257,3.0399999618530273,3.027088,0.6622510282393357
2011-08-17,3.009999990463257,3.049999952316284,3.009999990463257,3.0399999618530273,0.220239,0.0
2011-08-18,3.0299999713897705,3.0399999618530273,3.0299999713897705,3.0299999713897705,0.575889,-0.3289470588401344
2011-08-21,3.009999990463257,3.009999990463257,2.9700000286102295,2.9700000286102295,1.843447,-1.980196150035629
2011-08-22,2.9700000286102295,3.0299999713897705,2.9700000286102295,3.0299999713897705,1.25584,2.0202000741265103
2011-08-23,3.0299999713897705,3.0399999618530273,3.009999990463257,3.0399999618530273,0.985433,0.3300326916725993
2011-08-24,3.0299999713897705,3.059999942779541,3.0299999713897705,3.0299999713897705,0.988525,-0.3289470588401344
2011-08-25,3.059999942779541,3.059999942779541,3.009999990463257,3.0199999809265137,0.555019,-0.3300326916726104
2011-08-28,3.0199999809265137,3.0199999809265137,3.0199999809265137,3.0199999809265137,0.0,0.0
2011-08-29,3.0299999713897705,3.0999999046325684,3.009999990463257,3.0899999141693115,0.659996,2.317878598837675
2011-09-04,3.069999933242798,3.0999999046325684,3.0399999618530273,3.0399999618530273,0.452362,-1.6181214791303855
2011-09-05,3.0399999618530273,3.0799999237060547,3.0299999713897705,3.0399999618530273,1.067576,0.0
2011-09-06,3.0399999618530273,3.069999933242798,3.0299999713897705,3.049999952316284,0.560608,0.3289470588401455
2011-09-07,3.0799999237060547,3.0799999237060547,3.049999952316284,3.049999952316284,0.338397,0.0
2011-09-08,3.049999952316284,3.049999952316284,3.0399999618530273,3.0399999618530273,0.682346,-0.327868544904808
2011-09-11,3.0299999713897705,3.049999952316284,3.0299999713897705,3.0399999618530273,0.36439,0.0
2011-09-12,3.0299999713897705,3.0299999713897705,3.0299999713897705,3.0299999713897705,1.092941,-0.3289470588401344
2011-09-13,3.0299999713897705,3.0399999618530273,3.0299999713897705,3.0399999618530273,0.22548,0.3300326916725993
2011-09-14,3.0399999618530273,3.0,3.049999952316284,3.009999990463257,0.374524,-0.9868411765204144
2011-09-15,3.0299999713897705,3.069999933242798,3.0299999713897705,3.0399999618530273,0.24052,0.9966767935156495
2011-09-18,3.0399999618530273,3.0399999618530273,3.0399999618530273,3.0399999618530273,0.0,0.0
2011-09-19,3.0199999809265137,3.0299999713897705,3.0199999809265137,3.0299999713897705,0.00943,-0.3289470588401344
2011-09-20,3.0,3.0299999713897705,3.0,3.0199999809265137,0.650989,-0.3300326916726104
2011-09-21,3.009999990463257,3.0399999618530273,3.009999990463257,3.0199999809265137,0.126837,0.0
2011-09-22,3.009999990463257,3.0299999713897705,2.9700000286102295,3.0,1.874871,-0.6622510282393357
2011-09-25,3.009999990463257,3.009999990463257,2.990000009536743,2.990000009536743,1.506464,-0.33333301544189453
2011-09-26,2.9800000190734863,2.990000009536743,2.9800000190734863,2.9800000190734863,0.384888,-0.334447840513763
2011-09-27,2.990000009536743,3.0,2.9800000190734863,2.9800000190734863,0.330352,0.0
2011-09-28,2.9700000286102295,2.9800000190734863,2.940000057220459,2.940000057220459,0.979546,-1.3422805905036084
2011-09-29,2.940000057220459,3.0,2.9200000762939453,2.9700000286102295,0.68174,1.0204071702683226
2011-10-02,2.940000057220459,2.9600000381469727,2.940000057220459,2.9600000381469727,0.140686,-0.3367000123544184
2011-10-03,2.940000057220459,2.940000057220459,2.890000104904175,2.9000000953674316,0.845045,-2.0270250677801416
2011-10-04,2.9000000953674316,2.9000000953674316,2.8499999046325684,2.869999885559082,0.979886,-1.0344899593718315
2011-10-05,2.799999952316284,2.9100000858306885,2.799999952316284,2.869999885559082,0.608123,0.0
2011-10-06,2.819999933242798,2.9200000762939453,2.819999933242798,2.890000104904175,0.262588,0.6968717819721082
2011-10-09,2.890000104904175,2.890000104904175,2.8399999141693115,2.869999885559082,0.184622,-0.6920490871662466
2011-10-10,2.869999885559082,2.9000000953674316,2.869999885559082,2.890000104904175,0.281124,0.6968717819721082
2011-10-11,2.8399999141693115,2.9100000858306885,2.8399999141693115,2.869999885559082,1.133663,-0.6920490871662466
2011-10-12,2.8499999046325684,2.9000000953674316,2.8499999046325684,2.859999895095825,0.22198,-0.3484317373521062
2011-10-13,2.9000000953674316,2.9000000953674316,2.869999885559082,2.880000114440918,0.594073,0.6993083943600098
2011-10-16,2.9000000953674316,2.9000000953674316,2.8299999237060547,2.8399999141693115,0.362486,-1.3888957875743513
2011-10-17,2.859999895095825,2.859999895095825,2.799999952316284,2.8399999141693115,0.835454,0.0
2011-10-18,2.8299999237060547,2.8499999046325684,2.7699999809265137,2.799999952316284,0.60373,-1.4084494035883521
2011-10-19,2.799999952316284,2.859999895095825,2.799999952316284,2.8399999141693115,0.191488,1.4285700905079413
2011-10-20,2.8299999237060547,2.8499999046325684,2.819999933242798,2.819999933242798,0.495301,-0.7042247017941761
2011-10-23,2.819999933242798,2.859999895095825,2.799999952316284,2.819999933242798,0.228061,0.0
2011-10-24,2.819999933242798,2.819999933242798,2.819999933242798,2.819999933242798,0.0,0.0
2011-10-25,2.799999952316284,2.8499999046325684,2.799999952316284,2.8399999141693115,0.251708,0.7092191985804464
2011-10-26,2.799999952316284,2.859999895095825,2.799999952316284,2.8499999046325684,0.485903,0.3521123508970936
2011-10-27,2.8399999141693115,2.890000104904175,2.8399999141693115,2.880000114440918,0.71423,1.0526389758675148
2011-10-30,2.9000000953674316,2.9700000286102295,2.9000000953674316,2.950000047683716,2.264134,2.4305531410156345
2011-10-31,2.9700000286102295,2.9800000190734863,2.930000066757202,2.950000047683716,3.519542,0.0
2011-11-01,2.950000047683716,2.9700000286102295,2.9000000953674316,2.9100000858306885,0.510073,-1.3559308883548837
2011-11-02,2.880000114440918,2.950000047683716,2.880000114440918,2.9000000953674316,0.223676,-0.34364227382496226
2011-11-03,2.950000047683716,2.950000047683716,2.819999933242798,2.940000057220459,0.895923,1.379308984055716
2011-11-09,2.9000000953674316,2.9700000286102295,2.9000000953674316,2.9700000286102295,0.513686,1.0204071702683226
2011-11-10,2.9700000286102295,2.9700000286102295,2.9700000286102295,2.9700000286102295,0.0,0.0
2011-11-13,2.9100000858306885,2.930000066757202,2.9100000858306885,2.9200000762939453,0.20362,-1.6835000617720808
2011-11-14,2.9100000858306885,2.9100000858306885,2.880000114440918,2.9000000953674316,0.306928,-0.6849308357518069
2011-11-15,2.880000114440918,2.940000057220459,2.880000114440918,2.9000000953674316,0.668695,0.0
2011-11-16,2.890000104904175,2.9100000858306885,2.890000104904175,2.890000104904175,0.200864,-0.34482724601393455
2011-11-17,2.880000114440918,2.9000000953674316,2.880000114440918,2.880000114440918,0.176981,-0.3460204186943594
2011-11-20,2.869999885559082,2.930000066757202,2.859999895095825,2.859999895095825,0.218511,-0.6944520329984494
2011-11-21,2.8499999046325684,2.890000104904175,2.809999942779541,2.859999895095825,0.514019,0.0
2011-11-22,2.819999933242798,2.880000114440918,2.819999933242798,2.880000114440918,0.070357,0.6993083943600098
2011-11-23,2.809999942779541,2.9000000953674316,2.799999952316284,2.8499999046325684,0.47591,-1.0416739102864003
2011-11-24,2.8499999046325684,2.880000114440918,2.8299999237060547,2.880000114440918,0.100987,1.0526389758675148
2011-11-27,2.8299999237060547,2.869999885559082,2.8299999237060547,2.8299999237060547,0.144036,-1.7361176648623022
2011-11-28,2.869999885559082,2.880000114440918,2.8299999237060547,2.880000114440918,0.490534,1.766791239675558
2011-11-29,2.859999895095825,2.890000104904175,2.8399999141693115,2.890000104904175,0.592114,0.34722187728795095
2011-11-30,2.890000104904175,2.9000000953674316,2.859999895095825,2.890000104904175,1.928774,0.0
2011-12-04,2.890000104904175,2.9000000953674316,2.859999895095825,2.9000000953674316,1.17193,0.3460204186943594
2011-12-05,2.9000000953674316,2.9000000953674316,2.869999885559082,2.869999885559082,0.591224,-1.0344899593718315
2011-12-06,2.859999895095825,2.859999895095825,2.8399999141693115,2.8399999141693115,0.581575,-1.0452952120563075
2011-12-07,2.8499999046325684,2.880000114440918,2.8399999141693115,2.880000114440918,0.52947,1.4084577986089863
2011-12-08,2.859999895095825,2.880000114440918,2.859999895095825,2.880000114440918,0.361152,0.0
2011-12-11,2.869999885559082,2.890000104904175,2.869999885559082,2.880000114440918,1.056039,0.0
2011-12-12,2.880000114440918,2.890000104904175,2.8499999046325684,2.880000114440918,0.636363,0.0
2011-12-13,2.8499999046325684,2.859999895095825,2.8399999141693115,2.8499999046325684,0.309632,-1.0416739102864003
2011-12-14,2.859999895095825,2.9100000858306885,2.8499999046325684,2.9100000858306885,1.601101,2.1052695861705883
2011-12-15,2.8499999046325684,2.890000104904175,2.8499999046325684,2.890000104904175,0.547325,-0.6872845476499134
2011-12-18,2.890000104904175,2.890000104904175,2.890000104904175,2.890000104904175,0.0,0.0
2011-12-19,2.9200000762939453,3.009999990463257,2.9200000762939453,3.0,1.015473,3.8062246056379534
2011-12-20,2.950000047683716,3.0,2.950000047683716,2.9700000286102295,0.743182,-0.9999990463256836
2011-12-21,2.9800000190734863,2.9800000190734863,2.890000104904175,2.890000104904175,0.750223,-2.693600098835336
2011-12-22,2.890000104904175,2.9000000953674316,2.880000114440918,2.890000104904175,0.503898,0.0
2011-12-25,2.890000104904175,2.9000000953674316,2.8499999046325684,2.9000000953674316,0.418584,0.3460204186943594
2011-12-26,2.880000114440918,2.9100000858306885,2.880000114440918,2.890000104904175,1.287865,-0.34482724601393455
2011-12-27,2.9000000953674316,2.9100000858306885,2.890000104904175,2.9000000953674316,0.461565,0.3460204186943594
2011-12-28,2.869999885559082,2.9000000953674316,2.869999885559082,2.9000000953674316,0.547992,0.0
2011-12-29,2.8499999046325684,2.9200000762939453,2.8499999046325684,2.890000104904175,0.157676,-0.34482724601393455
2012-01-02,2.880000114440918,2.930000066757202,2.880000114440918,2.890000104904175,0.26363,0.0
2012-01-03,2.8499999046325684,2.9200000762939453,2.8499999046325684,2.9100000858306885,0.959047,0.6920408373887188
2012-01-04,2.8499999046325684,2.9200000762939453,2.8499999046325684,2.9100000858306885,0.959047,0.0
2012-01-05,2.8499999046325684,2.9200000762939453,2.8499999046325684,2.9100000858306885,0.959047,0.0
2012-01-08,2.9000000953674316,2.9000000953674316,2.869999885559082,2.890000104904175,0.162122,-0.6872845476499134
2012-01-09,2.859999895095825,2.880000114440918,2.8499999046325684,2.859999895095825,0.32525,-1.038069505860606
2012-01-10,2.880000114440918,2.890000104904175,2.8499999046325684,2.880000114440918,0.528609,0.6993083943600098
2012-01-11,2.859999895095825,2.890000104904175,2.859999895095825,2.880000114440918,0.343706,0.0
2012-01-12,2.859999895095825,2.9000000953674316,2.859999895095825,2.890000104904175,0.364252,0.34722187728795095
2012-01-15,2.859999895095825,2.859999895095825,2.819999933242798,2.8499999046325684,0.742349,-1.3840899245549543
2012-01-16,2.869999885559082,2.869999885559082,2.8299999237060547,2.8499999046325684,0.665072,0.0
2012-01-17,2.8299999237060547,2.869999885559082,2.819999933242798,2.8499999046325684,0.37681,0.0
2012-01-18,2.8299999237060547,2.890000104904175,2.8299999237060547,2.880000114440918,0.500555,1.0526389758675148
2012-01-19,2.8499999046325684,2.859999895095825,2.8399999141693115,2.8399999141693115,0.692959,-1.3888957875743513
2012-01-22,2.809999942779541,2.9200000762939453,2.809999942779541,2.869999885559082,0.86986,1.0563370526912585
2012-01-23,2.8499999046325684,2.890000104904175,2.8499999046325684,2.880000114440918,0.499066,0.348440044620002
2012-01-24,2.869999885559082,2.9000000953674316,2.859999895095825,2.9000000953674316,0.445927,0.6944437545759019
2012-01-25,2.9100000858306885,2.950000047683716,2.9000000953674316,2.940000057220459,1.862418,1.379308984055716
2012-01-26,2.930000066757202,2.930000066757202,2.890000104904175,2.9200000762939453,0.759734,-0.6802714468455484
2012-01-29,2.9200000762939453,2.930000066757202,2.880000114440918,2.9100000858306885,1.76698,-0.34246541787590346
2012-01-30,2.890000104904175,2.9000000953674316,2.880000114440918,2.9000000953674316,0.191773,-0.34364227382496226
2012-01-31,2.930000066757202,2.9600000381469727,2.930000066757202,2.950000047683716,0.660224,1.7241362300696395
2012-02-01,2.9800000190734863,2.9800000190734863,2.950000047683716,2.950000047683716,0.682744,0.0
2012-02-02,2.940000057220459,3.059999942779541,2.940000057220459,3.0299999713897705,2.211535,2.7118617767097675
2012-02-05,3.0299999713897705,3.130000114440918,3.0299999713897705,3.069999933242798,1.357754,1.3201307666904194
2012-02-06,3.0999999046325684,3.180000066757202,2.9600000381469727,3.0,8.535832,-2.280128168239337
2012-02-07,3.0,3.049999952316284,2.950000047683716,2.950000047683716,2.696059,-1.6666650772094727
2012-02-08,2.9600000381469727,2.9600000381469727,2.930000066757202,2.9600000381469727,0.316566,0.33898272208872093
2012-02-09,2.940000057220459,3.0,2.940000057220459,2.950000047683716,0.593689,-0.33783751129669026
2012-02-12,2.9600000381469727,3.0,2.930000066757202,2.950000047683716,0.891381,0.0
2012-02-13,3.049999952316284,3.049999952316284,2.9800000190734863,3.0,2.062237,1.6949136104436047
2012-02-14,3.0299999713897705,3.0299999713897705,2.9700000286102295,2.9800000190734863,0.808863,-0.6666660308837891
2012-02-15,2.9800000190734863,2.9800000190734863,2.950000047683716,2.9700000286102295,0.808152,-0.33557014762590764
2012-02-16,2.950000047683716,2.990000009536743,2.950000047683716,2.950000047683716,0.97309,-0.6734000247088368
2012-02-19,2.990000009536743,3.0399999618530273,2.9600000381469727,3.0299999713897705,1.516028,2.7118617767097675
2012-02-20,3.0,3.0399999618530273,2.990000009536743,2.990000009536743,1.515874,-1.3201307666904194
2012-02-21,2.9700000286102295,3.0299999713897705,2.9700000286102295,3.0,1.246843,0.33444784051375187
2012-02-22,3.0,3.0,2.990000009536743,2.990000009536743,1.535741,-0.33333301544189453
2012-02-23,3.0,3.0899999141693115,2.9800000190734863,2.9800000190734863,3.523703,-0.334447840513763
2012-02-26,3.0399999618530273,3.0399999618530273,2.9800000190734863,2.9800000190734863,9.670241,0.0
2012-02-27,2.990000009536743,3.0199999809265137,2.950000047683716,2.950000047683716,5.532966,-1.0067104428777118
2012-02-28,2.950000047683716,3.0,2.930000066757202,3.0,9.699854,1.6949136104436047
2012-02-29,3.0,3.190000057220459,3.0,3.130000114440918,13.914149,4.333337148030592
2012-03-01,3.200000047683716,3.2200000286102295,3.0999999046325684,3.0999999046325684,9.82047,-0.9584731217720188
2012-03-04,3.180000066757202,3.259999990463257,3.140000104904175,3.2100000381469727,20.187656,3.548391512852067
2012-03-05,3.200000047683716,3.2799999713897705,3.1600000858306885,3.180000066757202,6.869711,-0.9345785368615966
2012-03-06,3.259999990463257,3.2699999809265137,3.049999952316284,3.119999885559082,10.28547,-1.8867981112750454
2012-03-07,3.119999885559082,3.1600000858306885,3.0,3.0299999713897705,6.189367,-2.884612739438741
2012-03-08,3.0299999713897705,3.109999895095825,3.009999990463257,3.059999942779541,2.026804,0.9900980750178201
2012-03-11,3.059999942779541,3.130000114440918,3.059999942779541,3.119999885559082,2.034511,1.960782480441492
2012-03-12,3.140000104904175,3.1500000953674316,3.0399999618530273,3.0899999141693115,3.297783,-0.96153757981291
2012-03-13,3.049999952316284,3.0999999046325684,3.049999952316284,3.0799999237060547,1.277332,-0.3236242958260749
2012-03-14,3.130000114440918,3.200000047683716,3.069999933242798,3.109999895095825,2.542468,0.974025069249751
2012-03-15,3.119999885559082,3.1600000858306885,3.0999999046325684,3.109999895095825,1.710495,0.0
2012-03-18,3.0799999237060547,3.1700000762939453,3.0799999237060547,3.119999885559082,1.076972,0.32154311255849777
2012-03-19,3.109999895095825,3.1500000953674316,3.0999999046325684,3.0999999046325684,0.768193,-0.6410250532086104
2012-03-20,3.0799999237060547,3.1500000953674316,3.0799999237060547,3.109999895095825,1.629734,0.3225803474481648
2012-03-21,3.109999895095825,3.2100000381469727,3.109999895095825,3.130000114440918,4.313018,0.6430938913094986
2012-03-22,3.180000066757202,3.180000066757202,3.130000114440918,3.1700000762939453,0.777808,1.2779540060870564
2012-03-25,3.1700000762939453,3.25,3.1500000953674316,3.2100000381469727,3.35856,1.2618284192532636
2012-03-26,3.2200000286102295,3.2200000286102295,3.180000066757202,3.190000057220459,1.300338,-0.6230523579077274
2012-03-27,3.190000057220459,3.200000047683716,3.190000057220459,3.190000057220459,0.54693,0.0
2012-03-28,3.2300000190734863,3.299999952316284,3.180000066757202,3.25,3.897336,1.8808759154637977
2012-03-29,3.240000009536743,3.25,3.1700000762939453,3.180000066757202,1.010367,-2.1538440997783903
2012-04-01,3.240000009536743,3.240000009536743,3.190000057220459,3.200000047683716,0.359882,0.6289302046118772
2012-04-02,3.200000047683716,3.25,3.200000047683716,3.2100000381469727,0.666876,0.3124996973201677
2012-04-03,3.2300000190734863,3.240000009536743,3.190000057220459,3.2100000381469727,1.509564,0.0
2012-04-04,3.200000047683716,3.25,3.200000047683716,3.240000009536743,1.8055,0.9345785368615855
2012-04-05,3.119999885559082,3.119999885559082,3.059999942779541,3.109999895095825,1.25523,-4.012349199329335
2012-04-08,3.069999933242798,3.0799999237060547,3.0,3.0399999618530273,2.866147,-2.2508017879094178
2012-04-09,3.0,3.0399999618530273,2.9600000381469727,2.9600000381469727,2.316422,-2.6315764707210976
2012-04-10,3.0199999809265137,3.1700000762939453,2.9700000286102295,3.1600000858306885,7.41395,6.756758280615438
2012-04-11,3.1600000858306885,3.190000057220459,3.119999885559082,3.1600000858306885,5.664093,0.0
2012-04-12,3.180000066757202,3.180000066757202,3.119999885559082,3.1700000762939453,1.898252,0.3164553858114205
2012-04-15,3.180000066757202,3.630000114440918,3.0999999046325684,3.630000114440918,3.773172,14.511041863593888
2012-04-16,3.299999952316284,3.4000000953674316,3.2699999809265137,3.2699999809265137,7.062061,-9.917358737324733
2012-04-17,3.200000047683716,3.25,3.1600000858306885,3.240000009536743,2.190742,-0.9174303230812364
2012-04-18,3.2699999809265137,3.299999952316284,3.180000066757202,3.2100000381469727,4.104712,-0.9259250401687513
2012-04-19,3.200000047683716,3.200000047683716,3.1500000953674316,3.1700000762939453,3.729629,-1.2461047158154548
2012-04-22,3.1700000762939453,3.190000057220459,3.1500000953674316,3.1700000762939453,1.056763,0.0
2012-04-23,3.140000104904175,3.180000066757202,3.109999895095825,3.1700000762939453,0.72796,0.0
2012-04-24,3.1700000762939453,3.299999952316284,3.1700000762939453,3.240000009536743,6.587664,2.208199733693217
2012-04-25,3.259999990463257,3.259999990463257,3.190000057220459,3.240000009536743,1.057011,0.0
2012-04-26,3.200000047683716,3.2100000381469727,3.190000057220459,3.190000057220459,0.446795,-1.5432084002812485
2012-04-29,3.200000047683716,3.2300000190734863,3.180000066757202,3.200000047683716,0.653191,0.31347931924397
2012-04-30,3.200000047683716,3.200000047683716,3.1600000858306885,3.1600000858306885,1.238572,-1.2499987892806708
2012-05-01,3.1600000858306885,3.1700000762939453,3.1600000858306885,3.1700000762939453,0.15542,0.3164553858114205
2012-05-02,3.1600000858306885,3.1700000762939453,3.1600000858306885,3.1700000762939453,0.15542,0.0
2012-05-03,3.1500000953674316,3.180000066757202,3.140000104904175,3.1700000762939453,0.51649,0.0
2012-05-06,3.130000114440918,3.1500000953674316,3.0899999141693115,3.0999999046325684,1.491991,-2.208207254783867
2012-05-07,3.130000114440918,3.130000114440918,3.0799999237060547,3.0899999141693115,1.195743,-0.3225803474481759
2012-05-08,3.0999999046325684,3.109999895095825,3.069999933242798,3.0899999141693115,1.108474,0.0
2012-05-09,3.059999942779541,3.0899999141693115,3.059999942779541,3.0799999237060547,0.454961,-0.3236242958260749
2012-05-10,3.0999999046325684,3.130000114440918,3.0799999237060547,3.130000114440918,3.906433,1.6233828562794095
2012-05-13,3.130000114440918,3.130000114440918,3.049999952316284,3.049999952316284,3.059537,-2.555915629380845
2012-05-14,3.0999999046325684,3.0999999046325684,3.009999990463257,3.009999990463257,3.23484,-1.311474179619243
2012-05-15,3.0299999713897705,3.069999933242798,3.009999990463257,3.0299999713897705,2.069747,0.6644511956771071
2012-05-16,3.009999990463257,3.0199999809265137,2.990000009536743,3.009999990463257,1.686895,-0.6600653833452097
2012-05-17,2.9700000286102295,3.0199999809265137,2.9700000286102295,3.0199999809265137,0.890826,0.33222559783854244
2012-05-20,2.990000009536743,3.009999990463257,2.9700000286102295,2.9800000190734863,1.990962,-1.3245020564786825
2012-05-21,3.0,3.0399999618530273,3.0,3.0199999809265137,1.01121,1.3422805905036084
2012-05-22,3.0199999809265137,3.059999942779541,3.0199999809265137,3.0299999713897705,0.654428,0.33112551411966784
2012-05-23,3.0299999713897705,3.0299999713897705,3.0,3.0199999809265137,1.060204,-0.3300326916726104
2012-05-24,3.0199999809265137,3.0399999618530273,3.0,3.0299999713897705,0.926579,0.33112551411966784
2012-05-27,3.0399999618530273,3.0399999618530273,3.0,3.009999990463257,0.212643,-0.6600653833452097
2012-05-28,3.0299999713897705,3.0399999618530273,3.009999990463257,3.0199999809265137,0.63738,0.33222559783854244
2012-05-29,3.0,3.0299999713897705,3.0,3.0299999713897705,0.795258,0.33112551411966784
2012-05-30,3.0,3.0299999713897705,3.0,3.0199999809265137,0.802485,-0.3300326916726104
2012-05-31,3.0,3.0199999809265137,2.9200000762939453,2.990000009536743,1.166339,-0.9933765423590035
2012-06-03,2.990000009536743,2.990000009536743,2.940000057220459,2.9700000286102295,0.803128,-0.6688956810275148
2012-06-04,2.9700000286102295,3.0,2.9600000381469727,2.990000009536743,0.849638,0.6734000247088368
2012-06-05,2.9600000381469727,3.0199999809265137,2.9600000381469727,3.0,0.707076,0.33444784051375187
2012-06-06,3.009999990463257,3.049999952316284,3.0,3.0399999618530273,1.225641,1.3333320617675781
2012-06-07,3.069999933242798,3.069999933242798,3.0299999713897705,3.0399999618530273,0.471501,0.0
2012-06-10,3.0,3.069999933242798,3.0,3.049999952316284,0.506796,0.3289470588401455
2012-06-11,3.049999952316284,3.0999999046325684,3.049999952316284,3.0899999141693115,1.397898,1.3114741796192542
2012-06-12,3.0799999237060547,3.0799999237060547,3.0299999713897705,3.049999952316284,2.173657,-1.2944971833043106
2012-06-13,3.0299999713897705,3.059999942779541,3.0299999713897705,3.059999942779541,1.272711,0.327868544904808
2012-06-14,3.049999952316284,3.049999952316284,3.009999990463257,3.009999990463257,2.104419,-1.63398540036791
2012-06-18,3.0199999809265137,3.0399999618530273,3.0199999809265137,3.0299999713897705,2.5076,0.6644511956771071
2012-06-19,3.0199999809265137,3.049999952316284,3.009999990463257,3.0299999713897705,1.185204,0.0
2012-06-20,3.0399999618530273,3.059999942779541,3.0299999713897705,3.059999942779541,1.168393,0.9900980750178201
2012-06-21,3.0399999618530273,3.059999942779541,3.0299999713897705,3.059999942779541,0.362795,0.0
2012-06-24,3.059999942779541,3.059999942779541,3.0399999618530273,3.049999952316284,0.411771,-0.326797080073582
2012-06-25,3.049999952316284,3.049999952316284,3.0199999809265137,3.0299999713897705,0.606769,-0.6557370898096271
2012-06-26,3.0299999713897705,3.059999942779541,3.0299999713897705,3.049999952316284,1.551823,0.6600653833452208
2012-06-27,3.0299999713897705,3.059999942779541,3.0299999713897705,3.0299999713897705,1.117833,-0.6557370898096271
2012-06-28,3.049999952316284,3.059999942779541,3.0299999713897705,3.0399999618530273,2.251467,0.3300326916725993
2012-07-01,3.049999952316284,3.059999942779541,3.0399999618530273,3.059999942779541,0.483703,0.6578941176802688
2012-07-02,3.059999942779541,3.059999942779541,3.0399999618530273,3.049999952316284,0.055067,-0.326797080073582
2012-07-03,3.059999942779541,3.0899999141693115,3.049999952316284,3.0899999141693115,1.976827,1.3114741796192542
2012-07-04,3.0799999237060547,3.0999999046325684,3.059999942779541,3.059999942779541,1.078713,-0.9708728874782357
2012-07-05,3.0999999046325684,3.1500000953674316,3.049999952316284,3.119999885559082,0.815696,1.960782480441492
2012-07-08,3.059999942779541,3.119999885559082,3.059999942779541,3.0999999046325684,0.096077,-0.6410250532086104
2012-07-09,3.069999933242798,3.109999895095825,3.069999933242798,3.069999933242798,0.388216,-0.9677410423445276
2012-07-10,3.109999895095825,3.109999895095825,3.0799999237060547,3.0799999237060547,0.05798,0.3257325954627577
2012-07-11,3.059999942779541,3.0899999141693115,3.059999942779541,3.0799999237060547,0.379747,0.0
2012-07-12,3.0799999237060547,3.119999885559082,3.0799999237060547,3.109999895095825,0.510236,0.974025069249751
2012-07-15,3.0999999046325684,3.1600000858306885,3.0999999046325684,3.1600000858306885,1.132966,1.6077232289849475
2012-07-16,3.119999885559082,3.1700000762939453,3.119999885559082,3.1500000953674316,0.716296,-0.3164553858114205
2012-07-17,3.180000066757202,3.180000066757202,3.130000114440918,3.180000066757202,0.79224,0.9523800152860362
2012-07-18,3.1500000953674316,3.190000057220459,3.1500000953674316,3.190000057220459,0.36668,0.3144651023059275
2012-07-19,3.190000057220459,3.190000057220459,3.1600000858306885,3.1700000762939453,0.313358,-0.6269586384879289
2012-07-22,3.1600000858306885,3.180000066757202,3.1600000858306885,3.1600000858306885,0.254567,-0.31545710481332145
2012-07-23,3.1500000953674316,3.1700000762939453,3.1500000953674316,3.1500000953674316,0.490644,-0.3164553858114205
2012-07-24,3.1500000953674316,3.180000066757202,3.1500000953674316,3.180000066757202,0.610719,0.9523800152860362
2012-07-25,3.1500000953674316,3.180000066757202,3.1500000953674316,3.1600000858306885,0.148067,-0.6289302046118661
2012-07-26,3.1700000762939453,3.180000066757202,3.1600000858306885,3.1700000762939453,0.383059,0.3164553858114205
2012-07-29,3.1700000762939453,3.200000047683716,3.1600000858306885,3.180000066757202,0.291793,0.31545710481331035
2012-07-30,3.190000057220459,3.25,3.1500000953674316,3.2200000286102295,4.905347,1.2578604092237322
2012-07-31,3.2300000190734863,3.2699999809265137,3.2200000286102295,3.2300000190734863,1.718454,0.3105587072796734
2012-08-01,3.240000009536743,3.259999990463257,3.240000009536743,3.25,1.297497,0.6191944522728088
2012-08-02,3.2200000286102295,3.259999990463257,3.2100000381469727,3.25,0.443443,0.0
2012-08-05,3.259999990463257,3.259999990463257,3.2300000190734863,3.2300000190734863,0.071702,-0.6153840285081147
2012-08-06,3.2300000190734863,3.240000009536743,3.2100000381469727,3.2100000381469727,0.378837,-0.6191944522728088
2012-08-07,3.2100000381469727,3.2200000286102295,3.200000047683716,3.2100000381469727,0.44778,0.0
2012-08-08,3.2200000286102295,3.25,3.2100000381469727,3.25,0.931425,1.2461047158154548
2012-08-09,3.25,3.4000000953674316,3.25,3.4000000953674316,2.489657,4.615387549767136
2012-08-12,3.4000000953674316,3.4000000953674316,3.4000000953674316,3.4000000953674316,0.0,0.0
2012-08-13,3.4100000858306885,3.490000009536743,3.4000000953674316,3.430000066757202,4.455772,0.8823520749498215
2012-08-14,3.440000057220459,3.5199999809265137,3.4000000953674316,3.5199999809265137,1.86159,2.62390415211855
2012-08-15,3.5199999809265137,3.630000114440918,3.4700000286102295,3.559999942779541,4.99766,1.136362558800319
2012-08-16,3.5999999046325684,3.6700000762939453,3.559999942779541,3.569999933242798,2.505575,0.2808986130333757
2012-08-22,3.6600000858306885,3.6700000762939453,3.549999952316284,3.549999952316284,3.927641,-0.5602235658404231
2012-08-23,3.549999952316284,3.5799999237060547,3.5,3.5,0.878138,-1.408449379940424
2012-08-26,3.5999999046325684,3.5999999046325684,3.4800000190734863,3.5,1.367332,0.0
2012-08-27,3.4700000286102295,3.5,3.4200000762939453,3.4800000190734863,1.116485,-0.5714280264718208
2012-08-28,3.4100000858306885,3.440000057220459,3.390000104904175,3.440000057220459,1.044408,-1.1494241848790776
2012-08-29,3.440000057220459,3.4800000190734863,3.4100000858306885,3.430000066757202,3.211892,-0.2906973923522793
2012-08-30,3.4200000762939453,3.4600000381469727,3.4000000953674316,3.4100000858306885,1.402568,-0.583089811581905
2012-09-02,3.4100000858306885,3.4700000286102295,3.359999895095825,3.359999895095825,0.6064,-1.4662812163150685
2012-09-03,3.359999895095825,3.440000057220459,3.359999895095825,3.440000057220459,0.542541,2.3809572804273094
2012-09-04,3.369999885559082,3.5199999809265137,3.369999885559082,3.5,2.734301,1.744184354113676
2012-09-05,3.450000047683716,3.5,3.450000047683716,3.490000009536743,1.472875,-0.28571401323590484
2012-09-06,3.490000009536743,3.5,3.4700000286102295,3.4800000190734863,1.36696,-0.2865326772473087
2012-09-09,3.5199999809265137,3.5299999713897705,3.4700000286102295,3.490000009536743,2.227888,0.2873560462197666
2012-09-10,3.450000047683716,3.4700000286102295,3.450000047683716,3.450000047683716,0.348082,-1.1461307089892236
2012-09-11,3.450000047683716,3.490000009536743,3.4000000953674316,3.4000000953674316,3.284534,-1.4492739601511984
2012-09-12,3.4100000858306885,3.440000057220459,3.4000000953674316,3.4100000858306885,2.344122,0.29411735831661456
2012-09-13,3.4100000858306885,3.430000066757202,3.4100000858306885,3.430000066757202,0.186382,0.5865096898272304
2012-09-16,3.450000047683716,3.490000009536743,3.440000057220459,3.4700000286102295,2.409347,1.16617962316381
2012-09-17,3.440000057220459,3.490000009536743,3.4200000762939453,3.4200000762939453,1.941878,-1.4409208041508248
2012-09-18,3.4200000762939453,3.4700000286102295,3.4200000762939453,3.4600000381469727,0.204312,1.1695895017749036
2012-09-19,3.450000047683716,3.490000009536743,3.450000047683716,3.490000009536743,1.242737,0.8670511866767816
2012-09-20,3.450000047683716,3.4800000190734863,3.450000047683716,3.4600000381469727,0.759797,-0.859598031741915
2012-09-23,3.4600000381469727,3.5299999713897705,3.450000047683716,3.5,0.523661,1.1560682489023755
2012-09-24,3.5,3.5,3.430000066757202,3.450000047683716,0.636005,-1.4285700661795464
2012-09-25,3.450000047683716,3.490000009536743,3.450000047683716,3.4800000190734863,0.80773,0.8695643760907146
2012-09-26,3.4700000286102295,3.490000009536743,3.440000057220459,3.440000057220459,1.025861,-1.1494241848790776
2012-09-27,3.490000009536743,3.509999990463257,3.4600000381469727,3.509999990463257,1.06764,2.034881746465955
2012-09-30,3.450000047683716,3.5199999809265137,3.450000047683716,3.5199999809265137,0.323528,0.28490001397227793
2012-10-01,3.4700000286102295,3.549999952316284,3.4700000286102295,3.5199999809265137,1.532429,0.0
2012-10-02,3.549999952316284,3.559999942779541,3.5,3.549999952316284,1.029437,0.8522719191002448
2012-10-03,3.5199999809265137,3.559999942779541,3.5199999809265137,3.5299999713897705,0.266948,-0.5633797519761674
2012-10-04,3.5299999713897705,3.569999933242798,3.5,3.5,1.619972,-0.8498575533404162
2012-10-07,3.5399999618530273,3.559999942779541,3.5199999809265137,3.5299999713897705,0.48232,0.8571420397077256
2012-10-08,3.569999933242798,3.569999933242798,3.5199999809265137,3.5199999809265137,1.223165,-0.2832858511134684
2012-10-09,3.5199999809265137,3.549999952316284,3.509999990463257,3.5299999713897705,0.358676,0.2840906397000742
2012-10-10,3.5399999618530273,3.549999952316284,3.509999990463257,3.5399999618530273,0.310177,0.2832858511134795
2012-10-11,3.5199999809265137,3.559999942779541,3.5199999809265137,3.5399999618530273,0.41857,0.0
2012-10-14,3.5199999809265137,3.559999942779541,3.509999990463257,3.549999952316284,4e-05,0.2824856093507577
2012-10-15,3.559999942779541,3.5999999046325684,3.5399999618530273,3.5899999141693115,0.879561,1.1267595039523348
2012-10-16,3.559999942779541,3.6600000858306885,3.559999942779541,3.6500000953674316,2.521077,1.6713142794601898
2012-10-17,3.6700000762939453,3.680000066757202,3.630000114440918,3.640000104904175,1.115253,-0.27397233430072054
2012-10-18,3.6500000953674316,3.740000009536743,3.6500000953674316,3.740000009536743,2.600136,2.747250048093086
2012-10-21,3.7100000381469727,3.8399999141693115,3.7100000381469727,3.7899999618530273,2.097817,1.3368971173472577
2012-10-22,3.75,3.799999952316284,3.7200000286102295,3.740000009536743,2.131902,-1.319259968853348
2012-10-23,3.700000047683716,3.740000009536743,3.700000047683716,3.7200000286102295,0.914306,-0.5347588469389097
2012-10-24,3.700000047683716,3.740000009536743,3.6700000762939453,3.7300000190734863,0.941685,0.2688169458695544
2012-10-29,3.7200000286102295,3.7200000286102295,3.700000047683716,3.7100000381469727,1.026093,-0.5361925153952618
2012-10-30,3.680000066757202,3.7300000190734863,3.680000066757202,3.700000047683716,0.247692,-0.26954151914918567
2012-10-31,3.740000009536743,3.740000009536743,3.700000047683716,3.700000047683716,0.442158,0.0
2012-11-01,3.700000047683716,3.740000009536743,3.700000047683716,3.700000047683716,0.393422,0.0
2012-11-04,3.740000009536743,3.740000009536743,3.700000047683716,3.700000047683716,0.471462,0.0
2012-11-05,3.700000047683716,3.75,3.700000047683716,3.7100000381469727,1.356387,0.27027000903734333
2012-11-06,3.7100000381469727,3.819999933242798,3.7100000381469727,3.819999933242798,4.293672,2.9649567106410757
2012-11-07,3.799999952316284,3.8399999141693115,3.759999990463257,3.7799999713897705,2.49106,-1.047119438535471
2012-11-08,3.75,3.880000114440918,3.740000009536743,3.8299999237060547,3.409064,1.3227500712890583
2012-11-11,3.7899999618530273,3.8399999141693115,3.7899999618530273,3.809999942779541,0.531177,-0.5221927238881263
2012-11-12,3.7699999809265137,3.9200000762939453,3.7699999809265137,3.9000000953674316,3.023871,2.362208764817786
2012-11-13,3.869999885559082,3.890000104904175,3.8499999046325684,3.8499999046325684,0.776036,-1.282056141338439
2012-11-14,3.890000104904175,3.9100000858306885,3.819999933242798,3.9000000953674316,1.207589,1.298706285023532
2012-11-18,3.880000114440918,3.890000104904175,3.8399999141693115,3.890000104904175,0.312364,-0.25641000560834293
2012-11-19,3.859999895095825,3.859999895095825,3.819999933242798,3.819999933242798,0.50049,-1.7994902255433542
2012-11-20,3.8399999141693115,3.869999885559082,3.7799999713897705,3.7799999713897705,1.066014,-1.047119438535471
2012-11-21,3.7899999618530273,3.8499999046325684,3.7899999618530273,3.809999942779541,0.6356,0.7936500427734305
2012-11-22,3.809999942779541,3.869999885559082,3.809999942779541,3.819999933242798,0.234078,0.26246694523468506
2012-11-25,3.8299999237060547,3.869999885559082,3.809999942779541,3.809999942779541,0.471526,-0.2617798596338705
2012-11-26,3.819999933242798,3.819999933242798,3.7899999618530273,3.799999952316284,0.533574,-0.26246694523468506
2012-11-27,3.819999933242798,3.819999933242798,3.7899999618530273,3.7899999618530273,1.311678,-0.26315764707210976
2012-11-28,3.819999933242798,3.819999933242798,3.75,3.809999942779541,1.732385,0.5277039875413392
2012-11-29,3.799999952316284,3.8399999141693115,3.799999952316284,3.819999933242798,0.687129,0.26246694523468506
2012-12-04,3.799999952316284,3.869999885559082,3.799999952316284,3.819999933242798,0.728123,0.0
2012-12-05,3.809999942779541,3.859999895095825,3.809999942779541,3.8499999046325684,0.398002,0.7853395789016115
2012-12-06,3.8399999141693115,3.869999885559082,3.8399999141693115,3.869999885559082,0.464838,0.5194800369332064
2012-12-09,3.8499999046325684,3.880000114440918,3.8499999046325684,3.880000114440918,0.660244,0.25840385471720406
2012-12-10,3.8499999046325684,3.880000114440918,3.8499999046325684,3.880000114440918,0.660244,0.0
2012-12-11,3.75,3.75,3.5,3.5,22.327069,-9.793817093628443
2012-12-12,3.4200000762939453,3.559999942779541,3.4200000762939453,3.509999990463257,5.699917,0.28571401323591594
2012-12-13,3.509999990463257,3.5399999618530273,3.430000066757202,3.450000047683716,4.9933,-1.7094000838336787
2012-12-16,3.4800000190734863,3.4800000190734863,3.4200000762939453,3.4200000762939453,1.024792,-0.8695643760907257
2012-12-17,3.4200000762939453,3.5,3.4200000762939453,3.440000057220459,2.2174,0.5847947508874407
2012-12-18,3.440000057220459,3.4800000190734863,3.440000057220459,3.450000047683716,0.486685,0.2906973923522793
2012-12-19,3.450000047683716,3.4800000190734863,3.450000047683716,3.4700000286102295,0.335149,0.5797095840604838
2012-12-20,3.450000047683716,3.5299999713897705,3.450000047683716,3.5,2.738744,0.8645524824904882
2012-12-23,3.5,3.5399999618530273,3.5,3.509999990463257,1.496771,0.28571401323591594
2012-12-24,3.5299999713897705,3.5299999713897705,3.490000009536743,3.5,0.612583,-0.28490001397227793
2012-12-25,3.5,3.509999990463257,3.4800000190734863,3.4800000190734863,1.338841,-0.5714280264718208
2012-12-26,3.5,3.5299999713897705,3.4800000190734863,3.4800000190734863,1.804216,0.0
2012-12-27,3.4700000286102295,3.5199999809265137,3.4700000286102295,3.5199999809265137,0.772924,1.1494241848790887
2012-12-30,3.4800000190734863,3.509999990463257,3.4700000286102295,3.4700000286102295,1.023568,-1.4204531985004043
2012-12-31,3.4700000286102295,3.5,3.4700000286102295,3.490000009536743,0.308269,0.5763683216603255
2013-01-02,3.5299999713897705,3.549999952316284,3.490000009536743,3.5399999618530273,0.503642,1.4326633862365323
2013-01-03,3.509999990463257,3.569999933242798,3.509999990463257,3.549999952316284,0.539718,0.2824856093507577
2013-01-06,3.549999952316284,3.549999952316284,3.5199999809265137,3.5199999809265137,1.513265,-0.8450696279642567
2013-01-07,3.509999990463257,3.5399999618530273,3.4800000190734863,3.490000009536743,2.305907,-0.8522719191002448
2013-01-08,3.490000009536743,3.5899999141693115,3.490000009536743,3.509999990463257,5.556983,0.5730653544946174
2013-01-09,3.5299999713897705,3.5999999046325684,3.509999990463257,3.5299999713897705,3.986581,0.5698000279445559
2013-01-10,3.5399999618530273,3.5799999237060547,3.5199999809265137,3.5299999713897705,2.582049,0.0
2013-01-13,3.5399999618530273,3.5899999141693115,3.5299999713897705,3.569999933242798,3.122812,1.1331434044538957
2013-01-14,3.5799999237060547,3.6500000953674316,3.559999942779541,3.640000104904175,6.132157,1.9607891588331983
2013-01-15,3.5999999046325684,3.640000104904175,3.5899999141693115,3.5899999141693115,1.12942,-1.3736315740073168
2013-01-16,3.5899999141693115,3.5899999141693115,3.559999942779541,3.5899999141693115,0.63118,0.0
2013-01-17,3.559999942779541,3.619999885559082,3.559999942779541,3.5899999141693115,0.875119,0.0
2013-01-20,3.5899999141693115,3.609999895095825,3.5199999809265137,3.569999933242798,2.59699,-0.5571025460913259
2013-01-21,3.5999999046325684,3.5999999046325684,3.5399999618530273,3.5399999618530273,1.23551,-0.8403353487606458
2013-01-22,3.5399999618530273,3.559999942779541,3.5399999618530273,3.5399999618530273,0.574495,0.0
2013-01-23,3.5399999618530273,3.559999942779541,3.5299999713897705,3.5399999618530273,1.544669,0.0
2013-01-27,3.5399999618530273,3.5399999618530273,3.5399999618530273,3.5399999618530273,0.0,0.0
2013-01-28,3.5799999237060547,3.5799999237060547,3.5399999618530273,3.549999952316284,0.641927,0.2824856093507577
2013-01-29,3.569999933242798,3.569999933242798,3.5299999713897705,3.5299999713897705,1.784216,-0.5633797519761674
2013-01-30,3.5299999713897705,3.5899999141693115,3.5299999713897705,3.5899999141693115,1.740955,1.6997151066808325
2013-01-31,3.5899999141693115,3.640000104904175,3.569999933242798,3.609999895095825,3.730037,0.557102546091337
2013-02-03,3.5899999141693115,3.5999999046325684,3.569999933242798,3.569999933242798,0.528431,-1.10803221649306
2013-02-04,3.5999999046325684,3.6500000953674316,3.5799999237060547,3.609999895095825,1.23448,1.1204471316808462
2013-02-05,3.5899999141693115,3.619999885559082,3.5899999141693115,3.609999895095825,0.195466,0.0
2013-02-06,3.5999999046325684,3.630000114440918,3.5899999141693115,3.630000114440918,0.265825,0.5540227126394903
2013-02-07,3.5999999046325684,3.630000114440918,3.5799999237060547,3.5799999237060547,1.013887,-1.3774156792985215
2013-02-10,3.5899999141693115,3.640000104904175,3.5899999141693115,3.630000114440918,0.681355,1.396653402246506
2013-02-11,3.640000104904175,3.6500000953674316,3.5999999046325684,3.609999895095825,1.327017,-0.5509702125222393
2013-02-12,3.609999895095825,3.619999885559082,3.5799999237060547,3.5899999141693115,0.829039,-0.5540161082465245
2013-02-13,3.5899999141693115,3.609999895095825,3.5799999237060547,3.5899999141693115,0.500754,0.0
2013-02-14,3.5999999046325684,3.619999885559082,3.5899999141693115,3.619999885559082,0.312865,0.8356538191369944
2013-02-17,3.6500000953674316,3.7300000190734863,3.6500000953674316,3.6700000762939453,4.034783,1.3812207821973788
2013-02-18,3.680000066757202,3.7200000286102295,3.680000066757202,3.690000057220459,1.137507,0.5449585970229709
2013-02-19,4.0,4.119999885559082,3.9800000190734863,4.119999885559082,18.218511,11.65311169839185
2013-02-20,4.119999885559082,4.25,4.119999885559082,4.170000076293945,9.576452,1.213596896206659
2013-02-21,4.170000076293945,4.199999809265137,4.150000095367432,4.179999828338623,7.757716,0.239802202919015
2013-02-24,4.199999809265137,4.21999979019165,4.150000095367432,4.199999809265137,3.470949,0.47846846286745404
2013-02-25,4.199999809265137,4.210000038146973,4.170000076293945,4.199999809265137,3.38155,0.0
2013-02-26,4.179999828338623,4.199999809265137,4.159999847412109,4.199999809265137,2.521577,0.0
2013-02-27,4.199999809265137,4.25,4.179999828338623,4.25,8.69991,1.1904807858458266
2013-02-28,4.21999979019165,4.289999961853027,4.21999979019165,4.260000228881836,1.781243,0.23529950310201553
2013-03-03,4.289999961853027,4.480000019073486,4.289999961853027,4.460000038146973,4.31092,4.694830951162476
2013-03-04,4.5,4.5,4.400000095367432,4.449999809265137,3.506365,-0.22422037659871608
2013-03-05,4.400000095367432,4.449999809265137,4.369999885559082,4.389999866485596,1.673994,-1.3483133786796553
2013-03-06,4.449999809265137,4.449999809265137,4.389999866485596,4.389999866485596,1.204946,0.0
2013-03-07,4.380000114440918,4.409999847412109,4.380000114440918,4.409999847412109,0.468124,0.4555804449835721
2013-03-10,4.449999809265137,4.539999961853027,4.449999809265137,4.46999979019165,3.919978,1.3605429672463698
2013-03-11,4.5,4.53000020980835,4.46999979019165,4.53000020980835,3.381626,1.342291329595935
2013-03-12,4.510000228881836,4.610000133514404,4.5,4.570000171661377,3.039626,0.8830013245125112
2013-03-13,4.599999904632568,4.659999847412109,4.579999923706055,4.639999866485596,1.598377,1.5317219298652818
2013-03-14,4.659999847412109,4.690000057220459,4.639999866485596,4.670000076293945,1.035734,0.6465562644740297
2013-03-17,4.690000057220459,4.739999771118164,4.690000057220459,4.730000019073486,2.889761,1.2847953276085677
2013-03-18,4.699999809265137,4.730000019073486,4.679999828338623,4.710000038146973,2.596083,-0.4228325760225138
2013-03-19,4.730000019073486,4.909999847412109,4.71999979019165,4.889999866485596,3.029905,3.821652375388074
2013-03-20,4.889999866485596,4.96999979019165,4.840000152587891,4.869999885559082,5.423026,-0.4089975761264686
2013-03-21,4.849999904632568,4.929999828338623,4.809999942779541,4.929999828338623,1.024117,1.232031708203074
2013-03-24,4.909999847412109,4.920000076293945,4.800000190734863,4.849999904632568,1.516473,-1.6227165616963912
2013-03-25,4.769999980926514,4.849999904632568,4.769999980926514,4.800000190734863,0.832095,-1.0309219563065741
2013-03-26,4.840000152587891,4.840000152587891,4.710000038146973,4.840000152587891,1.718943,0.833332505491069
2013-03-27,4.75,4.789999961853027,4.690000057220459,4.699999809265137,2.166337,-2.892568985724042
2013-03-28,4.690000057220459,4.789999961853027,4.639999866485596,4.699999809265137,1.954679,0.0
2013-03-31,4.699999809265137,4.699999809265137,4.639999866485596,4.679999828338623,0.555921,-0.42553152634362545
2013-04-01,4.679999828338623,4.690000057220459,4.570000171661377,4.650000095367432,1.341243,-0.6410199587943421
2013-04-02,4.659999847412109,4.659999847412109,4.590000152587891,4.630000114440918,1.87146,-0.43010710787809714
2013-04-03,4.199999809265137,4.329999923706055,4.199999809265137,4.329999923706055,2.156693,-6.479485600857027
2013-04-04,4.309999942779541,4.449999809265137,4.309999942779541,4.400000095367432,2.096558,1.6166321684704332
2013-04-07,4.380000114440918,4.429999828338623,4.360000133514404,4.389999866485596,0.826265,-0.22727792420651483
2013-04-08,4.409999847412109,4.440000057220459,4.349999904632568,4.429999828338623,2.059194,0.9111608899671664
2013-04-09,4.420000076293945,4.519999980926514,4.420000076293945,4.5,3.085609,1.5801393763852367
2013-04-10,4.519999980926514,4.539999961853027,4.480000019073486,4.510000228881836,1.470709,0.22222730848524552
2013-04-11,4.510000228881836,4.659999847412109,4.5,4.659999847412109,3.923315,3.3259337232331543
2013-04-14,4.690000057220459,4.699999809265137,4.610000133514404,4.619999885559082,0.486295,-0.8583683082144522
2013-04-15,4.630000114440918,4.630000114440918,4.599999904632568,4.599999904632568,0.457117,-0.43290003077767203
2013-04-16,4.610000133514404,4.739999771118164,4.599999904632568,4.739999771118164,1.942215,3.043475421480002
2013-04-17,4.730000019073486,4.849999904632568,4.730000019073486,4.789999961853027,4.73008,1.0548563955535384
2013-04-18,4.789999961853027,4.800000190734863,4.730000019073486,4.730000019073486,0.861049,-1.2526084187343023
2013-04-21,4.710000038146973,4.800000190734863,4.659999847412109,4.75,1.677626,0.4228325760225138
2013-04-22,4.730000019073486,4.800000190734863,4.710000038146973,4.769999980926514,1.281686,0.42105223003185976
2013-04-23,4.800000190734863,4.900000095367432,4.800000190734863,4.869999885559082,2.763026,2.096434067765851
2013-04-24,4.920000076293945,5.059999942779541,4.920000076293945,5.050000190734863,5.826245,3.6961049159268455
2013-04-25,5.099999904632568,5.119999885559082,5.070000171661377,5.110000133514404,4.121797,1.1881176339284538
2013-04-28,5.050000190734863,5.179999828338623,5.050000190734863,5.170000076293945,1.513615,1.1741671470031134
2013-04-29,5.199999809265137,5.199999809265137,5.070000171661377,5.099999904632568,2.209836,-1.353968484107948
2013-04-30,5.110000133514404,5.159999847412109,5.099999904632568,5.119999885559082,1.841555,0.39215649608830283
2013-05-01,5.099999904632568,5.139999866485596,5.099999904632568,5.110000133514404,1.161632,-0.19530766148807555
2013-05-02,5.139999866485596,5.170000076293945,5.119999885559082,5.139999866485596,1.517658,0.5870789077760508
2013-05-05,5.190000057220459,5.210000038146973,5.159999847412109,5.190000057220459,2.768334,0.9727663819775634
2013-05-06,5.179999828338623,5.190000057220459,5.159999847412109,5.190000057220459,1.848917,0.0
2013-05-07,5.190000057220459,5.190000057220459,5.119999885559082,5.130000114440918,1.070464,-1.1560682489023755
2013-05-08,5.190000057220459,5.199999809265137,5.139999866485596,5.139999866485596,0.702474,0.1949269360935979
2013-05-09,5.150000095367432,5.25,5.150000095367432,5.25,4.157695,2.140080474157968
2013-05-12,5.300000190734863,5.329999923706055,5.289999961853027,5.329999923706055,1.555328,1.5238080705915147
2013-05-13,5.300000190734863,5.349999904632568,5.289999961853027,5.300000190734863,1.104723,-0.5628467804992376
2013-05-14,5.349999904632568,5.480000019073486,5.349999904632568,5.460000038146973,2.092985,3.0188649368694698
2013-05-15,5.46999979019165,6.0,5.46999979019165,5.989999771118164,5.134908,9.706954748503339
2013-05-16,6.0,6.0,5.800000190734863,5.929999828338623,2.257767,-1.0016685320897833
2013-05-19,5.940000057220459,6.0,5.900000095367432,5.989999771118164,1.731384,1.0118034488434624
2013-05-20,5.929999828338623,5.940000057220459,5.829999923706055,5.849999904632568,2.07207,-2.3372265748761722
2013-05-21,5.809999942779541,5.820000171661377,5.75,5.800000190734863,1.997183,-0.8546959779967
2013-05-22,5.820000171661377,5.849999904632568,5.800000190734863,5.809999942779541,0.798366,0.17240951234194224
2013-05-23,5.760000228881836,5.849999904632568,5.699999809265137,5.849999904632568,5.225421,0.6884675085537362
2013-05-26,5.760000228881836,5.849999904632568,5.710000038146973,5.75,0.874839,-1.7094001070560583
2013-05-27,5.75,5.789999961853027,5.710000038146973,5.78000020980835,1.38099,0.5217427792756357
2013-05-28,5.809999942779541,5.920000076293945,5.800000190734863,5.869999885559082,1.672436,1.5570877592358423
2013-05-29,5.900000095367432,5.929999828338623,5.849999904632568,5.849999904632568,0.964861,-0.34071518426629366
2013-05-30,5.800000190734863,5.849999904632568,5.71999979019165,5.800000190734863,2.04985,-0.8546959779967
2013-06-02,5.809999942779541,5.829999923706055,5.789999961853027,5.820000171661377,0.928405,0.34482724601392345
2013-06-03,5.78000020980835,5.880000114440918,5.78000020980835,5.809999942779541,1.152747,-0.1718252334515169
2013-06-04,5.849999904632568,5.860000133514404,5.75,5.769999980926514,4.529337,-0.6884675085537251
2013-06-05,5.75,5.820000171661377,5.75,5.789999961853027,1.065415,0.34662012118935603
2013-06-09,5.789999961853027,5.849999904632568,5.730000019073486,5.769999980926514,1.110979,-0.34542281620522086
2013-06-10,5.769999980926514,5.860000133514404,5.75,5.789999961853027,2.65756,0.34662012118935603
2013-06-11,5.730000019073486,5.849999904632568,5.730000019073486,5.849999904632568,1.710389,1.0362684486156404
2013-06-12,5.880000114440918,5.880000114440918,5.809999942779541,5.809999942779541,0.635018,-0.6837600428224233
2013-06-13,5.809999942779541,5.840000152587891,5.78000020980835,5.840000152587891,0.777687,0.516354735005331
2013-06-16,5.710000038146973,5.800000190734863,5.710000038146973,5.800000190734863,0.979466,-0.6849308357518069
2013-06-17,5.800000190734863,5.829999923706055,5.75,5.829999923706055,1.516908,0.5172367583558657
2013-06-18,5.75,5.840000152587891,5.75,5.789999961853027,0.375321,-0.6861057011403826
2013-06-19,5.800000190734863,5.809999942779541,5.78000020980835,5.800000190734863,0.623369,0.17271552586739514
2013-06-20,5.800000190734863,5.829999923706055,5.760000228881836,5.800000190734863,1.017261,0.0
2013-06-23,5.75,5.800000190734863,5.75,5.760000228881836,1.275068,-0.689654492027858
2013-06-24,5.710000038146973,5.789999961853027,5.679999828338623,5.789999961853027,2.185197,0.5208286767206527
2013-06-25,5.710000038146973,5.800000190734863,5.699999809265137,5.789999961853027,1.114574,0.0
2013-06-26,5.75,5.849999904632568,5.730000019073486,5.800000190734863,1.435321,0.17271552586739514
2013-06-27,5.840000152587891,5.840000152587891,5.760000228881836,5.800000190734863,0.2175,0.0
2013-06-30,5.840000152587891,5.849999904632568,5.739999771118164,5.800000190734863,1.073284,0.0
2013-07-01,5.769999980926514,5.869999885559082,5.769999980926514,5.849999904632568,0.619111,0.8620640043698113
2013-07-02,5.809999942779541,5.880000114440918,5.789999961853027,5.789999961853027,2.720225,-1.025640064233635
2013-07-03,5.809999942779541,5.869999885559082,5.809999942779541,5.849999904632568,0.593676,1.0362684486156404
2013-07-04,5.849999904632568,5.849999904632568,5.809999942779541,5.809999942779541,0.265319,-0.6837600428224233
2013-07-07,5.800000190734863,5.860000133514404,5.78000020980835,5.849999904632568,0.255298,0.6884675085537362
2013-07-08,5.869999885559082,6.300000190734863,5.860000133514404,6.159999847412109,3.632067,5.29914440740511
2013-07-09,6.170000076293945,6.289999961853027,6.010000228881836,6.099999904632568,3.095105,-0.9740250692497621
2013-07-10,6.03000020980835,6.199999809265137,6.03000020980835,6.199999809265137,1.901908,1.6393427245240622
2013-07-11,6.25,6.25,6.179999828338623,6.179999828338623,0.181315,-0.3225803474481759
2013-07-14,6.21999979019165,6.300000190734863,6.170000076293945,6.239999771118164,2.19745,0.9708728874782357
2013-07-15,6.289999961853027,6.630000114440918,6.170000076293945,6.5,3.967789,4.166670487477364
2013-07-16,6.539999961853027,6.820000171661377,6.480000019073486,6.789999961853027,6.839565,4.461537874661969
2013-07-17,6.75,6.809999942779541,6.639999866485596,6.699999809265137,1.762459,-1.3254808997573142
2013-07-18,6.650000095367432,6.699999809265137,6.579999923706055,6.650000095367432,1.396706,-0.746264407777486
2013-07-21,6.650000095367432,6.760000228881836,6.599999904632568,6.739999771118164,3.996544,1.3533785633090156
2013-07-22,6.760000228881836,6.800000190734863,6.690000057220459,6.78000020980835,4.41849,0.5934783389992537
2013-07-23,6.809999942779541,6.809999942779541,6.710000038146973,6.730000019073486,3.405834,-0.7374659172212139
2013-07-24,6.75,6.75,6.690000057220459,6.699999809265137,2.450005,-0.4457683465575957
2013-07-25,6.739999771118164,6.78000020980835,6.690000057220459,6.730000019073486,2.891664,0.44776433824467166
2013-07-28,6.78000020980835,6.849999904632568,6.71999979019165,6.71999979019165,3.400261,-0.1485918106016948
2013-07-29,6.75,6.800000190734863,6.699999809265137,6.75,4.269699,0.4464317075148827
2013-07-30,6.78000020980835,6.78000020980835,6.699999809265137,6.739999771118164,2.694868,-0.14815153899015998
2013-07-31,6.730000019073486,6.760000228881836,6.690000057220459,6.710000038146973,1.307064,-0.44509991083003797
2013-08-01,6.679999828338623,6.710000038146973,6.610000133514404,6.650000095367432,1.434367,-0.8941869215862264
2013-08-04,6.650000095367432,6.690000057220459,6.579999923706055,6.599999904632568,1.227031,-0.7518825566588339
2013-08-05,6.579999923706055,6.650000095367432,6.579999923706055,6.650000095367432,1.354445,0.7575786584446353
2013-08-06,6.619999885559082,6.670000076293945,6.619999885559082,6.670000076293945,0.676543,0.3007515885668388
2013-08-11,6.670000076293945,6.670000076293945,6.599999904632568,6.659999847412109,0.702041,-0.14992846727810427
2013-08-12,6.599999904632568,6.610000133514404,6.550000190734863,6.599999904632568,0.285991,-0.9009000623754537
2013-08-13,6.550000190734863,6.650000095367432,6.550000190734863,6.619999885559082,0.149073,0.30303001841676114
2013-08-14,6.599999904632568,6.650000095367432,6.599999904632568,6.650000095367432,0.144701,0.4531753825825824
2013-08-15,6.650000095367432,6.670000076293945,6.650000095367432,6.659999847412109,0.43293,0.15037220904168258
2013-08-18,6.599999904632568,6.699999809265137,6.599999904632568,6.659999847412109,0.498982,0.0
2013-08-19,6.670000076293945,6.71999979019165,6.659999847412109,6.699999809265137,0.591686,0.6006000415836432
2013-08-20,6.730000019073486,6.769999980926514,6.690000057220459,6.710000038146973,2.072697,0.1492571517391239
2013-08-21,6.730000019073486,6.730000019073486,6.670000076293945,6.710000038146973,1.305945,0.0
2013-08-22,6.699999809265137,6.769999980926514,6.699999809265137,6.75,1.314788,0.596124614390825
2013-08-25,6.75,6.789999961853027,6.690000057220459,6.699999809265137,2.456516,-0.7407435664424145
2013-08-26,6.699999809265137,6.730000019073486,6.639999866485596,6.699999809265137,3.246735,0.0
2013-08-27,6.699999809265137,6.699999809265137,6.590000152587891,6.590000152587891,2.845151,-1.641785967294096
2013-08-28,6.400000095367432,6.400000095367432,5.940000057220459,6.260000228881836,4.300122,-5.0075859797433235
2013-08-29,6.340000152587891,6.400000095367432,6.190000057220459,6.400000095367432,1.038324,2.2364195106523654
2013-09-01,6.489999771118164,6.5,6.380000114440918,6.420000076293945,0.793988,0.3124996973201677
2013-09-02,6.489999771118164,6.489999771118164,6.360000133514404,6.380000114440918,0.394448,-0.6230523579077274
2013-09-03,6.389999866485596,6.400000095367432,6.199999809265137,6.28000020980835,0.610313,-1.5673965962198277
2013-09-04,6.389999866485596,6.400000095367432,6.199999809265137,6.28000020980835,0.610313,0.0
2013-09-05,6.389999866485596,6.400000095367432,6.199999809265137,6.28000020980835,0.610313,0.0
2013-09-08,5.699999809265137,6.0,5.699999809265137,5.949999809265137,0.849976,-5.254783272583419
2013-09-09,5.909999847412109,5.960000038146973,5.900000095367432,5.949999809265137,0.705552,0.0
2013-09-10,6.059999942779541,6.300000190734863,6.050000190734863,6.25,1.524541,5.042020173979056
2013-09-11,6.389999866485596,6.389999866485596,5.699999809265137,6.21999979019165,1.597165,-0.4800033569335893
2013-09-12,6.199999809265137,6.210000038146973,6.070000171661377,6.079999923706055,1.452402,-2.2508017879094178
2013-09-15,6.25,6.360000133514404,6.210000038146973,6.300000190734863,1.372356,3.6184254899580326
2013-09-16,6.349999904632568,6.389999866485596,6.190000057220459,6.289999961853027,1.311583,-0.15873378696944496
2013-09-17,6.300000190734863,6.380000114440918,6.190000057220459,6.25,0.742009,-0.635929445081318
2013-09-18,6.230000019073486,6.349999904632568,6.210000038146973,6.210000038146973,0.29841,-0.6399993896484379
2013-09-19,6.349999904632568,6.349999904632568,6.25,6.25,0.510106,0.644121765013117
2013-09-22,6.210000038146973,6.300000190734863,6.210000038146973,6.260000228881836,0.186476,0.1600036621093759
2013-09-23,6.230000019073486,6.300000190734863,6.230000019073486,6.300000190734863,1.437832,0.6389770030435393
2013-09-24,6.340000152587891,6.349999904632568,6.239999771118164,6.300000190734863,0.688086,0.0
2013-09-25,6.300000190734863,6.309999942779541,6.21999979019165,6.239999771118164,0.801929,-0.9523875841295881
2013-09-26,6.239999771118164,6.300000190734863,6.21999979019165,6.269999980926514,0.456567,0.4807726107171506
2013-09-29,6.239999771118164,6.300000190734863,6.21999979019165,6.25,0.712524,-0.3189789631156903
2013-09-30,6.300000190734863,6.300000190734863,6.179999828338623,6.179999828338623,1.399226,-1.1200027465820273
2013-10-01,6.150000095367432,6.269999980926514,6.150000095367432,6.190000057220459,0.751065,0.16181600581894884
2013-10-02,6.210000038146973,6.25,6.179999828338623,6.199999809265137,0.733484,0.1615468812962817
2013-10-03,6.199999809265137,6.239999771118164,6.190000057220459,6.210000038146973,0.766616,0.16129401918516528
2013-10-06,6.230000019073486,6.230000019073486,6.190000057220459,6.21999979019165,0.249594,0.16102660198471508
2013-10-07,6.199999809265137,6.239999771118164,6.179999828338623,6.190000057220459,0.147063,-0.48231083574147293
2013-10-08,6.179999828338623,6.239999771118164,6.179999828338623,6.21999979019165,0.200571,0.48464834723542793
2013-10-09,6.190000057220459,6.239999771118164,6.190000057220459,6.210000038146973,0.408569,-0.16076772318298627
2013-10-10,6.21999979019165,6.289999961853027,6.21999979019165,6.260000228881836,0.397224,0.8051560455349493
2013-10-20,6.300000190734863,6.389999866485596,6.25,6.329999923706055,1.115733,1.1182059467228278
2013-10-21,6.329999923706055,6.389999866485596,6.289999961853027,6.360000133514404,0.912001,0.4739369695092366
2013-10-22,6.309999942779541,6.699999809265137,6.309999942779541,6.5,1.646926,2.201255716141537
2013-10-23,6.5,6.53000020980835,6.449999809265137,6.5,0.205282,0.0
2013-10-24,6.489999771118164,6.539999961853027,6.46999979019165,6.510000228881836,0.219083,0.15384967510516656
2013-10-27,6.420000076293945,6.519999980926514,6.409999847412109,6.5,1.045075,-0.1536133414783869
2013-10-28,6.460000038146973,6.510000228881836,6.460000038146973,6.460000038146973,0.514567,-0.6153840285081147
2013-10-29,6.449999809265137,6.480000019073486,6.360000133514404,6.360000133514404,1.052044,-1.547986130682022
2013-10-30,6.400000095367432,6.489999771118164,6.360000133514404,6.429999828338623,0.470857,1.100624109351056
2013-10-31,6.429999828338623,6.489999771118164,6.420000076293945,6.420000076293945,0.339872,-0.15551714326035304
2013-11-03,6.420000076293945,6.420000076293945,6.420000076293945,6.420000076293945,0.0,0.0
2013-11-04,6.429999828338623,6.480000019073486,6.409999847412109,6.409999847412109,0.250206,-0.15576680316191638
2013-11-05,6.409999847412109,6.409999847412109,6.349999904632568,6.400000095367432,0.467913,-0.15600237570543296
2013-11-06,6.400000095367432,6.429999828338623,6.340000152587891,6.340000152587891,0.235847,-0.9374990919605031
2013-11-07,6.369999885559082,6.380000114440918,6.300000190734863,6.300000190734863,0.405192,-0.6309142096266318
2013-11-10,6.300000190734863,6.340000152587891,6.269999980926514,6.340000152587891,0.188338,0.6349200101906982
2013-11-11,6.300000190734863,6.369999885559082,6.210000038146973,6.210000038146973,0.532301,-2.0504749418318813
2013-11-12,6.199999809265137,6.210000038146973,6.0,6.199999809265137,1.448667,-0.16103428052184343
2013-11-13,6.110000133514404,6.199999809265137,6.079999923706055,6.199999809265137,0.64844,0.0
2013-11-14,6.0,6.380000114440918,6.0,6.380000114440918,0.0035,2.9032308179557154
2013-11-17,6.21999979019165,6.300000190734863,6.199999809265137,6.21999979019165,0.34533,-2.507842027888252
2013-11-18,6.21999979019165,6.300000190734863,6.199999809265137,6.21999979019165,0.34533,0.0
2013-11-19,6.300000190734863,6.320000171661377,6.199999809265137,6.260000228881836,0.515645,0.6430938913094986
2013-11-20,6.300000190734863,6.400000095367432,6.199999809265137,6.389999866485596,0.702875,2.0766714512881146
2013-11-21,6.380000114440918,6.380000114440918,6.260000228881836,6.309999942779541,0.772508,-1.2519550137338853
2013-11-24,6.349999904632568,6.349999904632568,6.25,6.300000190734863,0.778027,-0.15847467726398667
2013-11-25,6.309999942779541,6.309999942779541,6.289999961853027,6.289999961853027,0.644489,-0.15873378696944496
2013-11-26,6.300000190734863,6.320000171661377,6.269999980926514,6.300000190734863,0.404105,0.15898615170881758
2013-11-27,6.300000190734863,6.320000171661377,6.25,6.260000228881836,0.536671,-0.6349200101906871
2013-11-28,6.53000020980835,6.53000020980835,6.25,6.360000133514404,1.225461,1.5974425076088261
2013-12-02,6.320000171661377,6.349999904632568,6.320000171661377,6.340000152587891,0.104349,-0.3144651023059386
2013-12-03,6.340000152587891,6.340000152587891,6.300000190734863,6.320000171661377,0.247027,-0.31545710481332145
2013-12-04,6.309999942779541,6.349999904632568,6.309999942779541,6.340000152587891,0.117455,0.3164553858114205
2013-12-05,6.309999942779541,6.360000133514404,6.309999942779541,6.309999942779541,1.14862,-0.4731894177652962
2013-12-08,6.360000133514404,6.400000095367432,6.309999942779541,6.369999885559082,0.785681,0.9508707341304934
2013-12-09,6.400000095367432,6.550000190734863,6.400000095367432,6.480000019073486,2.438085,1.7268467109988084
2013-12-10,6.510000228881836,6.510000228881836,6.46999979019165,6.5,1.703713,0.30864168005624304
2013-12-11,6.5,6.880000114440918,6.46999979019165,6.75,9.461919,3.8461538461538547
2013-12-12,6.760000228881836,6.78000020980835,6.650000095367432,6.71999979019165,1.941322,-0.4444475527162872
2013-12-15,6.78000020980835,6.900000095367432,6.610000133514404,6.739999771118164,4.432499,0.2976187730794999
2013-12-16,6.650000095367432,6.710000038146973,6.590000152587891,6.659999847412109,1.112427,-1.186942528527457
2013-12-17,6.690000057220459,6.699999809265137,6.550000190734863,6.639999866485596,1.248434,-0.3003000207918216
2013-12-18,6.610000133514404,6.670000076293945,6.550000190734863,6.650000095367432,1.600137,0.1506058596824733
2013-12-19,6.650000095367432,6.650000095367432,6.579999923706055,6.639999866485596,1.242702,-0.15037937952515623
2013-12-22,6.599999904632568,6.650000095367432,6.559999942779541,6.639999866485596,1.061121,0.0
2013-12-23,6.590000152587891,6.630000114440918,6.539999961853027,6.550000190734863,0.661186,-1.3554168307290504
2013-12-24,6.570000171661377,6.670000076293945,6.519999980926514,6.599999904632568,1.542523,0.7633543884232319
2013-12-25,6.619999885559082,6.619999885559082,6.5,6.590000152587891,1.577945,-0.15151139680561476
2013-12-26,6.599999904632568,6.610000133514404,6.510000228881836,6.579999923706055,6.3e-05,-0.15174853794061027
2013-12-29,6.579999923706055,6.590000152587891,6.510000228881836,6.590000152587891,0.809423,0.15197916410010226
2013-12-30,6.590000152587891,6.599999904632568,6.550000190734863,6.550000190734863,0.354572,-0.6069796802253391
2013-12-31,6.590000152587891,6.75,6.559999942779541,6.659999847412109,2.306933,1.6793840225049594
2014-01-02,6.559999942779541,6.699999809265137,6.559999942779541,6.650000095367432,2.181385,-0.15014643053727905
2014-01-05,6.75,6.789999961853027,6.599999904632568,6.599999904632568,2.673098,-0.7518825566588339
2014-01-06,6.610000133514404,6.690000057220459,6.550000190734863,6.599999904632568,2.130251,0.0
2014-01-07,6.599999904632568,6.650000095367432,6.559999942779541,6.579999923706055,1.301794,-0.30303001841675004
2014-01-08,6.579999923706055,6.610000133514404,6.5,6.599999904632568,2.136618,0.30395108143479455
2014-01-09,6.599999904632568,6.650000095367432,6.539999961853027,6.599999904632568,1.596142,0.0
2014-01-13,6.659999847412109,6.659999847412109,6.579999923706055,6.599999904632568,1.442489,0.0
2014-01-14,6.599999904632568,6.650000095367432,6.550000190734863,6.599999904632568,2.023184,0.0
2014-01-15,6.619999885559082,6.670000076293945,6.599999904632568,6.650000095367432,1.635847,0.7575786584446353
2014-01-16,6.639999866485596,6.650000095367432,6.570000171661377,6.570000171661377,1.330148,-1.2030063542673441
2014-01-19,6.570000171661377,6.639999866485596,6.550000190734863,6.559999942779541,0.582326,-0.1522104812868963
2014-01-20,6.559999942779541,6.670000076293945,6.550000190734863,6.639999866485596,1.684439,1.2195110427418276
2014-01-21,6.599999904632568,6.619999885559082,6.570000171661377,6.619999885559082,2.324998,-0.3012045380823114
2014-01-22,6.599999904632568,6.630000114440918,6.519999980926514,6.590000152587891,0.981543,-0.4531681796042464
2014-01-23,6.650000095367432,6.650000095367432,6.53000020980835,6.630000114440918,2.508895,0.6069796802253391
2014-01-26,6.599999904632568,6.610000133514404,6.480000019073486,6.570000171661377,2.416832,-0.9049764968910634
2014-01-27,6.539999961853027,6.599999904632568,6.480000019073486,6.53000020980835,1.024414,-0.6088274095571666
2014-01-28,6.489999771118164,6.599999904632568,6.449999809265137,6.590000152587891,1.24686,0.918835235095683
2014-01-29,6.639999866485596,6.650000095367432,6.5,6.550000190734863,1.190437,-0.6069796802253391
2014-01-30,6.5,6.590000152587891,6.480000019073486,6.5,3.21978,-0.7633616683796363
2014-02-02,6.5,6.550000190734863,6.460000038146973,6.510000228881836,1.11014,0.15384967510516656
2014-02-03,6.550000190734863,6.590000152587891,6.480000019073486,6.590000152587891,0.535739,1.2288774330780017
2014-02-04,6.480000019073486,6.570000171661377,6.480000019073486,6.53000020980835,0.186931,-0.9104695203380087
2014-02-05,6.510000228881836,6.610000133514404,6.489999771118164,6.570000171661377,2.227672,0.6125568233971146
2014-02-06,6.519999980926514,6.579999923706055,6.46999979019165,6.510000228881836,4.746402,-0.91324111433575
2014-02-09,6.550000190734863,6.630000114440918,6.5,6.510000228881836,3.979656,0.0
2014-02-10,6.510000228881836,6.550000190734863,6.449999809265137,6.5,2.625781,-0.1536133414783869
2014-02-11,6.53000020980835,6.53000020980835,6.46999979019165,6.5,2.308583,0.0
2014-02-12,6.539999961853027,6.579999923706055,6.449999809265137,6.449999809265137,3.842195,-0.7692337036132812
2014-02-13,6.460000038146973,6.539999961853027,6.460000038146973,6.53000020980835,2.810729,1.2403163241694326
2014-02-16,6.550000190734863,6.840000152587891,6.480000019073486,6.5,16.110437,-0.45942126867450916
2014-02-17,6.550000190734863,6.630000114440918,6.5,6.570000171661377,8.478936,1.0769257178673275
2014-02-18,6.5,6.510000228881836,6.190000057220459,6.199999809265137,10.688883,-5.631664425096616
2014-02-19,6.199999809265137,6.260000228881836,6.130000114440918,6.210000038146973,1.782617,0.16129401918516528
2014-02-20,6.199999809265137,6.349999904632568,6.159999847412109,6.25,4.65106,0.644121765013117
2014-02-23,6.320000171661377,6.320000171661377,6.139999866485596,6.139999866485596,1.189377,-1.7600021362304652
2014-02-24,6.110000133514404,6.130000114440918,6.03000020980835,6.130000114440918,1.192537,-0.16286241469254392
2014-02-25,6.190000057220459,6.239999771118164,6.099999904632568,6.199999809265137,1.43914,1.1419199595007257
2014-02-26,6.179999828338623,6.179999828338623,6.099999904632568,6.099999904632568,1.143408,-1.6129017372408794
2014-02-27,6.099999904632568,6.150000095367432,6.059999942779541,6.110000133514404,0.719496,0.163938180953771
2014-03-02,6.099999904632568,6.150000095367432,5.940000057220459,6.0,3.050267,-1.8003294780802759
2014-03-03,5.909999847412109,5.980000019073486,5.860000133514404,5.860000133514404,1.472437,-2.3333311080932617
2014-03-04,5.849999904632568,5.980000019073486,5.849999904632568,5.900000095367432,1.09803,0.6825931901308424
2014-03-05,5.949999809265137,6.0,5.849999904632568,5.900000095367432,1.425865,0.0
2014-03-06,5.920000076293945,5.949999809265137,5.900000095367432,5.940000057220459,0.483276,0.6779654441774419
2014-03-09,5.940000057220459,5.989999771118164,5.880000114440918,5.940000057220459,1.206043,0.0
2014-03-10,5.889999866485596,5.920000076293945,5.840000152587891,5.900000095367432,0.751278,-0.6734000247088368
2014-03-11,5.900000095367432,5.96999979019165,5.880000114440918,5.900000095367432,0.198321,0.0
2014-03-12,5.860000133514404,5.900000095367432,5.75,5.78000020980835,0.812306,-2.0338963325323256
2014-03-13,5.800000190734863,6.0,5.550000190734863,5.699999809265137,1.765921,-1.3840899245549543
2014-03-16,5.75,5.800000190734863,5.710000038146973,5.75,0.18131,0.8771963580347819
2014-03-17,5.75,5.909999847412109,5.710000038146973,5.829999923706055,0.22848,1.3913030209748545
2014-03-18,5.840000152587891,5.929999828338623,5.800000190734863,5.900000095367432,0.886173,1.2006890665082315
2014-03-19,5.940000057220459,5.940000057220459,5.809999942779541,5.849999904632568,0.732259,-0.8474608462146094
2014-03-20,5.829999923706055,5.880000114440918,5.800000190734863,5.849999904632568,0.338424,0.0
2014-03-23,5.849999904632568,5.889999866485596,5.809999942779541,5.820000171661377,0.527066,-0.5128159565854884
2014-03-24,5.849999904632568,5.889999866485596,5.800000190734863,5.860000133514404,0.795014,0.6872845476499245
2014-03-25,5.860000133514404,5.940000057220459,5.809999942779541,5.900000095367432,0.274263,0.6825931901308424
2014-03-26,5.949999809265137,6.139999866485596,5.900000095367432,6.059999942779541,2.374163,2.7118617767097675
2014-03-27,6.059999942779541,6.099999904632568,6.0,6.050000190734863,0.924053,-0.16501241153628055
2014-03-30,6.039999961853027,6.070000171661377,5.980000019073486,6.070000171661377,0.604181,0.3305781867105173
2014-03-31,6.0,6.099999904632568,6.0,6.090000152587891,0.883654,0.32948896805451433
2014-04-01,6.019999980926514,6.110000133514404,6.0,6.010000228881836,0.608651,-1.313627614148083
2014-04-02,6.090000152587891,6.150000095367432,6.070000171661377,6.130000114440918,1.103436,1.9966702327631758
2014-04-03,6.0,6.019999980926514,5.940000057220459,6.0,0.919854,-2.1207196087103863
2014-04-06,6.010000228881836,6.010000228881836,5.900000095367432,5.909999847412109,1.05736,-1.5000025431315067
2014-04-07,5.940000057220459,6.0,5.929999828338623,6.0,1.29749,1.522845260771044
2014-04-08,5.980000019073486,6.0,5.960000038146973,5.980000019073486,0.611802,-0.33333301544189453
2014-04-09,5.989999771118164,6.0,5.920000076293945,6.0,0.607362,0.33444784051375187
2014-04-10,6.0,6.099999904632568,5.980000019073486,6.0,1.256905,0.0
2014-04-13,6.0,6.050000190734863,5.929999828338623,5.96999979019165,2.077551,-0.5000034968058231
2014-04-14,5.940000057220459,6.0,5.900000095367432,6.0,2.523502,0.5025160948521012
2014-04-15,6.0,6.019999980926514,5.880000114440918,5.929999828338623,2.621543,-1.1666695276896122
2014-04-16,5.980000019073486,6.050000190734863,5.929999828338623,5.989999771118164,0.791562,1.0118034488434624
2014-04-17,6.0,6.0,5.889999866485596,5.929999828338623,1.284418,-1.0016685320897833
2014-04-20,5.929999828338623,6.0,5.929999828338623,6.0,1.227548,1.1804413775335476
2014-04-21,5.96999979019165,6.159999847412109,5.96999979019165,6.050000190734863,3.308958,0.8333365122477288
2014-04-22,6.099999904632568,6.440000057220459,6.010000228881836,6.179999828338623,10.260245,2.1487542728154674
2014-04-23,6.199999809265137,6.199999809265137,6.019999980926514,6.070000171661377,3.822439,-1.7799297691375116
2014-04-24,6.079999923706055,6.119999885559082,5.900000095367432,5.949999809265137,3.921347,-1.9769416639636717
2014-04-27,5.940000057220459,6.079999923706055,5.909999847412109,6.050000190734863,1.222848,1.6806787340397866
2014-04-28,6.010000228881836,6.070000171661377,5.920000076293945,5.96999979019165,1.328884,-1.3223206284477151
2014-04-29,5.96999979019165,5.96999979019165,5.920000076293945,5.929999828338623,0.269709,-0.6700161349878941
2014-04-30,5.940000057220459,6.039999961853027,5.940000057220459,5.96999979019165,0.67695,0.6745356325623009
2014-05-01,5.960000038146973,5.960000038146973,5.900000095367432,5.900000095367432,0.945811,-1.172524242617634
2014-05-04,5.989999771118164,5.989999771118164,5.880000114440918,5.889999866485596,1.974054,-0.1694954020371564
2014-05-05,5.900000095367432,6.170000076293945,5.829999923706055,6.050000190734863,33.257873,2.7164741574898343
2014-05-06,6.050000190734863,6.099999904632568,5.809999942779541,5.880000114440918,3.251385,-2.80991852784217
2014-05-07,5.96999979019165,6.0,5.860000133514404,5.889999866485596,1.914706,0.17006380697373036
2014-05-08,5.889999866485596,6.019999980926514,5.889999866485596,5.929999828338623,3.21904,0.679116515445588
2014-05-11,5.900000095367432,6.050000190734863,5.820000171661377,5.820000171661377,2.1932,-1.8549689689968174
2014-05-12,5.920000076293945,6.050000190734863,5.820000171661377,5.900000095367432,2.017018,1.3745690952998268
2014-05-13,5.900000095367432,5.96999979019165,5.860000133514404,5.96999979019165,0.653051,1.1864354863177162
2014-05-14,5.900000095367432,5.96999979019165,5.860000133514404,5.96999979019165,0.653051,0.0
2014-05-15,5.900000095367432,5.960000038146973,5.809999942779541,5.920000076293945,2.593339,-0.837516175123687
2014-05-18,5.849999904632568,6.0,5.820000171661377,5.980000019073486,2.727734,1.013512533890082
2014-05-19,5.989999771118164,6.0,5.800000190734863,5.889999866485596,3.159953,-1.5050192692446673
2014-05-20,5.900000095367432,5.900000095367432,5.760000228881836,5.889999866485596,1.287375,0.0
2014-05-21,5.760000228881836,5.900000095367432,5.760000228881836,5.869999885559082,2.40588,-0.339558257722794
2014-05-22,5.900000095367432,5.900000095367432,5.820000171661377,5.900000095367432,0.203942,0.5110768380448105
2014-05-26,5.849999904632568,5.900000095367432,5.820000171661377,5.869999885559082,0.388905,-0.5084781241258773
2014-05-27,5.820000171661377,5.889999866485596,5.820000171661377,5.849999904632568,0.551046,-0.34071518426629366
2014-05-28,5.820000171661377,5.880000114440918,5.809999942779541,5.820000171661377,0.870701,-0.5128159565854884
2014-05-29,5.880000114440918,5.880000114440918,5.809999942779541,5.880000114440918,0.172379,1.0309268214748757
2014-06-01,5.900000095367432,5.900000095367432,5.800000190734863,5.840000152587891,1.315792,-0.6802714468455484
2014-06-02,5.800000190734863,5.880000114440918,5.800000190734863,5.860000133514404,0.99003,0.34246541787590346
2014-06-03,5.820000171661377,5.880000114440918,5.809999942779541,5.829999923706055,1.125131,-0.5119489611744688
2014-06-04,5.829999923706055,5.900000095367432,5.809999942779541,5.829999923706055,1.296226,0.0
2014-06-05,5.840000152587891,5.900000095367432,5.829999923706055,5.829999923706055,0.303281,0.0
2014-06-08,5.820000171661377,5.869999885559082,5.800000190734863,5.800000190734863,0.770886,-0.514575186342725
2014-06-09,5.78000020980835,5.809999942779541,5.75,5.75,0.999257,-0.8620722256998503
2014-06-10,5.769999980926514,5.78000020980835,5.670000076293945,5.75,0.659778,0.0
2014-06-11,5.699999809265137,5.75,5.670000076293945,5.699999809265137,0.578004,-0.8695685345193604
2014-06-12,5.730000019073486,5.75,5.670000076293945,5.75,0.475991,0.8771963580347819
2014-06-15,5.670000076293945,5.75,5.599999904632568,5.599999904632568,0.90972,-2.6086973107379396
2014-06-16,5.559999942779541,5.730000019073486,5.340000152587891,5.539999961853027,1.00788,-1.071427567880967
2014-06-17,5.400000095367432,5.610000133514404,5.360000133514404,5.590000152587891,0.275274,0.9025305248944182
2014-06-18,5.449999809265137,5.650000095367432,5.400000095367432,5.5,0.550616,-1.6100205747977547
2014-06-19,5.420000076293945,5.590000152587891,5.420000076293945,5.519999980926514,0.325211,0.3636360168457031
2014-06-22,5.519999980926514,5.670000076293945,5.510000228881836,5.599999904632568,1.615326,1.4492739851898806
2014-06-23,5.519999980926514,5.630000114440918,5.480000019073486,5.579999923706055,1.426068,-0.3571425226269853
2014-06-24,5.550000190734863,5.579999923706055,5.099999904632568,5.099999904632568,1.512004,-8.602150997068225
2014-06-25,5.300000190734863,5.599999904632568,5.260000228881836,5.5,1.849032,7.8431392715143655
2014-06-26,5.550000190734863,5.599999904632568,5.210000038146973,5.5,1.237822,0.0
2014-06-29,5.400000095367432,5.539999961853027,5.300000190734863,5.489999771118164,0.375765,-0.18182234330610392
2014-06-30,5.389999866485596,5.400000095367432,5.199999809265137,5.389999866485596,5.448747,-1.8214919635998639
2014-07-01,5.230000019073486,5.380000114440918,5.090000152587891,5.300000190734863,0.942567,-1.6697528382206506
2014-07-02,5.199999809265137,5.550000190734863,5.190000057220459,5.550000190734863,1.003514,4.716980962322137
2014-07-03,5.550000190734863,5.599999904632568,5.300000190734863,5.510000228881836,0.678108,-0.7207200086191579
2014-07-06,5.510000228881836,5.599999904632568,5.5,5.599999904632568,0.119264,1.6333878768095111
2014-07-07,5.510000228881836,5.599999904632568,5.5,5.599999904632568,0.119264,0.0
2014-07-08,5.599999904632568,5.599999904632568,5.409999847412109,5.5,0.81096,-1.7857126131349377
2014-07-09,5.590000152587891,5.699999809265137,5.300000190734863,5.699999809265137,1.411369,3.6363601684570312
2014-07-10,5.75,5.849999904632568,5.599999904632568,5.809999942779541,0.997422,1.9298269683378333
2014-07-13,5.900000095367432,5.900000095367432,5.760000228881836,5.800000190734863,0.67699,-0.17211277354839405
2014-07-14,5.800000190734863,5.900000095367432,5.75,5.800000190734863,0.110392,0.0
2014-07-15,5.809999942779541,5.809999942779541,5.760000228881836,5.800000190734863,0.728438,0.0
2014-07-16,5.809999942779541,5.900000095367432,5.699999809265137,5.78000020980835,1.356496,-0.34482724601393455
2014-07-17,5.78000020980835,5.860000133514404,5.71999979019165,5.800000190734863,1.067104,0.3460204186943594
2014-07-20,5.75,5.96999979019165,5.730000019073486,5.75,0.951911,-0.8620722256998503
2014-07-21,5.869999885559082,5.869999885559082,5.699999809265137,5.840000152587891,0.336892,1.5652200450067877
2014-07-22,5.730000019073486,5.840000152587891,5.730000019073486,5.840000152587891,6.365391,0.0
2014-07-23,5.730000019073486,5.849999904632568,5.730000019073486,5.849999904632568,9.090501,0.17122862642813264
2014-07-24,5.849999904632568,5.949999809265137,5.760000228881836,5.840000152587891,1.184072,-0.17093593517427674
2014-07-27,5.840000152587891,5.840000152587891,5.840000152587891,5.840000152587891,0.081805,0.0
2014-07-31,5.769999980926514,5.869999885559082,5.769999980926514,5.820000171661377,0.14407,-0.34246541787590346
2014-08-03,5.800000190734863,5.869999885559082,5.800000190734863,5.809999942779541,0.294017,-0.1718252334515169
2014-08-04,5.869999885559082,5.869999885559082,5.789999961853027,5.800000190734863,0.681271,-0.17211277354839405
2014-08-05,5.800000190734863,5.840000152587891,5.730000019073486,5.75,0.530218,-0.8620722256998503
2014-08-06,5.75,5.840000152587891,5.730000019073486,5.739999771118164,0.178378,-0.1739170240319332
2014-08-07,5.739999771118164,5.789999961853027,5.710000038146973,5.730000019073486,0.078601,-0.1742117150421052
2014-08-10,5.710000038146973,5.800000190734863,5.710000038146973,5.75,0.276261,0.34903980558358416
2014-08-11,5.71999979019165,5.820000171661377,5.71999979019165,5.809999942779541,0.3081,1.043477265731152
2014-08-12,5.769999980926514,5.849999904632568,5.769999980926514,5.78000020980835,1.26545,-0.516346527825251
2014-08-13,5.800000190734863,5.849999904632568,5.71999979019165,5.820000171661377,0.437748,0.6920408373887188
2014-08-14,5.809999942779541,5.809999942779541,5.75,5.769999980926514,0.225411,-0.8591097811014414
2014-08-17,5.820000171661377,5.820000171661377,5.71999979019165,5.760000228881836,0.322,-0.1733059285568994
2014-08-18,5.760000228881836,5.769999980926514,5.739999771118164,5.760000228881836,0.244871,0.0
2014-08-19,5.800000190734863,5.809999942779541,5.769999980926514,5.769999980926514,0.234502,0.17360679943270174
2014-08-20,5.769999980926514,5.840000152587891,5.760000228881836,5.840000152587891,0.389284,1.213174556200558
2014-08-21,5.800000190734863,5.880000114440918,5.800000190734863,5.840000152587891,0.623379,0.0
2014-08-24,5.78000020980835,5.869999885559082,5.78000020980835,5.800000190734863,0.387689,-0.6849308357518069
2014-08-25,5.840000152587891,5.849999904632568,5.78000020980835,5.78000020980835,0.375732,-0.34482724601393455
2014-08-26,5.849999904632568,5.869999885559082,5.800000190734863,5.860000133514404,0.669286,1.3840816747774376
2014-08-27,5.860000133514404,5.860000133514404,5.829999923706055,5.849999904632568,0.718327,-0.17065236610904755
2014-08-28,5.869999885559082,5.869999885559082,5.800000190734863,5.869999885559082,0.405213,0.34188002141120055
2014-08-31,5.829999923706055,5.869999885559082,5.829999923706055,5.869999885559082,0.658195,0.0
2014-09-01,5.820000171661377,5.860000133514404,5.800000190734863,5.849999904632568,0.535135,-0.34071518426629366
2014-09-02,5.840000152587891,5.849999904632568,5.809999942779541,5.849999904632568,0.280812,0.0
2014-09-03,5.820000171661377,5.820000171661377,5.710000038146973,5.760000228881836,0.339374,-1.5384560208191234
2014-09-04,5.760000228881836,5.789999961853027,5.75,5.75,0.417021,-0.1736150778552492
2014-09-07,5.710000038146973,5.710000038146973,5.679999828338623,5.679999828338623,0.502428,-1.217394289763074
2014-09-08,5.679999828338623,5.690000057220459,5.650000095367432,5.679999828338623,0.358882,0.0
2014-09-09,5.650000095367432,5.679999828338623,5.599999904632568,5.630000114440918,0.308739,-0.8802766797323947
2014-09-10,5.639999866485596,5.679999828338623,5.579999923706055,5.679999828338623,0.471661,0.8880943673421182
2014-09-11,5.670000076293945,5.690000057220459,5.590000152587891,5.619999885559082,0.616464,-1.0563370526912585
2014-09-14,5.650000095367432,5.690000057220459,5.579999923706055,5.610000133514404,0.222091,-0.17793153466733047
2014-09-15,5.610000133514404,5.650000095367432,5.610000133514404,5.619999885559082,0.092867,0.17824869530642662
2014-09-16,5.610000133514404,5.650000095367432,5.550000190734863,5.639999866485596,0.673125,0.35587155398177917
2014-09-17,5.599999904632568,5.659999847412109,5.510000228881836,5.570000171661377,0.226405,-1.241129370235905
2014-09-18,5.570000171661377,5.690000057220459,5.550000190734863,5.610000133514404,0.815961,0.7181321475811853
2014-09-21,5.630000114440918,5.639999866485596,5.510000228881836,5.539999961853027,0.384248,-1.2477748662284793
2014-09-22,5.539999961853027,5.679999828338623,5.53000020980835,5.579999923706055,0.451946,0.7220209770479435
2014-09-23,5.550000190734863,5.679999828338623,5.550000190734863,5.639999866485596,0.720182,1.0752678064499088
2014-09-24,5.670000076293945,5.670000076293945,5.590000152587891,5.630000114440918,0.223113,-0.17730057236523544
2014-09-25,5.630000114440918,5.630000114440918,5.590000152587891,5.619999885559082,0.524402,-0.17762395521423446
2014-09-28,5.619999885559082,5.78000020980835,5.570000171661377,5.579999923706055,0.855917,-0.7117431079635694
2014-09-29,5.619999885559082,5.619999885559082,5.579999923706055,5.599999904632568,0.390821,0.358422602149977
2014-09-30,5.599999904632568,5.650000095367432,5.590000152587891,5.590000152587891,0.19909,-0.1785670038387921
2014-10-01,5.599999904632568,5.650000095367432,5.599999904632568,5.639999866485596,0.107274,0.8944492403020421
2014-10-02,5.610000133514404,5.650000095367432,5.559999942779541,5.630000114440918,0.568678,-0.17730057236523544
2014-10-07,5.650000095367432,5.650000095367432,5.570000171661377,5.570000171661377,0.246331,-1.0657183225563638
2014-10-08,5.650000095367432,5.650000095367432,5.570000171661377,5.570000171661377,0.246331,0.0
2014-10-09,5.579999923706055,5.599999904632568,5.550000190734863,5.559999942779541,0.284074,-0.17953731730053768
2014-10-12,5.550000190734863,5.550000190734863,5.110000133514404,5.420000076293945,0.847354,-2.5179832360862853
2014-10-13,5.550000190734863,5.550000190734863,5.110000133514404,5.420000076293945,0.847354,0.0
2014-10-14,5.5,5.5,5.230000019073486,5.480000019073486,0.237485,1.1070099987999793
2014-10-15,5.349999904632568,5.650000095367432,5.300000190734863,5.400000095367432,4.557197,-1.4598526172921567
2014-10-16,5.480000019073486,5.480000019073486,5.340000152587891,5.429999828338623,0.357301,0.5555506007662414
2014-10-19,5.329999923706055,5.53000020980835,5.329999923706055,5.409999847412109,0.632713,-0.3683237856129562
2014-10-20,5.329999923706055,5.53000020980835,5.329999923706055,5.409999847412109,0.632713,0.0
2014-10-21,5.5,5.5,5.25,5.380000114440918,0.555288,-0.5545237304496742
2014-10-22,5.389999866485596,5.389999866485596,5.269999980926514,5.300000190734863,0.21682,-1.486987397850048
2014-10-23,5.389999866485596,5.389999866485596,5.329999923706055,5.349999904632568,5.228015,0.9433907943081188
2014-10-26,5.400000095367432,5.5,5.389999866485596,5.449999809265137,0.294454,1.8691571292548614
2014-10-27,5.400000095367432,5.5,5.389999866485596,5.449999809265137,0.294454,0.0
2014-10-28,5.449999809265137,5.449999809265137,5.349999904632568,5.400000095367432,0.157193,-0.917425975184516
2014-10-29,5.480000019073486,5.480000019073486,5.349999904632568,5.400000095367432,0.199334,0.0
2014-10-30,5.349999904632568,5.429999828338623,5.349999904632568,5.389999866485596,0.091533,-0.1851894204671356
2014-11-02,5.46999979019165,5.5,5.380000114440918,5.5,0.382091,2.0408188541593875
2014-11-03,5.46999979019165,5.5,5.380000114440918,5.5,0.382091,0.0
2014-11-04,5.480000019073486,5.5,5.300000190734863,5.400000095367432,3.587509,-1.8181800842285156
2014-11-05,5.349999904632568,5.400000095367432,5.309999942779541,5.309999942779541,0.176,-1.6666694629339007
2014-11-06,5.309999942779541,5.400000095367432,5.0,5.0,8.124195,-5.838040416574286
2014-11-09,5.0,5.260000228881836,5.0,5.260000228881836,0.808604,5.200004577636719
2014-11-10,5.0,5.260000228881836,5.0,5.260000228881836,0.808604,0.0
2014-11-11,5.179999828338623,5.300000190734863,5.179999828338623,5.300000190734863,1.286131,0.7604555154464343
2014-11-12,5.159999847412109,5.320000171661377,5.159999847412109,5.28000020980835,0.247131,-0.3773581171086837
2014-11-13,5.199999809265137,5.289999961853027,5.170000076293945,5.28000020980835,0.551887,0.0
2014-11-16,5.349999904632568,5.449999809265137,5.269999980926514,5.329999923706055,1.081706,0.9469642407366585
2014-11-17,5.349999904632568,5.449999809265137,5.269999980926514,5.329999923706055,1.081706,0.0
2014-11-18,5.320000171661377,5.5,5.320000171661377,5.320000171661377,0.40409,-0.1876126114036536
2014-11-19,5.420000076293945,5.420000076293945,5.28000020980835,5.300000190734863,0.472556,-0.3759394789693782
2014-11-20,5.28000020980835,5.420000076293945,5.28000020980835,5.300000190734863,0.432377,0.0
2014-11-23,5.489999771118164,5.619999885559082,5.409999847412109,5.599999904632568,15.416502,5.660371756630234
2014-11-24,5.489999771118164,5.619999885559082,5.409999847412109,5.599999904632568,15.416502,0.0
2014-11-25,5.519999980926514,5.599999904632568,5.46999979019165,5.46999979019165,0.105983,-2.321430654550116
2014-11-26,5.46999979019165,5.46999979019165,5.329999923706055,5.329999923706055,0.386442,-2.5594126481802038
2014-11-27,5.329999923706055,5.369999885559082,5.239999771118164,5.28000020980835,0.675666,-0.9380809495948217
2014-11-30,5.199999809265137,5.269999980926514,5.099999904632568,5.269999980926514,0.402431,-0.18939826675118399
2014-12-01,5.199999809265137,5.269999980926514,5.099999904632568,5.269999980926514,0.402431,0.0
2014-12-04,5.28000020980835,5.289999961853027,5.199999809265137,5.25,0.182808,-0.3795062808140126
2014-12-07,5.25,5.300000190734863,5.25,5.28000020980835,0.043321,0.5714325677780963
2014-12-08,5.25,5.300000190734863,5.25,5.28000020980835,0.043321,0.0
2014-12-09,5.25,5.260000228881836,5.199999809265137,5.199999809265137,0.172034,-1.5151590409901994
2014-12-10,5.159999847412109,5.199999809265137,4.800000190734863,4.980000019073486,2.901905,-4.230765351176824
2014-12-11,5.0,5.039999961853027,4.980000019073486,4.980000019073486,1.024657,0.0
2014-12-14,4.489999771118164,4.610000133514404,4.090000152587891,4.269999980926514,5.042934,-14.257028823848595
2014-12-15,4.489999771118164,4.610000133514404,4.090000152587891,4.269999980926514,5.042934,0.0
2014-12-16,4.269999980926514,4.489999771118164,4.269999980926514,4.269999980926514,4.91909,0.0
2014-12-17,4.25,4.25,3.950000047683716,4.0,4.428075,-6.3231845932685165
2014-12-18,4.090000152587891,4.269999980926514,3.9600000381469727,3.9700000286102295,10.488916,-0.7499992847442627
2014-12-21,4.949999809265137,5.230000019073486,4.449999809265137,5.099999904632568,5.431352,28.463472742540908
2014-12-22,5.110000133514404,5.119999885559082,4.929999828338623,5.090000152587891,1.65974,-0.19607357316996366
2014-12-23,5.110000133514404,5.119999885559082,4.929999828338623,5.090000152587891,1.65974,0.0
2014-12-24,5.050000190734863,5.079999923706055,4.960000038146973,5.03000020980835,0.760506,-1.1787807658323102
2014-12-25,4.940000057220459,5.070000171661377,4.940000057220459,5.010000228881836,0.385663,-0.39761391833571524
2014-12-28,5.090000152587891,5.199999809265137,5.03000020980835,5.110000133514404,0.587497,1.9960059893028514
2014-12-29,5.099999904632568,5.119999885559082,5.0,5.019999980926514,0.629878,-1.7612553862301539
2014-12-30,5.099999904632568,5.119999885559082,5.0,5.019999980926514,0.629878,0.0
2014-12-31,4.960000038146973,5.050000190734863,4.900000095367432,4.980000019073486,1.304954,-0.7968119921316186
2015-01-04,4.960000038146973,5.150000095367432,4.960000038146973,5.110000133514404,0.1982,2.6104440550806185
2015-01-05,5.099999904632568,5.099999904632568,4.920000076293945,5.039999961853027,0.472562,-1.3698663372291198
2015-01-06,5.0,5.0,4.699999809265137,4.989999771118164,1.637971,-0.9920672839941802
2015-01-07,4.989999771118164,5.0,4.900000095367432,5.0,1.103248,0.20040539760575182
2015-01-08,5.050000190734863,5.050000190734863,5.0,5.019999980926514,1.639942,0.3999996185302779
2015-01-11,4.949999809265137,5.050000190734863,4.900000095367432,5.050000190734863,0.71681,0.5976137434728246
2015-01-12,5.03000020980835,5.079999923706055,5.03000020980835,5.079999923706055,0.328961,0.5940540958044194
2015-01-13,4.949999809265137,5.070000171661377,4.920000076293945,5.070000171661377,0.522297,-0.19684551564682629
2015-01-14,5.079999923706055,5.079999923706055,5.03000020980835,5.039999961853027,0.102829,-0.5917200945284917
2015-01-15,5.03000020980835,5.099999904632568,5.03000020980835,5.039999961853027,0.489296,0.0
2015-01-18,5.019999980926514,5.190000057220459,5.0,5.099999904632568,0.606993,1.1904750641601458
2015-01-19,5.150000095367432,5.150000095367432,5.050000190734863,5.050000190734863,0.079979,-0.9803865653465582
2015-01-20,5.039999961853027,5.130000114440918,5.039999961853027,5.070000171661377,0.132084,0.3960392113094846
2015-01-21,5.099999904632568,5.119999885559082,5.050000190734863,5.110000133514404,0.290292,0.7889538559900933
2015-01-22,5.119999885559082,5.179999828338623,5.099999904632568,5.119999885559082,0.286761,0.19568985877502776
2015-01-25,5.150000095367432,5.150000095367432,5.119999885559082,5.119999885559082,0.317423,0.0
2015-01-26,5.050000190734863,5.070000171661377,5.010000228881836,5.010000228881836,0.184671,-2.1484308424986387
2015-01-27,5.010000228881836,5.079999923706055,4.980000019073486,5.050000190734863,0.912473,0.7984023957211539
2015-01-28,5.03000020980835,5.159999847412109,5.0,5.159999847412109,0.495761,2.1782109410423356
2015-01-29,5.159999847412109,5.159999847412109,5.0,5.03000020980835,0.607322,-2.519372896279415
2015-02-01,5.119999885559082,5.119999885559082,5.059999942779541,5.059999942779541,0.540886,0.5964161375717758
2015-02-02,5.059999942779541,5.159999847412109,5.03000020980835,5.059999942779541,0.432524,0.0
2015-02-03,5.079999923706055,5.150000095367432,5.059999942779541,5.079999923706055,0.48169,0.3952565445193956
2015-02-04,5.099999904632568,5.130000114440918,5.079999923706055,5.090000152587891,0.179206,0.1968549022052013
2015-02-05,5.090000152587891,5.099999904632568,5.050000190734863,5.079999923706055,0.469382,-0.1964681450304373
2015-02-08,5.119999885559082,5.119999885559082,5.070000171661377,5.090000152587891,0.240626,0.1968549022052013
2015-02-09,5.090000152587891,5.130000114440918,5.059999942779541,5.119999885559082,0.107814,0.5893856988577584
2015-02-10,5.070000171661377,5.130000114440918,5.070000171661377,5.130000114440918,0.038712,0.19531697471404375
2015-02-11,5.070000171661377,5.099999904632568,5.059999942779541,5.059999942779541,0.138347,-1.3645257329395921
2015-02-12,5.059999942779541,5.139999866485596,5.050000190734863,5.099999904632568,0.40513,0.7905130890387913
2015-02-15,5.079999923706055,5.190000057220459,5.079999923706055,5.130000114440918,0.407872,0.5882394190066309
2015-02-16,5.090000152587891,5.199999809265137,5.079999923706055,5.079999923706055,1.469439,-0.9746625656812946
2015-02-17,5.150000095367432,5.369999885559082,5.099999904632568,5.349999904632568,4.428276,5.3149603342816265
2015-02-18,5.369999885559082,5.369999885559082,5.150000095367432,5.199999809265137,0.933752,-2.8037401503044235
2015-02-19,5.139999866485596,5.199999809265137,5.070000171661377,5.110000133514404,0.592169,-1.7307630586903988
2015-02-22,5.179999828338623,5.190000057220459,5.03000020980835,5.119999885559082,1.14556,0.19568985877502776
2015-02-23,5.119999885559082,5.159999847412109,5.03000020980835,5.110000133514404,0.881324,-0.19530766148807555
2015-02-24,5.059999942779541,5.119999885559082,5.050000190734863,5.099999904632568,1.28669,-0.19569919022601745
2015-02-25,5.130000114440918,5.130000114440918,5.099999904632568,5.099999904632568,0.128248,0.0
2015-02-26,5.130000114440918,5.150000095367432,5.099999904632568,5.099999904632568,0.273384,0.0
2015-03-01,5.159999847412109,5.159999847412109,5.110000133514404,5.110000133514404,0.40479,0.19608292291832807
2015-03-02,5.119999885559082,5.139999866485596,5.099999904632568,5.110000133514404,0.584304,0.0
2015-03-03,5.119999885559082,5.150000095367432,5.079999923706055,5.150000095367432,0.819152,0.7827780980020682
2015-03-04,5.150000095367432,5.159999847412109,5.090000152587891,5.150000095367432,2.356281,0.0
2015-03-05,5.110000133514404,5.199999809265137,5.110000133514404,5.179999828338623,0.750522,0.5825190760321952
2015-03-08,5.079999923706055,5.179999828338623,5.079999923706055,5.170000076293945,0.283555,-0.19304541266529363
2015-03-09,5.159999847412109,5.179999828338623,5.130000114440918,5.139999866485596,0.956638,-0.5802748426621873
2015-03-10,5.139999866485596,5.260000228881836,5.139999866485596,5.190000057220459,0.55986,0.9727663819775634
2015-03-11,5.190000057220459,5.25,5.150000095367432,5.239999771118164,0.9293,0.963385613611778
2015-03-12,5.199999809265137,5.289999961853027,5.199999809265137,5.210000038146973,0.455015,-0.5725140130070971
2015-03-15,5.230000019073486,5.230000019073486,5.159999847412109,5.159999847412109,0.407023,-0.9596965521836531
2015-03-16,5.110000133514404,5.119999885559082,5.059999942779541,5.099999904632568,1.020923,-1.1627896231359958
2015-03-17,5.099999904632568,5.099999904632568,5.090000152587891,5.099999904632568,0.517033,0.0
2015-03-18,5.099999904632568,5.119999885559082,5.019999980926514,5.03000020980835,0.859812,-1.372543061434861
2015-03-19,5.03000020980835,5.099999904632568,5.03000020980835,5.050000190734863,0.275391,0.39761391833570414
2015-03-22,5.0,5.25,5.0,5.25,2.045831,3.960392113094824
2015-03-23,5.150000095367432,5.21999979019165,5.099999904632568,5.199999809265137,0.70705,-0.9523845854259694
2015-03-24,5.130000114440918,5.199999809265137,5.130000114440918,5.159999847412109,0.194288,-0.7692300638503347
2015-03-25,5.150000095367432,5.179999828338623,5.139999866485596,5.139999866485596,0.537364,-0.3875965410453319
2015-03-26,4.630000114440918,4.929999828338623,4.630000114440918,4.900000095367432,1.09683,-4.669256368721674
2015-03-29,4.75,5.0,4.75,4.989999771118164,0.098592,1.836728040797797
2015-03-30,4.809999942779541,4.989999771118164,4.809999942779541,4.860000133514404,0.030652,-2.605203277887713
2015-03-31,4.849999904632568,4.900000095367432,4.820000171661377,4.900000095367432,0.051,0.8230444599618192
2015-04-01,4.900000095367432,4.949999809265137,4.900000095367432,4.900000095367432,0.053762,0.0
2015-04-02,4.949999809265137,4.980000019073486,4.920000076293945,4.980000019073486,0.172074,1.632651472429325
2015-04-05,4.849999904632568,5.039999961853027,4.840000152587891,5.0,0.328392,0.4016060411629274
2015-04-06,5.050000190734863,5.070000171661377,4.900000095367432,4.949999809265137,0.541413,-1.00000381469727
2015-04-07,4.949999809265137,5.010000228881836,4.949999809265137,5.0,0.153538,1.0101049022522401
2015-04-08,4.989999771118164,5.0,4.929999828338623,4.940000057220459,0.100306,-1.1999988555908225
2015-04-09,4.96999979019165,4.96999979019165,4.909999847412109,4.96999979019165,0.353176,0.6072820369170451
2015-04-12,4.989999771118164,5.0,4.960000038146973,4.960000038146973,0.354043,-0.20120226291382437
2015-04-13,4.96999979019165,5.019999980926514,4.96999979019165,5.0,0.537627,0.8064508376086854
2015-04-14,5.0,5.019999980926514,4.96999979019165,5.019999980926514,0.133365,0.3999996185302779
2015-04-15,5.010000228881836,5.059999942779541,5.0,5.0,0.375851,-0.3984059960658093
2015-04-16,5.050000190734863,5.079999923706055,5.03000020980835,5.079999923706055,0.199513,1.5999984741210893
2015-04-19,4.989999771118164,5.099999904632568,4.989999771118164,5.010000228881836,0.337136,-1.3779467692029312
2015-04-20,5.010000228881836,5.070000171661377,4.980000019073486,5.059999942779541,0.266019,0.9979982357977812
2015-04-21,5.03000020980835,5.119999885559082,5.03000020980835,5.099999904632568,1.154138,0.7905130890387913
2015-04-22,5.119999885559082,5.139999866485596,5.070000171661377,5.070000171661377,0.337101,-0.5882300692582665
2015-04-23,5.139999866485596,5.139999866485596,5.070000171661377,5.119999885559082,0.203674,0.9861876174517059
2015-04-26,5.150000095367432,5.159999847412109,5.079999923706055,5.150000095367432,1.016955,0.5859416109161408
2015-04-27,5.090000152587891,5.159999847412109,5.090000152587891,5.159999847412109,0.396064,0.19416993901946178
2015-04-28,5.099999904632568,5.159999847412109,5.059999942779541,5.110000133514404,0.063155,-0.9689867320980872
2015-04-29,5.170000076293945,5.179999828338623,5.090000152587891,5.110000133514404,1.16492,0.0
2015-04-30,5.099999904632568,5.130000114440918,5.099999904632568,5.099999904632568,0.449332,-0.19569919022601745
2015-05-03,5.110000133514404,5.130000114440918,5.099999904632568,5.110000133514404,0.117823,0.19608292291832807
2015-05-04,5.099999904632568,5.099999904632568,5.050000190734863,5.050000190734863,0.816775,-1.1741671470031023
2015-05-05,5.050000190734863,5.159999847412109,5.050000190734863,5.099999904632568,0.355989,0.990093307113904
2015-05-06,5.099999904632568,5.139999866485596,5.050000190734863,5.099999904632568,0.702448,0.0
2015-05-07,5.099999904632568,5.150000095367432,5.099999904632568,5.139999866485596,0.640543,0.7843129921766057
2015-05-10,5.139999866485596,5.150000095367432,5.099999904632568,5.099999904632568,0.516645,-0.778209394786944
2015-05-11,5.099999904632568,5.110000133514404,5.079999923706055,5.079999923706055,0.273445,-0.39215649608830283
2015-05-12,5.079999923706055,5.110000133514404,5.079999923706055,5.110000133514404,0.803648,0.5905553200572289
2015-05-13,5.099999904632568,5.099999904632568,5.019999980926514,5.019999980926514,0.765,-1.7612553862301539
2015-05-14,5.039999961853027,5.039999961853027,5.0,5.039999961853027,0.333296,0.3984059960657982
2015-05-17,5.03000020980835,5.099999904632568,5.03000020980835,5.039999961853027,0.051615,0.0
2015-05-18,5.010000228881836,5.050000190734863,5.010000228881836,5.03000020980835,0.190545,-0.1984077801659545
2015-05-19,5.03000020980835,5.050000190734863,5.010000228881836,5.050000190734863,0.119551,0.39761391833570414
2015-05-20,5.050000190734863,5.070000171661377,5.050000190734863,5.050000190734863,0.306487,0.0
2015-05-21,5.070000171661377,5.130000114440918,5.070000171661377,5.079999923706055,0.758934,0.5940540958044194
2015-05-24,5.079999923706055,5.119999885559082,5.039999961853027,5.099999904632568,0.103812,0.3937004178520276
2015-05-25,5.03000020980835,5.079999923706055,5.03000020980835,5.079999923706055,0.010437,-0.39215649608830283
2015-05-26,5.099999904632568,5.119999885559082,5.050000190734863,5.050000190734863,0.552148,-0.590545933498865
2015-05-27,5.039999961853027,5.110000133514404,5.039999961853027,5.039999961853027,0.311161,-0.19802432681454984
2015-05-28,5.039999961853027,5.110000133514404,5.039999961853027,5.039999961853027,0.311161,0.0
2015-05-31,5.039999961853027,5.050000190734863,5.03000020980835,5.03000020980835,0.128182,-0.1984077801659545
2015-06-01,5.019999980926514,5.059999942779541,5.019999980926514,5.059999942779541,0.146143,0.5964161375717758
2015-06-02,5.050000190734863,5.059999942779541,5.039999961853027,5.059999942779541,0.0899,0.0
2015-06-03,5.050000190734863,5.079999923706055,5.039999961853027,5.059999942779541,0.063024,0.0
2015-06-04,5.050000190734863,5.079999923706055,5.039999961853027,5.059999942779541,0.063024,0.0
2015-06-07,5.039999961853027,5.059999942779541,5.039999961853027,5.059999942779541,0.076698,0.0
2015-06-08,5.050000190734863,5.090000152587891,5.050000190734863,5.050000190734863,0.109262,-0.19762356043001583
2015-06-09,5.050000190734863,5.050000190734863,5.039999961853027,5.039999961853027,0.366502,-0.19802432681454984
2015-06-10,5.039999961853027,5.090000152587891,5.039999961853027,5.090000152587891,0.203576,0.9920672839941913
2015-06-11,5.039999961853027,5.090000152587891,5.039999961853027,5.090000152587891,0.203576,0.0
2015-06-14,5.050000190734863,5.079999923706055,5.050000190734863,5.070000171661377,0.032793,-0.3929269219441034
2015-06-15,5.050000190734863,5.050000190734863,5.03000020980835,5.039999961853027,0.602183,-0.5917200945284917
2015-06-16,5.03000020980835,5.059999942779541,5.03000020980835,5.059999942779541,0.363191,0.39682502138671527
2015-06-17,5.039999961853027,5.059999942779541,5.03000020980835,5.059999942779541,0.100107,0.0
2015-06-18,5.039999961853027,5.059999942779541,5.03000020980835,5.059999942779541,0.100107,0.0
2015-06-21,5.039999961853027,5.059999942779541,5.039999961853027,5.039999961853027,0.078077,-0.3952565445193956
2015-06-22,5.039999961853027,5.079999923706055,5.0,5.019999980926514,0.323344,-0.39682502138671527
2015-06-23,5.079999923706055,5.269999980926514,5.079999923706055,5.25,6.820635,4.581673704130895
2015-06-24,5.25,5.28000020980835,5.199999809265137,5.210000038146973,3.134041,-0.7619040352957573
2015-06-25,5.25,5.28000020980835,5.199999809265137,5.210000038146973,3.134041,0.0
2015-06-28,5.230000019073486,5.309999942779541,5.210000038146973,5.28000020980835,0.333508,1.343573342588189
2015-06-29,5.239999771118164,5.300000190734863,5.179999828338623,5.300000190734863,0.347078,0.3787875024959364
2015-06-30,5.300000190734863,5.590000152587891,5.300000190734863,5.349999904632568,0.599614,0.9433907943081188
2015-07-01,5.360000133514404,5.400000095367432,5.360000133514404,5.400000095367432,0.311674,0.934583021049562
2015-07-02,5.360000133514404,5.400000095367432,5.360000133514404,5.400000095367432,0.311674,0.0
2015-07-05,5.440000057220459,5.440000057220459,5.320000171661377,5.320000171661377,0.037581,-1.4814800424667651
2015-07-06,5.28000020980835,5.400000095367432,5.25,5.340000152587891,0.515018,0.3759394789693671
2015-07-07,5.260000228881836,5.300000190734863,5.260000228881836,5.289999961853027,0.30202,-0.9363331330736413
2015-07-08,5.25,5.300000190734863,5.239999771118164,5.25,0.372978,-0.756142951634653
2015-07-09,5.25,5.300000190734863,5.239999771118164,5.25,0.372978,0.0
2015-07-12,5.28000020980835,5.360000133514404,5.25,5.360000133514404,0.068594,2.095240638369611
2015-07-13,5.369999885559082,5.369999885559082,5.300000190734863,5.349999904632568,0.07381,-0.1865714297152321
2015-07-14,5.309999942779541,5.320000171661377,5.309999942779541,5.309999942779541,0.21625,-0.7476628517019468
2015-07-15,5.329999923706055,5.400000095367432,5.329999923706055,5.400000095367432,0.235893,1.6949181460966134
2015-07-16,5.329999923706055,5.400000095367432,5.329999923706055,5.400000095367432,0.235893,0.0
2015-07-21,5.400000095367432,5.400000095367432,5.380000114440918,5.380000114440918,0.143686,-0.37037001061669406
2015-07-22,5.380000114440918,5.449999809265137,5.380000114440918,5.389999866485596,0.16654,0.18586899315924388
2015-07-23,5.400000095367432,5.409999847412109,5.400000095367432,5.400000095367432,0.215385,0.185533007969374
2015-07-26,5.429999828338623,5.429999828338623,5.349999904632568,5.360000133514404,0.058187,-0.740740021233377
2015-07-27,5.369999885559082,5.369999885559082,5.300000190734863,5.309999942779541,0.243138,-0.9328393561453097
2015-07-28,5.300000190734863,5.300000190734863,5.289999961853027,5.300000190734863,0.083022,-0.18831924957504187
2015-07-29,5.300000190734863,5.409999847412109,5.300000190734863,5.409999847412109,0.12869,2.07546514563417
2015-07-30,5.400000095367432,5.400000095367432,5.349999904632568,5.380000114440918,0.15249,-0.5545237304496742
2015-08-02,5.460000038146973,5.460000038146973,5.349999904632568,5.369999885559082,0.098262,-0.1858778563032626
2015-08-03,5.329999923706055,5.429999828338623,5.329999923706055,5.429999828338623,0.251629,1.117317394007622
2015-08-04,5.329999923706055,5.400000095367432,5.309999942779541,5.309999942779541,1.102891,-2.209942713677715
2015-08-05,5.400000095367432,5.429999828338623,5.329999923706055,5.400000095367432,0.619665,1.6949181460966134
2015-08-06,5.329999923706055,5.449999809265137,5.329999923706055,5.389999866485596,0.241932,-0.1851894204671356
2015-08-09,5.400000095367432,5.400000095367432,5.360000133514404,5.360000133514404,0.19107,-0.5565813305066336
2015-08-10,5.349999904632568,5.360000133514404,5.329999923706055,5.349999904632568,0.055955,-0.1865714297152321
2015-08-11,5.329999923706055,5.400000095367432,5.300000190734863,5.300000190734863,0.666166,-0.9345741082053105
2015-08-12,5.300000190734863,5.380000114440918,5.190000057220459,5.190000057220459,0.646,-2.075474142561351
2015-08-13,5.289999961853027,5.289999961853027,5.210000038146973,5.260000228881836,0.017328,1.348750884192973
2015-08-16,5.21999979019165,5.28000020980835,5.21999979019165,5.28000020980835,0.024397,0.38022775772321715
2015-08-17,5.25,5.329999923706055,5.25,5.28000020980835,0.260625,0.0
2015-08-18,5.260000228881836,5.300000190734863,5.210000038146973,5.289999961853027,0.173983,0.18938923574476352
2015-08-19,5.210000038146973,5.329999923706055,5.199999809265137,5.329999923706055,0.055921,0.7561429516346418
2015-08-20,5.329999923706055,5.329999923706055,5.170000076293945,5.269999980926514,0.294475,-1.1257025072867521
2015-08-23,5.179999828338623,5.179999828338623,4.860000133514404,4.880000114440918,1.890827,-7.400376999945079
2015-08-24,4.699999809265137,4.989999771118164,4.650000095367432,4.989999771118164,0.846876,2.2540912724926976
2015-08-25,5.0,5.03000020980835,4.940000057220459,5.010000228881836,1.126327,0.40081079521152585
2015-08-26,5.0,5.0,5.0,5.0,0.361854,-0.1996053577839385
2015-08-27,5.03000020980835,5.099999904632568,5.0,5.070000171661377,0.306329,1.400003433227548
2015-08-30,5.110000133514404,5.199999809265137,5.110000133514404,5.190000057220459,0.107247,2.366861567970302
2015-08-31,5.119999885559082,5.210000038146973,5.099999904632568,5.099999904632568,0.118188,-1.7341069671604314
2015-09-01,5.099999904632568,5.119999885559082,5.079999923706055,5.099999904632568,0.037465,0.0
2015-09-02,5.019999980926514,5.099999904632568,5.019999980926514,5.070000171661377,0.213094,-0.5882300692582665
2015-09-03,5.050000190734863,5.099999904632568,5.050000190734863,5.079999923706055,0.175146,0.19723376146161264
2015-09-06,5.039999961853027,5.039999961853027,5.0,5.0,0.184316,-1.5748016714081325
2015-09-07,5.03000020980835,5.130000114440918,5.03000020980835,5.130000114440918,0.102149,2.6000022888183594
2015-09-08,5.130000114440918,5.150000095367432,5.110000133514404,5.150000095367432,0.065763,0.3898631672583086
2015-09-09,5.170000076293945,5.199999809265137,5.170000076293945,5.199999809265137,0.1414,0.9708682130449064
2015-09-10,5.190000057220459,5.25,5.079999923706055,5.25,0.200048,0.9615421647857669
2015-09-13,5.150000095367432,5.210000038146973,5.150000095367432,5.170000076293945,0.489746,-1.5238080705915147
2015-09-14,5.150000095367432,5.21999979019165,5.150000095367432,5.170000076293945,0.297986,0.0
2015-09-15,5.159999847412109,5.21999979019165,5.159999847412109,5.170000076293945,0.194937,0.0
2015-09-16,5.170000076293945,5.230000019073486,5.170000076293945,5.199999809265137,0.797738,0.5802656195064593
2015-09-17,5.179999828338623,5.199999809265137,5.170000076293945,5.190000057220459,0.111048,-0.1923029309897406
2015-09-20,5.159999847412109,5.25,5.159999847412109,5.21999979019165,0.678577,0.5780295306443195
2015-09-21,5.21999979019165,5.269999980926514,5.21999979019165,5.260000228881836,1.768831,0.7662919597304585
2015-09-22,5.099999904632568,5.119999885559082,5.050000190734863,5.099999904632568,0.482529,-3.0418311271305787
2015-09-27,5.099999904632568,5.139999866485596,5.050000190734863,5.090000152587891,0.045553,-0.19607357316996366
2015-09-28,5.090000152587891,5.099999904632568,5.019999980926514,5.03000020980835,0.159013,-1.1787807658323102
2015-09-29,5.0,5.039999961853027,5.0,5.010000228881836,0.116406,-0.39761391833571524
2015-09-30,4.960000038146973,5.099999904632568,4.960000038146973,5.099999904632568,0.346883,1.796400631518913
2015-10-01,5.090000152587891,5.090000152587891,5.03000020980835,5.090000152587891,0.05489,-0.19607357316996366
2015-10-04,5.03000020980835,5.110000133514404,5.03000020980835,5.050000190734863,0.076558,-0.7858538438882068
2015-10-05,5.099999904632568,5.130000114440918,5.050000190734863,5.079999923706055,0.857514,0.5940540958044194
2015-10-06,5.079999923706055,5.079999923706055,5.070000171661377,5.070000171661377,0.039887,-0.19684551564682629
2015-10-07,5.079999923706055,5.099999904632568,5.079999923706055,5.090000152587891,0.116679,0.39447692799505774
2015-10-08,5.070000171661377,5.079999923706055,5.050000190734863,5.059999942779541,0.208032,-0.5893950669745407
2015-10-11,5.099999904632568,5.099999904632568,5.059999942779541,5.059999942779541,0.064662,0.0
2015-10-12,5.059999942779541,5.079999923706055,5.03000020980835,5.079999923706055,0.195774,0.3952565445193956
2015-10-14,5.050000190734863,5.099999904632568,5.050000190734863,5.070000171661377,0.065444,-0.19684551564682629
2015-10-15,5.070000171661377,5.070000171661377,5.070000171661377,5.070000171661377,0.0,0.0
2015-10-18,5.079999923706055,5.090000152587891,5.070000171661377,5.079999923706055,0.090775,0.19723376146161264
2015-10-19,5.090000152587891,5.099999904632568,5.070000171661377,5.099999904632568,0.524868,0.3937004178520276
2015-10-20,5.079999923706055,5.119999885559082,5.070000171661377,5.099999904632568,0.69021,0.0
2015-10-21,5.099999904632568,5.099999904632568,5.079999923706055,5.090000152587891,0.418252,-0.19607357316996366
2015-10-22,5.070000171661377,5.099999904632568,5.070000171661377,5.099999904632568,0.50722,0.196458776913655
2015-10-25,5.099999904632568,5.119999885559082,5.079999923706055,5.079999923706055,0.745424,-0.39215649608830283
2015-10-26,5.099999904632568,5.119999885559082,5.079999923706055,5.079999923706055,0.745424,0.0
2015-10-27,5.079999923706055,5.090000152587891,5.070000171661377,5.079999923706055,0.451416,0.0
2015-10-28,5.070000171661377,5.099999904632568,5.070000171661377,5.099999904632568,0.483829,0.3937004178520276
2015-10-29,5.079999923706055,5.099999904632568,5.050000190734863,5.059999942779541,1.036878,-0.7843129921765946
2015-11-01,5.059999942779541,5.099999904632568,5.03000020980835,5.03000020980835,0.793156,-0.5928801049494115
2015-11-02,5.059999942779541,5.099999904632568,5.03000020980835,5.03000020980835,0.793156,0.0
2015-11-03,5.090000152587891,5.090000152587891,5.039999961853027,5.050000190734863,0.068248,0.39761391833570414
2015-11-04,5.03000020980835,5.099999904632568,5.0,5.099999904632568,0.585498,0.990093307113904
2015-11-05,5.039999961853027,5.070000171661377,5.039999961853027,5.059999942779541,0.233831,-0.7843129921765946
2015-11-08,5.090000152587891,5.090000152587891,5.0,5.03000020980835,1.044755,-0.5928801049494115
2015-11-09,5.090000152587891,5.090000152587891,5.0,5.03000020980835,1.044755,0.0
2015-11-10,5.010000228881836,5.010000228881836,5.0,5.010000228881836,0.137666,-0.39761391833571524
2015-11-11,5.090000152587891,5.090000152587891,5.0,5.03000020980835,0.897245,0.39920119786056585
2015-11-12,4.96999979019165,5.050000190734863,4.96999979019165,5.0,0.223672,-0.5964256174353699
2015-11-15,4.949999809265137,4.949999809265137,4.900000095367432,4.900000095367432,0.973772,-1.9999980926513672
2015-11-16,4.900000095367432,5.0,4.900000095367432,5.0,1.138143,2.0408143405366452
2015-11-17,5.070000171661377,5.070000171661377,4.889999866485596,4.900000095367432,0.866124,-1.9999980926513672
2015-11-18,4.909999847412109,4.980000019073486,4.900000095367432,4.900000095367432,0.663493,0.0
2015-11-19,4.920000076293945,5.0,4.920000076293945,5.0,0.081677,2.0408143405366452
2015-11-22,5.039999961853027,5.039999961853027,4.980000019073486,4.980000019073486,0.004946,-0.3999996185302779
2015-11-23,4.960000038146973,5.050000190734863,4.960000038146973,5.039999961853027,0.099342,1.20481812348876
2015-11-24,5.03000020980835,5.039999961853027,5.019999980926514,5.019999980926514,0.231331,-0.39682502138671527
2015-11-25,5.0,5.0,5.0,5.0,0.031432,-0.3984059960658093
2015-11-26,5.010000228881836,5.070000171661377,5.010000228881836,5.010000228881836,0.401182,0.2000045776367143
2015-11-29,5.070000171661377,5.070000171661377,5.050000190734863,5.070000171661377,1.138094,1.1976035935817197
2015-11-30,5.050000190734863,5.090000152587891,5.010000228881836,5.03000020980835,0.487964,-0.7889538559901044
2015-12-01,5.03000020980835,5.03000020980835,5.03000020980835,5.03000020980835,0.0,0.0
2015-12-06,5.0,5.099999904632568,5.0,5.050000190734863,3.555854,0.39761391833570414
2015-12-07,5.0,5.099999904632568,5.0,5.050000190734863,3.555854,0.0
2015-12-08,5.050000190734863,5.050000190734863,5.019999980926514,5.050000190734863,0.631253,0.0
2015-12-09,5.03000020980835,5.03000020980835,5.0,5.0,0.555097,-0.990102749433508
2015-12-10,5.0,5.0,4.96999979019165,4.980000019073486,0.734564,-0.3999996185302779
2015-12-13,4.949999809265137,5.0,4.949999809265137,4.96999979019165,0.283945,-0.2008078081031095
2015-12-14,4.989999771118164,5.0,4.980000019073486,5.0,0.639595,0.6036259773603003
2015-12-15,4.989999771118164,5.0,4.980000019073486,5.0,0.639595,0.0
2015-12-16,4.980000019073486,5.050000190734863,4.96999979019165,4.96999979019165,0.170336,-0.6000041961669922
2015-12-17,4.980000019073486,5.050000190734863,4.980000019073486,5.0,0.158224,0.6036259773603003
2015-12-20,5.0,5.059999942779541,5.0,5.059999942779541,0.517295,1.1999988555908114
2015-12-21,5.0,5.059999942779541,5.0,5.059999942779541,0.517295,0.0
2015-12-22,5.0,5.050000190734863,5.0,5.0,0.399046,-1.1857696335581758
2015-12-23,5.010000228881836,5.059999942779541,5.010000228881836,5.059999942779541,0.096589,1.1999988555908114
2015-12-24,5.050000190734863,5.070000171661377,5.050000190734863,5.070000171661377,0.113,0.1976329840893687
2015-12-27,5.03000020980835,5.070000171661377,5.03000020980835,5.059999942779541,0.299313,-0.1972431665334451
2015-12-28,5.03000020980835,5.070000171661377,5.03000020980835,5.059999942779541,0.299313,0.0
2015-12-29,5.050000190734863,5.090000152587891,5.050000190734863,5.079999923706055,1.169195,0.3952565445193956
2015-12-30,5.079999923706055,5.090000152587891,5.079999923706055,5.090000152587891,0.758196,0.1968549022052013
2015-12-31,5.050000190734863,5.099999904632568,5.050000190734863,5.090000152587891,0.182733,0.0
2016-01-03,5.079999923706055,5.099999904632568,5.079999923706055,5.099999904632568,0.05129,0.196458776913655
2016-01-04,5.079999923706055,5.099999904632568,5.079999923706055,5.099999904632568,0.05129,0.0
2016-01-05,5.059999942779541,5.059999942779541,5.050000190734863,5.050000190734863,0.323562,-0.9803865653465582
2016-01-06,5.039999961853027,5.070000171661377,5.039999961853027,5.070000171661377,0.336406,0.3960392113094846
2016-01-07,5.050000190734863,5.079999923706055,5.050000190734863,5.079999923706055,0.585403,0.19723376146161264
2016-01-10,5.059999942779541,5.099999904632568,5.059999942779541,5.079999923706055,0.033472,0.0
2016-01-11,5.059999942779541,5.099999904632568,5.059999942779541,5.079999923706055,0.033472,0.0
2016-01-12,5.079999923706055,5.099999904632568,5.070000171661377,5.099999904632568,1.061132,0.3937004178520276
2016-01-13,5.070000171661377,5.099999904632568,5.070000171661377,5.079999923706055,0.282661,-0.39215649608830283
2016-01-14,5.070000171661377,5.090000152587891,5.070000171661377,5.090000152587891,0.038249,0.1968549022052013
2016-01-17,5.03000020980835,5.039999961853027,4.96999979019165,5.019999980926514,2.360287,-1.3752489108627475
2016-01-18,5.03000020980835,5.039999961853027,4.96999979019165,5.019999980926514,2.360287,0.0
2016-01-19,5.010000228881836,5.039999961853027,5.0,5.039999961853027,0.990792,0.3984059960657982
2016-01-20,5.050000190734863,5.139999866485596,5.019999980926514,5.139999866485596,1.404147,1.9841251069335764
2016-01-21,5.039999961853027,5.070000171661377,5.039999961853027,5.070000171661377,0.673248,-1.3618618023832796
2016-01-24,5.079999923706055,5.199999809265137,5.050000190734863,5.090000152587891,0.537963,0.39447692799505774
2016-01-25,5.079999923706055,5.199999809265137,5.050000190734863,5.090000152587891,0.537963,0.0
2016-01-26,5.130000114440918,5.150000095367432,5.099999904632568,5.099999904632568,0.401584,0.196458776913655
2016-01-27,5.099999904632568,5.099999904632568,5.099999904632568,5.099999904632568,0.073282,0.0
2016-01-28,5.099999904632568,5.150000095367432,5.079999923706055,5.150000095367432,0.495734,0.9803959150949337
2016-01-31,5.199999809265137,5.550000190734863,5.190000057220459,5.400000095367432,2.496893,4.854368842145895
2016-02-01,5.199999809265137,5.550000190734863,5.190000057220459,5.400000095367432,2.496893,0.0
2016-02-02,5.349999904632568,5.5,5.349999904632568,5.409999847412109,0.496257,0.18518059014955845
2016-02-03,5.409999847412109,5.75,5.409999847412109,5.650000095367432,1.573457,4.436233913576304
2016-02-04,5.599999904632568,5.980000019073486,5.599999904632568,5.849999904632568,4.569749,3.539819573261971
2016-02-07,6.010000228881836,6.090000152587891,5.940000057220459,5.980000019073486,1.585682,2.222224214704216
2016-02-08,6.010000228881836,6.090000152587891,5.940000057220459,5.980000019073486,1.585682,0.0
2016-02-09,5.900000095367432,6.0,5.900000095367432,5.949999809265137,1.747952,-0.5016757477033895
2016-02-10,5.909999847412109,5.909999847412109,5.760000228881836,5.860000133514404,0.578822,-1.5125996409376063
2016-02-11,5.860000133514404,5.889999866485596,5.809999942779541,5.880000114440918,0.11898,0.3412965950654101
2016-02-14,5.849999904632568,5.989999771118164,5.849999904632568,5.849999904632568,1.351581,-0.5102076398718292
2016-02-15,5.849999904632568,5.989999771118164,5.849999904632568,5.849999904632568,1.351581,0.0
2016-02-16,5.849999904632568,5.849999904632568,5.71999979019165,5.849999904632568,1.0332,0.0
2016-02-17,5.849999904632568,5.849999904632568,5.739999771118164,5.75,0.792673,-1.7094001070560583
2016-02-18,5.829999923706055,5.829999923706055,5.75,5.769999980926514,0.532132,0.3478257552437247
2016-02-21,5.840000152587891,5.840000152587891,5.769999980926514,5.769999980926514,0.013562,0.0
2016-02-22,5.840000152587891,5.840000152587891,5.769999980926514,5.769999980926514,0.013562,0.0
2016-02-23,5.78000020980835,5.960000038146973,5.769999980926514,5.960000038146973,0.674006,3.2928952833367164
2016-02-24,5.820000171661377,5.860000133514404,5.820000171661377,5.860000133514404,0.274481,-1.677850738129516
2016-02-25,5.809999942779541,5.900000095367432,5.769999980926514,5.769999980926514,0.425289,-1.5358387463707324
2016-02-28,5.760000228881836,6.050000190734863,5.760000228881836,6.010000228881836,1.5776,4.159449718347918
2016-02-29,5.760000228881836,6.050000190734863,5.760000228881836,6.010000228881836,1.5776,0.0
2016-03-01,5.900000095367432,6.03000020980835,5.900000095367432,5.929999828338623,0.289124,-1.3311214225710133
2016-03-02,6.0,6.099999904632568,5.989999771118164,6.019999980926514,2.650078,1.517709193814687
2016-03-03,6.059999942779541,6.099999904632568,5.900000095367432,5.900000095367432,2.091264,-1.993353587031299
2016-03-06,5.980000019073486,6.139999866485596,5.980000019073486,6.079999923706055,1.102394,3.0508444987984884
2016-03-07,5.980000019073486,6.139999866485596,5.980000019073486,6.079999923706055,1.102394,0.0
2016-03-08,6.010000228881836,6.300000190734863,6.010000228881836,6.230000019073486,1.918071,2.4671068626592962
2016-03-09,6.239999771118164,6.239999771118164,6.099999904632568,6.199999809265137,0.838843,-0.4815442972151307
2016-03-10,6.059999942779541,6.150000095367432,6.059999942779541,6.150000095367432,0.152836,-0.8064470231593623
2016-03-13,6.230000019073486,6.239999771118164,6.150000095367432,6.210000038146973,1.397643,0.9756088105549177
2016-03-14,6.230000019073486,6.239999771118164,6.150000095367432,6.210000038146973,1.397643,0.0
2016-03-15,6.230000019073486,6.25,6.150000095367432,6.150000095367432,0.5066,-0.9661826475196755
2016-03-16,6.059999942779541,6.260000228881836,6.059999942779541,6.230000019073486,1.040859,1.3008117474065717
2016-03-17,6.110000133514404,6.25,6.110000133514404,6.199999809265137,1.209006,-0.4815442972151307
2016-03-20,6.289999961853027,6.400000095367432,6.289999961853027,6.360000133514404,2.266473,2.5806504705075506
2016-03-21,6.289999961853027,6.400000095367432,6.289999961853027,6.360000133514404,2.266473,0.0
2016-03-22,6.349999904632568,6.440000057220459,6.340000152587891,6.429999828338623,0.597826,1.100624109351056
2016-03-23,6.210000038146973,6.329999923706055,6.210000038146973,6.329999923706055,0.426726,-1.5552085116992354
2016-03-24,6.210000038146973,6.329999923706055,6.210000038146973,6.329999923706055,0.426726,0.0
2016-03-27,6.260000228881836,6.329999923706055,6.21999979019165,6.329999923706055,0.455647,0.0
2016-03-28,6.260000228881836,6.329999923706055,6.21999979019165,6.329999923706055,0.455647,0.0
2016-03-29,6.340000152587891,6.349999904632568,6.300000190734863,6.320000171661377,0.620973,-0.15797396785469653
2016-03-30,6.28000020980835,6.329999923706055,6.269999980926514,6.28000020980835,0.509,-0.6329107716228521
2016-03-31,6.340000152587891,6.46999979019165,6.28000020980835,6.400000095367432,0.483161,1.9108261393313564
2016-04-03,6.300000190734863,6.449999809265137,6.289999961853027,6.349999904632568,0.364934,-0.7812529685906622
2016-04-04,6.300000190734863,6.449999809265137,6.289999961853027,6.349999904632568,0.364934,0.0
2016-04-05,6.309999942779541,6.400000095367432,6.309999942779541,6.400000095367432,0.586422,0.7874045903274229
2016-04-06,6.349999904632568,6.400000095367432,6.349999904632568,6.400000095367432,0.71989,0.0
2016-04-07,6.400000095367432,6.400000095367432,6.349999904632568,6.400000095367432,0.687421,0.0
2016-04-10,6.199999809265137,6.25,6.110000133514404,6.199999809265137,0.402188,-3.125004423782163
2016-04-11,6.199999809265137,6.25,6.110000133514404,6.199999809265137,0.402188,0.0
2016-04-12,6.150000095367432,6.199999809265137,6.010000228881836,6.199999809265137,1.000784,0.0
2016-04-13,6.190000057220459,6.199999809265137,6.150000095367432,6.190000057220459,0.295771,-0.1612863282630106
2016-04-14,6.170000076293945,6.199999809265137,6.119999885559082,6.199999809265137,0.456943,0.1615468812962817
2016-04-17,6.130000114440918,6.199999809265137,6.130000114440918,6.130000114440918,0.456135,-1.1290273706075382
2016-04-18,6.130000114440918,6.199999809265137,6.130000114440918,6.130000114440918,0.456135,0.0
2016-04-19,6.099999904632568,6.199999809265137,6.099999904632568,6.199999809265137,0.58981,1.1419199595007257
2016-04-20,6.139999866485596,6.269999980926514,6.139999866485596,6.260000228881836,1.394162,0.9677487332666601
2016-04-21,6.25,6.650000095367432,6.25,6.539999961853027,5.941101,4.472839021304709
2016-04-24,6.599999904632568,6.840000152587891,6.599999904632568,6.690000057220459,4.676907,2.29357945324713
2016-04-25,6.599999904632568,6.840000152587891,6.599999904632568,6.690000057220459,4.676907,0.0
2016-04-26,6.630000114440918,6.75,6.579999923706055,6.590000152587891,0.744964,-1.4947668726047247
2016-04-27,6.590000152587891,6.71999979019165,6.519999980926514,6.550000190734863,1.447955,-0.6069796802253391
2016-04-28,6.53000020980835,6.590000152587891,6.349999904632568,6.449999809265137,4.532146,-1.5267233367592836
2016-05-01,6.380000114440918,6.449999809265137,6.380000114440918,6.449999809265137,0.222876,0.0
2016-05-02,6.380000114440918,6.449999809265137,6.380000114440918,6.449999809265137,0.222876,0.0
2016-05-03,6.449999809265137,6.449999809265137,6.360000133514404,6.409999847412109,0.381432,-0.6201544656725289
2016-05-04,6.400000095367432,6.510000228881836,6.389999866485596,6.389999866485596,2.404481,-0.31201219036827155
2016-05-08,6.400000095367432,6.449999809265137,6.309999942779541,6.400000095367432,0.405187,0.1564981078369776
2016-05-09,6.369999885559082,6.400000095367432,6.360000133514404,6.400000095367432,0.298006,0.0
2016-05-10,6.369999885559082,6.400000095367432,6.360000133514404,6.400000095367432,0.298006,0.0
2016-05-11,6.360000133514404,6.360000133514404,6.300000190734863,6.309999942779541,0.609562,-1.4062523632309976
2016-05-12,6.349999904632568,6.349999904632568,6.309999942779541,6.320000171661377,0.382357,0.15848223411283335
2016-05-15,6.309999942779541,6.309999942779541,6.28000020980835,6.28000020980835,0.585427,-0.6329107716228521
2016-05-16,6.309999942779541,6.309999942779541,6.28000020980835,6.28000020980835,0.585427,0.0
2016-05-17,6.25,6.309999942779541,6.239999771118164,6.309999942779541,0.199069,0.4777027383587873
2016-05-18,6.269999980926514,6.309999942779541,6.269999980926514,6.269999980926514,0.6884,-0.6339138227536623
2016-05-19,6.25,6.260000228881836,6.25,6.25,0.331564,-0.3189789631156903
2016-05-22,6.159999847412109,6.170000076293945,6.159999847412109,6.170000076293945,0.191,-1.2799987792968759
2016-05-23,6.159999847412109,6.170000076293945,6.159999847412109,6.170000076293945,0.191,0.0
2016-05-24,6.150000095367432,6.28000020980835,6.150000095367432,6.159999847412109,0.641624,-0.1620782618829808
2016-05-25,6.159999847412109,6.159999847412109,6.070000171661377,6.079999923706055,0.534475,-1.298700092333016
2016-05-26,6.079999923706055,6.179999828338623,6.010000228881836,6.179999828338623,1.560846,1.6447352942006832
2016-05-29,6.150000095367432,6.300000190734863,6.150000095367432,6.300000190734863,0.591247,1.9417534907683054
2016-05-30,6.150000095367432,6.300000190734863,6.150000095367432,6.300000190734863,0.591247,0.0
2016-05-31,6.230000019073486,6.440000057220459,6.230000019073486,6.329999923706055,1.198299,0.47618622322125326
2016-06-01,6.400000095367432,6.400000095367432,6.300000190734863,6.400000095367432,0.819236,1.1058479068731808
2016-06-02,6.320000171661377,6.400000095367432,6.309999942779541,6.389999866485596,0.979286,-0.1562535739503268
2016-06-05,6.289999961853027,6.340000152587891,6.289999961853027,6.309999942779541,0.076476,-1.2519550137338853
2016-06-06,6.289999961853027,6.340000152587891,6.289999961853027,6.309999942779541,0.076476,0.0
2016-06-07,6.25,6.380000114440918,6.25,6.380000114440918,0.081264,1.1093529682433267
2016-06-08,6.349999904632568,6.389999866485596,6.329999923706055,6.380000114440918,0.112624,0.0
2016-06-09,6.389999866485596,6.400000095367432,6.349999904632568,6.400000095367432,0.7387,0.31347931924397
2016-06-12,6.380000114440918,6.380000114440918,6.349999904632568,6.349999904632568,0.159392,-0.7812529685906622
2016-06-13,6.380000114440918,6.380000114440918,6.349999904632568,6.349999904632568,0.159392,0.0
2016-06-14,6.340000152587891,6.349999904632568,6.300000190734863,6.300000190734863,0.080158,-0.7873970810807207
2016-06-15,6.309999942779541,6.309999942779541,6.300000190734863,6.300000190734863,0.148368,0.0
2016-06-16,6.309999942779541,6.360000133514404,6.300000190734863,6.360000133514404,0.432304,0.9523800152860362
2016-06-19,6.340000152587891,6.400000095367432,6.309999942779541,6.309999942779541,0.154116,-0.7861665044845534
2016-06-20,6.340000152587891,6.400000095367432,6.309999942779541,6.309999942779541,0.154116,0.0
2016-06-21,6.400000095367432,6.400000095367432,6.320000171661377,6.380000114440918,0.0123,1.1093529682433267
2016-06-22,6.309999942779541,6.449999809265137,6.309999942779541,6.409999847412109,0.738674,0.4702152418976979
2016-06-23,6.340000152587891,6.389999866485596,6.340000152587891,6.369999885559082,0.026544,-0.6240243807365542
2016-06-26,6.199999809265137,6.289999961853027,6.099999904632568,6.25,1.53747,-1.883828692542433
2016-06-27,6.230000019073486,6.329999923706055,6.230000019073486,6.300000190734863,0.500997,0.8000030517578027
2016-06-28,6.329999923706055,6.349999904632568,6.329999923706055,6.340000152587891,0.478579,0.6349200101906982
2016-06-29,6.349999904632568,6.349999904632568,6.309999942779541,6.309999942779541,0.209856,-0.4731894177652962
2016-06-30,6.309999942779541,6.389999866485596,6.309999942779541,6.389999866485596,0.546294,1.2678276455073245
2016-07-03,6.400000095367432,6.400000095367432,6.349999904632568,6.400000095367432,0.673556,0.1564981078369776
2016-07-04,6.349999904632568,6.599999904632568,6.349999904632568,6.449999809265137,0.472002,0.7812455180101763
2016-07-05,6.449999809265137,6.449999809265137,6.449999809265137,6.449999809265137,0.0,0.0
2016-07-06,6.449999809265137,6.449999809265137,6.449999809265137,6.449999809265137,0.0,0.0
2016-07-10,6.449999809265137,6.550000190734863,6.400000095367432,6.539999961853027,0.37072,1.3953512441753801
2016-07-11,6.449999809265137,6.539999961853027,6.329999923706055,6.420000076293945,1.00282,-1.8348606461624728
2016-07-12,6.409999847412109,6.480000019073486,6.400000095367432,6.429999828338623,0.398398,0.15575937579195287
2016-07-13,6.489999771118164,6.599999904632568,6.440000057220459,6.539999961853027,1.038421,1.710733070778736
2016-07-14,6.5,6.610000133514404,6.5,6.53000020980835,0.014362,-0.15290140830283017
2016-07-17,6.480000019073486,6.650000095367432,6.480000019073486,6.650000095367432,0.66011,1.837670470191366
2016-07-18,6.519999980926514,6.699999809265137,6.519999980926514,6.699999809265137,0.995577,0.7518753861753602
2016-07-19,6.75,6.75,6.639999866485596,6.690000057220459,0.319618,-0.14925003476641274
2016-07-20,6.650000095367432,6.710000038146973,6.650000095367432,6.690000057220459,0.845365,0.0
2016-07-21,6.690000057220459,6.730000019073486,6.650000095367432,6.690000057220459,0.285402,0.0
2016-07-24,6.710000038146973,6.710000038146973,6.670000076293945,6.679999828338623,0.155408,
2016-07-25,6.710000038146973,6.829999923706055,6.699999809265137,6.829999923706055,1.784073,2.245510467396783
2016-07-26,6.800000190734863,6.989999771118164,6.789999961853027,6.929999828338623,3.815131,1.4641274633910628
2016-07-27,6.949999809265137,6.949999809265137,6.800000190734863,6.800000190734863,0.399452,-1.8758966929862897
2016-07-28,6.78000020980835,6.900000095367432,6.78000020980835,6.900000095367432,2.220201,1.4705867915830284
2016-07-31,6.880000114440918,6.880000114440918,6.599999904632568,6.650000095367432,2.901248,-3.6231883557196864
2016-08-01,6.559999942779541,6.610000133514404,6.539999961853027,6.559999942779541,1.617174,-1.3533857337925004
2016-08-02,6.599999904632568,6.75,6.599999904632568,6.599999904632568,0.750162,0.6097555213709249
2016-08-03,6.510000228881836,6.559999942779541,6.510000228881836,6.559999942779541,0.022488,-0.6060600368335001
2016-08-04,6.559999942779541,6.650000095367432,6.559999942779541,6.579999923706055,0.228969,0.30487776068546246
2016-08-07,6.650000095367432,6.650000095367432,6.53000020980835,6.639999866485596,0.508895,0.9118532443044058
2016-08-08,6.599999904632568,6.599999904632568,6.579999923706055,6.579999923706055,0.248055,-0.9036136142469231
2016-08-09,6.579999923706055,6.579999923706055,6.510000228881836,6.550000190734863,1.394389,-0.45592299876949793
2016-08-10,6.550000190734863,6.559999942779541,6.539999961853027,6.550000190734863,0.848985,0.0
2016-08-11,6.550000190734863,6.599999904632568,6.539999961853027,6.539999961853027,0.777249,-0.15267524565848456
2016-08-14,6.550000190734863,6.699999809265137,6.550000190734863,6.659999847412109,1.690478,1.8348606461624728
2016-08-15,6.599999904632568,6.71999979019165,6.550000190734863,6.579999923706055,1.733173,-1.2012000831672751
2016-08-16,6.679999828338623,6.690000057220459,6.579999923706055,6.610000133514404,0.42934,0.4559302455348968
2016-08-17,6.579999923706055,6.650000095367432,6.559999942779541,6.619999885559082,0.374632,0.15128217613757933
2016-08-18,6.599999904632568,6.679999828338623,6.599999904632568,6.679999828338623,0.432383,0.90634356218684
2016-08-21,6.690000057220459,6.690000057220459,6.590000152587891,6.599999904632568,0.25982,-1.197603679070025
2016-08-22,6.599999904632568,6.599999904632568,6.579999923706055,6.579999923706055,0.009807,-0.30303001841675
2016-08-23,6.570000171661377,6.579999923706055,6.570000171661377,6.579999923706055,0.011186,0.0
2016-08-24,6.570000171661377,6.670000076293945,6.570000171661377,6.579999923706055,0.16875,0.0
2016-08-25,6.579999923706055,6.650000095367432,6.559999942779541,6.650000095367432,0.209251,1.063832408404508
2016-08-28,6.579999923706055,6.690000057220459,6.579999923706055,6.599999904632568,0.27588,-0.7518825566588339
2016-08-29,6.679999828338623,6.679999828338623,6.599999904632568,6.610000133514404,0.037709,0.15151862161113527
2016-08-30,6.610000133514404,6.659999847412109,6.610000133514404,6.630000114440918,0.175442,0.3025715661503225
2016-08-31,6.619999885559082,6.670000076293945,6.619999885559082,6.650000095367432,0.1897,0.3016588322970248
2016-09-01,6.610000133514404,6.630000114440918,6.610000133514404,6.630000114440918,0.007642,-0.3007515885668388
2016-09-04,6.619999885559082,6.679999828338623,6.599999904632568,6.599999904632568,0.139187,-0.45249184450246727
2016-09-05,6.599999904632568,6.650000095367432,6.599999904632568,6.619999885559082,0.20934,0.3030300184167611
2016-09-06,6.619999885559082,6.630000114440918,6.599999904632568,6.630000114440918,0.091315,0.15106086185363576
2016-09-07,6.630000114440918,6.650000095367432,6.630000114440918,6.639999866485596,0.104004,0.1508258200915824
2016-09-08,6.630000114440918,6.670000076293945,6.610000133514404,6.619999885559082,1.440132,-0.3012045380823114
2016-09-11,6.619999885559082,6.619999885559082,6.619999885559082,6.619999885559082,0.0,0.0
2016-09-18,6.53000020980835,6.550000190734863,6.53000020980835,6.550000190734863,0.190638,-1.0573972210621396
2016-09-19,6.550000190734863,6.550000190734863,6.519999980926514,6.53000020980835,0.394154,-0.3053432113605758
2016-09-20,6.53000020980835,6.539999961853027,6.5,6.5,0.239,-0.45942126867450916
2016-09-21,6.5,6.550000190734863,6.5,6.5,0.063161,0.0
2016-09-22,6.550000190734863,6.550000190734863,6.5,6.550000190734863,0.461131,0.7692337036132812
2016-09-25,6.510000228881836,6.510000228881836,6.5,6.5,0.106248,-0.7633616683796363
2016-09-26,6.5,6.550000190734863,6.5,6.5,0.002257,0.0
2016-09-27,6.5,6.539999961853027,6.5,6.5,0.049126,0.0
2016-09-28,6.5,6.5,6.480000019073486,6.5,0.42679,0.0
2016-09-29,6.5,6.539999961853027,6.480000019073486,6.5,0.266954,0.0
2016-10-02,6.5,6.5,6.5,6.5,0.0,0.0
2016-10-04,6.420000076293945,6.420000076293945,6.369999885559082,6.400000095367432,0.505935,-1.5384600712702867
2016-10-05,6.349999904632568,6.400000095367432,6.300000190734863,6.320000171661377,0.764398,-1.2499987892806708
2016-10-06,6.349999904632568,6.349999904632568,6.28000020980835,6.300000190734863,0.80552,-0.3164553858114205
2016-10-09,6.300000190734863,6.400000095367432,6.289999961853027,6.289999961853027,0.215115,-0.1587337869694449
2016-10-10,6.28000020980835,6.300000190734863,6.28000020980835,6.300000190734863,0.226445,0.1589861517088175
2016-10-11,6.329999923706055,6.349999904632568,6.289999961853027,6.349999904632568,0.925184,0.7936462283165913
2016-10-12,6.300000190734863,6.349999904632568,6.300000190734863,6.329999923706055,0.035795,-0.314960334281622
2016-10-13,6.300000190734863,6.309999942779541,6.300000190734863,6.300000190734863,0.29751,-0.4739294365366686
2016-10-16,6.300000190734863,6.300000190734863,6.28000020980835,6.289999961853027,0.202224,-0.15873378696944496
2016-10-17,6.28000020980835,6.300000190734863,6.230000019073486,6.300000190734863,0.645662,0.1589861517088175
2016-10-18,6.230000019073486,6.300000190734863,6.230000019073486,6.300000190734863,0.225779,0.0
2016-10-19,6.25,6.269999980926514,6.199999809265137,6.269999980926514,0.479462,-0.476193792064794
2016-10-20,6.300000190734863,6.300000190734863,6.21999979019165,6.25,0.894344,-0.3189789631156903
2016-10-23,6.25,6.25,6.110000133514404,6.210000038146973,0.091123,-0.6399993896484379
2016-10-24,6.199999809265137,6.210000038146973,6.159999847412109,6.159999847412109,0.84649,-0.8051560455349493
2016-10-25,6.159999847412109,6.179999828338623,6.119999885559082,6.139999866485596,1.364099,-0.324675023083254
2016-10-26,6.119999885559082,6.199999809265137,6.119999885559082,6.150000095367432,0.255104,0.16287018077021376
2016-10-27,6.139999866485596,6.179999828338623,6.119999885559082,6.139999866485596,0.324664,-0.16260534515062375
2016-10-30,6.130000114440918,6.139999866485596,6.010000228881836,6.090000152587891,3.374379,-0.8143276056180704
2016-10-31,6.059999942779541,6.079999923706055,6.039999961853027,6.079999923706055,0.500721,-0.1642073666876076
2016-11-01,6.03000020980835,6.090000152587891,6.03000020980835,6.050000190734863,0.202509,-0.49341666690194685
2016-11-02,6.070000171661377,6.070000171661377,6.050000190734863,6.050000190734863,0.181972,0.0
2016-11-03,6.050000190734863,6.050000190734863,6.010000228881836,6.050000190734863,0.302886,0.0
2016-11-06,6.050000190734863,6.110000133514404,6.050000190734863,6.059999942779541,0.465852,0.1652851525524079
2016-11-07,6.059999942779541,6.059999942779541,6.050000190734863,6.050000190734863,0.143907,-0.16501241153628055
2016-11-08,6.059999942779541,6.079999923706055,6.059999942779541,6.059999942779541,0.090124,0.16528515255240794
2016-11-09,6.0,6.059999942779541,5.900000095367432,5.900000095367432,2.816306,-2.640261533380839
2016-11-10,5.559999942779541,6.0,5.559999942779541,5.849999904632568,1.216425,-0.8474608462146094
2016-11-13,5.760000228881836,5.940000057220459,5.760000228881836,5.940000057220459,0.14339,1.5384641718817926
2016-11-14,5.929999828338623,5.940000057220459,5.71999979019165,5.869999885559082,0.280618,-1.1784540570212165
2016-11-15,5.840000152587891,5.869999885559082,5.760000228881836,5.760000228881836,0.314502,-1.8739294518192229
2016-11-16,5.849999904632568,5.980000019073486,5.75,5.980000019073486,0.269078,3.8194406501674383
2016-11-17,5.800000190734863,6.0,5.800000190734863,5.949999809265137,0.109945,-0.5016757477033895
2016-11-20,5.840000152587891,5.960000038146973,5.71999979019165,5.900000095367432,0.35434,-0.8403313529497414
2016-11-21,5.809999942779541,5.900000095367432,5.809999942779541,5.860000133514404,0.065404,-0.6779654441774419
2016-11-22,5.860000133514404,5.860000133514404,5.800000190734863,5.860000133514404,0.231758,0.0
2016-11-23,5.840000152587891,5.849999904632568,5.800000190734863,5.800000190734863,0.267519,-1.0238897851962525
2016-11-24,5.789999961853027,5.860000133514404,5.789999961853027,5.849999904632568,0.216299,0.8620640043698113
2016-11-27,5.820000171661377,5.849999904632568,5.78000020980835,5.78000020980835,0.444316,-1.1965759994079117
2016-11-28,5.800000190734863,5.800000190734863,5.75,5.760000228881836,0.262528,-0.3460204186943594
2016-11-29,5.75,5.760000228881836,5.699999809265137,5.699999809265137,0.546062,-1.0416739102864003
2016-11-30,5.699999809265137,5.699999809265137,5.699999809265137,5.699999809265137,0.0,0.0
2016-12-01,5.699999809265137,5.699999809265137,5.699999809265137,5.699999809265137,0.0,0.0
2016-12-04,5.820000171661377,5.849999904632568,5.75,5.849999904632568,0.31165,2.6315807085398824
2016-12-05,5.809999942779541,5.849999904632568,5.75,5.849999904632568,0.330855,0.0
2016-12-06,5.849999904632568,5.900000095367432,5.849999904632568,5.900000095367432,0.247692,0.8547041290593693
2016-12-07,5.809999942779541,6.010000228881836,5.809999942779541,6.0,1.269256,1.6949136104436047
2016-12-08,5.989999771118164,6.25,5.989999771118164,6.210000038146973,1.838372,3.500000635782885
2016-12-11,6.210000038146973,6.210000038146973,6.210000038146973,6.210000038146973,0.0,0.0
2016-12-13,6.380000114440918,6.380000114440918,6.25,6.309999942779541,0.552319,1.6103044125327814
2016-12-14,6.289999961853027,6.289999961853027,6.079999923706055,6.159999847412109,0.943445,-2.37718061375064
2016-12-15,6.099999904632568,6.159999847412109,6.010000228881836,6.150000095367432,2.951446,-0.16233364111005733
2016-12-18,6.110000133514404,6.110000133514404,6.050000190734863,6.059999942779541,0.194724,-1.4634170925571954
2016-12-19,6.059999942779541,6.199999809265137,6.059999942779541,6.079999923706055,0.255966,0.3300326916725993
2016-12-20,6.019999980926514,6.150000095367432,6.019999980926514,6.059999942779541,0.102742,-0.3289470588401344
2016-12-21,6.059999942779541,6.119999885559082,6.050000190734863,6.119999885559082,0.143759,0.99009807501782
2016-12-22,6.050000190734863,6.139999866485596,6.050000190734863,6.110000133514404,0.176572,-0.1633946443083012
2016-12-25,6.110000133514404,6.119999885559082,6.110000133514404,6.110000133514404,0.103596,0.0
2016-12-26,6.110000133514404,6.130000114440918,6.110000133514404,6.130000114440918,0.282828,0.3273319229047278
2016-12-27,6.079999923706055,6.099999904632568,6.079999923706055,6.079999923706055,0.024758,-0.815663781425946
2016-12-28,6.070000171661377,6.110000133514404,6.070000171661377,6.099999904632568,0.37541,0.3289470588401455
2016-12-29,6.099999904632568,6.199999809265137,6.059999942779541,6.199999809265137,1.523042,1.6393427245240622
2017-01-02,6.260000228881836,6.260000228881836,6.090000152587891,6.199999809265137,0.350153,0.0
2017-01-03,6.130000114440918,6.21999979019165,6.099999904632568,6.199999809265137,0.288263,0.0
2017-01-04,6.159999847412109,6.25,6.159999847412109,6.25,0.195724,0.806454714081517
2017-01-05,6.159999847412109,6.28000020980835,6.159999847412109,6.170000076293945,0.247814,-1.2799987792968759
2017-01-08,6.199999809265137,6.269999980926514,6.199999809265137,6.269999980926514,0.453563,1.620743977245365
2017-01-09,6.199999809265137,6.300000190734863,6.199999809265137,6.25,0.226223,-0.3189789631156903
2017-01-10,6.25,6.260000228881836,6.150000095367432,6.230000019073486,0.233291,-0.3199996948242134
2017-01-11,6.170000076293945,6.230000019073486,6.159999847412109,6.199999809265137,0.525023,-0.4815442972151307
2017-01-12,6.260000228881836,6.260000228881836,6.179999828338623,6.25,0.524407,0.806454714081517
2017-01-15,6.28000020980835,6.320000171661377,6.099999904632568,6.099999904632568,1.556872,-2.400001525878903
2017-01-16,6.079999923706055,6.099999904632568,6.0,6.039999961853027,0.703078,-0.9836056347144352
2017-01-17,6.039999961853027,6.170000076293945,6.010000228881836,6.130000114440918,0.524552,1.4900687608660146
2017-01-18,6.130000114440918,6.170000076293945,6.039999961853027,6.159999847412109,0.251287,0.4893920458585166
2017-01-19,6.139999866485596,6.150000095367432,6.059999942779541,6.079999923706055,0.046399,-1.298700092333016
2017-01-22,6.079999923706055,6.079999923706055,6.039999961853027,6.039999961853027,0.680051,-0.6578941176802799
2017-01-23,6.03000020980835,6.059999942779541,6.010000228881836,6.03000020980835,0.897014,-0.1655588097323357
2017-01-24,6.010000228881836,6.039999961853027,6.0,6.0,0.687933,-0.4975158999091178
2017-01-25,6.0,6.019999980926514,5.949999809265137,5.949999809265137,0.608698,-0.8333365122477177
2017-01-26,6.0,6.0,5.909999847412109,5.980000019073486,0.203779,0.5042052230259664
2017-01-29,6.090000152587891,6.090000152587891,5.949999809265137,6.059999942779541,0.213074,1.3377913620550297
2017-01-30,6.0,6.059999942779541,6.0,6.019999980926514,0.059898,-0.6600653833452097
2017-01-31,6.010000228881836,6.010000228881836,5.920000076293945,6.0,0.011802,-0.3322255978385535
2017-02-01,6.010000228881836,6.010000228881836,5.909999847412109,5.989999771118164,0.20797,-0.1666704813639286
2017-02-02,5.989999771118164,5.989999771118164,5.849999904632568,5.989999771118164,0.356914,0.0
2017-02-05,5.929999828338623,5.989999771118164,5.909999847412109,5.920000076293945,0.174159,-1.1686093071611503
2017-02-06,5.949999809265137,5.949999809265137,5.889999866485596,5.889999866485596,0.085145,-0.5067602942858462
2017-02-07,5.980000019073486,6.039999961853027,5.900000095367432,6.039999961853027,0.691979,2.546690980774713
2017-02-08,6.039999961853027,6.099999904632568,5.920000076293945,6.050000190734863,0.212179,0.16556670438732102
2017-02-09,6.019999980926514,6.019999980926514,5.980000019073486,5.980000019073486,0.161629,-1.1570275942896169
2017-02-12,5.900000095367432,6.0,5.900000095367432,5.989999771118164,0.093284,0.16721993332413643
2017-02-13,5.909999847412109,5.989999771118164,5.909999847412109,5.949999809265137,0.117543,-0.6677790213931889
2017-02-14,5.949999809265137,6.099999904632568,5.949999809265137,6.0,0.215186,0.8403393670198822
2017-02-15,5.929999828338623,6.0,5.900000095367432,5.900000095367432,0.334837,-1.6666650772094729
2017-02-16,5.989999771118164,5.989999771118164,5.909999847412109,5.940000057220459,0.271539,0.6779654441774419
2017-02-19,6.0,6.0,5.900000095367432,5.989999771118164,0.738547,0.8417460171052937
2017-02-20,5.909999847412109,6.0,5.909999847412109,6.0,0.157134,0.1669487356252386
2017-02-21,5.949999809265137,6.03000020980835,5.949999809265137,6.010000228881836,0.970694,0.1666704813639397
2017-02-22,5.949999809265137,6.010000228881836,5.949999809265137,6.0,0.089676,-0.1663931530947127
2017-02-23,5.949999809265137,6.0,5.920000076293945,5.929999828338623,0.477695,-1.1666695276896122
2017-02-26,5.929999828338623,6.0,5.929999828338623,5.929999828338623,0.3145,0.0
2017-02-27,5.929999828338623,6.0,5.929999828338623,5.989999771118164,0.155002,1.0118034488434624
2017-02-28,5.940000057220459,6.0,5.940000057220459,6.0,0.65615,0.1669487356252386
2017-03-01,5.929999828338623,6.0,5.929999828338623,6.0,0.724895,0.0
2017-03-02,6.0,6.0,5.960000038146973,6.0,0.137357,0.0
2017-03-05,5.949999809265137,6.0,5.929999828338623,6.0,0.258777,0.0
2017-03-06,6.0,6.0,5.96999979019165,6.0,0.332958,0.0
2017-03-07,6.0,6.019999980926514,6.0,6.0,0.031182,0.0
2017-03-08,6.0,6.03000020980835,6.0,6.0,1.266045,0.0
2017-03-09,6.0,6.099999904632568,5.949999809265137,6.0,6.772391,0.0
2017-03-12,5.960000038146973,6.119999885559082,5.960000038146973,6.0,8.091823,0.0
2017-03-13,6.010000228881836,6.059999942779541,6.010000228881836,6.050000190734863,9.064998,0.8333365122477288
2017-03-14,6.059999942779541,6.090000152587891,6.010000228881836,6.019999980926514,10.034618,-0.4958712208686044
2017-03-15,6.019999980926514,6.059999942779541,6.019999980926514,6.059999942779541,10.024938,0.6644511956771071
2017-03-16,6.019999980926514,6.070000171661377,6.010000228881836,6.070000171661377,0.18885,0.16502028013631875
2017-03-19,6.010000228881836,6.039999961853027,6.010000228881836,6.039999961853027,10.025095,-0.49423737990008654
2017-03-20,6.0,6.079999923706055,6.0,6.0,0.183872,-0.6622510282393357
2017-03-21,6.010000228881836,6.090000152587891,6.010000228881836,6.090000152587891,10.346405,1.5000025431315178
2017-03-22,6.010000228881836,6.039999961853027,6.010000228881836,6.03000020980835,0.111268,-0.9852207106110566
2017-03-23,6.010000228881836,6.039999961853027,6.0,6.0,0.241546,-0.4975158999091178
2017-03-26,6.010000228881836,6.050000190734863,6.010000228881836,6.050000190734863,0.276115,0.8333365122477288
2017-03-27,6.050000190734863,6.079999923706055,6.050000190734863,6.079999923706055,0.319663,0.4958633392629252
2017-03-28,6.050000190734863,6.050000190734863,6.050000190734863,6.050000190734863,0.010234,-0.4934166669019468
2017-03-29,6.059999942779541,6.090000152587891,6.019999980926514,6.090000152587891,0.182174,0.6611563734210124
2017-03-30,6.059999942779541,6.090000152587891,6.059999942779541,6.079999923706055,0.0622,-0.1642073666876076
2017-04-02,6.019999980926514,6.090000152587891,6.019999980926514,6.070000171661377,0.02611,-0.1644696080618124
2017-04-03,6.090000152587891,6.199999809265137,6.090000152587891,6.199999809265137,0.820596,2.1416743645359397
2017-04-04,6.130000114440918,6.199999809265137,6.110000133514404,6.190000057220459,0.405292,-0.1612863282630106
2017-04-05,5.989999771118164,5.989999771118164,5.900000095367432,5.909999847412109,0.431905,-4.523428226494719
2017-04-06,5.960000038146973,5.989999771118164,5.920000076293945,5.989999771118164,0.289743,1.3536366458805515
2017-04-09,5.989999771118164,6.0,5.940000057220459,5.949999809265137,0.142831,-0.6677790213931889
2017-04-10,5.920000076293945,6.0,5.920000076293945,5.980000019073486,11.956925,0.5042052230259664
2017-04-11,5.920000076293945,6.019999980926514,5.920000076293945,5.96999979019165,0.06937,-0.1672279071896265
2017-04-12,5.980000019073486,6.0,5.980000019073486,6.0,0.022248,0.5025160948521012
2017-04-13,5.96999979019165,6.050000190734863,5.96999979019165,6.0,0.226159,0.0
2017-04-16,5.989999771118164,5.989999771118164,5.949999809265137,5.989999771118164,0.101509,-0.1666704813639286
2017-04-17,5.949999809265137,6.0,5.900000095367432,5.920000076293945,0.085006,-1.1686093071611503
2017-04-18,5.929999828338623,5.949999809265137,5.929999828338623,5.940000057220459,0.065087,0.3378375112967013
2017-04-19,5.900000095367432,5.929999828338623,5.900000095367432,5.900000095367432,0.197382,-0.6734000247088368
2017-04-20,5.900000095367432,5.900000095367432,5.699999809265137,5.75,0.843917,-2.542374456658214
2017-04-23,5.75,5.75,5.75,5.75,0.0,0.0
2017-04-24,5.75,5.75,5.75,5.75,0.0,0.0
2017-04-25,5.75,5.75,5.579999923706055,5.599999904632568,0.842915,-2.60869731073794
2017-04-26,5.699999809265137,5.75,5.570000171661377,5.599999904632568,0.266569,0.0
2017-04-27,5.599999904632568,5.730000019073486,5.579999923706055,5.579999923706055,0.788634,-0.3571425226269853
2017-04-30,5.579999923706055,5.599999904632568,5.5,5.570000171661377,0.556236,-0.17920702834053337
2017-05-01,5.5,5.590000152587891,5.5,5.5,0.220098,-1.2567355386723045
2017-05-02,5.5,5.579999923706055,5.449999809265137,5.5,0.357977,0.0
2017-05-03,5.5,5.5,5.360000133514404,5.389999866485596,0.758311,-2.0000024275346195
2017-05-04,5.369999885559082,5.46999979019165,5.369999885559082,5.400000095367432,1.061592,0.185533007969374
2017-05-07,5.409999847412109,5.449999809265137,5.400000095367432,5.400000095367432,0.080503,0.0
2017-05-08,5.400000095367432,5.440000057220459,5.389999866485596,5.400000095367432,0.196274,0.0
2017-05-09,5.409999847412109,5.46999979019165,5.400000095367432,5.400000095367432,0.358621,0.0
2017-05-10,5.389999866485596,5.460000038146973,5.389999866485596,5.420000076293945,0.076627,0.3703700106166829
2017-05-11,5.409999847412109,5.460000038146973,5.409999847412109,5.460000038146973,0.106686,0.7380066658666529
2017-05-14,5.429999828338623,5.46999979019165,5.400000095367432,5.409999847412109,0.284754,-0.915754402665403
2017-05-15,5.409999847412109,5.440000057220459,5.409999847412109,5.409999847412109,0.042599,0.0
2017-05-16,5.420000076293945,5.440000057220459,5.400000095367432,5.440000057220459,2.986459,0.554532544445463
2017-05-17,5.400000095367432,5.429999828338623,5.400000095367432,5.400000095367432,0.12866,-0.7352934086817808
2017-05-18,5.440000057220459,5.440000057220459,5.400000095367432,5.409999847412109,0.069563,0.1851805901495584
2017-05-21,5.400000095367432,5.440000057220459,5.400000095367432,5.409999847412109,0.07812,0.0
2017-05-22,5.400000095367432,5.429999828338623,5.400000095367432,5.409999847412109,0.035113,0.0
2017-05-23,5.409999847412109,5.409999847412109,5.380000114440918,5.400000095367432,0.330876,-0.1848383054846358
2017-05-24,5.400000095367432,5.409999847412109,5.389999866485596,5.409999847412109,0.102108,0.18518059014955845
2017-05-28,5.429999828338623,5.429999828338623,5.360000133514404,5.400000095367432,0.191467,-0.18483830548463587
2017-05-29,5.369999885559082,5.380000114440918,5.360000133514404,5.380000114440918,0.138248,-0.370370010616694
2017-05-30,5.369999885559082,5.409999847412109,5.360000133514404,5.380000114440918,1.003604,0.0
2017-05-31,5.380000114440918,5.380000114440918,5.369999885559082,5.369999885559082,0.18631,-0.1858778563032626
2017-06-01,5.380000114440918,5.489999771118164,5.380000114440918,5.46999979019165,0.128394,1.8621956566793774
2017-06-04,5.429999828338623,5.480000019073486,5.429999828338623,5.440000057220459,0.346254,-0.5484412088092694
2017-06-05,5.400000095367432,5.420000076293945,5.389999866485596,5.420000076293945,0.685348,-0.36764670434089597
2017-06-06,5.400000095367432,5.46999979019165,5.400000095367432,5.409999847412109,0.014876,-0.18450606533337854
2017-06-07,5.449999809265137,5.46999979019165,5.449999809265137,5.460000038146973,0.079238,0.9242179694104902
2017-06-08,5.460000038146973,5.480000019073486,5.420000076293945,5.480000019073486,0.129484,0.3663000144099149
2017-06-11,5.53000020980835,5.53000020980835,5.409999847412109,5.46999979019165,0.135384,-0.18248592786550555
2017-06-12,5.5,5.5,5.429999828338623,5.429999828338623,0.2119,-0.7312607566229201
2017-06-13,5.420000076293945,5.5,5.409999847412109,5.449999809265137,0.17371,0.3683237856129562
2017-06-14,5.440000057220459,5.449999809265137,5.420000076293945,5.449999809265137,0.05846,0.0
2017-06-15,5.420000076293945,5.449999809265137,5.389999866485596,5.449999809265137,2.181428,0.0
2017-06-18,5.400000095367432,5.449999809265137,5.380000114440918,5.429999828338623,0.405003,-0.36697213993499567
2017-06-19,5.369999885559082,5.420000076293945,5.329999923706055,5.340000152587891,1.465397,-1.6574526444924187
2017-06-20,5.349999904632568,5.409999847412109,5.329999923706055,5.329999923706055,0.78724,-0.1872701984285463
2017-06-21,5.349999904632568,5.400000095367432,5.329999923706055,5.329999923706055,0.046148,0.0
2017-06-22,5.340000152587891,5.349999904632568,5.329999923706055,5.329999923706055,0.130779,0.0
2017-06-25,5.329999923706055,5.329999923706055,5.329999923706055,5.329999923706055,0.0,0.0
2017-06-26,5.329999923706055,5.329999923706055,5.329999923706055,5.329999923706055,0.0,0.0
2017-06-27,5.329999923706055,5.329999923706055,5.329999923706055,5.329999923706055,0.0,0.0
2017-06-28,5.329999923706055,5.329999923706055,5.329999923706055,5.329999923706055,0.0,0.0
2017-06-29,5.329999923706055,5.389999866485596,5.329999923706055,5.349999904632568,0.050686,0.37523416909557294
2017-07-02,5.28000020980835,5.309999942779541,5.28000020980835,5.300000190734863,0.104496,-0.9345741082053105
2017-07-03,5.309999942779541,5.360000133514404,5.309999942779541,5.309999942779541,0.013594,0.18867456009075134
2017-07-04,5.309999942779541,5.320000171661377,5.28000020980835,5.300000190734863,0.277048,-0.18831924957504187
2017-07-05,5.289999961853027,5.300000190734863,5.28000020980835,5.28000020980835,0.115224,-0.3773581171086837
2017-07-06,5.28000020980835,5.28000020980835,5.25,5.25,0.178066,-0.5681857692471315
2017-07-09,5.199999809265137,5.25,5.199999809265137,5.230000019073486,2.135247,-0.3809520176478842
2017-07-10,5.300000190734863,5.349999904632568,5.25,5.25,0.325762,0.382408811731838
2017-07-11,5.239999771118164,5.349999904632568,5.239999771118164,5.340000152587891,0.108388,1.7142886207217156
2017-07-12,5.260000228881836,5.389999866485596,5.260000228881836,5.389999866485596,0.072583,0.9363242035390851
2017-07-13,5.400000095367432,5.400000095367432,5.25,5.320000171661377,0.277893,-1.2986956689826412
2017-07-16,5.360000133514404,5.409999847412109,5.360000133514404,5.389999866485596,0.077527,1.315783694840711
2017-07-17,5.409999847412109,5.429999828338623,5.389999866485596,5.429999828338623,0.0911,0.7421143384760187
2017-07-18,5.420000076293945,5.539999961853027,5.420000076293945,5.46999979019165,0.226184,0.7366475712259124
2017-07-19,5.5,5.510000228881836,5.480000019073486,5.510000228881836,0.643848,0.731269473938756
2017-07-20,5.550000190734863,5.590000152587891,5.53000020980835,5.550000190734863,0.177916,0.7259520905890104
2017-07-23,5.590000152587891,5.590000152587891,5.5,5.539999961853027,1.102462,-0.18018429798489777
2017-07-24,5.5,5.590000152587891,5.5,5.570000171661377,0.139793,0.5415200363704464
2017-07-25,5.590000152587891,5.650000095367432,5.579999923706055,5.599999904632568,0.580212,0.5385948302806476
2017-07-26,5.599999904632568,5.730000019073486,5.599999904632568,5.670000076293945,2.648775,1.2500030866691605
2017-07-27,5.670000076293945,5.75,5.650000095367432,5.699999809265137,1.199773,0.5290958124783751
2017-07-30,5.650000095367432,5.849999904632568,5.650000095367432,5.849999904632568,1.058367,2.6315807085398824
2017-07-31,5.849999904632568,5.900000095367432,5.809999942779541,5.889999866485596,0.296536,0.6837600428224233
2017-08-01,5.889999866485596,5.889999866485596,5.710000038146973,5.840000152587891,0.071854,-0.8488915964532717
2017-08-02,5.71999979019165,5.769999980926514,5.699999809265137,5.699999809265137,0.25866,-2.3972660901509624
2017-08-03,5.75,5.800000190734863,5.699999809265137,5.760000228881836,0.176814,1.0526389758675148
2017-08-06,5.730000019073486,5.760000228881836,5.710000038146973,5.710000038146973,0.506659,-0.8680588324311511
2017-08-07,5.739999771118164,5.760000228881836,5.710000038146973,5.760000228881836,0.404562,0.8756600770722489
2017-08-08,5.760000228881836,5.800000190734863,5.760000228881836,5.78000020980835,0.40509,0.3472218772879509
2017-08-09,5.789999961853027,5.849999904632568,5.699999809265137,5.710000038146973,0.182386,-1.2110755903190218
2017-08-10,5.71999979019165,5.730000019073486,5.699999809265137,5.730000019073486,0.190674,0.3502623606462141
2017-08-13,5.699999809265137,5.829999923706055,5.690000057220459,5.710000038146973,0.245017,-0.3490398055835841
2017-08-14,5.710000038146973,5.710000038146973,5.630000114440918,5.630000114440918,0.333823,-1.4010494425848783
2017-08-15,5.619999885559082,5.789999961853027,5.610000133514404,5.610000133514404,0.10603,-0.3552394408521175
2017-08-16,5.650000095367432,5.679999828338623,5.599999904632568,5.670000076293945,1.413142,1.069517671151177
2017-08-17,5.599999904632568,5.610000133514404,5.510000228881836,5.510000228881836,0.744561,-2.821866759421443
2017-08-20,5.510000228881836,5.550000190734863,5.510000228881836,5.519999980926514,0.025624,0.1814836956314902
2017-08-21,5.53000020980835,5.53000020980835,5.510000228881836,5.519999980926514,0.058124,0.0
2017-08-22,5.519999980926514,5.619999885559082,5.519999980926514,5.599999904632568,0.059,1.4492739851898806
2017-08-23,5.599999904632568,5.610000133514404,5.550000190734863,5.610000133514404,0.135129,0.1785755187881932
2017-08-24,5.579999923706055,5.579999923706055,5.53000020980835,5.550000190734863,0.462534,-1.0695176711511767
2017-08-27,5.539999961853027,5.619999885559082,5.539999961853027,5.539999961853027,0.082019,-0.18018429798489777
2017-08-28,5.539999961853027,5.579999923706055,5.519999980926514,5.579999923706055,0.90581,0.7220209770479435
2017-08-29,5.519999980926514,5.619999885559082,5.519999980926514,5.619999885559082,0.735,0.716845204299954
2017-08-30,5.610000133514404,5.619999885559082,5.610000133514404,5.619999885559082,0.007053,0.0
2017-08-31,5.619999885559082,5.619999885559082,5.619999885559082,5.619999885559082,0.0,0.0
2017-09-03,5.619999885559082,5.619999885559082,5.619999885559082,5.619999885559082,0.0,0.0
2017-09-04,5.53000020980835,5.550000190734863,5.53000020980835,5.550000190734863,0.040618,-1.2455461966126902
2017-09-05,5.550000190734863,5.550000190734863,5.510000228881836,5.53000020980835,0.07762,-0.36036000430957893
2017-09-06,5.519999980926514,5.570000171661377,5.519999980926514,5.550000190734863,0.225758,0.36166329417204324
2017-09-07,5.519999980926514,5.650000095367432,5.519999980926514,5.559999942779541,0.035738,0.18017570632469226
2017-09-10,5.559999942779541,5.559999942779541,5.5,5.510000228881836,0.909984,-0.8992754390696911
2017-09-11,5.510000228881836,5.630000114440918,5.5,5.630000114440918,0.088479,2.1778562717670535
2017-09-12,5.630000114440918,5.659999847412109,5.599999904632568,5.630000114440918,1.716863,0.0
2017-09-13,5.610000133514404,5.630000114440918,5.610000133514404,5.610000133514404,0.004474,-0.3552394408521175
2017-09-14,5.579999923706055,5.579999923706055,5.579999923706055,5.579999923706055,0.006884,-0.5347630854610319
2017-09-17,5.579999923706055,5.579999923706055,5.550000190734863,5.579999923706055,0.570077,0.0
2017-09-18,5.539999961853027,5.599999904632568,5.5,5.559999942779541,1.792249,-0.358422602149977
2017-09-19,5.46999979019165,5.630000114440918,5.46999979019165,5.599999904632568,0.357329,0.7194237817389482
2017-09-20,5.599999904632568,5.599999904632568,5.5,5.5,0.517661,-1.7857126131349377
2017-09-21,5.5,5.5,5.5,5.5,0.0,0.0
2017-09-24,5.449999809265137,5.449999809265137,5.400000095367432,5.400000095367432,0.198571,-1.818180084228516
2017-09-25,5.360000133514404,5.400000095367432,5.360000133514404,5.400000095367432,0.512124,0.0
2017-09-26,5.389999866485596,5.400000095367432,5.360000133514404,5.369999885559082,0.449091,-0.5555594310838297
2017-09-27,5.360000133514404,5.489999771118164,5.349999904632568,5.360000133514404,0.688787,-0.18621512584328093
2017-09-28,5.349999904632568,5.460000038146973,5.349999904632568,5.349999904632568,0.205921,-0.1865714297152321
2017-10-01,5.300000190734863,5.320000171661377,5.300000190734863,5.309999942779541,0.006823,-0.7476628517019468
2017-10-02,5.320000171661377,5.449999809265137,5.320000171661377,5.449999809265137,0.104631,2.636532353940324
2017-10-03,5.340000152587891,5.440000057220459,5.340000152587891,5.400000095367432,0.05562,-0.917425975184516
2017-10-04,5.349999904632568,5.440000057220459,5.349999904632568,5.429999828338623,0.39381,0.5555506007662414
2017-10-05,5.420000076293945,5.440000057220459,5.420000076293945,5.429999828338623,0.607654,0.0
2017-10-08,5.400000095367432,5.400000095367432,5.389999866485596,5.400000095367432,0.116158,-0.5524812876535612
2017-10-09,5.389999866485596,5.429999828338623,5.389999866485596,5.429999828338623,0.220496,0.5555506007662414
2017-10-10,5.460000038146973,5.460000038146973,5.389999866485596,5.449999809265137,0.066944,0.3683237856129562
2017-10-11,5.380000114440918,5.449999809265137,5.349999904632568,5.449999809265137,0.352447,0.0
2017-10-12,5.360000133514404,5.440000057220459,5.349999904632568,5.400000095367432,0.281237,-0.917425975184516
2017-10-15,5.380000114440918,5.440000057220459,5.380000114440918,5.400000095367432,0.056301,0.0
2017-10-16,5.400000095367432,5.409999847412109,5.380000114440918,5.400000095367432,0.051165,0.0
2017-10-17,5.380000114440918,5.380000114440918,5.340000152587891,5.340000152587891,0.240135,-1.111110031850071
2017-10-18,5.340000152587891,5.360000133514404,5.340000152587891,5.349999904632568,0.1668,0.1872612688940123
2017-10-19,5.349999904632568,5.400000095367432,5.349999904632568,5.400000095367432,0.013655,0.934583021049562
2017-10-22,5.309999942779541,5.360000133514404,5.309999942779541,5.340000152587891,0.470551,-1.111110031850071
2017-10-23,5.360000133514404,5.360000133514404,5.309999942779541,5.309999942779541,0.671402,-0.5618016657510938
2017-10-24,5.309999942779541,5.400000095367432,5.309999942779541,5.400000095367432,0.1399,1.6949181460966134
2017-10-25,5.400000095367432,5.400000095367432,5.349999904632568,5.349999904632568,0.128576,-0.9259294417005237
2017-10-26,5.349999904632568,5.389999866485596,5.349999904632568,5.389999866485596,0.379069,0.7476628517019579
2017-10-29,5.400000095367432,5.400000095367432,5.349999904632568,5.389999866485596,0.125612,0.0
2017-10-30,5.400000095367432,5.400000095367432,5.349999904632568,5.360000133514404,0.018081,-0.5565813305066336
2017-10-31,5.360000133514404,5.389999866485596,5.360000133514404,5.389999866485596,0.051928,0.5596964967148566
2017-11-01,5.389999866485596,5.389999866485596,5.369999885559082,5.380000114440918,0.757901,-0.18552416126863536
2017-11-02,5.400000095367432,5.400000095367432,5.380000114440918,5.380000114440918,0.077936,0.0
2017-11-05,5.389999866485596,5.400000095367432,5.340000152587891,5.340000152587891,0.547244,-0.743493698925024
2017-11-06,5.360000133514404,5.360000133514404,5.320000171661377,5.320000171661377,0.463822,-0.3745314673225475
2017-11-07,5.320000171661377,5.329999923706055,5.28000020980835,5.28000020980835,0.930016,-0.7518789579387564
2017-11-08,5.28000020980835,5.300000190734863,5.269999980926514,5.269999980926514,0.528721,-0.1893982667511839
2017-11-09,5.28000020980835,5.300000190734863,5.25,5.25,0.40243,-0.3795062808140126
2017-11-12,5.230000019073486,5.369999885559082,5.230000019073486,5.289999961853027,0.062342,0.7619040352957684
2017-11-13,5.25,5.260000228881836,5.25,5.260000228881836,0.043258,-0.5671027067584822
2017-11-14,5.25,5.269999980926514,5.199999809265137,5.269999980926514,0.820391,0.1901093461891934
2017-11-15,5.199999809265137,5.300000190734863,5.199999809265137,5.300000190734863,0.002562,0.5692639452927528
2017-11-16,5.25,5.260000228881836,4.980000019073486,5.150000095367432,0.879092,-2.8301903767787184
2017-11-19,5.070000171661377,5.150000095367432,5.070000171661377,5.150000095367432,0.193956,0.0
2017-11-20,5.070000171661377,5.110000133514404,5.050000190734863,5.050000190734863,0.989862,-1.9417456850636008
2017-11-21,5.079999923706055,5.079999923706055,5.0,5.050000190734863,1.117429,0.0
2017-11-22,5.050000190734863,5.090000152587891,5.010000228881836,5.059999942779541,1.04463,0.1980148844949347
2017-11-23,5.03000020980835,5.139999866485596,4.980000019073486,5.110000133514404,0.864084,0.98814607312816
2017-11-26,5.010000228881836,5.139999866485596,5.010000228881836,5.039999961853027,0.270989,-1.3698663372291198
2017-11-27,5.03000020980835,5.039999961853027,5.0,5.019999980926514,0.599305,-0.3968250213867152
2017-11-28,4.989999771118164,5.0,4.980000019073486,4.989999771118164,0.358127,-0.5976137434728135
2017-11-29,4.989999771118164,5.0,4.980000019073486,4.989999771118164,0.250347,0.0
2017-11-30,4.989999771118164,4.989999771118164,4.989999771118164,4.989999771118164,0.0,0.0
2017-12-03,4.989999771118164,4.989999771118164,4.989999771118164,4.989999771118164,0.0,0.0
2017-12-04,5.0,5.050000190734863,4.96999979019165,4.989999771118164,0.313983,0.0
2017-12-05,4.989999771118164,5.0,4.980000019073486,4.980000019073486,0.218655,-0.2003958417504447
2017-12-06,4.789999961853027,4.980000019073486,4.789999961853027,4.96999979019165,0.083174,-0.2008078081031095
2017-12-07,4.980000019073486,4.980000019073486,4.940000057220459,4.96999979019165,0.191151,0.0
2017-12-10,4.949999809265137,5.0,4.900000095367432,4.900000095367432,0.692197,-1.4084446233250114
2017-12-11,4.860000133514404,4.960000038146973,4.849999904632568,4.849999904632568,0.525594,-1.0204120359535218
2017-12-12,4.860000133514404,4.960000038146973,4.860000133514404,4.929999828338623,0.83244,1.64948299544585
2017-12-13,4.929999828338623,4.949999809265137,4.920000076293945,4.929999828338623,0.122435,0.0
2017-12-14,4.949999809265137,5.0,4.949999809265137,4.989999771118164,0.071919,1.2170374212723043
2017-12-17,4.96999979019165,5.0,4.940000057220459,5.0,0.956248,0.2004053976057518
2017-12-18,5.010000228881836,5.099999904632568,5.010000228881836,5.050000190734863,1.287096,1.00000381469727
2017-12-19,5.050000190734863,5.050000190734863,5.0,5.0,1.239545,-0.990102749433508
2017-12-20,4.989999771118164,4.989999771118164,4.940000057220459,4.940000057220459,1.47819,-1.1999988555908225
2017-12-21,4.920000076293945,5.0,4.920000076293945,4.960000038146973,0.623136,0.4048579088026693
2017-12-24,4.989999771118164,5.059999942779541,4.989999771118164,5.050000190734863,0.508562,1.8145191914456849
2017-12-25,5.050000190734863,5.050000190734863,4.909999847412109,4.980000019073486,0.0334,-1.3861419607429926
2017-12-26,4.940000057220459,4.989999771118164,4.929999828338623,4.989999771118164,0.278164,0.2007982330598068
2017-12-27,4.949999809265137,4.980000019073486,4.940000057220459,4.980000019073486,0.22014,-0.2003958417504447
2017-12-28,5.0,5.099999904632568,4.980000019073486,5.099999904632568,0.618455,2.40963624697752
2017-12-31,5.099999904632568,5.099999904632568,5.099999904632568,5.099999904632568,0.0,0.0
2018-01-01,5.099999904632568,5.099999904632568,5.099999904632568,5.099999904632568,0.0,0.0
2018-01-02,5.010000228881836,5.130000114440918,5.010000228881836,5.099999904632568,0.316825,0.0
2018-01-03,5.03000020980835,5.139999866485596,5.019999980926514,5.130000114440918,0.138993,0.5882394190066309
2018-01-04,5.090000152587891,5.239999771118164,5.090000152587891,5.239999771118164,0.281558,2.1442427723850965
2018-01-07,5.159999847412109,5.239999771118164,5.159999847412109,5.239999771118164,0.102586,0.0
2018-01-08,5.159999847412109,5.21999979019165,5.159999847412109,5.199999809265137,0.55631,-0.7633580839735754
2018-01-09,5.150000095367432,5.230000019073486,5.150000095367432,5.170000076293945,0.207062,-0.5769179629149024
2018-01-10,5.159999847412109,5.170000076293945,5.159999847412109,5.170000076293945,0.545245,0.0
2018-01-11,5.159999847412109,5.170000076293945,5.159999847412109,5.170000076293945,0.208796,0.0
2018-01-14,5.170000076293945,5.190000057220459,5.130000114440918,5.130000114440918,0.652143,-0.7736936414457607
2018-01-15,5.119999885559082,5.139999866485596,5.110000133514404,5.110000133514404,0.385676,-0.3898631672582975
2018-01-16,5.099999904632568,5.139999866485596,5.079999923706055,5.110000133514404,0.929527,0.0
2018-01-17,5.079999923706055,5.150000095367432,5.079999923706055,5.150000095367432,1.222633,0.7827780980020682
2018-01-18,5.159999847412109,5.179999828338623,5.130000114440918,5.159999847412109,1.268374,0.1941699390194617
2018-01-21,5.159999847412109,5.179999828338623,5.159999847412109,5.170000076293945,0.593431,0.1938028910378975
2018-01-22,5.119999885559082,5.150000095367432,5.099999904632568,5.099999904632568,0.462094,-1.353968484107948
2018-01-23,5.150000095367432,5.150000095367432,5.110000133514404,5.139999866485596,0.264318,0.7843129921766057
2018-01-24,5.150000095367432,5.150000095367432,5.119999885559082,5.139999866485596,0.807595,0.0
2018-01-25,5.119999885559082,5.130000114440918,5.119999885559082,5.130000114440918,0.013227,-0.19454771020286366
2018-01-28,5.139999866485596,5.139999866485596,5.099999904632568,5.099999904632568,0.198739,-0.5847993984229971
2018-01-29,5.099999904632568,5.139999866485596,5.099999904632568,5.130000114440918,0.344784,0.5882394190066309
2018-01-30,5.130000114440918,5.130000114440918,5.099999904632568,5.099999904632568,0.892197,-0.5847993984229971
2018-01-31,5.090000152587891,5.119999885559082,5.070000171661377,5.090000152587891,0.245142,-0.1960735731699636
2018-02-01,5.119999885559082,5.119999885559082,5.079999923706055,5.099999904632568,0.128825,0.196458776913655
2018-02-04,5.090000152587891,5.139999866485596,5.079999923706055,5.079999923706055,0.156124,-0.3921564960883028
2018-02-05,5.079999923706055,5.079999923706055,5.079999923706055,5.079999923706055,0.0,0.0
2018-02-06,5.079999923706055,5.079999923706055,5.059999942779541,5.070000171661377,0.258945,-0.19684551564682629
2018-02-07,5.070000171661377,5.090000152587891,5.050000190734863,5.050000190734863,0.330383,-0.3944769279950466
2018-02-08,5.019999980926514,5.090000152587891,5.0,5.090000152587891,2.795147,0.7920784226189692
2018-02-11,5.079999923706055,5.090000152587891,5.070000171661377,5.090000152587891,0.694303,0.0
2018-02-12,5.010000228881836,5.099999904632568,5.010000228881836,5.070000171661377,0.844686,-0.3929269219441034
2018-02-13,5.070000171661377,5.070000171661377,5.070000171661377,5.070000171661377,0.0,0.0
2018-02-14,5.070000171661377,5.070000171661377,5.070000171661377,5.070000171661377,0.0,0.0
2018-02-15,5.079999923706055,5.119999885559082,5.079999923706055,5.090000152587891,0.090626,0.39447692799505774
2018-02-18,5.099999904632568,5.150000095367432,5.079999923706055,5.150000095367432,0.34829,1.1787807658323102
2018-02-19,5.090000152587891,5.090000152587891,5.090000152587891,5.090000152587891,0.081062,-1.165047411038156
2018-02-20,5.139999866485596,5.139999866485596,5.010000228881836,5.010000228881836,0.498215,-1.5717076877764025
2018-02-21,5.010000228881836,5.010000228881836,5.0,5.0,0.495275,-0.1996053577839385
2018-02-22,5.090000152587891,5.099999904632568,5.0,5.0,0.099524,0.0
2018-02-25,5.03000020980835,5.03000020980835,4.989999771118164,4.989999771118164,0.232809,-0.2000045776367143
2018-02-26,5.0,5.0,4.989999771118164,5.0,0.475819,0.2004053976057518
2018-02-27,5.0,5.0,4.989999771118164,4.989999771118164,0.276409,-0.2000045776367143
2018-02-28,4.989999771118164,5.039999961853027,4.989999771118164,5.0,0.36889,0.2004053976057518
2018-03-01,5.0,5.0,4.980000019073486,5.0,1.005078,0.0
2018-03-04,5.019999980926514,5.019999980926514,5.0,5.010000228881836,0.053487,0.2000045776367143
2018-03-05,4.949999809265137,5.010000228881836,4.949999809265137,5.010000228881836,0.037726,0.0
2018-03-06,5.0,5.010000228881836,5.0,5.010000228881836,0.125164,0.0
2018-03-07,4.980000019073486,5.010000228881836,4.980000019073486,5.010000228881836,0.092366,0.0
2018-03-08,4.980000019073486,5.0,4.980000019073486,5.0,0.091484,-0.1996053577839385
2018-03-11,4.980000019073486,5.019999980926514,4.980000019073486,4.989999771118164,0.090358,-0.2000045776367143
2018-03-12,4.989999771118164,5.0,4.980000019073486,4.980000019073486,0.18451,-0.2003958417504447
2018-03-13,5.050000190734863,5.050000190734863,5.0,5.010000228881836,1.834066,0.6024138492660258
2018-03-14,5.010000228881836,5.050000190734863,5.010000228881836,5.050000190734863,0.15582,0.7984023957211539
2018-03-15,5.010000228881836,5.119999885559082,5.010000228881836,5.110000133514404,0.398875,1.1881176339284538
2018-03-18,5.059999942779541,5.239999771118164,5.059999942779541,5.090000152587891,0.823345,-0.3913890490010341
2018-03-19,5.099999904632568,5.199999809265137,5.099999904632568,5.099999904632568,0.523278,0.196458776913655
2018-03-20,5.090000152587891,5.099999904632568,5.090000152587891,5.099999904632568,1.044239,0.0
2018-03-21,5.090000152587891,5.170000076293945,5.079999923706055,5.099999904632568,0.68944,0.0
2018-03-22,5.110000133514404,5.130000114440918,5.110000133514404,5.110000133514404,0.10086,0.19608292291832807
2018-03-25,5.110000133514404,5.110000133514404,5.079999923706055,5.079999923706055,1.044915,-0.5870882392270516
2018-03-26,5.050000190734863,5.070000171661377,5.0,5.0,1.145412,-1.5748016714081323
2018-03-27,5.0,5.0,4.989999771118164,4.989999771118164,0.938886,-0.2000045776367143
2018-03-28,5.0,5.050000190734863,4.989999771118164,5.0,2.373663,0.2004053976057518
2018-03-29,4.940000057220459,4.940000057220459,4.730000019073486,4.760000228881836,0.745085,-4.7999954223632795
2018-04-01,4.800000190734863,4.889999866485596,4.800000190734863,4.880000114440918,0.048651,2.52100587791928
2018-04-02,4.789999961853027,4.900000095367432,4.78000020980835,4.900000095367432,0.118376,0.40983566511259
2018-04-03,4.980000019073486,4.980000019073486,4.820000171661377,4.900000095367432,0.027932,0.0
2018-04-04,4.900000095367432,4.920000076293945,4.900000095367432,4.909999847412109,0.064809,0.204076568368472
2018-04-05,4.929999828338623,4.989999771118164,4.929999828338623,4.980000019073486,0.21189,1.4256654549240189
2018-04-08,5.0,5.0,4.960000038146973,4.960000038146973,0.337982,-0.4016060411629163
2018-04-09,4.880000114440918,4.989999771118164,4.880000114440918,4.960000038146973,0.252783,0.0
2018-04-10,4.949999809265137,4.960000038146973,4.940000057220459,4.960000038146973,0.152562,0.0
2018-04-11,4.940000057220459,4.949999809265137,4.940000057220459,4.949999809265137,0.065413,-0.2016175162283251
2018-04-12,4.949999809265137,4.949999809265137,4.940000057220459,4.940000057220459,0.169923,-0.2020152006058873
2018-04-15,4.940000057220459,5.0,4.920000076293945,4.960000038146973,0.041231,0.40485790880266936
2018-04-16,4.869999885559082,4.989999771118164,4.869999885559082,4.96999979019165,0.008928,0.2016079025760175
2018-04-17,4.909999847412109,4.989999771118164,4.900000095367432,4.929999828338623,0.196898,-0.8048282402741247
2018-04-18,4.949999809265137,4.949999809265137,4.920000076293945,4.940000057220459,0.151289,0.2028444062888823
2018-04-19,4.949999809265137,4.949999809265137,4.900000095367432,4.929999828338623,0.249723,-0.20243378068830475
2018-04-22,4.929999828338623,4.929999828338623,4.929999828338623,4.929999828338623,0.0,0.0
2018-04-23,4.900000095367432,4.900000095367432,4.880000114440918,4.900000095367432,0.350462,-0.6085138745593244
2018-04-24,4.900000095367432,4.900000095367432,4.869999885559082,4.880000114440918,0.404003,-0.40816286810733127
2018-04-25,4.900000095367432,4.900000095367432,4.880000114440918,4.889999866485596,0.281881,0.2049129469297916
2018-04-26,4.900000095367432,4.920000076293945,4.889999866485596,4.909999847412109,0.741568,0.4089975761264686
2018-04-29,4.929999828338623,4.929999828338623,4.900000095367432,4.909999847412109,0.130987,0.0
2018-04-30,4.920000076293945,4.920000076293945,4.889999866485596,4.900000095367432,0.355,-0.203660944102646
2018-05-01,4.900000095367432,4.920000076293945,4.880000114440918,4.920000076293945,0.201452,0.40816286810732016
2018-05-02,4.929999828338623,4.940000057220459,4.900000095367432,4.900000095367432,0.135,-0.4065036710645509
2018-05-03,4.889999866485596,4.900000095367432,4.860000133514404,4.880000114440918,0.501484,-0.40816286810733127
2018-05-06,4.880000114440918,4.900000095367432,4.880000114440918,4.900000095367432,1.064764,0.40983566511259006
2018-05-07,4.889999866485596,4.889999866485596,4.860000133514404,4.860000133514404,0.276835,-0.8163257362146625
2018-05-08,4.880000114440918,4.880000114440918,4.849999904632568,4.860000133514404,0.989012,0.0
2018-05-09,4.860000133514404,4.860000133514404,4.769999980926514,4.78000020980835,0.402477,-1.6460889199236384
2018-05-10,4.829999923706055,4.829999923706055,4.769999980926514,4.800000190734863,0.248626,0.4184096244488566
2018-05-13,4.800000190734863,4.820000171661377,4.800000190734863,4.809999942779541,0.455648,0.2083281593192376
2018-05-14,4.800000190734863,4.809999942779541,4.789999961853027,4.789999961853027,0.284625,-0.4158000242086568
2018-05-15,4.809999942779541,4.809999942779541,4.789999961853027,4.809999942779541,0.717513,0.4175361395781118
2018-05-16,4.800000190734863,4.820000171661377,4.78000020980835,4.800000190734863,0.558103,-0.2078950553770497
2018-05-17,4.800000190734863,4.809999942779541,4.800000190734863,4.800000190734863,0.211003,0.0
2018-05-20,4.800000190734863,4.800000190734863,4.789999961853027,4.800000190734863,0.102248,0.0
2018-05-21,4.800000190734863,4.820000171661377,4.78000020980835,4.78000020980835,0.364446,-0.4166662527455345
2018-05-22,4.800000190734863,4.800000190734863,4.800000190734863,4.800000190734863,0.484372,0.41840962444885665
2018-05-23,4.800000190734863,4.809999942779541,4.789999961853027,4.809999942779541,0.213568,0.20832815931923765
2018-05-24,4.789999961853027,4.800000190734863,4.789999961853027,4.800000190734863,0.205474,-0.20789505537704978
2018-05-27,4.800000190734863,4.800000190734863,4.789999961853027,4.789999961853027,0.054547,-0.2083380934263079
2018-05-28,4.789999961853027,4.789999961853027,4.78000020980835,4.78000020980835,0.244514,-0.20876309236564916
2018-05-29,4.800000190734863,4.800000190734863,4.769999980926514,4.769999980926514,0.678304,-0.2092098000605946
2018-05-30,4.769999980926514,4.800000190734863,4.769999980926514,4.800000190734863,0.654976,0.6289352186228392
2018-05-31,4.78000020980835,4.889999866485596,4.78000020980835,4.789999961853027,0.381361,-0.2083380934263079
2018-06-03,4.900000095367432,4.900000095367432,4.800000190734863,4.820000171661377,0.009562,0.6263091867905635
2018-06-04,4.829999923706055,4.849999904632568,4.829999923706055,4.849999904632568,0.108545,0.6224010768209443
2018-06-05,4.889999866485596,4.900000095367432,4.849999904632568,4.880000114440918,0.375204,0.6185610391392871
2018-06-06,4.880000114440918,4.880000114440918,4.880000114440918,4.880000114440918,0.026,0.0
2018-06-07,4.860000133514404,4.909999847412109,4.860000133514404,4.880000114440918,0.121779,0.0
2018-06-10,4.900000095367432,4.940000057220459,4.869999885559082,4.900000095367432,0.12101,0.40983566511259006
2018-06-11,4.900000095367432,4.940000057220459,4.900000095367432,4.940000057220459,0.148207,0.8163257362146625
2018-06-12,4.909999847412109,4.960000038146973,4.909999847412109,4.920000076293945,0.097989,-0.40485790880266936
2018-06-13,4.909999847412109,4.949999809265137,4.900000095367432,4.909999847412109,0.283233,-0.20325668143827968
2018-06-14,4.909999847412109,4.909999847412109,4.909999847412109,4.909999847412109,0.0,0.0
2018-06-17,4.909999847412109,4.909999847412109,4.909999847412109,4.909999847412109,0.0,0.0
2018-06-18,4.929999828338623,4.949999809265137,4.929999828338623,4.929999828338623,0.02111,0.4073315997566773
2018-06-19,4.949999809265137,4.949999809265137,4.900000095367432,4.900000095367432,0.045752,-0.6085138745593244
2018-06-20,4.900000095367432,4.920000076293945,4.889999866485596,4.920000076293945,0.084496,0.4081628681073201
2018-06-21,4.900000095367432,4.909999847412109,4.889999866485596,4.900000095367432,1.000543,-0.4065036710645509
2018-06-24,4.900000095367432,4.900000095367432,4.860000133514404,4.860000133514404,0.142032,-0.8163257362146625
2018-06-25,4.880000114440918,4.909999847412109,4.860000133514404,4.900000095367432,0.422522,0.8230444599618192
2018-06-26,4.869999885559082,4.880000114440918,4.869999885559082,4.869999885559082,0.023557,-0.6122491678461905
2018-06-27,4.900000095367432,4.900000095367432,4.869999885559082,4.889999866485596,0.348902,0.41067723606769135
2018-06-28,4.869999885559082,4.889999866485596,4.869999885559082,4.869999885559082,0.112653,-0.4089975761264686
2018-07-01,4.880000114440918,4.949999809265137,4.880000114440918,4.920000076293945,0.18607,1.02669798582804
2018-07-02,4.949999809265137,4.949999809265137,4.929999828338623,4.929999828338623,0.160214,0.2032469896262823
2018-07-03,4.929999828338623,4.949999809265137,4.900000095367432,4.949999809265137,0.1215,0.4056791404241089
2018-07-04,4.900000095367432,4.949999809265137,4.900000095367432,4.920000076293945,0.027428,-0.6060552348919224
2018-07-05,4.920000076293945,4.96999979019165,4.920000076293945,4.96999979019165,0.075731,1.016254331755384
2018-07-08,4.909999847412109,5.039999961853027,4.909999847412109,5.0,0.270583,0.6036259773603003
2018-07-09,4.96999979019165,5.03000020980835,4.96999979019165,5.03000020980835,0.148532,0.6000041961669922
2018-07-10,5.039999961853027,5.139999866485596,5.039999961853027,5.090000152587891,0.342635,1.1928417550071346
2018-07-11,5.079999923706055,5.119999885559082,5.079999923706055,5.119999885559082,0.233315,0.5893856988577584
2018-07-12,5.0,5.110000133514404,5.0,5.059999942779541,0.043136,-1.1718739086063357
2018-07-15,5.0,5.119999885559082,5.0,5.110000133514404,0.04445,0.98814607312816
2018-07-16,5.059999942779541,5.110000133514404,5.059999942779541,5.110000133514404,0.017686,0.0
2018-07-17,5.099999904632568,5.099999904632568,5.070000171661377,5.070000171661377,0.463372,-0.7827780980020682
2018-07-18,5.099999904632568,5.119999885559082,5.079999923706055,5.119999885559082,0.055623,0.986187617451706
2018-07-19,5.119999885559082,5.150000095367432,5.119999885559082,5.130000114440918,0.930319,0.1953169747140437
2018-07-22,5.099999904632568,5.139999866485596,5.099999904632568,5.099999904632568,0.052835,-0.5847993984229971
2018-07-23,5.139999866485596,5.139999866485596,5.099999904632568,5.139999866485596,0.043589,0.7843129921766057
2018-07-24,5.099999904632568,5.150000095367432,5.059999942779541,5.099999904632568,0.362021,-0.778209394786944
2018-07-25,5.099999904632568,5.150000095367432,5.099999904632568,5.150000095367432,0.489348,0.9803959150949337
2018-07-26,5.110000133514404,5.159999847412109,5.110000133514404,5.159999847412109,0.074366,0.19416993901946178
2018-07-29,5.150000095367432,5.159999847412109,5.139999866485596,5.159999847412109,0.05367,0.0
2018-07-30,5.119999885559082,5.159999847412109,5.110000133514404,5.159999847412109,0.09194,0.0
2018-07-31,5.130000114440918,5.179999828338623,5.130000114440918,5.130000114440918,0.057,-0.5813901910527552
2018-08-01,5.130000114440918,5.130000114440918,5.119999885559082,5.119999885559082,0.078346,-0.1949362311646996
2018-08-02,5.190000057220459,5.190000057220459,5.130000114440918,5.159999847412109,0.091918,0.7812492724042164
2018-08-05,5.150000095367432,5.150000095367432,5.150000095367432,5.150000095367432,0.009058,-0.19379365000743443
2018-08-06,5.150000095367432,5.150000095367432,5.130000114440918,5.139999866485596,0.224187,-0.1941791979932494
2018-08-07,5.150000095367432,5.150000095367432,5.119999885559082,5.119999885559082,0.072044,-0.389104697393472
2018-08-08,5.159999847412109,5.159999847412109,5.139999866485596,5.159999847412109,0.303372,0.7812492724042164
2018-08-09,5.170000076293945,5.179999828338623,5.150000095367432,5.150000095367432,0.205,-0.19379365000743443
2018-08-12,5.150000095367432,5.150000095367432,5.099999904632568,5.099999904632568,0.1264,-0.970877472018683
2018-08-13,5.099999904632568,5.150000095367432,5.099999904632568,5.110000133514404,0.039481,0.19608292291832807
2018-08-14,5.110000133514404,5.179999828338623,5.110000133514404,5.159999847412109,0.00158,0.978467956777096
2018-08-15,5.099999904632568,5.110000133514404,5.099999904632568,5.110000133514404,0.08342,-0.9689867320980872
2018-08-16,5.159999847412109,5.159999847412109,5.110000133514404,5.130000114440918,0.033364,0.3913890490010452
2018-08-19,5.119999885559082,5.119999885559082,5.059999942779541,5.059999942779541,0.501124,-1.364525732939592
2018-08-20,5.059999942779541,5.059999942779541,5.059999942779541,5.059999942779541,0.0,0.0
2018-08-21,5.059999942779541,5.059999942779541,5.059999942779541,5.059999942779541,0.0,0.0
2018-08-22,5.059999942779541,5.059999942779541,5.059999942779541,5.059999942779541,0.0,0.0
2018-08-23,5.059999942779541,5.059999942779541,5.059999942779541,5.059999942779541,0.0,0.0
2018-08-26,5.050000190734863,5.050000190734863,5.050000190734863,5.050000190734863,0.015,-0.1976235604300158
2018-08-27,5.050000190734863,5.059999942779541,5.050000190734863,5.059999942779541,0.001866,0.1980148844949347
2018-08-28,5.159999847412109,5.159999847412109,5.090000152587891,5.090000152587891,0.205211,0.5928895286087643
2018-08-29,5.099999904632568,5.179999828338623,5.099999904632568,5.099999904632568,0.06224,0.196458776913655
2018-08-30,5.059999942779541,5.170000076293945,5.059999942779541,5.110000133514404,0.048558,0.19608292291832807
2018-09-02,5.110000133514404,5.150000095367432,5.110000133514404,5.150000095367432,0.106562,0.7827780980020682
2018-09-03,5.099999904632568,5.150000095367432,5.099999904632568,5.099999904632568,0.25338,-0.970877472018683
2018-09-04,5.099999904632568,5.139999866485596,5.099999904632568,5.099999904632568,0.127854,0.0
2018-09-05,5.099999904632568,5.159999847412109,5.099999904632568,5.159999847412109,0.280059,1.1764694882648865
2018-09-06,5.119999885559082,5.159999847412109,5.119999885559082,5.159999847412109,0.191474,0.0
2018-09-09,5.130000114440918,5.170000076293945,5.119999885559082,5.170000076293945,0.529024,0.1938028910378975
2018-09-10,5.170000076293945,5.190000057220459,5.159999847412109,5.179999828338623,0.207517,0.19341879878358448
2018-09-11,5.179999828338623,5.190000057220459,5.170000076293945,5.179999828338623,0.554395,0.0
2018-09-12,5.099999904632568,5.099999904632568,5.050000190734863,5.070000171661377,1.216773,-2.12354556607246
2018-09-13,5.070000171661377,5.070000171661377,5.070000171661377,5.070000171661377,0.0,0.0
2018-09-16,5.03000020980835,5.050000190734863,5.03000020980835,5.03000020980835,0.297418,-0.7889538559901044
2018-09-17,5.03000020980835,5.03000020980835,5.010000228881836,5.019999980926514,0.395662,-0.1988116990996546
2018-09-18,5.010000228881836,5.050000190734863,5.010000228881836,5.039999961853027,0.351679,0.3984059960657982
2018-09-19,5.019999980926514,5.03000020980835,5.019999980926514,5.019999980926514,0.100405,-0.39682502138671527
2018-09-20,5.019999980926514,5.050000190734863,5.019999980926514,5.039999961853027,0.006182,0.3984059960657982
2018-09-23,5.019999980926514,5.059999942779541,5.019999980926514,5.050000190734863,0.347247,0.19841724122076076
2018-09-24,5.039999961853027,5.099999904632568,5.039999961853027,5.050000190734863,1.305126,0.0
2018-09-25,5.03000020980835,5.070000171661377,5.019999980926514,5.03000020980835,1.099562,-0.3960392113094846
2018-09-26,5.019999980926514,5.050000190734863,5.019999980926514,5.03000020980835,0.311262,0.0
2018-09-27,5.019999980926514,5.03000020980835,5.019999980926514,5.03000020980835,0.697062,0.0
2018-09-30,5.03000020980835,5.059999942779541,5.019999980926514,5.03000020980835,0.325275,0.0
2018-10-01,5.010000228881836,5.050000190734863,5.010000228881836,5.010000228881836,0.616952,-0.3976139183357152
2018-10-02,5.010000228881836,5.019999980926514,5.0,5.0,0.55675,-0.1996053577839385
2018-10-03,5.0,5.0,4.96999979019165,4.96999979019165,0.526537,-0.6000041961669922
2018-10-04,5.0,5.0,4.949999809265137,4.949999809265137,0.746509,-0.4024141201370623
2018-10-07,4.949999809265137,4.949999809265137,4.949999809265137,4.949999809265137,0.508699,0.0
2018-10-08,4.949999809265137,4.96999979019165,4.949999809265137,4.960000038146973,0.034987,0.2020248336801478
2018-10-09,4.960000038146973,5.0,4.960000038146973,4.980000019073486,0.731417,0.4032254188043316
2018-10-10,4.96999979019165,4.980000019073486,4.96999979019165,4.96999979019165,0.117015,-0.2008078081031095
2018-10-11,4.960000038146973,4.960000038146973,4.909999847412109,4.909999847412109,0.289592,-1.207242360411198
2018-10-15,4.909999847412109,4.949999809265137,4.900000095367432,4.900000095367432,0.029604,-0.203660944102646
2018-10-16,4.949999809265137,5.0,4.900000095367432,4.900000095367432,0.253136,0.0
2018-10-17,4.889999866485596,4.900000095367432,4.889999866485596,4.900000095367432,0.126419,0.0
2018-10-18,4.900000095367432,4.900000095367432,4.889999866485596,4.889999866485596,0.293734,-0.2040862997388592
2018-10-21,4.889999866485596,4.900000095367432,4.889999866485596,4.889999866485596,0.126371,0.0
2018-10-22,4.900000095367432,4.900000095367432,4.889999866485596,4.889999866485596,0.093777,0.0
2018-10-23,4.889999866485596,4.889999866485596,4.889999866485596,4.889999866485596,0.116945,0.0
2018-10-24,4.880000114440918,4.900000095367432,4.880000114440918,4.900000095367432,0.052022,0.2045036636989294
2018-10-25,4.900000095367432,4.900000095367432,4.880000114440918,4.889999866485596,0.032666,-0.2040862997388592
2018-10-28,4.96999979019165,4.96999979019165,4.880000114440918,4.880000114440918,0.002135,-0.20449391242753912
2018-10-29,4.880000114440918,4.900000095367432,4.880000114440918,4.889999866485596,0.066215,0.20491294692979167
2018-10-30,4.889999866485596,4.900000095367432,4.880000114440918,4.900000095367432,0.122755,0.2045036636989294
2018-10-31,4.900000095367432,4.900000095367432,4.900000095367432,4.900000095367432,0.039695,0.0
2018-11-01,4.900000095367432,4.900000095367432,4.889999866485596,4.900000095367432,0.997666,0.0
2018-11-04,4.900000095367432,4.900000095367432,4.880000114440918,4.900000095367432,0.275468,0.0
2018-11-05,4.900000095367432,4.900000095367432,4.889999866485596,4.900000095367432,0.285058,0.0
2018-11-06,4.889999866485596,4.929999828338623,4.889999866485596,4.929999828338623,0.367654,0.6122394364758144
2018-11-07,4.920000076293945,4.96999979019165,4.920000076293945,4.96999979019165,0.143634,0.8113582808481956
2018-11-08,4.949999809265137,4.980000019073486,4.949999809265137,4.980000019073486,0.51006,0.20121185722323798
2018-11-11,4.960000038146973,4.989999771118164,4.960000038146973,4.989999771118164,0.107496,0.2007982330598068
2018-11-12,4.989999771118164,5.170000076293945,4.989999771118164,5.059999942779541,1.509877,1.402809115674386
2018-11-13,5.019999980926514,5.03000020980835,5.010000228881836,5.03000020980835,0.379317,-0.5928801049494115
2018-11-14,5.010000228881836,5.039999961853027,5.010000228881836,5.039999961853027,0.080562,0.1988022192360716
2018-11-15,5.079999923706055,5.079999923706055,5.0,5.0,0.373415,-0.7936500427734305
2018-11-18,5.0,5.0,5.0,5.0,0.0,0.0
2018-11-19,5.0,5.059999942779541,5.0,5.050000190734863,0.316573,1.00000381469727
2018-11-20,5.050000190734863,5.050000190734863,5.050000190734863,5.050000190734863,0.0,0.0
2018-11-21,5.039999961853027,5.050000190734863,5.0,5.0,0.287952,-0.990102749433508
2018-11-22,4.989999771118164,5.050000190734863,4.989999771118164,5.039999961853027,0.117728,0.7999992370605558
2018-11-25,4.96999979019165,5.010000228881836,4.96999979019165,5.010000228881836,0.05415,-0.5952328015526698
2018-11-26,4.980000019073486,5.050000190734863,4.96999979019165,5.010000228881836,0.336329,0.0
2018-11-27,4.989999771118164,5.0,4.989999771118164,5.0,0.29305,-0.1996053577839385
2018-11-28,5.0,5.0,4.989999771118164,5.0,0.333492,0.0
2018-11-29,4.96999979019165,5.0,4.96999979019165,4.96999979019165,0.155486,-0.6000041961669922
2018-12-02,4.96999979019165,4.96999979019165,4.96999979019165,4.96999979019165,0.0,0.0
2018-12-03,4.96999979019165,4.96999979019165,4.96999979019165,4.96999979019165,0.0,0.0
2018-12-04,5.0,5.0,4.96999979019165,4.96999979019165,1.506729,0.0
2018-12-05,4.960000038146973,5.0,4.960000038146973,5.0,0.017382,0.6036259773603003
2018-12-06,4.960000038146973,4.960000038146973,4.960000038146973,4.960000038146973,0.114487,-0.7999992370605447
2018-12-09,4.929999828338623,4.940000057220459,4.929999828338623,4.940000057220459,0.055542,-0.4032254188043427
2018-12-10,4.929999828338623,4.940000057220459,4.909999847412109,4.920000076293945,0.120574,-0.40485790880266936
2018-12-11,4.920000076293945,5.0,4.920000076293945,4.940000057220459,0.394864,0.406503671064562
2018-12-12,4.940000057220459,4.940000057220459,4.940000057220459,4.940000057220459,0.0,0.0
2018-12-13,4.920000076293945,5.050000190734863,4.920000076293945,4.980000019073486,0.144561,0.8097158176053387
2018-12-16,4.929999828338623,4.940000057220459,4.929999828338623,4.940000057220459,0.343784,-0.8032120823258437
2018-12-17,4.949999809265137,4.949999809265137,4.940000057220459,4.940000057220459,0.043843,0.0
2018-12-18,4.940000057220459,5.0,4.929999828338623,5.0,0.224696,1.2145737264080303
2018-12-19,5.0,5.0,4.949999809265137,5.0,0.11,0.0
2018-12-20,4.920000076293945,5.050000190734863,4.920000076293945,4.940000057220459,0.042319,-1.1999988555908223
2018-12-23,4.940000057220459,4.96999979019165,4.940000057220459,4.940000057220459,0.025073,0.0
2018-12-24,4.989999771118164,4.989999771118164,4.940000057220459,4.96999979019165,0.605537,0.6072820369170451
2018-12-25,4.949999809265137,4.989999771118164,4.949999809265137,4.989999771118164,0.026267,0.4024141201370623
2018-12-26,4.980000019073486,5.019999980926514,4.940000057220459,5.019999980926514,0.334982,0.6012066369619706
2018-12-27,4.949999809265137,5.050000190734863,4.949999809265137,5.039999961853027,0.113248,0.3984059960657982
2018-12-30,4.96999979019165,4.989999771118164,4.96999979019165,4.980000019073486,0.109592,-1.1904750641601458
2018-12-31,4.980000019073486,5.03000020980835,4.949999809265137,5.03000020980835,0.075001,1.0040198904289532
2019-01-01,5.03000020980835,5.03000020980835,5.03000020980835,5.03000020980835,0.0,0.0
2019-01-02,5.039999961853027,5.039999961853027,4.96999979019165,5.039999961853027,0.072,0.1988022192360716
2019-01-03,4.960000038146973,5.019999980926514,4.960000038146973,5.019999980926514,0.011624,-0.39682502138671527
2019-01-06,5.039999961853027,5.039999961853027,4.949999809265137,5.019999980926514,0.062188,0.0
2019-01-07,4.949999809265137,5.0,4.949999809265137,5.0,0.452553,-0.3984059960658093
2019-01-08,4.960000038146973,5.019999980926514,4.960000038146973,5.019999980926514,0.026058,0.3999996185302779
2019-01-09,5.0,5.010000228881836,5.0,5.0,0.430055,-0.3984059960658093
2019-01-10,5.010000228881836,5.010000228881836,5.0,5.0,0.013496,0.0
2019-01-13,5.03000020980835,5.070000171661377,5.019999980926514,5.070000171661377,0.332111,1.400003433227548
2019-01-14,5.010000228881836,5.070000171661377,5.010000228881836,5.070000171661377,0.1,0.0
2019-01-15,5.010000228881836,5.070000171661377,5.010000228881836,5.050000190734863,0.055921,-0.3944769279950466
2019-01-16,5.03000020980835,5.050000190734863,5.03000020980835,5.050000190734863,0.20839,0.0
2019-01-17,5.050000190734863,5.070000171661377,5.039999961853027,5.059999942779541,0.453726,0.1980148844949347
2019-01-20,5.050000190734863,5.059999942779541,5.050000190734863,5.050000190734863,0.006663,-0.19762356043001583
2019-01-21,5.070000171661377,5.099999904632568,5.070000171661377,5.070000171661377,0.091243,0.3960392113094846
2019-01-22,5.039999961853027,5.099999904632568,5.03000020980835,5.099999904632568,0.392603,0.5917106894566704
2019-01-23,5.03000020980835,5.059999942779541,5.03000020980835,5.03000020980835,0.3895,-1.372543061434861
2019-01-24,5.019999980926514,5.039999961853027,5.019999980926514,5.039999961853027,0.025473,0.19880221923607166
2019-01-27,5.050000190734863,5.059999942779541,5.039999961853027,5.059999942779541,0.004391,0.39682502138671527
2019-01-28,5.03000020980835,5.150000095367432,5.03000020980835,5.090000152587891,0.022914,0.5928895286087643
2019-01-29,5.090000152587891,5.130000114440918,5.090000152587891,5.090000152587891,0.181166,0.0
2019-01-30,5.099999904632568,5.099999904632568,5.090000152587891,5.090000152587891,0.113539,0.0
2019-01-31,5.079999923706055,5.119999885559082,5.070000171661377,5.119999885559082,0.070362,0.5893856988577584
2019-02-03,5.050000190734863,5.079999923706055,5.050000190734863,5.079999923706055,0.193957,-0.7812492724042275
2019-02-04,5.059999942779541,5.079999923706055,5.059999942779541,5.079999923706055,0.347666,0.0
2019-02-05,5.070000171661377,5.070000171661377,5.070000171661377,5.070000171661377,0.046124,-0.1968455156468262
2019-02-06,5.070000171661377,5.070000171661377,5.070000171661377,5.070000171661377,0.005058,0.0
2019-02-07,5.099999904632568,5.099999904632568,5.059999942779541,5.079999923706055,0.012378,0.1972337614616126
2019-02-10,5.070000171661377,5.079999923706055,5.070000171661377,5.070000171661377,0.211506,-0.1968455156468262
2019-02-11,5.059999942779541,5.070000171661377,5.059999942779541,5.070000171661377,0.048362,0.0
2019-02-12,5.079999923706055,5.079999923706055,5.059999942779541,5.079999923706055,0.191124,0.19723376146161264
2019-02-13,5.059999942779541,5.079999923706055,5.059999942779541,5.079999923706055,0.051562,0.0
2019-02-14,5.059999942779541,5.079999923706055,5.059999942779541,5.079999923706055,0.19333,0.0
2019-02-17,5.050000190734863,5.050000190734863,5.019999980926514,5.050000190734863,0.680562,-0.590545933498865
2019-02-18,5.03000020980835,5.039999961853027,5.03000020980835,5.039999961853027,0.064716,-0.19802432681454984
2019-02-19,5.059999942779541,5.079999923706055,5.050000190734863,5.059999942779541,0.028661,0.39682502138671527
2019-02-20,5.059999942779541,5.059999942779541,5.059999942779541,5.059999942779541,0.0,0.0
2019-02-21,5.099999904632568,5.099999904632568,5.070000171661377,5.090000152587891,0.72155,0.5928895286087643
2019-02-24,5.070000171661377,5.090000152587891,5.059999942779541,5.059999942779541,0.268905,-0.5893950669745407
2019-02-25,5.059999942779541,5.070000171661377,5.059999942779541,5.070000171661377,0.1307,0.1976329840893687
2019-02-26,5.050000190734863,5.059999942779541,5.039999961853027,5.059999942779541,0.391124,-0.1972431665334451
2019-02-27,5.039999961853027,5.050000190734863,5.03000020980835,5.039999961853027,0.439436,-0.3952565445193956
2019-02-28,5.050000190734863,5.079999923706055,5.039999961853027,5.050000190734863,0.217723,0.19841724122076076
2019-03-03,5.039999961853027,5.050000190734863,5.039999961853027,5.050000190734863,0.094394,0.0
2019-03-04,5.050000190734863,5.059999942779541,5.050000190734863,5.059999942779541,0.07281,0.19801488449493476
2019-03-05,5.059999942779541,5.070000171661377,5.050000190734863,5.050000190734863,0.0396,-0.19762356043001583
2019-03-06,5.050000190734863,5.079999923706055,5.050000190734863,5.079999923706055,0.108657,0.5940540958044194
2019-03-07,5.059999942779541,5.090000152587891,5.039999961853027,5.090000152587891,0.187023,0.1968549022052013
2019-03-10,5.03000020980835,5.070000171661377,5.03000020980835,5.03000020980835,0.014602,-1.1787807658323102
2019-03-11,5.03000020980835,5.090000152587891,5.03000020980835,5.070000171661377,1.234909,0.7952278366714305
2019-03-12,5.059999942779541,5.099999904632568,5.050000190734863,5.079999923706055,0.317287,0.19723376146161264
2019-03-13,5.039999961853027,5.110000133514404,5.039999961853027,5.059999942779541,0.107658,-0.3937004178520276
2019-03-14,5.050000190734863,5.099999904632568,5.050000190734863,5.090000152587891,0.063864,0.5928895286087643
2019-03-17,5.090000152587891,5.090000152587891,5.090000152587891,5.090000152587891,0.005,0.0
2019-03-18,5.070000171661377,5.150000095367432,5.070000171661377,5.110000133514404,0.334628,0.3929269219441034
2019-03-19,5.150000095367432,5.199999809265137,5.150000095367432,5.199999809265137,0.827925,1.7612460547791642
2019-03-20,5.210000038146973,5.349999904632568,5.199999809265137,5.349999904632568,1.387359,2.884617324411587
2019-03-21,5.349999904632568,5.349999904632568,5.260000228881836,5.300000190734863,0.637349,-0.9345741082053104
2019-03-24,5.320000171661377,5.389999866485596,5.300000190734863,5.320000171661377,0.219109,0.3773581171086837
2019-03-25,5.309999942779541,5.309999942779541,5.300000190734863,5.300000190734863,0.126916,-0.3759394789693782
2019-03-26,5.389999866485596,5.400000095367432,5.300000190734863,5.300000190734863,0.332888,0.0
2019-03-27,5.300000190734863,5.300000190734863,5.300000190734863,5.300000190734863,0.51057,0.0
2019-03-28,5.21999979019165,5.300000190734863,5.21999979019165,5.230000019073486,0.440158,-1.3207579083439835
2019-03-31,5.25,5.349999904632568,5.25,5.25,0.569689,0.382408811731838
2019-04-01,5.349999904632568,5.349999904632568,5.25,5.349999904632568,0.565556,1.9047600882393878
2019-04-02,5.289999961853027,5.349999904632568,5.260000228881836,5.340000152587891,2.312622,-0.1869112565033637
2019-04-03,5.260000228881836,5.340000152587891,5.260000228881836,5.340000152587891,0.401086,0.0
2019-04-04,5.239999771118164,5.239999771118164,5.0,5.190000057220459,0.634037,-2.8089904696863788
2019-04-07,5.099999904632568,5.179999828338623,5.099999904632568,5.110000133514404,0.020969,-1.541424331869834
2019-04-08,5.059999942779541,5.110000133514404,5.059999942779541,5.059999942779541,0.029258,-0.9784772882280857
2019-04-09,5.059999942779541,5.139999866485596,5.050000190734863,5.139999866485596,0.271503,1.5810261780775825
2019-04-10,5.070000171661377,5.079999923706055,5.070000171661377,5.079999923706055,0.11605,-1.167314092180416
2019-04-11,5.079999923706055,5.079999923706055,5.059999942779541,5.070000171661377,0.179654,-0.19684551564682629
2019-04-14,5.059999942779541,5.099999904632568,5.059999942779541,5.070000171661377,0.393024,0.0
2019-04-15,5.070000171661377,5.090000152587891,5.070000171661377,5.090000152587891,0.054218,0.39447692799505774
2019-04-16,5.110000133514404,5.110000133514404,5.079999923706055,5.079999923706055,0.159877,-0.1964681450304373
2019-04-17,5.079999923706055,5.110000133514404,5.070000171661377,5.110000133514404,0.211562,0.5905553200572289
2019-04-18,5.110000133514404,5.110000133514404,5.099999904632568,5.110000133514404,0.078562,0.0
2019-04-21,5.059999942779541,5.150000095367432,5.059999942779541,5.150000095367432,0.618629,0.7827780980020682
2019-04-22,5.139999866485596,5.179999828338623,5.130000114440918,5.150000095367432,0.857349,0.0
2019-04-23,5.150000095367432,5.170000076293945,5.150000095367432,5.170000076293945,0.176059,0.3883491370127112
2019-04-24,5.099999904632568,5.119999885559082,5.090000152587891,5.099999904632568,1.353872,-1.353968484107948
2019-04-25,5.079999923706055,5.099999904632568,5.079999923706055,5.099999904632568,1.965459,0.0
2019-04-28,5.139999866485596,5.139999866485596,5.079999923706055,5.099999904632568,0.123705,0.0
2019-04-29,5.079999923706055,5.150000095367432,5.079999923706055,5.099999904632568,0.396038,0.0
2019-04-30,5.099999904632568,5.110000133514404,5.090000152587891,5.090000152587891,0.258537,-0.1960735731699636
2019-05-01,5.090000152587891,5.090000152587891,5.090000152587891,5.090000152587891,0.024292,0.0
2019-05-02,5.099999904632568,5.130000114440918,5.099999904632568,5.119999885559082,0.631766,0.5893856988577584
2019-05-05,5.119999885559082,5.139999866485596,5.119999885559082,5.139999866485596,0.171822,0.3906246362021193
2019-05-06,5.099999904632568,5.139999866485596,5.099999904632568,5.130000114440918,0.1595,-0.19454771020286366
2019-05-07,5.119999885559082,5.139999866485596,5.099999904632568,5.099999904632568,0.153742,-0.5847993984229971
2019-05-08,5.099999904632568,5.119999885559082,5.099999904632568,5.119999885559082,0.014625,0.3921564960883028
2019-05-09,5.119999885559082,5.130000114440918,5.099999904632568,5.099999904632568,0.104143,-0.3906246362021082
2019-05-12,5.110000133514404,5.110000133514404,5.099999904632568,5.099999904632568,0.091576,0.0
2019-05-13,5.099999904632568,5.110000133514404,5.039999961853027,5.050000190734863,0.898111,-0.9803865653465582
2019-05-14,5.070000171661377,5.099999904632568,5.050000190734863,5.099999904632568,0.24518,0.990093307113904
2019-05-15,5.070000171661377,5.119999885559082,5.070000171661377,5.119999885559082,0.269998,0.39215649608830283
2019-05-16,5.059999942779541,5.119999885559082,5.059999942779541,5.119999885559082,0.716042,0.0
2019-05-19,5.059999942779541,5.059999942779541,5.039999961853027,5.050000190734863,0.112664,-1.3671815700944112
2019-05-20,5.050000190734863,5.050000190734863,5.039999961853027,5.039999961853027,0.108059,-0.19802432681454984
2019-05-21,5.039999961853027,5.039999961853027,5.0,5.0,0.16864,-0.7936500427734305
2019-05-22,5.010000228881836,5.090000152587891,5.010000228881836,5.050000190734863,0.030014,1.00000381469727
2019-05-23,5.019999980926514,5.099999904632568,5.019999980926514,5.050000190734863,0.165486,0.0
2019-05-26,5.03000020980835,5.050000190734863,5.010000228881836,5.03000020980835,0.177387,-0.3960392113094846
2019-05-27,5.019999980926514,5.019999980926514,5.019999980926514,5.019999980926514,0.00379,-0.19881169909965468
2019-05-28,5.090000152587891,5.090000152587891,5.019999980926514,5.03000020980835,0.092092,0.1992077474070042
2019-05-29,5.03000020980835,5.03000020980835,5.03000020980835,5.03000020980835,0.0,0.0
2019-05-30,5.03000020980835,5.03000020980835,5.010000228881836,5.019999980926514,0.306012,-0.19881169909965468
2019-06-02,5.019999980926514,5.019999980926514,5.019999980926514,5.019999980926514,0.0,0.0
2019-06-03,5.019999980926514,5.019999980926514,5.019999980926514,5.019999980926514,0.0,0.0
2019-06-04,5.019999980926514,5.019999980926514,5.019999980926514,5.019999980926514,0.0,0.0
2019-06-05,5.019999980926514,5.019999980926514,5.019999980926514,5.019999980926514,0.0,0.0
2019-06-06,5.019999980926514,5.019999980926514,5.019999980926514,5.019999980926514,0.0,0.0
2019-06-09,5.039999961853027,5.039999961853027,5.039999961853027,5.039999961853027,0.0077,0.3984059960657982
2019-06-10,5.079999923706055,5.079999923706055,5.050000190734863,5.050000190734863,0.010139,0.1984172412207607
2019-06-11,5.03000020980835,5.099999904632568,5.010000228881836,5.090000152587891,0.129254,0.7920784226189692
2019-06-12,5.050000190734863,5.050000190734863,5.03000020980835,5.03000020980835,0.789936,-1.1787807658323102
2019-06-13,5.019999980926514,5.03000020980835,5.019999980926514,5.019999980926514,0.039124,-0.19881169909965468
2019-06-16,5.079999923706055,5.079999923706055,5.0,5.0,0.586224,-0.3984059960658093
2019-06-17,5.050000190734863,5.079999923706055,5.050000190734863,5.050000190734863,0.081,1.00000381469727
2019-06-18,5.090000152587891,5.099999904632568,5.050000190734863,5.070000171661377,0.328182,0.3960392113094846
2019-06-19,5.070000171661377,5.099999904632568,5.070000171661377,5.099999904632568,0.016052,0.5917106894566704
2019-06-20,5.079999923706055,5.139999866485596,5.079999923706055,5.139999866485596,0.278742,0.7843129921766057
2019-06-23,5.079999923706055,5.150000095367432,5.079999923706055,5.150000095367432,0.002682,0.1945569871906194
2019-06-24,5.090000152587891,5.099999904632568,5.090000152587891,5.099999904632568,0.831088,-0.970877472018683
2019-06-25,5.099999904632568,5.099999904632568,5.099999904632568,5.099999904632568,0.052999,0.0
2019-06-26,5.099999904632568,5.099999904632568,5.099999904632568,5.099999904632568,0.000562,0.0
2019-06-27,5.099999904632568,5.150000095367432,5.099999904632568,5.150000095367432,0.245951,0.9803959150949337
2019-06-30,5.170000076293945,5.170000076293945,5.150000095367432,5.150000095367432,0.090412,0.0
2019-07-01,5.150000095367432,5.179999828338623,5.150000095367432,5.159999847412109,0.122093,0.1941699390194617
2019-07-02,5.150000095367432,5.170000076293945,5.150000095367432,5.150000095367432,0.165841,-0.19379365000743443
2019-07-03,5.170000076293945,5.170000076293945,5.159999847412109,5.170000076293945,0.131266,0.3883491370127112
2019-07-04,5.159999847412109,5.170000076293945,5.150000095367432,5.150000095367432,0.158644,-0.3868468207228859
2019-07-07,5.150000095367432,5.179999828338623,5.150000095367432,5.170000076293945,0.331697,0.38834913701271123
2019-07-08,5.150000095367432,5.170000076293945,5.150000095367432,5.159999847412109,0.230934,-0.1934280219393014
2019-07-09,5.150000095367432,5.179999828338623,5.150000095367432,5.179999828338623,0.228416,0.3875965410453208
2019-07-10,5.159999847412109,5.159999847412109,5.150000095367432,5.150000095367432,0.008872,-0.5791454433467291
2019-07-11,5.150000095367432,5.150000095367432,5.150000095367432,5.150000095367432,0.0,0.0
2019-07-14,5.150000095367432,5.199999809265137,5.150000095367432,5.190000057220459,0.160872,0.7766982740254447
2019-07-15,5.190000057220459,5.269999980926514,5.190000057220459,5.260000228881836,0.699447,1.348750884192973
2019-07-16,5.210000038146973,5.309999942779541,5.210000038146973,5.300000190734863,1.191562,0.7604555154464343
2019-07-17,5.25,5.380000114440918,5.25,5.300000190734863,1.067129,0.0
2019-07-18,5.400000095367432,5.449999809265137,5.340000152587891,5.400000095367432,1.429795,1.8867905855434184
2019-07-21,5.320000171661377,5.5,5.320000171661377,5.449999809265137,0.705535,0.9259206113829244
2019-07-22,5.389999866485596,5.599999904632568,5.389999866485596,5.510000228881836,1.426918,1.1009251691109556
2019-07-23,5.5,5.610000133514404,5.460000038146973,5.610000133514404,0.450947,1.8148802264725372
2019-07-24,5.510000228881836,5.610000133514404,5.5,5.610000133514404,2.244132,0.0
2019-07-25,5.610000133514404,5.610000133514404,5.510000228881836,5.510000228881836,0.270038,-1.782529451918624
2019-07-28,5.510000228881836,5.619999885559082,5.510000228881836,5.610000133514404,0.467259,1.8148802264725372
2019-07-29,5.610000133514404,5.610000133514404,5.539999961853027,5.590000152587891,0.055811,-0.3565058903837292
2019-07-30,5.550000190734863,5.610000133514404,5.550000190734863,5.559999942779541,0.117935,-0.5366763683264164
2019-07-31,5.559999942779541,5.599999904632568,5.559999942779541,5.579999923706055,0.234982,0.3597118908694741
2019-08-01,5.519999980926514,5.599999904632568,5.519999980926514,5.599999904632568,0.171018,0.358422602149977
2019-08-04,5.599999904632568,5.599999904632568,5.559999942779541,5.590000152587891,0.171517,-0.1785670038387921
2019-08-05,5.53000020980835,5.53000020980835,5.5,5.5,0.028562,-1.6100205747977547
2019-08-06,5.5,5.5,5.449999809265137,5.5,0.178524,0.0
2019-08-07,5.5,5.699999809265137,5.5,5.619999885559082,0.479181,2.1818161010742188
2019-08-08,5.599999904632568,5.619999885559082,5.599999904632568,5.599999904632568,0.443758,-0.3558715539817902
2019-08-11,5.599999904632568,5.599999904632568,5.599999904632568,5.599999904632568,0.0,0.0
2019-08-12,5.599999904632568,5.599999904632568,5.599999904632568,5.599999904632568,0.0,0.0
2019-08-13,5.599999904632568,5.599999904632568,5.599999904632568,5.599999904632568,0.0,0.0
2019-08-14,5.650000095367432,5.659999847412109,5.650000095367432,5.650000095367432,0.033257,0.8928605640421639
2019-08-15,5.53000020980835,5.53000020980835,5.53000020980835,5.53000020980835,0.010642,-2.1238917439571847
2019-08-18,5.5,5.650000095367432,5.5,5.599999904632568,0.26,1.2658172182355987
2019-08-19,5.510000228881836,5.650000095367432,5.510000228881836,5.590000152587891,0.387696,-0.1785670038387921
2019-08-20,5.5,5.639999866485596,5.5,5.5,0.892297,-1.6100205747977547
2019-08-21,5.5,5.599999904632568,5.5,5.599999904632568,0.152911,1.8181800842285156
2019-08-22,5.5,5.550000190734863,5.5,5.519999980926514,0.07895,-1.4285700905079524
2019-08-25,5.550000190734863,5.579999923706055,5.449999809265137,5.460000038146973,0.511976,-1.086955488892416
2019-08-26,5.420000076293945,5.449999809265137,5.420000076293945,5.449999809265137,0.103581,-0.1831543738455732
2019-08-27,5.449999809265137,5.449999809265137,5.429999828338623,5.449999809265137,0.676365,0.0
2019-08-28,5.400000095367432,5.519999980926514,5.400000095367432,5.519999980926514,0.003124,1.2844068644254802
2019-08-29,5.519999980926514,5.519999980926514,5.449999809265137,5.449999809265137,0.102292,-1.2681190562183198
2019-09-01,5.449999809265137,5.449999809265137,5.449999809265137,5.449999809265137,0.0,0.0
2019-09-02,5.5,5.800000190734863,5.5,5.75,2.382669,5.504590848330948
2019-09-03,5.699999809265137,5.75,5.679999828338623,5.679999828338623,0.583637,-1.217394289763074
2019-09-04,5.670000076293945,5.710000038146973,5.659999847412109,5.659999847412109,0.118874,-0.3521123508970825
2019-09-05,5.670000076293945,5.75,5.670000076293945,5.730000019073486,0.43158,1.2367521828358763
2019-09-08,5.730000019073486,5.730000019073486,5.710000038146973,5.730000019073486,0.021195,0.0
2019-09-09,5.730000019073486,5.760000228881836,5.710000038146973,5.739999771118164,0.065136,0.1745157419090981
2019-09-10,5.75,5.75,5.599999904632568,5.670000076293945,0.301812,-1.219506927098413
2019-09-11,5.650000095367432,5.650000095367432,5.650000095367432,5.650000095367432,0.031686,-0.3527333449276804
2019-09-12,5.650000095367432,5.690000057220459,5.599999904632568,5.690000057220459,0.163094,0.7079639146523986
2019-09-15,5.650000095367432,5.659999847412109,5.599999904632568,5.610000133514404,0.09047,-1.4059740404490317
2019-09-16,5.610000133514404,5.650000095367432,5.610000133514404,5.639999866485596,0.153101,0.5347545856901448
2019-09-17,5.610000133514404,5.650000095367432,5.610000133514404,5.619999885559082,0.225945,-0.3546095992902232
2019-09-18,5.619999885559082,5.679999828338623,5.619999885559082,5.679999828338623,0.504018,1.0676146619453597
2019-09-19,5.690000057220459,5.739999771118164,5.690000057220459,5.739999771118164,0.261442,1.0563370526912583
2019-09-22,5.739999771118164,5.75,5.739999771118164,5.75,0.121896,0.174220022310001
2019-09-23,5.610000133514404,5.639999866485596,5.610000133514404,5.639999866485596,0.002066,-1.9130458002505124
2019-09-24,5.619999885559082,5.639999866485596,5.619999885559082,5.639999866485596,0.007766,0.0
2019-09-25,5.639999866485596,5.639999866485596,5.5,5.579999923706055,0.101686,-1.0638287978706695
2019-09-26,5.579999923706055,5.599999904632568,5.579999923706055,5.590000152587891,0.090808,0.1792155738094436
2019-09-29,5.590000152587891,5.599999904632568,5.590000152587891,5.599999904632568,0.024224,0.17888643598780174
2019-09-30,5.599999904632568,5.699999809265137,5.599999904632568,5.610000133514404,0.009026,0.1785755187881932
2019-10-01,5.619999885559082,5.619999885559082,5.599999904632568,5.599999904632568,0.130816,-0.1782571950773026
2019-10-02,5.5,5.690000057220459,5.5,5.579999923706055,0.017916,-0.3571425226269853
2019-10-03,5.590000152587891,5.630000114440918,5.590000152587891,5.590000152587891,0.567496,0.1792155738094436
2019-10-06,5.630000114440918,5.630000114440918,5.590000152587891,5.599999904632568,0.245308,0.17888643598780174
2019-10-07,5.630000114440918,5.630000114440918,5.510000228881836,5.599999904632568,0.219632,0.0
2019-10-08,5.53000020980835,5.630000114440918,5.53000020980835,5.559999942779541,0.018392,-0.7142850452539706
2019-10-09,5.550000190734863,5.599999904632568,5.550000190734863,5.550000190734863,0.091948,-0.17985165733075403
2019-10-10,5.519999980926514,5.650000095367432,5.519999980926514,5.650000095367432,0.05511,1.8018000215478835
2019-10-13,5.550000190734863,5.650000095367432,5.550000190734863,5.550000190734863,0.018808,-1.7699097866309854
2019-10-14,5.519999980926514,5.570000171661377,5.519999980926514,5.559999942779541,0.013075,0.18017570632469226
2019-10-15,5.650000095367432,5.650000095367432,5.550000190734863,5.650000095367432,0.207458,1.6187077970166053
2019-10-16,5.559999942779541,5.650000095367432,5.559999942779541,5.650000095367432,0.323,0.0
2019-10-17,5.579999923706055,5.690000057220459,5.579999923706055,5.690000057220459,0.31984,0.7079639146523986
2019-10-20,5.579999923706055,5.599999904632568,5.579999923706055,5.599999904632568,0.123024,-1.581724985638322
2019-10-21,5.550000190734863,5.670000076293945,5.550000190734863,5.670000076293945,0.261314,1.2500030866691605
2019-10-22,5.659999847412109,5.699999809265137,5.570000171661377,5.699999809265137,0.407376,0.5290958124783751
2019-10-23,5.699999809265137,5.699999809265137,5.630000114440918,5.699999809265137,0.015124,0.0
2019-10-24,5.699999809265137,5.699999809265137,5.630000114440918,5.639999866485596,0.01181,-1.0526306103030625
2019-10-27,5.699999809265137,5.699999809265137,5.630000114440918,5.650000095367432,0.025719,0.1773090269249877
2019-10-28,5.650000095367432,5.650000095367432,5.650000095367432,5.650000095367432,0.548319,0.0
2019-10-29,5.610000133514404,5.630000114440918,5.610000133514404,5.619999885559082,0.046725,-0.5309771557870824
2019-10-30,5.590000152587891,5.599999904632568,5.25,5.510000228881836,0.978403,-1.95728930457626
2019-10-31,5.53000020980835,5.599999904632568,5.510000228881836,5.599999904632568,0.113352,1.6333878768095111
2019-11-03,5.480000019073486,5.599999904632568,5.480000019073486,5.599999904632568,0.007715,0.0
2019-11-04,5.550000190734863,5.550000190734863,5.400000095367432,5.400000095367432,0.24623,-3.5714252262698754
2019-11-05,5.400000095367432,5.420000076293945,5.400000095367432,5.400000095367432,0.480562,0.0
2019-11-06,5.400000095367432,5.400000095367432,5.400000095367432,5.400000095367432,0.010607,0.0
2019-11-07,5.400000095367432,5.429999828338623,5.400000095367432,5.420000076293945,0.072824,0.3703700106166829
2019-11-10,5.409999847412109,5.409999847412109,5.400000095367432,5.400000095367432,0.1164,-0.36900333293332643
2019-11-11,5.400000095367432,5.400000095367432,5.380000114440918,5.400000095367432,0.264982,0.0
2019-11-12,5.380000114440918,5.420000076293945,5.369999885559082,5.400000095367432,0.153682,0.0
2019-11-13,5.400000095367432,5.409999847412109,5.400000095367432,5.409999847412109,0.017984,0.18518059014955845
2019-11-14,5.409999847412109,5.449999809265137,5.400000095367432,5.449999809265137,0.106744,0.7393708499300766
2019-11-17,5.449999809265137,5.449999809265137,5.420000076293945,5.449999809265137,0.031934,0.0
2019-11-18,5.429999828338623,5.480000019073486,5.429999828338623,5.480000019073486,0.010562,0.5504625845554889
2019-11-19,5.429999828338623,5.550000190734863,5.429999828338623,5.5,0.294206,0.36496315432303916
2019-11-20,5.579999923706055,5.579999923706055,5.510000228881836,5.510000228881836,0.044116,0.1818223433061039
2019-11-21,5.46999979019165,5.480000019073486,5.460000038146973,5.480000019073486,0.132662,-0.5444683949575424
2019-11-24,5.480000019073486,5.480000019073486,5.480000019073486,5.480000019073486,0.000562,0.0
2019-11-25,5.480000019073486,5.480000019073486,5.480000019073486,5.480000019073486,0.000562,0.0
2019-11-26,5.519999980926514,5.519999980926514,5.460000038146973,5.46999979019165,0.371805,-0.18248592786550555
2019-11-27,5.46999979019165,5.5,5.46999979019165,5.489999771118164,0.14813,0.3656303783114545
2019-11-28,5.46999979019165,5.5,5.46999979019165,5.5,0.075642,0.1821535391393958
2019-12-01,5.5,5.5,5.5,5.5,0.0,0.0
2019-12-02,5.5,5.5,5.5,5.5,0.0,0.0
2019-12-03,5.5,5.5,5.5,5.5,0.0,0.0
2019-12-04,5.5,5.5,5.5,5.5,0.0,0.0
2019-12-05,5.460000038146973,5.480000019073486,5.460000038146973,5.46999979019165,0.635602,-0.545458360151807
2019-12-08,5.460000038146973,5.550000190734863,5.460000038146973,5.5,0.648077,0.5484499261251052
2019-12-09,5.5,5.5,5.5,5.5,0.0,0.0
2019-12-10,5.5,5.5,5.5,5.5,0.0,0.0
2019-12-11,5.5,5.5,5.5,5.5,0.0,0.0
2019-12-12,5.5,5.5,5.5,5.5,0.0,0.0
2019-12-15,5.5,5.5,5.5,5.5,0.0,0.0
2019-12-16,5.550000190734863,5.599999904632568,5.460000038146973,5.460000038146973,0.01301,-0.7272720336914062
2019-12-17,5.5,5.599999904632568,5.5,5.599999904632568,0.111766,2.564100100869404
2019-12-18,5.599999904632568,5.619999885559082,5.559999942779541,5.619999885559082,0.189372,0.3571425226269964
2019-12-19,5.639999866485596,5.639999866485596,5.559999942779541,5.610000133514404,0.390269,-0.1779315346673304
2019-12-22,5.53000020980835,5.639999866485596,5.5,5.639999866485596,0.189787,0.5347545856901448
2019-12-23,5.590000152587891,5.610000133514404,5.510000228881836,5.599999904632568,1.317164,-0.7092191985804464
2019-12-24,5.519999980926514,5.599999904632568,5.519999980926514,5.599999904632568,0.264407,0.0
2019-12-25,5.519999980926514,5.519999980926514,5.519999980926514,5.519999980926514,0.007575,-1.4285700905079524
2019-12-26,5.519999980926514,5.599999904632568,5.519999980926514,5.53000020980835,0.02805,0.18116356732591488
2019-12-29,5.599999904632568,5.699999809265137,5.25,5.539999961853027,11.90425,0.18082733571946896
2019-12-30,5.539999961853027,5.550000190734863,5.539999961853027,5.539999961853027,0.014221,0.0
2019-12-31,5.539999961853027,5.539999961853027,5.519999980926514,5.519999980926514,0.010562,-0.3610104885239718
2020-01-01,5.519999980926514,5.519999980926514,5.519999980926514,5.519999980926514,0.0,0.0
2020-01-02,5.539999961853027,5.539999961853027,5.539999961853027,5.539999961853027,0.01,0.3623184962974646
2020-01-05,5.519999980926514,5.550000190734863,5.5,5.5,0.293627,-0.7220209770479546
2020-01-06,5.5,5.5,5.5,5.5,0.030326,0.0
2020-01-07,5.5,5.599999904632568,5.420000076293945,5.599999904632568,0.374011,1.8181800842285156
2020-01-08,5.550000190734863,5.579999923706055,5.519999980926514,5.550000190734863,0.805289,-0.8928520490927738
2020-01-09,5.550000190734863,5.550000190734863,5.510000228881836,5.539999961853027,1.434814,-0.1801842979848977
2020-01-13,5.510000228881836,5.53000020980835,5.510000228881836,5.53000020980835,1.081656,-0.1805009406774971
2020-01-14,5.510000228881836,5.559999942779541,5.510000228881836,5.559999942779541,0.955362,0.5424906298915122
2020-01-15,5.519999980926514,5.599999904632568,5.519999980926514,5.579999923706055,0.231632,0.3597118908694741
2020-01-16,5.539999961853027,5.630000114440918,5.539999961853027,5.619999885559082,0.877744,0.716845204299954
2020-01-19,5.639999866485596,5.739999771118164,5.630000114440918,5.739999771118164,0.931455,2.1352293238907194
2020-01-20,5.659999847412109,5.860000133514404,5.659999847412109,5.849999904632568,1.199694,1.9163787090705096
2020-01-21,5.730000019073486,5.849999904632568,5.730000019073486,5.849999904632568,0.221748,0.0
2020-01-22,5.849999904632568,5.849999904632568,5.710000038146973,5.769999980926514,0.065712,-1.3675200856448466
2020-01-23,5.75,5.800000190734863,5.730000019073486,5.800000190734863,0.223062,0.5199343138218238
2020-01-26,5.75,5.760000228881836,5.75,5.760000228881836,0.004124,-0.689654492027858
2020-01-27,5.760000228881836,5.849999904632568,5.760000228881836,5.800000190734863,0.091458,0.6944437545759019
2020-01-28,5.760000228881836,5.840000152587891,5.670000076293945,5.840000152587891,0.506124,0.6896544920278691
2020-01-29,5.820000171661377,5.820000171661377,5.769999980926514,5.78000020980835,0.083083,-1.0273962536277215
2020-01-30,5.769999980926514,5.769999980926514,5.769999980926514,5.769999980926514,0.003686,-0.1730143342359436
2020-02-02,0.181999996304512,0.1850000023841858,0.181999996304512,0.1850000023841858,0.216859,-96.79376077997006
2020-02-03,5.760000228881836,5.760000228881836,5.699999809265137,5.699999809265137,1.35792,2981.080938273753
2020-02-04,5.800000190734863,6.340000152587891,5.800000190734863,6.239999771118164,4.165408,9.473683858292016
2020-02-05,6.239999771118164,6.239999771118164,6.239999771118164,6.239999771118164,0.0,0.0
2020-02-06,6.079999923706055,6.199999809265137,6.0,6.199999809265137,2.051785,-0.6410250532086104
2020-02-09,6.050000190734863,6.340000152587891,6.050000190734863,6.099999904632568,0.194012,-1.6129017372408794
2020-02-10,6.019999980926514,6.150000095367432,6.019999980926514,6.150000095367432,0.077297,0.819675270763387
2020-02-11,6.199999809265137,6.25,6.159999847412109,6.25,0.069114,1.6260146842582035
2020-02-12,6.130000114440918,6.139999866485596,6.03000020980835,6.139999866485596,0.711879,-1.7600021362304652
2020-02-13,6.139999866485596,6.25,6.099999904632568,6.25,0.464449,1.7915331580840244
2020-02-16,6.110000133514404,6.340000152587891,6.110000133514404,6.289999961853027,0.290544,0.6399993896484268
2020-02-17,6.300000190734863,6.349999904632568,6.179999828338623,6.190000057220459,0.223609,-1.5898236127033003
2020-02-18,6.079999923706055,6.139999866485596,6.079999923706055,6.119999885559082,0.12922,-1.1308589824603255
2020-02-19,6.119999885559082,6.119999885559082,6.119999885559082,6.119999885559082,0.0,0.0
2020-02-20,6.170000076293945,6.239999771118164,6.170000076293945,6.230000019073486,0.299383,1.7973878361331908
2020-02-23,6.230000019073486,6.28000020980835,6.230000019073486,6.230000019073486,0.235166,0.0
2020-02-24,6.199999809265137,6.260000228881836,6.199999809265137,6.230000019073486,0.684485,0.0
2020-02-25,6.21999979019165,6.239999771118164,6.210000038146973,6.230000019073486,0.561853,0.0
2020-02-26,6.230000019073486,6.25,6.179999828338623,6.230000019073486,0.494846,0.0
2020-02-27,6.190000057220459,6.199999809265137,6.150000095367432,6.199999809265137,0.157848,-0.4815442972151307
2020-03-01,5.929999828338623,5.949999809265137,5.630000114440918,5.900000095367432,0.468643,-4.838705211722627
2020-03-02,6.119999885559082,6.119999885559082,6.0,6.119999885559082,0.1345,3.7288099429759294
2020-03-03,6.0,6.119999885559082,6.0,6.0,0.083534,-1.960782480441492
2020-03-04,6.0,6.0,6.0,6.0,0.020733,0.0
2020-03-05,6.090000152587891,6.119999885559082,5.949999809265137,5.949999809265137,0.080918,-0.8333365122477177
2020-03-08,6.0,6.0,5.619999885559082,5.699999809265137,0.313825,-4.201680806959162
2020-03-09,5.199999809265137,5.690000057220459,5.199999809265137,5.25,1.44787,-7.894733760055194
2020-03-10,5.369999885559082,5.559999942779541,5.360000133514404,5.46999979019165,1.253668,4.190472194126671
2020-03-11,5.599999904632568,5.599999904632568,5.400000095367432,5.400000095367432,0.113362,-1.2797019654321784
2020-03-12,5.199999809265137,5.400000095367432,5.0,5.070000171661377,0.367726,-6.1111095903341965
2020-03-15,4.619999885559082,5.0,4.619999885559082,4.949999809265137,0.453089,-2.3668709730421456
2020-03-16,4.900000095367432,4.900000095367432,4.769999980926514,4.800000190734863,0.852765,-3.030295440608144
2020-03-17,4.510000228881836,5.0,4.329999923706055,4.5,0.883734,-6.250003725290155
2020-03-18,4.889999866485596,4.949999809265137,4.800000190734863,4.800000190734863,0.872438,6.666670905219174
2020-03-19,4.619999885559082,5.0,4.610000133514404,5.0,0.221091,4.166662527455389
2020-03-22,4.900000095367432,4.989999771118164,4.900000095367432,4.949999809265137,0.253441,-1.00000381469727
2020-03-23,4.949999809265137,4.949999809265137,4.71999979019165,4.800000190734863,1.329721,-3.030295440608144
2020-03-24,4.71999979019165,4.849999904632568,4.71999979019165,4.809999942779541,0.14442,0.20832815931923765
2020-03-25,4.849999904632568,5.010000228881836,4.849999904632568,5.0,1.088306,3.950105186709507
2020-03-26,5.0,5.25,5.0,5.150000095367432,1.014133,3.0000019073486373
2020-03-29,5.0,5.199999809265137,5.0,5.159999847412109,0.182023,0.19416993901946178
2020-03-30,5.159999847412109,5.159999847412109,5.159999847412109,5.159999847412109,0.0,0.0
2020-03-31,5.070000171661377,5.199999809265137,5.070000171661377,5.199999809265137,0.124,0.7751930820906638
2020-04-01,5.179999828338623,5.5,5.099999904632568,5.5,0.293681,5.769234648823174
2020-04-02,5.5,5.5,5.25,5.25,0.8711,-4.545454545454541
2020-04-05,5.599999904632568,5.599999904632568,5.050000190734863,5.050000190734863,0.067,-3.809520176478798
2020-04-06,5.329999923706055,5.349999904632568,5.329999923706055,5.349999904632568,0.129862,5.940588169642225
2020-04-07,5.25,5.349999904632568,5.150000095367432,5.340000152587891,0.086,-0.1869112565033637
2020-04-08,5.289999961853027,5.340000152587891,5.289999961853027,5.320000171661377,0.02538,-0.3745314673225475
2020-04-09,5.349999904632568,5.349999904632568,5.289999961853027,5.349999904632568,0.09965,0.5639047369019767
2020-04-12,5.349999904632568,5.590000152587891,5.349999904632568,5.519999980926514,0.172945,3.1775715761553918
2020-04-13,5.5,5.71999979019165,5.5,5.71999979019165,0.612852,3.6231849629747126
2020-04-14,5.800000190734863,5.900000095367432,5.75,5.849999904632568,1.53278,2.272729356805847
2020-04-15,5.900000095367432,5.900000095367432,5.760000228881836,5.800000190734863,0.542727,-0.8546959779967
2020-04-16,5.760000228881836,5.760000228881836,5.510000228881836,5.510000228881836,1.852408,-4.999999177866998
2020-04-19,5.650000095367432,5.75,5.639999866485596,5.75,0.354802,4.355712543534107
2020-04-20,5.789999961853027,5.789999961853027,5.599999904632568,5.599999904632568,0.282558,-2.6086973107379396
2020-04-21,5.5,5.650000095367432,5.460000038146973,5.510000228881836,0.078265,-1.6071370943467445
2020-04-22,5.510000228881836,5.630000114440918,5.349999904632568,5.610000133514404,1.644777,1.8148802264725372
2020-04-23,5.440000057220459,5.480000019073486,5.400000095367432,5.429999828338623,0.285208,-3.208561513224406
2020-04-26,5.389999866485596,5.389999866485596,5.300000190734863,5.349999904632568,1.305954,-1.4732951424518137
2020-04-27,5.349999904632568,5.420000076293945,5.349999904632568,5.349999904632568,0.446081,0.0
2020-04-28,5.349999904632568,5.400000095367432,5.349999904632568,5.349999904632568,0.2084,0.0
2020-04-29,5.349999904632568,5.349999904632568,5.110000133514404,5.260000228881836,1.482958,-1.6822369599072684
2020-04-30,5.260000228881836,5.309999942779541,5.260000228881836,5.289999961853027,0.725222,0.5703371039124105
2020-05-03,5.289999961853027,5.289999961853027,5.289999961853027,5.289999961853027,0.0,0.0
2020-05-04,5.159999847412109,5.300000190734863,5.159999847412109,5.25,1.905562,-0.756142951634653
2020-05-05,5.25,5.25,5.199999809265137,5.199999809265137,0.096787,-0.9523845854259694
2020-05-06,5.199999809265137,5.25,5.099999904632568,5.179999828338623,1.16453,-0.3846150319251618
2020-05-07,5.179999828338623,5.190000057220459,5.079999923706055,5.099999904632568,0.412922,-1.544400122725742
2020-05-10,5.199999809265137,5.199999809265137,4.96999979019165,5.0,0.344726,-1.960782480441492
2020-05-11,5.139999866485596,5.150000095367432,5.139999866485596,5.150000095367432,0.826089,3.0000019073486373
2020-05-12,5.139999866485596,5.150000095367432,5.019999980926514,5.130000114440918,0.565992,-0.38834913701272233
2020-05-13,5.130000114440918,5.130000114440918,5.130000114440918,5.130000114440918,0.030708,0.0
2020-05-14,5.019999980926514,5.099999904632568,5.0,5.099999904632568,2.224133,-0.5847993984229971
2020-05-17,5.099999904632568,5.099999904632568,5.099999904632568,5.099999904632568,1.275119,0.0
2020-05-18,5.099999904632568,5.099999904632568,5.070000171661377,5.099999904632568,0.594076,0.0
2020-05-19,5.059999942779541,5.119999885559082,5.059999942779541,5.099999904632568,0.657294,0.0
2020-05-20,5.099999904632568,5.099999904632568,5.099999904632568,5.099999904632568,1.74853,0.0
2020-05-21,5.070000171661377,5.119999885559082,5.070000171661377,5.099999904632568,0.31613,0.0
2020-05-24,5.099999904632568,5.099999904632568,5.099999904632568,5.099999904632568,0.0,0.0
2020-05-25,5.099999904632568,5.099999904632568,5.099999904632568,5.099999904632568,0.0,0.0
2020-05-26,5.099999904632568,5.099999904632568,5.099999904632568,5.099999904632568,0.0,0.0
2020-05-27,5.199999809265137,5.199999809265137,5.079999923706055,5.199999809265137,0.752835,1.960782480441492
2020-05-28,5.090000152587891,5.150000095367432,5.070000171661377,5.150000095367432,0.171927,-0.9615329948400752
2020-05-31,5.139999866485596,5.139999866485596,5.070000171661377,5.090000152587891,0.612862,-1.165047411038156
2020-06-01,5.079999923706055,5.119999885559082,5.079999923706055,5.099999904632568,2.277675,0.196458776913655
2020-06-02,5.139999866485596,5.159999847412109,5.119999885559082,5.119999885559082,0.949904,0.39215649608830283
2020-06-03,5.079999923706055,5.130000114440918,5.079999923706055,5.099999904632568,0.378726,-0.3906246362021082
2020-06-04,5.119999885559082,5.139999866485596,5.110000133514404,5.119999885559082,0.507927,0.39215649608830283
2020-06-07,5.150000095367432,5.239999771118164,5.130000114440918,5.239999771118164,2.151166,2.343747817212672
2020-06-08,5.239999771118164,5.239999771118164,5.099999904632568,5.099999904632568,1.77642,-2.6717532939075084
2020-06-09,5.110000133514404,5.179999828338623,5.090000152587891,5.099999904632568,0.47416,0.0
2020-06-10,5.179999828338623,5.179999828338623,5.099999904632568,5.110000133514404,0.312686,0.196082922918328
2020-06-11,5.099999904632568,5.199999809265137,5.099999904632568,5.099999904632568,0.278871,-0.19569919022601745
2020-06-14,5.079999923706055,5.119999885559082,5.079999923706055,5.099999904632568,0.086372,0.0
2020-06-15,5.099999904632568,5.099999904632568,5.039999961853027,5.050000190734863,0.497113,-0.9803865653465582
2020-06-16,5.090000152587891,5.090000152587891,5.050000190734863,5.050000190734863,0.3885,0.0
2020-06-17,5.050000190734863,5.059999942779541,5.010000228881836,5.010000228881836,1.224537,-0.7920784226189581
2020-06-18,5.010000228881836,5.039999961853027,5.0,5.010000228881836,1.033838,0.0
2020-06-21,5.0,5.079999923706055,5.0,5.050000190734863,0.089534,0.7984023957211539
2020-06-22,5.019999980926514,5.050000190734863,5.010000228881836,5.010000228881836,1.68003,-0.7920784226189581
2020-06-23,5.019999980926514,5.119999885559082,5.010000228881836,5.119999885559082,0.757856,2.195601829379479
2020-06-24,5.139999866485596,5.139999866485596,5.03000020980835,5.099999904632568,0.592817,-0.3906246362021082
2020-06-25,5.099999904632568,5.099999904632568,5.019999980926514,5.019999980926514,0.345836,-1.5686259843532002
2020-06-28,5.039999961853027,5.119999885559082,5.039999961853027,5.059999942779541,0.452717,0.7968119921316186
2020-06-29,5.130000114440918,5.130000114440918,5.079999923706055,5.079999923706055,1.674346,0.3952565445193956
2020-06-30,5.099999904632568,5.099999904632568,5.039999961853027,5.099999904632568,0.061766,0.3937004178520276
2020-07-01,5.090000152587891,5.099999904632568,5.079999923706055,5.099999904632568,0.854114,0.0
2020-07-02,5.070000171661377,5.099999904632568,5.070000171661377,5.099999904632568,0.190407,0.0
2020-07-05,5.070000171661377,5.070000171661377,5.03000020980835,5.059999942779541,0.092135,-0.7843129921765946
2020-07-06,5.039999961853027,5.119999885559082,5.039999961853027,5.119999885559082,0.751009,1.1857696335581869
2020-07-07,5.130000114440918,5.210000038146973,5.130000114440918,5.199999809265137,0.332503,1.562498544808455
2020-07-08,5.239999771118164,5.28000020980835,5.199999809265137,5.199999809265137,0.781779,0.0
2020-07-09,5.199999809265137,5.300000190734863,5.199999809265137,5.21999979019165,0.778254,0.3846150319251729
2020-07-12,5.199999809265137,5.199999809265137,5.150000095367432,5.150000095367432,0.17783,-1.3409903762017006
2020-07-13,5.199999809265137,5.199999809265137,5.150000095367432,5.150000095367432,0.148575,0.0
2020-07-14,5.099999904632568,5.139999866485596,5.099999904632568,5.110000133514404,0.360068,-0.7766982740254447
2020-07-15,5.119999885559082,5.139999866485596,5.119999885559082,5.139999866485596,0.018061,0.5870789077760508
2020-07-16,5.110000133514404,5.150000095367432,5.110000133514404,5.150000095367432,0.012193,0.1945569871906194
2020-07-19,5.110000133514404,5.199999809265137,5.110000133514404,5.190000057220459,0.142825,0.7766982740254447
2020-07-20,5.199999809265137,5.230000019073486,5.130000114440918,5.21999979019165,0.159561,0.5780295306443195
2020-07-21,5.210000038146973,5.21999979019165,5.170000076293945,5.170000076293945,0.113815,-0.9578489637423804
2020-07-22,5.199999809265137,5.199999809265137,5.130000114440918,5.130000114440918,0.611255,-0.7736936414457607
2020-07-23,5.110000133514404,5.199999809265137,5.110000133514404,5.130000114440918,0.063349,0.0
2020-07-26,5.190000057220459,5.190000057220459,5.130000114440918,5.179999828338623,0.125379,0.9746532706101928
2020-07-27,5.130000114440918,5.179999828338623,5.130000114440918,5.150000095367432,0.829245,-0.5791454433467291
2020-07-28,5.179999828338623,5.210000038146973,5.150000095367432,5.150000095367432,0.906041,0.0
2020-07-29,5.079999923706055,5.079999923706055,5.0,5.079999923706055,0.084696,-1.3592266090314054
2020-07-30,5.079999923706055,5.079999923706055,5.079999923706055,5.079999923706055,0.0,0.0
2020-08-02,5.079999923706055,5.079999923706055,5.079999923706055,5.079999923706055,0.0,0.0
2020-08-03,5.079999923706055,5.079999923706055,5.050000190734863,5.079999923706055,0.106675,0.0
2020-08-04,5.099999904632568,5.099999904632568,5.079999923706055,5.079999923706055,0.293608,0.0
2020-08-05,5.079999923706055,5.099999904632568,5.079999923706055,5.099999904632568,0.043801,0.3937004178520276
2020-08-06,5.099999904632568,5.099999904632568,5.050000190734863,5.099999904632568,0.260136,0.0
2020-08-09,5.119999885559082,5.119999885559082,5.079999923706055,5.079999923706055,0.039472,-0.3921564960883028
2020-08-10,5.090000152587891,5.099999904632568,5.079999923706055,5.079999923706055,0.674552,0.0
2020-08-11,5.090000152587891,5.099999904632568,5.090000152587891,5.090000152587891,0.42941,0.1968549022052013
2020-08-12,5.099999904632568,5.110000133514404,5.099999904632568,5.110000133514404,0.016204,0.3929269219441034
2020-08-13,5.110000133514404,5.150000095367432,5.110000133514404,5.139999866485596,0.31011,0.5870789077760508
2020-08-16,5.159999847412109,5.159999847412109,5.159999847412109,5.159999847412109,0.189354,0.3891046973934831
2020-08-17,5.119999885559082,5.150000095367432,5.119999885559082,5.150000095367432,0.010902,-0.1937936500074344
2020-08-18,5.139999866485596,5.150000095367432,5.130000114440918,5.130000114440918,0.080412,-0.38834913701272233
2020-08-19,5.110000133514404,5.110000133514404,5.099999904632568,5.099999904632568,1.323356,-0.5847993984229971
2020-08-20,5.099999904632568,5.099999904632568,5.099999904632568,5.099999904632568,0.0,0.0
2020-08-23,5.099999904632568,5.099999904632568,5.099999904632568,5.099999904632568,0.0,0.0
2020-08-24,5.110000133514404,5.170000076293945,5.099999904632568,5.150000095367432,0.221044,0.9803959150949336
2020-08-25,5.170000076293945,5.449999809265137,5.170000076293945,5.349999904632568,1.644973,3.883491370127201
2020-08-26,5.400000095367432,5.489999771118164,5.349999904632568,5.489999771118164,0.37959,2.61681998095682
2020-08-27,5.5,5.559999942779541,5.440000057220459,5.460000038146973,0.8341,-0.5464432463005653
2020-08-30,5.300000190734863,5.320000171661377,5.25,5.25,0.465942,-3.846154517944711
2020-08-31,5.21999979019165,5.25,5.190000057220459,5.25,0.464524,0.0
2020-09-01,5.199999809265137,5.21999979019165,5.199999809265137,5.21999979019165,0.059596,-0.5714325677780852
2020-09-02,5.199999809265137,5.289999961853027,5.199999809265137,5.289999961853027,0.260364,1.3409995110135187
2020-09-03,5.210000038146973,5.300000190734863,5.199999809265137,5.300000190734863,0.56417,0.18904024487615967
2020-09-06,5.25,5.25,5.199999809265137,5.199999809265137,0.020562,-1.8867995824706
2020-09-07,5.199999809265137,5.300000190734863,5.199999809265137,5.21999979019165,0.235224,0.3846150319251729
2020-09-08,5.289999961853027,5.300000190734863,5.25,5.300000190734863,0.266707,1.532574784649099
2020-09-09,5.300000190734863,5.300000190734863,5.099999904632568,5.300000190734863,0.631816,0.0
2020-09-10,5.260000228881836,5.300000190734863,5.21999979019165,5.239999771118164,0.266568,-1.1320833482532322
2020-09-13,5.210000038146973,5.28000020980835,5.199999809265137,5.199999809265137,0.025374,-0.7633580839735754
2020-09-14,5.199999809265137,5.28000020980835,5.199999809265137,5.21999979019165,0.215515,0.3846150319251729
2020-09-15,5.320000171661377,5.449999809265137,5.300000190734863,5.309999942779541,0.216849,1.7241409234728389
2020-09-16,5.300000190734863,5.400000095367432,5.300000190734863,5.300000190734863,0.252146,-0.18831924957504187
2020-09-17,5.300000190734863,5.349999904632568,5.300000190734863,5.300000190734863,0.302156,0.0
2020-09-20,5.300000190734863,5.300000190734863,5.289999961853027,5.300000190734863,0.174124,0.0
2020-09-21,5.28000020980835,5.300000190734863,5.28000020980835,5.300000190734863,0.673464,0.0
2020-09-22,5.269999980926514,5.300000190734863,5.269999980926514,5.289999961853027,0.009562,-0.18868355701793238
2020-09-23,5.289999961853027,5.300000190734863,5.289999961853027,5.289999961853027,0.05378,0.0
2020-09-24,5.269999980926514,5.269999980926514,5.25,5.25,0.018117,-0.756142951634653
2020-09-27,5.25,5.25,5.21999979019165,5.21999979019165,0.047651,-0.5714325677780852
2020-09-28,5.21999979019165,5.28000020980835,5.21999979019165,5.28000020980835,0.070517,1.1494333721897787
2020-09-29,5.289999961853027,5.289999961853027,5.21999979019165,5.230000019073486,0.436508,-0.946973271743079
2020-09-30,5.230000019073486,5.300000190734863,5.230000019073486,5.300000190734863,0.068178,1.3384353997340392
2020-10-01,5.25,5.300000190734863,5.25,5.300000190734863,0.14684,0.0
2020-10-04,5.25,5.28000020980835,5.25,5.25,0.04414,-0.9433997912352998
2020-10-05,5.230000019073486,5.28000020980835,5.230000019073486,5.25,0.168729,0.0
2020-10-06,5.230000019073486,5.349999904632568,5.230000019073486,5.349999904632568,1.163845,1.904760088239388
2020-10-07,5.349999904632568,5.349999904632568,5.349999904632568,5.349999904632568,0.130912,0.0
2020-10-08,5.309999942779541,5.349999904632568,5.309999942779541,5.309999942779541,0.080638,-0.7476628517019468
2020-10-11,5.389999866485596,5.389999866485596,5.309999942779541,5.369999885559082,0.043224,1.1299424374030087
2020-10-12,5.369999885559082,5.400000095367432,5.369999885559082,5.389999866485596,0.021,0.3724391313358666
2020-10-13,5.389999866485596,5.409999847412109,5.389999866485596,5.409999847412109,0.826963,0.3710571692379982
2020-10-14,5.400000095367432,5.400000095367432,5.340000152587891,5.340000152587891,0.012814,-1.293894580379762
2020-10-15,5.400000095367432,5.420000076293945,5.400000095367432,5.400000095367432,0.771391,1.1235944019676314
2020-10-18,5.400000095367432,5.400000095367432,5.400000095367432,5.400000095367432,0.0,0.0
2020-10-19,5.400000095367432,5.400000095367432,5.400000095367432,5.400000095367432,0.0,0.0
2020-10-20,5.400000095367432,5.400000095367432,5.400000095367432,5.400000095367432,0.0,0.0
2020-10-21,5.400000095367432,5.400000095367432,5.400000095367432,5.400000095367432,0.0,0.0
2020-10-22,5.5,5.510000228881836,5.489999771118164,5.5,0.734366,1.8518500530834592
2020-10-25,5.519999980926514,5.53000020980835,5.449999809265137,5.449999809265137,0.089157,-0.9090943769975102
2020-10-26,5.429999828338623,5.449999809265137,5.429999828338623,5.449999809265137,0.130279,0.0
2020-10-27,5.429999828338623,5.510000228881836,5.429999828338623,5.480000019073486,0.070341,0.5504625845554889
2020-10-28,5.480000019073486,5.579999923706055,5.46999979019165,5.579999923706055,0.253697,1.824815771615196
2020-10-29,5.579999923706055,5.579999923706055,5.579999923706055,5.579999923706055,0.0,0.0
2020-11-01,5.460000038146973,5.570000171661377,5.460000038146973,5.550000190734863,0.420164,-0.5376296304905104
2020-11-02,5.550000190734863,5.550000190734863,5.449999809265137,5.550000190734863,0.003913,0.0
2020-11-03,5.429999828338623,5.429999828338623,5.400000095367432,5.420000076293945,0.555794,-2.34234432384236
2020-11-04,5.420000076293945,5.420000076293945,5.420000076293945,5.420000076293945,0.0,0.0
2020-11-05,5.429999828338623,5.440000057220459,5.409999847412109,5.429999828338623,0.112744,0.1844972675999479
2020-11-08,5.5,5.5,5.420000076293945,5.489999771118164,0.142135,1.1049713568388686
2020-11-09,5.429999828338623,5.440000057220459,5.429999828338623,5.440000057220459,0.451091,-0.9107416390205292
2020-11-10,5.409999847412109,5.550000190734863,5.409999847412109,5.449999809265137,0.720964,0.1838189694760128
2020-11-11,5.429999828338623,5.449999809265137,5.429999828338623,5.449999809265137,0.535929,0.0
2020-11-12,5.440000057220459,5.449999809265137,5.440000057220459,5.449999809265137,0.679372,0.0
2020-11-15,5.449999809265137,5.449999809265137,5.440000057220459,5.440000057220459,0.417259,-0.1834816953145246
2020-11-16,5.489999771118164,5.5,5.489999771118164,5.5,0.486261,1.1029401130226768
2020-11-17,5.519999980926514,5.550000190734863,5.510000228881836,5.550000190734863,0.142862,0.9090943769975102
2020-11-18,5.510000228881836,5.510000228881836,5.510000228881836,5.510000228881836,0.147407,-0.7207200086191579
2020-11-19,5.5,5.599999904632568,5.5,5.550000190734863,0.2,0.7259520905890104
2020-11-22,5.599999904632568,5.599999904632568,5.550000190734863,5.590000152587891,0.335754,0.7207200086191579
2020-11-23,5.599999904632568,5.599999904632568,5.559999942779541,5.559999942779541,0.351221,-0.5366763683264164
2020-11-24,5.590000152587891,5.639999866485596,5.590000152587891,5.599999904632568,0.086801,0.7194237817389482
2020-11-25,5.599999904632568,5.800000190734863,5.599999904632568,5.670000076293945,0.27886,1.2500030866691605
2020-11-26,5.599999904632568,5.78000020980835,5.599999904632568,5.78000020980835,0.223024,1.9400376020153989
2020-11-29,5.78000020980835,5.78000020980835,5.679999828338623,5.679999828338623,0.010388,-1.7301103432493137
2020-11-30,5.659999847412109,5.699999809265137,5.650000095367432,5.650000095367432,0.111124,-0.5281643288353122
2020-12-01,5.650000095367432,5.650000095367432,5.650000095367432,5.650000095367432,0.0,0.0
2020-12-02,5.650000095367432,5.650000095367432,5.650000095367432,5.650000095367432,0.0,0.0
2020-12-03,5.650000095367432,5.650000095367432,5.650000095367432,5.650000095367432,0.0,0.0
2020-12-06,5.760000228881836,5.760000228881836,5.670000076293945,5.670000076293945,0.372229,0.3539819573261882
2020-12-07,5.690000057220459,5.690000057220459,5.670000076293945,5.690000057220459,0.323556,0.3527333449276915
2020-12-08,5.690000057220459,5.75,5.670000076293945,5.699999809265137,1.176803,0.17574256492296492
2020-12-09,5.739999771118164,5.769999980926514,5.739999771118164,5.769999980926514,0.418814,1.2280732281358064
2020-12-10,5.760000228881836,5.769999980926514,5.670000076293945,5.670000076293945,0.335519,-1.7331006059468135
2020-12-13,5.769999980926514,5.78000020980835,5.769999980926514,5.769999980926514,0.307052,1.763666724638413
2020-12-14,5.78000020980835,5.78000020980835,5.739999771118164,5.769999980926514,0.337612,0.0
2020-12-15,5.75,5.78000020980835,5.75,5.78000020980835,0.295685,0.1733141926324677
2020-12-16,5.789999961853027,5.800000190734863,5.769999980926514,5.769999980926514,0.349163,-0.1730143342359436
2020-12-17,5.769999980926514,5.769999980926514,5.760000228881836,5.760000228881836,0.10177,-0.1733059285568994
2020-12-20,5.760000228881836,5.769999980926514,5.75,5.75,0.25241,-0.1736150778552492
2020-12-21,5.739999771118164,5.739999771118164,5.630000114440918,5.659999847412109,1.123656,-1.5652200450067988
2020-12-22,5.619999885559082,5.78000020980835,5.619999885559082,5.659999847412109,0.784379,0.0
2020-12-23,5.650000095367432,5.71999979019165,5.650000095367432,5.699999809265137,2.054214,0.7067131259962167
2020-12-24,5.710000038146973,5.75,5.710000038146973,5.730000019073486,0.512012,0.5263194879337574
2020-12-27,5.75,5.75,5.71999979019165,5.71999979019165,0.284219,-0.174524063674486
2020-12-28,5.75,5.75,5.739999771118164,5.739999771118164,0.099337,0.3496500290228743
2020-12-29,5.739999771118164,5.75,5.739999771118164,5.75,0.103,0.174220022310001
2020-12-30,5.760000228881836,5.760000228881836,5.699999809265137,5.699999809265137,0.314754,-0.8695685345193604
2020-12-31,5.699999809265137,5.769999980926514,5.699999809265137,5.75,0.15754,0.8771963580347819
2021-01-03,5.769999980926514,5.769999980926514,5.710000038146973,5.710000038146973,0.084165,-0.6956515104874272
2021-01-04,5.71999979019165,5.769999980926514,5.71999979019165,5.769999980926514,0.338378,1.0507870819386644
2021-01-05,5.75,5.78000020980835,5.730000019073486,5.75,0.432425,-0.34662012118936714
2021-01-06,5.78000020980835,5.78000020980835,5.71999979019165,5.739999771118164,0.519763,-0.1739170240319332
2021-01-07,5.71999979019165,5.75,5.690000057220459,5.75,0.495737,0.174220022310001
2021-01-10,5.760000228881836,5.760000228881836,5.71999979019165,5.730000019073486,0.537527,-0.3478257552437136
2021-01-11,5.730000019073486,5.769999980926514,5.730000019073486,5.769999980926514,0.299082,0.6980796111671683
2021-01-12,5.75,5.78000020980835,5.75,5.760000228881836,0.932017,-0.1733059285568994
2021-01-13,5.769999980926514,5.78000020980835,5.75,5.769999980926514,0.545527,0.1736067994327017
2021-01-14,5.769999980926514,5.800000190734863,5.75,5.800000190734863,0.232256,0.5199343138218238
2021-01-17,5.820000171661377,5.820000171661377,5.71999979019165,5.800000190734863,0.64316,0.0
2021-01-18,5.800000190734863,5.840000152587891,5.800000190734863,5.840000152587891,0.164344,0.6896544920278691
2021-01-19,6.710000038146973,6.710000038146973,6.449999809265137,6.690000057220459,12.512051,14.554792507255442
2021-01-20,6.699999809265137,6.699999809265137,6.550000190734863,6.590000152587891,4.850633,-1.4947668726047247
2021-01-21,6.599999904632568,6.599999904632568,6.400000095367432,6.5,2.043077,-1.3657078983912885
2021-01-24,6.5,6.639999866485596,6.269999980926514,6.599999904632568,3.233013,1.5384600712702756
2021-01-25,6.510000228881836,6.639999866485596,6.510000228881836,6.619999885559082,0.845264,0.3030300184167611
2021-01-26,6.630000114440918,6.699999809265137,6.570000171661377,6.599999904632568,1.2285,-0.3021145207289466
2021-01-27,6.619999885559082,6.699999809265137,6.599999904632568,6.670000076293945,0.776789,1.0606086768613965
2021-01-28,6.659999847412109,6.679999828338623,6.599999904632568,6.650000095367432,1.959198,-0.2998497855734139
2021-01-31,6.510000228881836,6.679999828338623,6.510000228881836,6.599999904632568,0.679805,-0.7518825566588339
2021-02-01,6.599999904632568,6.699999809265137,6.599999904632568,6.690000057220459,0.304136,1.3636386952781576
2021-02-02,6.690000057220459,6.880000114440918,6.690000057220459,6.699999809265137,1.496359,0.1494731234551238
2021-02-03,6.699999809265137,6.769999980926514,6.610000133514404,6.769999980926514,0.760639,1.044778711255745
2021-02-04,6.78000020980835,6.800000190734863,6.699999809265137,6.699999809265137,4.11215,-1.033975950643906
2021-02-07,6.699999809265137,6.760000228881836,6.699999809265137,6.710000038146973,0.920746,0.1492571517391239
2021-02-08,6.78000020980835,6.78000020980835,6.670000076293945,6.75,0.788245,0.596124614390825
2021-02-09,6.650000095367432,6.659999847412109,6.5,6.510000228881836,1.711042,-3.555552164713538
2021-02-10,6.5,6.510000228881836,6.349999904632568,6.409999847412109,1.61372,-1.5361041160347644
2021-02-11,6.400000095367432,6.449999809265137,6.400000095367432,6.449999809265137,0.165306,0.6240243807365431
2021-02-14,6.449999809265137,6.5,6.389999866485596,6.400000095367432,1.090785,-0.7751893856784764
2021-02-15,6.420000076293945,6.420000076293945,6.380000114440918,6.389999866485596,0.406717,-0.1562535739503268
2021-02-16,6.389999866485596,6.420000076293945,6.300000190734863,6.349999904632568,0.581507,-0.6259775068669371
2021-02-17,6.300000190734863,6.349999904632568,6.269999980926514,6.269999980926514,0.495029,-1.2598413371264994
2021-02-18,6.25,6.400000095367432,6.25,6.349999904632568,0.306437,1.2759158524627834
2021-02-21,6.400000095367432,6.400000095367432,6.269999980926514,6.320000171661377,0.398456,-0.47243674679908754
2021-02-22,6.25,6.440000057220459,6.25,6.440000057220459,5.326027,1.898732314868545
2021-02-23,6.5,6.650000095367432,6.5,6.630000114440918,3.572333,2.95031142130866
2021-02-24,6.630000114440918,6.650000095367432,6.579999923706055,6.650000095367432,2.831807,0.3016588322970248
2021-02-25,6.650000095367432,6.800000190734863,6.489999771118164,6.800000190734863,5.330734,2.2556404994930057
2021-02-28,6.800000190734863,6.829999923706055,6.650000095367432,6.829999923706055,0.199883,0.4411725313194337
2021-03-01,6.829999923706055,7.050000190734863,6.730000019073486,7.0,7.636642,2.4890201785200183
2021-03-02,7.039999961853027,7.059999942779541,6.900000095367432,6.960000038146973,1.063853,-0.5714280264718208
2021-03-03,7.0,7.0,6.849999904632568,6.889999866485596,1.861212,-1.005749587323479
2021-03-04,6.980000019073486,6.980000019073486,6.849999904632568,6.900000095367432,0.673863,0.145141205741961
2021-03-07,6.760000228881836,6.800000190734863,6.760000228881836,6.800000190734863,0.045808,-1.4492739601511984
2021-03-08,6.820000171661377,7.050000190734863,6.78000020980835,7.0,2.547362,2.941173583166079
2021-03-09,7.059999942779541,7.059999942779541,6.96999979019165,7.0,1.344614,0.0
2021-03-10,7.03000020980835,7.050000190734863,6.980000019073486,7.0,0.756466,0.0
2021-03-11,7.03000020980835,7.059999942779541,7.0,7.050000190734863,2.518126,0.7142884390694659
2021-03-14,6.980000019073486,7.050000190734863,6.980000019073486,7.050000190734863,0.492106,0.0
2021-03-15,7.050000190734863,7.099999904632568,7.050000190734863,7.099999904632568,0.533332,0.7092157807799149
2021-03-16,7.139999866485596,7.170000076293945,7.010000228881836,7.170000076293945,1.492852,0.985917923966495
2021-03-17,7.199999809265137,7.199999809265137,7.050000190734863,7.119999885559082,0.320124,-0.6973527224940823
2021-03-18,7.170000076293945,7.199999809265137,7.059999942779541,7.199999809265137,2.843274,1.123594452133525
2021-03-21,7.099999904632568,7.21999979019165,7.099999904632568,7.199999809265137,0.558645,0.0
2021-03-22,7.21999979019165,7.21999979019165,7.099999904632568,7.099999904632568,3.817526,-1.388887601134181
2021-03-23,7.199999809265137,7.199999809265137,7.050000190734863,7.059999942779541,0.709948,-0.5633797519761674
2021-03-24,7.099999904632568,7.099999904632568,6.920000076293945,6.920000076293945,0.396618,-1.9830009577943009
2021-03-25,6.909999847412109,6.989999771118164,6.900000095367432,6.920000076293945,1.249373,0.0
2021-03-28,6.920000076293945,6.920000076293945,6.880000114440918,6.920000076293945,0.024553,0.0
2021-03-29,6.989999771118164,7.0,6.980000019073486,6.980000019073486,0.079431,0.8670511866767816
2021-03-30,6.96999979019165,7.099999904632568,6.96999979019165,7.079999923706055,0.310378,1.4326633862365323
2021-03-31,7.070000171661377,7.070000171661377,7.0,7.0,0.052826,-1.1299424374029976
2021-04-01,6.849999904632568,7.090000152587891,6.849999904632568,7.090000152587891,0.595372,1.2857164655412978
2021-04-04,6.849999904632568,7.0,6.849999904632568,6.880000114440918,0.125,-2.961918668934327
2021-04-05,6.900000095367432,6.900000095367432,6.900000095367432,6.900000095367432,0.164519,0.2906973923522793
2021-04-06,6.849999904632568,6.900000095367432,6.849999904632568,6.880000114440918,0.529201,-0.2898547920302419
2021-04-07,6.949999809265137,6.949999809265137,6.849999904632568,6.860000133514404,0.010342,-0.2906973923522793
2021-04-08,6.849999904632568,6.869999885559082,6.760000228881836,6.760000228881836,0.193685,-1.4577245289547514
2021-04-11,6.739999771118164,6.760000228881836,6.699999809265137,6.699999809265137,0.966056,-0.8875801417927431
2021-04-12,6.699999809265137,6.889999866485596,6.610000133514404,6.889999866485596,0.205153,2.8358218302889426
2021-04-13,6.710000038146973,6.710000038146973,6.710000038146973,6.710000038146973,0.033936,-2.612479416932645
2021-04-14,6.699999809265137,6.699999809265137,6.699999809265137,6.699999809265137,0.049177,-0.14903470678068187
2021-04-15,6.699999809265137,6.869999885559082,6.699999809265137,6.800000190734863,0.077677,1.4925430495003944
2021-04-18,6.75,6.78000020980835,6.710000038146973,6.75,1.8e-05,-0.7352969019469913
2021-04-19,6.71999979019165,6.730000019073486,6.71999979019165,6.730000019073486,0.021812,-0.29629601372612724
2021-04-20,6.739999771118164,6.800000190734863,6.730000019073486,6.75,0.177292,0.2971765359558898
2021-04-21,6.739999771118164,6.739999771118164,6.71999979019165,6.71999979019165,0.27064,-0.4444475527162872
2021-04-22,6.71999979019165,6.71999979019165,6.650000095367432,6.659999847412109,0.80421,-0.8928563192385108
2021-04-25,6.739999771118164,6.739999771118164,6.610000133514404,6.650000095367432,0.182593,-0.15014643053727905
2021-04-26,6.619999885559082,6.710000038146973,6.619999885559082,6.699999809265137,0.31924,0.7518753861753602
2021-04-27,6.739999771118164,6.75,6.659999847412109,6.659999847412109,0.34711,-0.5970143730110733
2021-04-28,6.650000095367432,6.650000095367432,6.5,6.510000228881836,0.987133,-2.252246576080019
2021-04-29,6.5,6.550000190734863,6.5,6.53000020980835,0.221022,0.30721935826949487
2021-05-02,6.53000020980835,6.599999904632568,6.5,6.599999904632568,0.0,1.0719707898182884
2021-05-03,6.590000152587891,6.650000095367432,6.519999980926514,6.650000095367432,2.211135,0.7575786584446353
2021-05-04,6.570000171661377,6.690000057220459,6.570000171661377,6.590000152587891,0.007815,-0.9022547657005052
2021-05-05,6.570000171661377,6.670000076293945,6.559999942779541,6.630000114440918,0.081604,0.6069796802253391
2021-05-06,6.619999885559082,6.760000228881836,6.619999885559082,6.71999979019165,0.291553,1.3574611492796596
2021-05-09,6.619999885559082,6.75,6.619999885559082,6.710000038146973,0.131669,-0.14880583864411712
2021-05-10,6.75,6.75,6.690000057220459,6.75,0.123166,0.596124614390825
2021-05-11,6.75,6.75,6.75,6.75,0.0,0.0
2021-05-12,6.75,6.75,6.75,6.75,0.0,0.0
2021-05-13,6.75,6.75,6.75,6.75,0.0,0.0
2021-05-16,6.590000152587891,6.78000020980835,6.590000152587891,6.639999866485596,0.410711,-1.6296316076208073
2021-05-17,6.630000114440918,6.639999866485596,6.559999942779541,6.559999942779541,1.158435,-1.2048181523292234
2021-05-18,6.590000152587891,6.639999866485596,6.559999942779541,6.579999923706055,0.4062,0.30487776068546246
2021-05-19,6.590000152587891,6.590000152587891,6.480000019073486,6.5,1.140709,-1.2158043257392117
2021-05-20,6.550000190734863,6.599999904632568,6.460000038146973,6.480000019073486,2.0267,-0.3076920142540573
2021-05-23,6.559999942779541,6.559999942779541,6.5,6.5,0.831282,0.308641680056243
2021-05-24,6.639999866485596,6.639999866485596,6.5,6.550000190734863,0.430438,0.7692337036132812
2021-05-25,6.630000114440918,6.659999847412109,6.619999885559082,6.619999885559082,0.474423,1.0686975997838075
2021-05-26,6.610000133514404,6.639999866485596,6.610000133514404,6.639999866485596,0.106869,0.3021145207289466
2021-05-27,6.650000095367432,6.650000095367432,6.590000152587891,6.590000152587891,0.280014,-0.7530077545644387
2021-05-30,6.659999847412109,6.659999847412109,6.53000020980835,6.639999866485596,0.026453,0.7587209823973984
2021-05-31,6.639999866485596,6.639999866485596,6.619999885559082,6.630000114440918,0.155805,-0.150598678399827
2021-06-01,6.619999885559082,6.650000095367432,6.619999885559082,6.630000114440918,1.121306,0.0
2021-06-02,6.650000095367432,6.659999847412109,6.650000095367432,6.650000095367432,0.165686,0.30165883229702484
2021-06-03,6.650000095367432,6.71999979019165,6.650000095367432,6.690000057220459,0.852421,0.6015031771336776
2021-06-06,6.650000095367432,6.730000019073486,6.650000095367432,6.730000019073486,0.252417,0.5979067490418988
2021-06-07,6.730000019073486,6.800000190734863,6.699999809265137,6.760000228881836,0.659389,0.44576834655758457
2021-06-08,6.75,6.960000038146973,6.75,6.960000038146973,0.698902,2.9585769599628886
2021-06-09,6.949999809265137,7.0,6.880000114440918,6.909999847412109,0.129427,-0.7183935411037012
2021-06-10,6.909999847412109,6.909999847412109,6.860000133514404,6.909999847412109,0.052541,0.0
2021-06-13,6.900000095367432,6.900000095367432,6.849999904632568,6.860000133514404,0.17592,-0.7235848770160369
2021-06-14,6.710000038146973,6.869999885559082,6.710000038146973,6.809999942779541,0.515797,-0.7288657399667997
2021-06-15,6.869999885559082,6.889999866485596,6.760000228881836,6.840000152587891,0.282788,0.4405317189489555
2021-06-16,6.800000190734863,6.800000190734863,6.769999980926514,6.78000020980835,0.039328,-0.8771921263311722
2021-06-17,6.769999980926514,6.800000190734863,6.75,6.75,0.14475,-0.4424809569319676
2021-06-20,6.75,6.789999961853027,6.75,6.789999961853027,0.047835,0.5925920274522545
2021-06-21,6.75,6.75,6.71999979019165,6.739999771118164,0.324147,-0.7363798382293063
2021-06-22,6.739999771118164,6.75,6.71999979019165,6.730000019073486,0.058021,-0.14836427869816537
2021-06-23,6.71999979019165,6.75,6.71999979019165,6.71999979019165,0.153476,-0.1485918106016948
2021-06-24,6.71999979019165,6.730000019073486,6.71999979019165,6.730000019073486,0.009688,0.1488129344353828
2021-06-27,6.75,6.75,6.730000019073486,6.730000019073486,0.367862,0.0
2021-06-28,6.71999979019165,6.849999904632568,6.71999979019165,6.840000152587891,0.640107,1.6344744903811659
2021-06-29,6.800000190734863,6.900000095367432,6.800000190734863,6.880000114440918,0.663082,0.5847947508874407
2021-06-30,6.800000190734863,6.880000114440918,6.769999980926514,6.880000114440918,19.915707,0.0
2021-07-01,6.869999885559082,6.869999885559082,6.760000228881836,6.760000228881836,0.029302,-1.744184354113687
2021-07-04,6.820000171661377,6.820000171661377,6.699999809265137,6.809999942779541,0.073458,0.739640713088785
2021-07-05,6.809999942779541,6.809999942779541,6.690000057220459,6.699999809265137,0.59369,-1.6152736334606677
2021-07-06,6.789999961853027,6.789999961853027,6.619999885559082,6.619999885559082,0.542382,-1.1940287460221466
2021-07-07,6.699999809265137,6.730000019073486,6.630000114440918,6.71999979019165,0.056391,1.5105726036447331
2021-07-08,6.630000114440918,6.71999979019165,6.630000114440918,6.679999828338623,0.061171,-0.5952375461590109
2021-07-11,6.679999828338623,6.690000057220459,6.670000076293945,6.679999828338623,0.331477,0.0
2021-07-12,6.800000190734863,6.800000190734863,6.679999828338623,6.679999828338623,0.389841,0.0
2021-07-13,6.670000076293945,6.75,6.670000076293945,6.75,0.057607,1.04790678832678
2021-07-14,6.699999809265137,6.75,6.699999809265137,6.699999809265137,0.571039,-0.7407435664424145
2021-07-15,6.699999809265137,6.739999771118164,6.699999809265137,6.699999809265137,0.130395,0.0
2021-07-18,6.670000076293945,6.679999828338623,6.670000076293945,6.679999828338623,0.030117,-0.29850718650553665
2021-07-19,6.679999828338623,6.679999828338623,6.679999828338623,6.679999828338623,0.0,0.0
2021-07-20,6.679999828338623,6.679999828338623,6.679999828338623,6.679999828338623,0.0,0.0
2021-07-21,6.679999828338623,6.679999828338623,6.679999828338623,6.679999828338623,0.0,0.0
2021-07-22,6.68,6.68,6.68,6.68,0.0,
2021-07-25,6.68,6.81,6.68,6.78,0.012682,1.497012
2021-07-26,6.78,6.78,6.78,6.78,0.0,0.0
2021-07-27,6.699999809265137,6.78000020980835,6.599999904632568,6.699999809265137,0.815981,-1.1799468741531816
2021-07-28,6.65,6.7,6.65,6.65,0.775563,-0.746264
2021-07-29,6.75,6.75,6.650000095367432,6.650000095367432,0.085575,0.0
2021-08-01,6.65,6.8,6.65,6.7,0.036041,0.751875
2021-08-02,6.75,6.75,6.65,6.7,0.06593,0.0
2021-08-03,6.650000095367432,6.699999809265137,6.650000095367432,6.699999809265137,0.825057,0.0
2021-08-04,6.650000095367432,6.679999828338623,6.599999904632568,6.679999828338623,0.287901,-0.2985071865055366
2021-08-05,6.610000133514404,6.639999866485596,6.610000133514404,6.630000114440918,0.446309,-0.7484987302782686
2021-08-08,6.61,6.64,6.6,6.6,0.480444,-0.452492
2021-08-09,6.559999942779541,6.630000114440918,6.559999942779541,6.610000133514404,0.162742,0.15151862161113527
2021-08-10,6.599999904632568,6.630000114440918,6.550000190734863,6.630000114440918,0.530785,0.30257156615032255
2021-08-11,6.550000190734863,6.619999885559082,6.550000190734863,6.559999942779541,0.011786,-1.055809509096517
2021-08-12,6.559999942779541,6.559999942779541,6.559999942779541,6.559999942779541,0.0,0.0
2021-08-15,6.550000190734863,6.570000171661377,6.550000190734863,6.559999942779541,0.039954,0.0
2021-08-16,6.550000190734863,6.630000114440918,6.539999961853027,6.630000114440918,0.078663,1.067075796828698
2021-08-17,6.630000114440918,6.639999866485596,6.550000190734863,6.590000152587891,0.294701,-0.6033176645940386
2021-08-18,6.6,6.6,6.55,6.6,0.101688,0.151741
2021-08-19,6.550000190734863,6.559999942779541,6.550000190734863,6.559999942779541,0.012748,-0.6060600368335001
2021-08-22,6.590000152587891,6.599999904632568,6.550000190734863,6.550000190734863,0.156999,-0.1524352459131406
2021-08-23,6.570000171661377,6.610000133514404,6.550000190734863,6.610000133514404,0.215233,0.9160296340817276
2021-08-24,6.550000190734863,6.579999923706055,6.539999961853027,6.570000171661377,0.446514,-0.6051431323006673
2021-08-25,6.590000152587891,6.599999904632568,6.590000152587891,6.599999904632568,0.134963,0.4566169282702592
2021-08-26,6.53000020980835,6.599999904632568,6.53000020980835,6.599999904632568,0.126871,0.0
2021-08-29,6.599999904632568,6.599999904632568,6.550000190734863,6.590000152587891,0.182469,-0.15151139680561476
2021-08-30,6.599999904632568,6.610000133514404,6.579999923706055,6.610000133514404,0.356859,0.30348984011268065
2021-08-31,6.610000133514404,6.630000114440918,6.570000171661377,6.630000114440918,0.356935,0.30257156615032255
2021-09-01,6.630000114440918,6.630000114440918,6.610000133514404,6.630000114440918,0.24644,0.0
2021-09-02,6.590000152587891,6.639999866485596,6.590000152587891,6.599999904632568,0.200223,-0.45249184450246727
2021-09-05,6.639999866485596,6.679999828338623,6.570000171661377,6.650000095367432,0.156348,0.7575786584446353
2021-09-06,6.68,6.68,6.61,6.61,0.062532,-0.601503
2021-09-07,6.6,6.67,6.58,6.63,0.797925,0.302572
2021-09-08,6.6,6.6,6.58,6.59,0.069307,-0.603318
2021-09-09,6.590000152587891,6.650000095367432,6.579999923706055,6.599999904632568,0.081706,0.15174130217205928
2021-09-12,6.590000152587891,6.610000133514404,6.590000152587891,6.610000133514404,0.11238,0.1515186216111352
2021-09-13,6.599999904632568,6.650000095367432,6.579999923706055,6.610000133514404,0.346995,0.0
2021-09-14,6.619999885559082,6.619999885559082,6.590000152587891,6.599999904632568,0.095406,-0.15128939001275432
2021-09-15,6.590000152587891,6.630000114440918,6.590000152587891,6.599999904632568,0.365893,0.0
2021-09-16,6.639999866485596,6.639999866485596,6.579999923706055,6.590000152587891,0.150746,-0.1515113968056147
2021-09-19,6.639999866485596,7.0,6.590000152587891,6.619999885559082,0.657119,0.45523114228473993
2021-09-20,6.610000133514404,6.619999885559082,6.590000152587891,6.590000152587891,0.157747,-0.4531681796042464
2021-09-21,6.610000133514404,6.610000133514404,6.579999923706055,6.579999923706055,0.10415,-0.1517485379406102
2021-09-22,6.579999923706055,6.599999904632568,6.579999923706055,6.590000152587891,0.16106,0.15197916410010226
2021-09-23,6.6,6.61,6.58,6.6,0.313133,0.151741
2021-09-26,6.6,6.7,6.57,6.6,0.182209,0.0
2021-09-27,6.650000095367432,6.650000095367432,6.579999923706055,6.599999904632568,0.125252,0.0
2021-09-28,6.610000133514404,6.619999885559082,6.599999904632568,6.619999885559082,0.192629,0.30303001841676114
2021-09-29,6.6,6.6,6.58,6.6,0.192399,-0.302115
2021-09-30,6.599999904632568,6.619999885559082,6.599999904632568,6.619999885559082,0.232065,0.30303001841676114
2021-10-03,6.550000190734863,6.679999828338623,6.550000190734863,6.670000076293945,0.335891,0.7552899033115512
2021-10-04,6.61,6.73,6.61,6.7,0.826413,0.449771
2021-10-05,6.65,6.69,6.6,6.61,0.157911,-1.343279
2021-10-06,6.610000133514404,6.610000133514404,6.590000152587891,6.590000152587891,0.686306,-0.30257156615033365
2021-10-07,6.690000057220459,6.690000057220459,6.519999980926514,6.519999980926514,0.984774,-1.062218058278619
2021-10-10,6.699999809265137,6.699999809265137,6.570000171661377,6.599999904632568,0.122025,1.226992698467555
2021-10-11,6.59,6.6,6.57,6.57,0.23743,-0.454541
2021-10-12,6.690000057220459,6.690000057220459,6.570000171661377,6.639999866485596,0.051163,1.0654443378274259
2021-10-13,6.579999923706055,6.599999904632568,6.579999923706055,6.599999904632568,0.020398,-0.6024090761646117
2021-10-14,6.6,6.62,6.6,6.6,0.112254,0.0
2021-10-17,6.579999923706055,6.650000095367432,6.579999923706055,6.619999885559082,0.705421,0.30303001841676114
2021-10-18,6.579999923706055,6.579999923706055,6.559999942779541,6.559999942779541,0.112601,-0.90634356218684
2021-10-19,6.56,6.59,6.54,6.54,0.445492,-0.304878
2021-10-20,6.539999961853027,6.539999961853027,6.199999809265137,6.360000133514404,0.431233,-2.752290969243709
2021-10-21,6.360000133514404,6.360000133514404,6.360000133514404,6.360000133514404,0.0,0.0
2021-10-24,6.480000019073486,6.480000019073486,6.300000190734863,6.309999942779541,0.486665,-0.7861665044845534
2021-10-25,6.300000190734863,6.300000190734863,6.190000057220459,6.289999961853027,1.331614,-0.31695691137683113
2021-10-26,6.320000171661377,6.320000171661377,6.119999885559082,6.170000076293945,0.992552,-1.907788335243965
2021-10-27,6.199999809265137,6.230000019073486,6.150000095367432,6.210000038146973,1.014844,0.6482975908981503
2021-10-28,6.28000020980835,6.28000020980835,6.139999866485596,6.150000095367432,1.040405,-0.9661826475196755
2021-10-31,6.329999923706055,6.329999923706055,6.150000095367432,6.170000076293945,0.355473,0.3252029368516318
2021-11-01,6.179999828338623,6.380000114440918,6.179999828338623,6.199999809265137,1.936258,0.4862193290151584
2021-11-02,6.300000190734863,6.329999923706055,6.25,6.320000171661377,1.630594,1.9354897756111988
2021-11-03,6.329999923706055,6.429999828338623,6.309999942779541,6.369999885559082,2.10116,0.7911346920827844
2021-11-04,6.46999979019165,6.53000020980835,6.380000114440918,6.46999979019165,3.078655,1.5698572437853553
2021-11-07,6.5,6.579999923706055,6.400000095367432,6.429999828338623,1.448488,-0.6182374520887324
2021-11-08,6.480000019073486,6.480000019073486,6.340000152587891,6.360000133514404,1.250305,-1.088642250279892
2021-11-09,6.400000095367432,6.400000095367432,6.349999904632568,6.360000133514404,0.788288,0.0
2021-11-10,6.369999885559082,6.420000076293945,6.349999904632568,6.360000133514404,0.825942,0.0
2021-11-11,6.360000133514404,6.400000095367432,6.329999923706055,6.369999885559082,1.069253,0.1572288024332513
2021-11-14,6.369999885559082,6.369999885559082,6.329999923706055,6.340000152587891,1.060302,-0.4709534303007023
2021-11-15,6.449999809265137,6.449999809265137,6.320000171661377,6.340000152587891,0.931341,0.0
2021-11-16,6.340000152587891,6.369999885559082,6.289999961853027,6.340000152587891,1.256225,0.0
2021-11-17,6.340000152587891,6.389999866485596,6.269999980926514,6.300000190734863,1.164102,-0.6309142096266318
2021-11-18,6.260000228881836,6.300000190734863,6.230000019073486,6.230000019073486,0.717176,-1.1111138022554812
2021-11-21,6.320000171661377,6.320000171661377,6.21999979019165,6.21999979019165,0.278429,-0.1605173170340257
2021-11-22,6.21,6.21,6.06,6.06,1.355424,-2.572345
2021-11-23,6.03000020980835,6.150000095367432,5.900000095367432,6.059999942779541,2.103586,0.0
2021-11-24,6.0,6.179999828338623,6.0,6.070000171661377,1.165001,0.1650202801363187
2021-11-25,6.139999866485596,6.139999866485596,6.059999942779541,6.099999904632568,0.837948,0.4942295242634342
2021-11-28,6.099999904632568,6.099999904632568,6.099999904632568,6.099999904632568,0.0,0.0
2021-11-29,6.059999942779541,6.199999809265137,6.059999942779541,6.090000152587891,0.715495,-0.1639303639510481
2021-11-30,6.119999885559082,6.119999885559082,6.079999923706055,6.079999923706055,0.504718,-0.1642073666876076
2021-12-01,6.079999923706055,6.079999923706055,6.079999923706055,6.079999923706055,0.0,0.0
2021-12-02,6.079999923706055,6.079999923706055,6.079999923706055,6.079999923706055,0.0,0.0
2021-12-05,6.13,6.15,6.09,6.14,0.894122,0.986841
2021-12-06,6.199999809265137,6.28000020980835,6.130000114440918,6.239999771118164,1.563016,1.6286629773138106
2021-12-07,6.199999809265137,6.619999885559082,6.199999809265137,6.46999979019165,4.280984,3.6858978767602135
2021-12-08,6.47,6.95,6.47,6.8,8.535543,5.10047
2021-12-09,6.800000190734863,7.190000057220459,6.800000190734863,7.119999885559082,9.509133,4.705877733065722
2021-12-12,7.11,7.28,7.0,7.02,2.918655,-1.404493
2021-12-13,7.05,7.09,6.9,6.9,1.8598,-1.7094
2021-12-14,6.9,6.9,6.75,6.85,1.687871,-0.72464
2021-12-15,6.900000095367432,6.940000057220459,6.679999828338623,6.869999885559082,2.856844,0.2919705285395313
2021-12-16,6.900000095367432,7.019999980926514,6.800000190734863,6.940000057220459,2.67102,1.0189253686673228
2021-12-19,6.900000095367432,6.900000095367432,6.579999923706055,6.679999828338623,1.490843,-3.7464009616445026
2021-12-20,6.599999904632568,6.71999979019165,6.550000190734863,6.619999885559082,0.915139,-0.8982027593025133
2021-12-21,6.75,6.769999980926514,6.610000133514404,6.650000095367432,0.32056,0.4531753825825824
2021-12-22,6.769999980926514,6.769999980926514,6.579999923706055,6.579999923706055,0.596005,-1.0526341452256616
2021-12-23,6.57,6.68,6.57,6.65,0.092028,1.063832
2021-12-26,6.72,6.72,6.62,6.68,0.170485,0.451124
2021-12-27,6.539999961853027,6.800000190734863,6.539999961853027,6.78000020980835,0.24253,1.4970117371185365
2021-12-28,6.769999980926514,6.78000020980835,6.659999847412109,6.679999828338623,0.488144,-1.4749318344424278
2021-12-29,6.650000095367432,6.690000057220459,6.599999904632568,6.650000095367432,0.408435,-0.4490978105107568
2021-12-30,6.56,6.7,6.56,6.62,0.215362,-0.451131
2022-01-02,6.619999885559082,6.619999885559082,6.619999885559082,6.619999885559082,0.0,0.0
2022-01-03,6.599999904632568,6.730000019073486,6.519999980926514,6.619999885559082,0.227653,0.0
2022-01-04,6.679999828338623,6.699999809265137,6.610000133514404,6.639999866485596,0.375559,0.3021145207289466
2022-01-05,6.639999866485596,6.639999866485596,6.559999942779541,6.610000133514404,1.189544,-0.4518032164821384
2022-01-06,6.550000190734863,6.590000152587891,6.550000190734863,6.559999942779541,0.400134,-0.7564325223134216
2022-01-09,6.58,6.58,6.58,6.58,0.0,0.304878
2022-01-10,6.579999923706055,6.579999923706055,6.579999923706055,6.579999923706055,0.0,0.0
2022-01-11,6.55,6.6,6.5,6.53,0.193057,-0.759874
2022-01-12,6.59,6.61,6.5,6.56,1.337551,0.459414
2022-01-13,6.559999942779541,6.559999942779541,6.46999979019165,6.53000020980835,1.329048,-0.4573130065986031
2022-01-17,6.489999771118164,6.519999980926514,6.400000095367432,6.409999847412109,0.983823,-1.8376777724447013
2022-01-18,6.33,6.49,6.33,6.4,0.772568,-0.156002
2022-01-19,6.35,6.44,6.35,6.4,0.350964,0.0
2022-01-20,6.389999866485596,6.610000133514404,6.389999866485596,6.610000133514404,0.43388,3.2812505471520037
2022-01-24,6.54,6.54,6.45,6.51,0.26845,-1.512858
2022-01-25,6.559999942779541,6.590000152587891,6.449999809265137,6.550000190734863,0.23167,0.6144387165389897
2022-01-26,6.559999942779541,6.590000152587891,6.449999809265137,6.5,0.873301,-0.7633616683796363
2022-01-27,6.5,6.5,6.5,6.5,0.0,0.0
2022-01-31,6.619999885559082,6.619999885559082,6.489999771118164,6.5,1.239527,0.0
2022-02-01,6.5,6.550000190734863,6.480000019073486,6.550000190734863,0.274883,0.7692337036132812
2022-02-02,6.519999980926514,6.53000020980835,6.449999809265137,6.449999809265137,0.318192,-1.5267233367592836
2022-02-03,6.449999809265137,6.550000190734863,6.449999809265137,6.539999961853027,0.18382,1.39535124417538
2022-02-07,6.46999979019165,6.579999923706055,6.46999979019165,6.489999771118164,0.163511,-0.7645289147784062
2022-02-08,6.5,6.630000114440918,6.5,6.590000152587891,0.331473,1.5408379814549231
2022-02-09,6.550000190734863,6.610000133514404,6.550000190734863,6.579999923706055,0.087072,-0.15174853794061027
2022-02-10,6.599999904632568,6.800000190734863,6.599999904632568,6.650000095367432,1.898338,1.063832408404508
2022-02-14,6.570000171661377,6.619999885559082,6.489999771118164,6.599999904632568,0.886158,-0.7518825566588339
2022-02-15,6.610000133514404,6.610000133514404,6.5,6.53000020980835,0.890149,-1.0606014520558649
2022-02-16,6.539999961853027,6.590000152587891,6.420000076293945,6.449999809265137,3.873226,-1.2251209490475756
2022-02-17,6.449999809265137,6.480000019073486,6.409999847412109,6.429999828338623,0.344074,-0.31007723283627
2022-02-21,6.460000038146973,6.550000190734863,6.460000038146973,6.53000020980835,0.132033,1.555215927518372
2022-02-22,6.409999847412109,6.53000020980835,6.409999847412109,6.5,0.363238,-0.4594212686745091
2022-02-23,6.519999980926514,6.519999980926514,6.440000057220459,6.449999809265137,0.391126,-0.7692337036132812
2022-02-24,6.440000057220459,6.510000228881836,6.400000095367432,6.460000038146973,0.786893,0.15504231283032244
2022-02-28,6.440000057220459,6.599999904632568,6.420000076293945,6.579999923706055,0.884824,1.8575833568184263
2022-03-01,6.510000228881836,6.789999961853027,6.510000228881836,6.75,3.577855,2.583587815578525
2022-03-02,6.59,6.78,6.59,6.73,1.106868,-0.296296
2022-03-03,6.72,6.88,6.72,6.8,3.054119,1.040121
2022-03-07,6.61,6.64,6.55,6.6,0.385728,-2.941181
2022-03-08,6.559999942779541,6.699999809265137,6.559999942779541,6.659999847412109,0.24351,0.9090900552502612
2022-03-09,6.699999809265137,6.71999979019165,6.599999904632568,6.679999828338623,0.531379,0.3003000207918216
2022-03-10,6.71999979019165,6.71999979019165,6.619999885559082,6.679999828338623,0.089718,0.0
2022-03-14,6.650000095367432,6.679999828338623,6.550000190734863,6.619999885559082,0.351815,-0.8982027593025133
2022-03-15,6.59,6.69,6.59,6.65,0.311125,0.453175
2022-03-16,6.630000114440918,6.769999980926514,6.619999885559082,6.650000095367432,0.440636,0.0
2022-03-17,6.639999866485596,6.690000057220459,6.630000114440918,6.650000095367432,0.202093,0.0
2022-03-21,6.639999866485596,6.789999961853027,6.639999866485596,6.789999961853027,0.943864,2.1052611199678495
2022-03-22,6.75,6.75,6.65,6.65,0.603203,-2.061854
2022-03-23,6.74,6.79,6.6,6.7,1.039028,0.751875
2022-03-24,6.710000038146973,6.739999771118164,6.650000095367432,6.699999809265137,0.487063,0.0
2022-03-28,6.639999866485596,6.71999979019165,6.639999866485596,6.679999828338623,0.222044,-0.29850718650553665
2022-03-29,6.61,6.7,6.61,6.63,0.657422,-0.748499
2022-03-30,6.6,6.63,6.56,6.56,0.226534,-1.05581
2022-03-31,6.52,6.52,6.5,6.5,0.205335,-0.914633
2022-04-04,6.51,6.71,6.51,6.7,0.75504,3.07692
2022-04-05,6.75,6.79,6.66,6.67,0.648297,-0.447757
2022-04-06,6.61,6.7,6.56,6.59,0.773408,-1.199399
2022-04-07,6.599999904632568,6.650000095367432,6.590000152587891,6.590000152587891,0.08791,0.0
2022-04-11,6.579999923706055,6.679999828338623,6.559999942779541,6.599999904632568,0.01215,0.15174130217205928
2022-04-12,6.579999923706055,6.679999828338623,6.53000020980835,6.590000152587891,0.070636,-0.15151139680561476
2022-04-13,6.599999904632568,6.599999904632568,6.519999980926514,6.53000020980835,0.362392,-0.9104695203380087
2022-04-14,6.53000020980835,6.579999923706055,6.510000228881836,6.579999923706055,0.138266,0.7656923781197422
2022-04-18,6.510000228881836,6.579999923706055,6.480000019073486,6.510000228881836,0.259314,-1.0638251616390981
2022-04-19,6.5,6.559999942779541,6.5,6.53000020980835,0.131996,0.30721935826949487
2022-04-20,6.53000020980835,6.599999904632568,6.5,6.579999923706055,0.259534,0.7656923781197422
2022-04-21,6.519999980926514,6.679999828338623,6.519999980926514,6.599999904632568,0.500979,0.30395108143479455
2022-04-25,6.58,6.6,6.56,6.57,0.060919,-0.454541
2022-04-26,6.6,6.64,6.53,6.64,0.062738,1.065444
2022-04-27,6.54,6.65,6.54,6.62,0.010517,-0.301205
2022-04-28,6.56,6.58,6.56,6.58,0.179697,-0.604229
2022-05-02,6.59,6.59,6.59,6.59,0.0,0.151979
2022-05-03,6.590000152587891,6.590000152587891,6.590000152587891,6.590000152587891,0.0,0.0
2022-05-04,6.590000152587891,6.590000152587891,6.590000152587891,6.590000152587891,0.0,0.0
2022-05-05,6.590000152587891,6.690000057220459,6.590000152587891,6.659999847412109,0.028012,1.062210822510079
2022-05-09,6.610000133514404,6.619999885559082,6.5,6.519999980926514,0.326902,-2.102100145542729
2022-05-10,6.5,6.599999904632568,6.480000019073486,6.480000019073486,0.485841,-0.6134963492337775
2022-05-11,6.449999809265137,6.480000019073486,6.449999809265137,6.46999979019165,0.084283,-0.15432451932717584
2022-05-12,6.449999809265137,6.46999979019165,6.199999809265137,6.199999809265137,0.85825,-4.173106486584843
2022-05-15,6.25,6.25,6.25,6.25,0.0,0.806455
2022-05-16,6.25,6.25,6.25,6.25,0.0,0.0
2022-05-17,6.3,6.38,6.22,6.31,0.453285,0.959999
2022-05-18,6.25,6.400000095367432,6.110000133514404,6.199999809265137,1.718365,-1.743266790996978
2022-05-19,6.210000038146973,6.210000038146973,6.050000190734863,6.099999904632568,0.758111,-1.6129017372408794
2022-05-23,5.989999771118164,6.050000190734863,5.800000190734863,5.909999847412109,1.258134,-3.114755085097065
2022-05-24,5.920000076293945,5.949999809265137,5.849999904632568,5.849999904632568,0.347107,-1.015227484410408
2022-05-25,5.949999809265137,5.96999979019165,5.869999885559082,5.900000095367432,0.248652,0.8547041290593693
2022-05-26,5.87,6.04,5.87,5.95,0.148397,0.847453
2022-05-30,5.960000038146973,6.099999904632568,5.960000038146973,6.0,1.132529,0.8403393670198822
2022-05-31,5.99,6.07,5.99,5.99,0.376343,-0.16667
2022-06-01,6.0,6.050000190734863,6.0,6.050000190734863,0.358572,1.001676492643644
2022-06-02,6.0,6.03000020980835,6.0,6.019999980926514,0.318363,-0.4958712208686044
2022-06-06,5.96999979019165,6.050000190734863,5.929999828338623,6.03000020980835,1.175003,0.1661167593608015
2022-06-07,5.909999847412109,6.019999980926514,5.909999847412109,5.960000038146973,0.45525,-1.16086516128997
2022-06-08,5.940000057220459,6.010000228881836,5.940000057220459,6.010000228881836,0.118817,0.8389293693764621
2022-06-09,6.0,6.039999961853027,6.0,6.039999961853027,0.139582,0.49916359115966813
2022-06-13,6.0,6.0,5.820000171661377,5.980000019073486,0.699697,-0.9933765423590036
2022-06-14,5.849999904632568,5.960000038146973,5.849999904632568,5.960000038146973,0.074288,-0.334447840513763
2022-06-15,5.87,5.94,5.87,5.92,0.050745,-0.67114
2022-06-16,5.869999885559082,5.880000114440918,5.840000152587891,5.849999904632568,0.373958,-1.1824353168792268
2022-06-20,5.900000095367432,5.900000095367432,5.800000190734863,5.809999942779541,0.188658,-0.6837600428224233
2022-06-21,5.78,5.91,5.78,5.87,0.06559,1.032701
2022-06-22,5.809999942779541,5.849999904632568,5.800000190734863,5.800000190734863,0.093231,-1.1924990832866356
2022-06-23,5.840000152587891,5.840000152587891,5.769999980926514,5.769999980926514,0.224655,-0.5172449796859158
2022-06-27,5.78000020980835,5.809999942779541,5.760000228881836,5.800000190734863,0.047777,0.5199343138218238
2022-06-28,5.769999980926514,5.820000171661377,5.769999980926514,5.820000171661377,0.114945,0.34482724601392345
2022-06-29,5.800000190734863,5.809999942779541,5.679999828338623,5.699999809265137,1.540827,-2.061861836027834
2022-06-30,5.75,5.75,5.690000057220459,5.699999809265137,0.208577,0.0
2022-07-04,5.789999961853027,5.829999923706055,5.78000020980835,5.800000190734863,0.117932,1.7543927160695638
2022-07-05,5.75,5.760000228881836,5.710000038146973,5.71999979019165,0.02525,-1.379317205385755
2022-07-06,5.739999771118164,5.840000152587891,5.679999828338623,5.840000152587891,0.42135,2.0979085104515294
2022-07-07,5.699999809265137,5.860000133514404,5.699999809265137,5.78000020980835,0.042676,-1.0273962536277215
2022-07-10,5.78000020980835,5.78000020980835,5.78000020980835,5.78000020980835,0.0,0.0
2022-07-11,5.78,5.78,5.78,5.78,0.0,0.0
2022-07-12,5.83,5.83,5.71,5.8,0.072848,0.34602
2022-07-13,5.730000019073486,5.800000190734863,5.730000019073486,5.800000190734863,0.058327,0.0
2022-07-14,5.76,5.81,5.75,5.81,0.050429,0.17241
2022-07-18,5.800000190734863,5.800000190734863,5.75,5.760000228881836,0.196989,-0.8605802821021191
2022-07-19,5.769999980926514,6.170000076293945,5.769999980926514,6.159999847412109,1.140844,6.944437545758975
2022-07-20,5.95,6.37,5.95,6.22,0.719945,0.974025
2022-07-21,6.26,6.26,6.06,6.19,0.071876,-0.482311
2022-07-25,6.15,6.23,6.15,6.15,0.289647,-0.646203
2022-07-26,6.099999904632568,6.300000190734863,6.099999904632568,6.21999979019165,0.548593,1.138206402255948
2022-07-27,6.19,6.25,6.15,6.16,0.023504,-0.964629
2022-07-28,6.170000076293945,6.199999809265137,6.150000095367432,6.179999828338623,0.184356,0.3246750230832429
2022-08-01,6.150000095367432,6.150000095367432,6.090000152587891,6.090000152587891,0.067703,-1.4563054733114367
2022-08-02,6.090000152587891,6.099999904632568,6.079999923706055,6.099999904632568,0.288896,0.16419953684940758
2022-08-03,6.070000171661377,6.150000095367432,6.070000171661377,6.110000133514404,0.101478,0.163938180953771
2022-08-04,6.110000133514404,6.110000133514404,6.050000190734863,6.050000190734863,0.109593,-0.9819957687141612
2022-08-08,6.0,6.099999904632568,6.0,6.070000171661377,0.152032,0.3305781867105173
2022-08-09,6.019999980926514,6.079999923706055,6.019999980926514,6.070000171661377,0.311971,0.0
2022-08-10,6.059999942779541,6.110000133514404,6.050000190734863,6.110000133514404,0.240358,0.6589779361090065
2022-08-11,6.12,6.12,6.05,6.12,0.058314,0.163662
2022-08-15,6.13,6.19,6.13,6.17,0.040015,0.816997
2022-08-16,6.199999809265137,6.199999809265137,6.0,6.150000095367432,0.328273,-0.3241487954490751
2022-08-17,6.179999828338623,6.199999809265137,6.139999866485596,6.190000057220459,0.059022,0.6504058737032858
2022-08-18,6.199999809265137,6.199999809265137,6.110000133514404,6.150000095367432,0.189959,-0.6462029318783036
2022-08-22,6.15,6.15,6.11,6.14,0.033521,-0.162605
2022-08-23,6.12,6.15,6.1,6.1,0.386033,-0.651465
2022-08-24,6.07,6.1,6.07,6.08,0.11565,-0.327869
2022-08-25,6.090000152587891,6.150000095367432,6.070000171661377,6.070000171661377,0.165379,-0.1644696080618124
2022-08-29,6.079999923706055,6.119999885559082,6.070000171661377,6.070000171661377,0.048099,0.0
2022-08-30,6.070000171661377,6.099999904632568,6.059999942779541,6.070000171661377,0.109902,0.0
2022-08-31,6.059999942779541,6.099999904632568,6.059999942779541,6.079999923706055,0.048755,0.16474055620891992
2022-09-01,6.099999904632568,6.099999904632568,6.059999942779541,6.090000152587891,0.148111,0.164477450778322
2022-09-05,6.050000190734863,6.070000171661377,6.050000190734863,6.050000190734863,0.04453,-0.6568138070740415
2022-09-06,6.099999904632568,6.099999904632568,6.050000190734863,6.059999942779541,0.014702,0.16528515255240794
2022-09-07,6.099999904632568,6.099999904632568,6.050000190734863,6.059999942779541,0.595189,0.0
2022-09-08,6.08,6.08,6.05,6.05,0.075614,-0.165012
2022-09-12,6.019999980926514,6.050000190734863,6.019999980926514,6.03000020980835,0.201089,-0.3305781867105062
2022-09-13,6.019999980926514,6.070000171661377,6.019999980926514,6.070000171661377,0.373659,0.6633492613808523
2022-09-14,6.059999942779541,6.070000171661377,6.010000228881836,6.03000020980835,0.192979,-0.6589779361090065
2022-09-15,6.010000228881836,6.03000020980835,6.0,6.0,0.305555,-0.4975158999091178
2022-09-19,6.0,6.0,5.980000019073486,6.0,0.341312,0.0
2022-09-20,5.989999771118164,6.0,5.940000057220459,5.949999809265137,0.716279,-0.8333365122477177
2022-09-21,5.940000057220459,5.989999771118164,5.860000133514404,5.900000095367432,0.692506,-0.8403313529497414
2022-09-22,5.860000133514404,5.949999809265137,5.849999904632568,5.949999809265137,0.165207,0.8474527642289953
2022-09-26,5.909999847412109,5.940000057220459,5.849999904632568,5.940000057220459,0.119629,-0.1680630649618875
2022-09-27,5.940000057220459,5.940000057220459,5.869999885559082,5.869999885559082,0.122526,-1.1784540570212165
2022-09-28,5.860000133514404,5.920000076293945,5.849999904632568,5.920000076293945,0.188379,0.8517920223111153
2022-09-29,5.92,5.92,5.85,5.85,0.197109,-1.182435
2022-10-03,5.87,5.87,5.81,5.82,0.067165,-0.512816
2022-10-04,5.849999904632568,5.909999847412109,5.849999904632568,5.909999847412109,0.003851,1.5463861356732833
2022-10-05,5.949999809265137,5.949999809265137,5.849999904632568,5.860000133514404,0.015728,-0.8460188695199267
2022-10-06,5.920000076293945,5.920000076293945,5.860000133514404,5.869999885559082,0.050914,0.1706442289563625
2022-10-10,5.849999904632568,5.880000114440918,5.849999904632568,5.880000114440918,0.013968,0.1703616537785279
2022-10-11,5.88,5.88,5.74,5.78,0.527336,-1.700679
2022-10-12,5.889999866485596,5.889999866485596,5.739999771118164,5.75,0.203905,-0.519034752930303
2022-10-13,5.730000019073486,5.769999980926514,5.690000057220459,5.690000057220459,0.308386,-1.043477265731152
2022-10-17,5.71999979019165,5.869999885559082,5.710000038146973,5.869999885559082,0.215686,3.1634415910103186
2022-10-18,5.869999885559082,5.929999828338623,5.71999979019165,5.900000095367432,0.317295,0.5110768380448105
2022-10-19,5.82,5.9,5.79,5.81,0.49488,-1.525426
2022-10-20,5.81,5.88,5.78,5.79,0.081366,-0.344234
2022-10-24,5.88,5.88,5.79,5.82,0.022469,0.518138
2022-10-25,5.889999866485596,5.900000095367432,5.840000152587891,5.849999904632568,0.186123,0.5154593141984076
2022-10-26,5.849999904632568,5.900000095367432,5.769999980926514,5.900000095367432,0.105166,0.8547041290593693
2022-10-27,5.88,5.88,5.8,5.81,0.097847,-1.525426
2022-10-31,5.800000190734863,5.800000190734863,5.71999979019165,5.730000019073486,0.089747,-1.3769350171074612
2022-11-01,5.739999771118164,5.840000152587891,5.739999771118164,5.75,0.187343,0.34903980558358416
2022-11-02,5.760000228881836,5.78000020980835,5.630000114440918,5.699999809265137,0.221514,-0.8695685345193604
2022-11-03,5.789999961853027,5.789999961853027,5.679999828338623,5.699999809265137,0.182969,0.0
2022-11-07,5.659999847412109,5.849999904632568,5.650000095367432,5.840000152587891,0.185066,2.456146456271613
2022-11-08,5.840000152587891,5.840000152587891,5.679999828338623,5.690000057220459,0.584284,-2.568494716579106
2022-11-09,5.8,5.8,5.71,5.71,0.166362,0.351494
2022-11-10,5.71999979019165,5.71999979019165,5.690000057220459,5.710000038146973,0.053866,0.0
2022-11-14,5.769999980926514,5.769999980926514,5.650000095367432,5.670000076293945,0.051752,-0.7005247212924393
2022-11-15,5.650000095367432,5.71999979019165,5.630000114440918,5.71999979019165,0.118412,0.8818291574060444
2022-11-16,5.699999809265137,5.71999979019165,5.630000114440918,5.659999847412109,0.021198,-1.0489500870686341
2022-11-17,5.71999979019165,5.730000019073486,5.650000095367432,5.650000095367432,0.012105,-0.17667406915655715
2022-11-21,5.699999809265137,5.699999809265137,5.650000095367432,5.690000057220459,0.030916,0.7079639146523986
2022-11-22,5.730000019073486,5.730000019073486,5.639999866485596,5.699999809265137,0.02219,0.17574256492296492
2022-11-23,5.65,5.69,5.64,5.69,0.021169,-0.175434
2022-11-24,5.639999866485596,5.650000095367432,5.619999885559082,5.630000114440918,0.214655,-1.0544805303367766
2022-11-28,5.690000057220459,5.690000057220459,5.610000133514404,5.610000133514404,0.023577,-0.35523944085211756
2022-11-29,5.619999885559082,5.650000095367432,5.610000133514404,5.650000095367432,0.005702,0.7130117807674585
2022-11-30,5.619999885559082,5.710000038146973,5.599999904632568,5.710000038146973,0.06024,1.0619458719785868
2022-12-01,5.71,5.71,5.71,5.71,0.0,0.0
2022-12-05,5.630000114440918,5.699999809265137,5.610000133514404,5.699999809265137,0.091088,-0.17513535577980965
2022-12-06,5.72,5.72,5.61,5.66,0.042355,-0.701754
2022-12-07,5.619999885559082,5.71999979019165,5.619999885559082,5.699999809265137,0.115254,0.7067131259962167
2022-12-08,5.7,5.7,5.63,5.68,0.070268,-0.350877
2022-12-12,5.659999847412109,5.679999828338623,5.630000114440918,5.679999828338623,0.151962,0.0
2022-12-13,5.619999885559082,5.650000095367432,5.619999885559082,5.639999866485596,0.029175,-0.7042247017941761
2022-12-14,5.639999866485596,5.679999828338623,5.619999885559082,5.650000095367432,0.022995,0.1773090269249877
2022-12-15,5.650000095367432,5.710000038146973,5.630000114440918,5.650000095367432,0.041331,0.0
2022-12-19,5.62,5.68,5.62,5.66,0.056692,0.176987
2022-12-20,5.63,5.65,5.63,5.64,0.014594,-0.353357
2022-12-21,5.64,5.67,5.64,5.64,0.070459,0.0
2022-12-22,5.65,5.67,5.64,5.64,0.038255,0.0
2022-12-26,5.61,5.67,5.59,5.59,0.052203,-0.88652
2022-12-27,5.599999904632568,5.71999979019165,5.579999923706055,5.71999979019165,0.206249,2.3255748489304784
2022-12-28,5.739999771118164,5.829999923706055,5.739999771118164,5.75,0.150618,0.5244792116914532
2022-12-29,5.730000019073486,5.889999866485596,5.730000019073486,5.800000190734863,0.253129,0.8695685345193604
2023-01-02,5.7,5.74,5.64,5.65,0.239844,-2.586208
2023-01-03,5.63,5.66,5.59,5.59,0.199073,-1.061946
2023-01-04,5.619999885559082,5.619999885559082,5.579999923706055,5.590000152587891,0.221687,0.0
2023-01-05,5.699999809265137,5.699999809265137,5.590000152587891,5.590000152587891,0.048174,0.0
2023-01-09,5.59,5.62,5.59,5.59,0.022996,0.0
2023-01-10,5.599999904632568,5.610000133514404,5.590000152587891,5.610000133514404,0.136272,0.3577814021571202
2023-01-11,5.59,5.6,5.59,5.59,0.142212,-0.356506
2023-01-12,5.59,5.59,5.57,5.57,0.132404,-0.357781
2023-01-16,5.570000171661377,5.639999866485596,5.5,5.559999942779541,0.470087,-0.17953731730053768
2023-01-17,5.46999979019165,5.5,5.460000038146973,5.46999979019165,0.851755,-1.6187077970165942
2023-01-18,5.46999979019165,5.46999979019165,5.429999828338623,5.429999828338623,0.429693,-0.7312607566229201
2023-01-19,5.449999809265137,5.449999809265137,5.369999885559082,5.369999885559082,0.294394,-1.1049713568388575
2023-01-23,5.360000133514404,5.360000133514404,5.300000190734863,5.300000190734863,0.431442,-1.303532519850903
2023-01-24,5.300000190734863,5.300000190734863,5.28000020980835,5.289999961853027,0.258005,-0.18868355701793238
2023-01-25,5.28000020980835,5.300000190734863,5.199999809265137,5.199999809265137,0.612015,-1.7013261481454656
2023-01-26,5.25,5.28000020980835,5.239999771118164,5.260000228881836,0.097249,1.153854265721188
2023-01-30,5.190000057220459,5.190000057220459,5.139999866485596,5.179999828338623,0.164386,-1.520920096237699
2023-01-31,5.230000019073486,5.230000019073486,5.150000095367432,5.159999847412109,0.047113,-0.3861000306814355
2023-02-01,5.21999979019165,5.21999979019165,5.139999866485596,5.190000057220459,0.129889,0.5813994320832405
2023-02-02,5.199999809265137,5.289999961853027,5.199999809265137,5.239999771118164,0.326095,0.963385613611778
2023-02-06,5.27,5.27,5.2,5.22,0.33013,-0.381679
2023-02-07,5.21,5.21,5.19,5.2,0.200209,-0.383141
2023-02-08,5.2,5.2,5.17,5.17,0.189568,-0.576918
2023-02-09,5.2,5.2,5.17,5.18,0.272046,0.193419
2023-02-13,5.25,5.300000190734863,5.230000019073486,5.28000020980835,0.356237,1.9305093587580258
2023-02-14,4.949999809265137,5.300000190734863,4.949999809265137,5.230000019073486,0.232502,-0.946973271743079
2023-02-15,5.230000019073486,5.260000228881836,5.199999809265137,5.199999809265137,0.253907,-0.5736177762703742
2023-02-16,5.199999809265137,5.230000019073486,5.199999809265137,5.199999809265137,0.041297,0.0
2023-02-20,5.179999828338623,5.179999828338623,5.179999828338623,5.179999828338623,0.0,-0.3846150319251618
2023-02-21,5.21999979019165,5.21999979019165,5.170000076293945,5.199999809265137,0.25027,0.3861000306814244
2023-02-22,5.239999771118164,5.239999771118164,5.179999828338623,5.199999809265137,0.177954,0.0
2023-02-23,5.230000019073486,5.230000019073486,5.170000076293945,5.199999809265137,0.179903,0.0
2023-02-27,5.2,5.2,5.16,5.17,0.133508,-0.576918
2023-02-28,5.230000019073486,5.230000019073486,5.099999904632568,5.199999809265137,0.185583,0.5802656195064593
2023-03-01,5.159999847412109,5.159999847412109,5.099999904632568,5.110000133514404,0.17523,-1.7307630586903988
2023-03-02,5.2,5.2,5.12,5.16,0.038288,0.978468
2023-03-06,5.170000076293945,5.190000057220459,5.099999904632568,5.150000095367432,0.080829,-0.19379365000743443
2023-03-07,5.150000095367432,5.150000095367432,5.079999923706055,5.090000152587891,0.176017,-1.165047411038156
2023-03-08,5.119999885559082,5.159999847412109,4.989999771118164,5.159999847412109,0.455948,1.3752395427459652
2023-03-09,5.16,5.16,5.05,5.12,0.034022,-0.775193
2023-03-13,5.04,5.15,5.04,5.15,0.228781,0.585942
2023-03-14,5.070000171661377,5.079999923706055,4.989999771118164,5.0,0.14426,-2.9126231570822836
2023-03-15,5.0,5.03000020980835,4.960000038146973,4.96999979019165,0.295699,-0.6000041961669922
2023-03-16,4.96999979019165,5.019999980926514,4.949999809265137,4.980000019073486,0.06552,0.20121185722323798
2023-03-20,5.010000228881836,5.099999904632568,4.989999771118164,5.0,0.09361,0.4016060411629274
2023-03-21,5.03000020980835,5.170000076293945,5.0,5.150000095367432,0.279784,3.0000019073486373
2023-03-22,5.03000020980835,5.039999961853027,4.980000019073486,5.03000020980835,0.206877,-2.330094822076323
2023-03-23,5.0,5.070000171661377,4.96999979019165,5.010000228881836,0.065896,-0.39761391833571524
2023-03-27,5.050000190734863,5.050000190734863,4.980000019073486,4.980000019073486,0.034261,-0.5988065556445155
2023-03-28,4.949999809265137,5.039999961853027,4.949999809265137,4.989999771118164,0.081563,0.20079823305980682
2023-03-29,5.119999885559082,5.119999885559082,5.019999980926514,5.050000190734863,0.059324,1.2024132739239413
2023-03-30,5.019999980926514,5.059999942779541,5.019999980926514,5.039999961853027,0.194451,-0.19802432681454984
2023-04-03,4.96,5.12,4.96,5.1,0.328673,1.190475
2023-04-04,5.079999923706055,5.099999904632568,5.03000020980835,5.059999942779541,0.026671,-0.7843129921765946
2023-04-05,5.050000190734863,5.099999904632568,4.980000019073486,5.090000152587891,0.242949,0.5928895286087643
2023-04-06,5.09,5.09,5.04,5.06,0.062804,-0.589395
2023-04-10,5.070000171661377,5.070000171661377,5.019999980926514,5.039999961853027,0.275807,-0.3952565445193956
2023-04-11,5.050000190734863,5.050000190734863,5.019999980926514,5.019999980926514,0.182621,-0.39682502138671527
2023-04-12,5.050000190734863,5.050000190734863,4.989999771118164,5.039999961853027,0.556205,0.3984059960657982
2023-04-13,5.04,5.04,5.0,5.03,0.313265,-0.198408
2023-04-17,5.04,5.04,4.99,4.99,0.18562,-0.795237
2023-04-18,4.989999771118164,5.070000171661377,4.960000038146973,4.96999979019165,0.598252,-0.4008012393562077
2023-04-19,5.03000020980835,5.050000190734863,4.980000019073486,5.0,0.258399,0.6036259773603003
2023-04-20,5.0,5.0,5.0,5.0,0.0,0.0
2023-04-24,4.98,5.02,4.98,4.98,0.347838,-0.4
2023-04-25,5.0,5.079999923706055,4.980000019073486,5.050000190734863,1.490626,1.4056259315918584
2023-04-26,5.04,5.04,5.0,5.0,0.146801,-0.990103
2023-04-27,5.019999980926514,5.019999980926514,5.0,5.019999980926514,0.048626,0.3999996185302779
2023-05-01,5.019999980926514,5.070000171661377,5.019999980926514,5.039999961853027,0.490547,0.3984059960657982
2023-05-02,5.039999961853027,5.039999961853027,5.039999961853027,5.039999961853027,0.0,0.0
2023-05-03,5.179999828338623,5.179999828338623,5.010000228881836,5.150000095367432,0.606807,2.182542348154337
2023-05-04,5.150000095367432,5.150000095367432,5.059999942779541,5.150000095367432,0.202254,0.0
2023-05-08,5.099999904632568,5.179999828338623,5.070000171661377,5.179999828338623,0.402197,0.5825190760321952
2023-05-09,5.150000095367432,5.179999828338623,5.099999904632568,5.099999904632568,0.329075,-1.544400122725742
2023-05-10,5.119999885559082,5.349999904632568,5.119999885559082,5.300000190734863,1.175274,3.9215743106313594
2023-05-11,5.289999961853027,5.300000190734863,5.099999904632568,5.179999828338623,1.401314,-2.2641576995792834
2023-05-15,5.18,5.18,5.06,5.1,1.700954,-1.5444
2023-05-16,5.18,5.18,5.06,5.09,0.362471,-0.196074
2023-05-17,5.079999923706055,5.130000114440918,5.050000190734863,5.119999885559082,0.162966,0.5893856988577584
2023-05-18,5.050000190734863,5.099999904632568,5.050000190734863,5.099999904632568,0.119368,-0.3906246362021082
2023-05-22,5.070000171661377,5.070000171661377,5.010000228881836,5.010000228881836,0.530403,-1.7646995575231528
2023-05-23,5.010000228881836,5.070000171661377,4.980000019073486,5.03000020980835,0.628681,0.3992011978605658
2023-05-24,5.010000228881836,5.050000190734863,5.010000228881836,5.010000228881836,0.361882,-0.3976139183357152
2023-05-25,5.019999980926514,5.050000190734863,4.989999771118164,5.050000190734863,0.560505,0.7984023957211539
2023-05-29,5.050000190734863,5.119999885559082,5.019999980926514,5.050000190734863,0.47925,0.0
2023-05-30,5.050000190734863,5.139999866485596,5.050000190734863,5.139999866485596,0.072904,1.7821717297328732
2023-05-31,5.139999866485596,5.170000076293945,5.099999904632568,5.159999847412109,1.16603,0.3891046973934831
2023-06-01,5.099999904632568,5.210000038146973,5.099999904632568,5.150000095367432,0.424793,-0.19379365000743443
2023-06-05,5.150000095367432,5.199999809265137,5.070000171661377,5.090000152587891,1.621244,-1.165047411038156
2023-06-06,5.1,5.15,5.08,5.13,0.305438,0.785854
2023-06-07,5.090000152587891,5.130000114440918,5.090000152587891,5.130000114440918,0.067707,0.0
2023-06-08,5.110000133514404,5.139999866485596,5.099999904632568,5.099999904632568,0.106449,-0.5847993984229971
2023-06-12,5.150000095367432,5.159999847412109,5.119999885559082,5.119999885559082,0.125975,0.39215649608830283
2023-06-13,5.119999885559082,5.159999847412109,5.079999923706055,5.159999847412109,0.411663,0.7812492724042164
2023-06-14,5.17,5.2,5.11,5.18,0.334574,0.387597
2023-06-15,5.159999847412109,5.170000076293945,5.139999866485596,5.159999847412109,0.244923,-0.3861000306814355
2023-06-19,5.19,5.2,5.12,5.19,0.260638,0.581399
2023-06-20,5.190000057220459,5.320000171661377,5.190000057220459,5.28000020980835,1.295937,1.7341069671604314
2023-06-21,5.300000190734863,5.300000190734863,5.28000020980835,5.300000190734863,0.125001,0.3787875024959364
2023-06-22,5.300000190734863,5.320000171661377,5.269999980926514,5.309999942779541,0.229402,0.1886745600907513
2023-06-26,5.31,5.31,5.26,5.28,0.095669,-0.564967
2023-06-27,5.28000020980835,5.28000020980835,5.28000020980835,5.28000020980835,0.0,0.0
2023-06-28,5.28000020980835,5.28000020980835,5.28000020980835,5.28000020980835,0.0,0.0
2023-06-29,5.28000020980835,5.28000020980835,5.28000020980835,5.28000020980835,0.0,0.0
2023-07-03,5.28000020980835,5.309999942779541,5.260000228881836,5.309999942779541,0.536547,0.5681767382406999
2023-07-04,5.31,5.33,5.26,5.33,0.211218,0.376647
2023-07-05,5.34,5.34,5.3,5.31,0.086523,-0.375234
2023-07-06,5.31,5.38,5.31,5.31,0.084555,0.0
2023-07-10,5.31,5.39,5.28,5.37,0.670286,1.129942
2023-07-11,5.38,5.46,5.37,5.43,0.315539,1.117317
2023-07-12,5.429999828338623,5.449999809265137,5.400000095367432,5.420000076293945,0.271761,-0.184157502040605
2023-07-13,5.429999828338623,5.440000057220459,5.400000095367432,5.440000057220459,0.209489,0.36900333293332643
2023-07-17,5.53000020980835,5.53000020980835,5.349999904632568,5.5,0.115812,1.1029401130226768
2023-07-18,5.489999771118164,5.489999771118164,5.429999828338623,5.449999809265137,0.111813,-0.9090943769975102
2023-07-19,5.429999828338623,5.480000019073486,5.360000133514404,5.400000095367432,0.191879,-0.917425975184516
2023-07-20,5.400000095367432,5.460000038146973,5.400000095367432,5.460000038146973,0.178374,1.111110031850071
2023-07-24,5.460000038146973,5.550000190734863,5.400000095367432,5.550000190734863,0.429828,1.6483544314852328
2023-07-25,5.550000190734863,5.550000190734863,5.460000038146973,5.550000190734863,0.344697,0.0
2023-07-26,5.539999961853027,5.579999923706055,5.460000038146973,5.550000190734863,0.225593,0.0
2023-07-27,5.550000190734863,5.550000190734863,5.46999979019165,5.480000019073486,0.32852,-1.2612643109136235
2023-07-31,5.5,5.519999980926514,5.449999809265137,5.519999980926514,0.273985,0.7299263086460783
2023-08-01,5.480000019073486,5.510000228881836,5.449999809265137,5.480000019073486,0.3822,-0.7246369925949403
2023-08-02,5.460000038146973,5.510000228881836,5.449999809265137,5.5,0.414514,0.3649631543230391
2023-08-03,5.4,5.44,5.37,5.39,0.300952,-2.000002
2023-08-07,5.300000190734863,5.409999847412109,5.300000190734863,5.349999904632568,0.070836,-0.7421143384760076
2023-08-08,5.409999847412109,5.409999847412109,5.349999904632568,5.380000114440918,0.199798,0.560751595198572
2023-08-09,5.389999866485596,5.409999847412109,5.349999904632568,5.380000114440918,0.294949,0.0
2023-08-10,5.36,5.4,5.34,5.39,0.176822,0.185869
2023-08-14,5.320000171661377,5.400000095367432,5.320000171661377,5.389999866485596,0.121109,0.0
2023-08-15,5.389999866485596,5.480000019073486,5.380000114440918,5.449999809265137,0.487052,1.113171507714017
2023-08-16,5.440000057220459,5.440000057220459,5.349999904632568,5.380000114440918,0.330024,-1.2843981151195227
2023-08-17,5.38,5.38,5.32,5.38,0.067806,0.0
2023-08-21,5.349999904632568,5.349999904632568,5.340000152587891,5.349999904632568,0.056693,-0.5576247057657802
2023-08-22,5.369999885559082,5.369999885559082,5.329999923706055,5.329999923706055,0.071814,-0.37383142585097895
2023-08-23,5.329999923706055,5.400000095367432,5.320000171661377,5.320000171661377,0.929117,-0.1876126114036536
2023-08-24,5.39,5.39,5.3,5.35,0.402899,0.563905
2023-08-28,5.36,5.4,5.33,5.37,0.084184,0.373831
2023-08-29,5.369999885559082,5.400000095367432,5.300000190734863,5.380000114440918,0.267278,0.18622400549259677
2023-08-30,5.320000171661377,5.329999923706055,5.21999979019165,5.21999979019165,0.578948,-2.973983658844115
2023-08-31,5.230000019073486,5.329999923706055,5.230000019073486,5.320000171661377,0.166305,1.9157161971084191
2023-09-04,5.37,5.37,5.33,5.37,0.024834,0.939844
2023-09-05,5.369999885559082,5.369999885559082,5.300000190734863,5.340000152587891,0.097576,-0.5586542571791475
2023-09-06,5.320000171661377,5.320000171661377,5.289999961853027,5.309999942779541,0.142711,-0.5618016657510938
2023-09-07,5.37,5.37,5.29,5.33,0.045943,0.376647
2023-09-11,5.389999866485596,5.389999866485596,5.329999923706055,5.389999866485596,0.0313,1.125702507286741
2023-09-12,5.389999866485596,5.389999866485596,5.309999942779541,5.380000114440918,0.041393,-0.18552416126863536
2023-09-13,5.309999942779541,5.380000114440918,5.309999942779541,5.380000114440918,0.065567,0.0
2023-09-14,5.309999942779541,5.380000114440918,5.309999942779541,5.309999942779541,0.031605,-1.3011184046908042
2023-09-18,5.35,5.35,5.3,5.32,0.132716,0.188328
2023-09-19,5.329999923706055,5.329999923706055,5.239999771118164,5.25,0.491667,-1.3157926579449142
2023-09-20,5.21999979019165,5.320000171661377,5.21999979019165,5.25,0.444197,0.0
2023-09-21,5.230000019073486,5.289999961853027,5.230000019073486,5.289999961853027,0.500793,0.7619040352957684
2023-09-25,5.33,5.38,5.31,5.37,0.686289,1.512286
2023-09-26,5.340000152587891,5.409999847412109,5.340000152587891,5.409999847412109,0.558858,0.7448782626717554
2023-09-27,5.409999847412109,5.449999809265137,5.400000095367432,5.400000095367432,0.318974,-0.18483830548463587
2023-09-28,5.400000095367432,5.409999847412109,5.349999904632568,5.349999904632568,0.060749,-0.9259294417005236
2023-10-02,5.349999904632568,5.349999904632568,5.349999904632568,5.349999904632568,0.0,0.0
2023-10-03,5.380000114440918,5.380000114440918,5.320000171661377,5.369999885559082,0.020373,0.37383142585096785
2023-10-04,5.400000095367432,5.400000095367432,5.329999923706055,5.369999885559082,0.088545,0.0
2023-10-05,5.33,5.4,5.32,5.35,0.270288,-0.372439
2023-10-09,5.37,5.37,5.16,5.29,0.237182,-1.121494
2023-10-10,5.28,5.36,5.28,5.33,0.013117,0.756143
2023-10-11,5.260000228881836,5.340000152587891,5.260000228881836,5.340000152587891,0.016078,0.18762155769191935
2023-10-12,5.27,5.35,5.27,5.3,0.042599,-0.749063
2023-10-16,5.269999980926514,5.269999980926514,5.150000095367432,5.21999979019165,0.103871,-1.509441465361916
2023-10-17,5.369999885559082,5.369999885559082,5.25,5.300000190734863,0.049502,1.532574784649099
2023-10-18,5.199999809265137,5.269999980926514,5.199999809265137,5.239999771118164,0.124523,-1.1320833482532322
2023-10-19,5.239999771118164,5.25,5.179999828338623,5.199999809265137,0.168823,-0.7633580839735754
2023-10-23,5.070000171661377,5.150000095367432,5.0,5.079999923706055,0.214998,-2.307690191550993
2023-10-24,5.079999923706055,5.230000019073486,5.070000171661377,5.130000114440918,0.286088,0.9842557379092788
2023-10-25,5.199999809265137,5.239999771118164,5.099999904632568,5.239999771118164,0.072291,2.1442427723850965
2023-10-26,5.2,5.23,5.16,5.2,0.061045,-0.763358
2023-10-30,5.28,5.29,5.26,5.26,0.152394,1.153854
2023-10-31,5.409999847412109,5.409999847412109,5.300000190734863,5.380000114440918,0.242889,2.281366546339325
2023-11-01,5.260000228881836,5.369999885559082,5.260000228881836,5.369999885559082,0.049463,-0.1858778563032626
2023-11-02,5.269999980926514,5.369999885559082,5.269999980926514,5.320000171661377,0.027168,-0.9310933885150252
2023-11-06,5.360000133514404,5.380000114440918,5.320000171661377,5.380000114440918,0.057629,1.1278184369081234
2023-11-07,5.309999942779541,5.429999828338623,5.309999942779541,5.420000076293945,0.26772,0.7434936989250351
2023-11-08,5.420000076293945,5.420000076293945,5.329999923706055,5.380000114440918,0.043243,-0.738006665866664
2023-11-09,5.329999923706055,5.409999847412109,5.329999923706055,5.340000152587891,0.043002,-0.743493698925024
2023-11-13,5.309999942779541,5.389999866485596,5.300000190734863,5.360000133514404,0.187801,0.3745314673225364
2023-11-14,5.309999942779541,5.360000133514404,5.300000190734863,5.340000152587891,0.056695,-0.3731339632150443
2023-11-15,5.3,5.35,5.29,5.35,0.146677,0.187261
2023-11-16,5.349999904632568,5.349999904632568,5.300000190734863,5.340000152587891,0.015333,-0.1869112565033637
2023-11-20,5.300000190734863,5.349999904632568,5.300000190734863,5.340000152587891,0.037696,0.0
2023-11-21,5.300000190734863,5.349999904632568,5.289999961853027,5.300000190734863,0.203041,-0.749062934645095
2023-11-22,5.289999961853027,5.340000152587891,5.289999961853027,5.320000171661377,0.09098,0.3773581171086837
2023-11-23,5.29,5.34,5.29,5.34,0.040621,0.375939
2023-11-27,5.340000152587891,5.340000152587891,5.260000228881836,5.289999961853027,0.162333,-0.9363331330736413
2023-11-28,5.260000228881836,5.300000190734863,5.239999771118164,5.25,0.224624,-0.756142951634653
2023-11-29,5.28,5.28,5.11,5.2,0.357015,-0.952385
2023-11-30,5.199999809265137,5.21999979019165,5.159999847412109,5.199999809265137,0.555719,0.0
2023-12-04,5.199999809265137,5.199999809265137,5.199999809265137,5.199999809265137,0.0,0.0
2023-12-05,5.199999809265137,5.199999809265137,5.179999828338623,5.179999828338623,0.088336,-0.3846150319251618
2023-12-06,5.18,5.2,5.15,5.19,0.079448,0.193055
2023-12-07,5.239999771118164,5.239999771118164,5.179999828338623,5.179999828338623,0.06565,-0.1926826352905974
2023-12-11,5.110000133514404,5.199999809265137,5.110000133514404,5.170000076293945,0.059408,-0.1930454126652936
2023-12-12,5.2,5.2,5.12,5.15,0.083282,-0.386847
2023-12-13,5.199999809265137,5.199999809265137,5.119999885559082,5.179999828338623,0.115522,0.5825190760321952
2023-12-14,5.150000095367432,5.199999809265137,5.150000095367432,5.190000057220459,0.274509,0.19305461801615298
2023-12-18,5.179999828338623,5.239999771118164,5.179999828338623,5.199999809265137,0.015054,0.192673447676861
2023-12-19,5.18,5.24,5.18,5.19,0.180447,-0.192303
2023-12-20,5.19,5.23,5.19,5.2,0.13207,0.192673
2023-12-21,5.199999809265137,5.199999809265137,5.190000057220459,5.199999809265137,0.021521,0.0
2023-12-25,5.190000057220459,5.190000057220459,5.150000095367432,5.170000076293945,0.165105,-0.5769179629149024
2023-12-26,5.199999809265137,5.199999809265137,5.159999847412109,5.159999847412109,0.104033,-0.1934280219393014
2023-12-27,5.15,5.17,5.12,5.15,0.35179,-0.193794
2023-12-28,5.16,5.19,5.16,5.19,2.353976,0.776698
2024-01-01,5.19,5.19,5.19,5.19,0.0,0.0
2024-01-02,5.19,5.25,5.17,5.23,0.070482,0.770712
2024-01-03,5.23,5.24,5.16,5.2,0.400038,-0.573618
2024-01-04,5.179999828338623,5.239999771118164,5.179999828338623,5.239999771118164,0.054295,0.7692300638503236
2024-01-08,5.25,5.289999961853027,5.21999979019165,5.269999980926514,0.193701,0.5725231129532604
2024-01-09,5.27,5.33,5.27,5.3,0.201877,0.569264
2024-01-10,5.309999942779541,5.329999923706055,5.309999942779541,5.320000171661377,0.14493,0.3773581171086837
2024-01-11,5.320000171661377,5.340000152587891,5.28000020980835,5.329999923706055,0.128805,0.18796525793258745
2024-01-15,5.320000171661377,5.340000152587891,5.25,5.320000171661377,0.088167,-0.1876126114036536
2024-01-16,5.26,5.33,5.26,5.33,0.214089,0.187965
2024-01-17,5.329999923706055,5.329999923706055,5.239999771118164,5.260000228881836,0.340002,-1.3133151186904057
2024-01-18,5.349999904632568,5.349999904632568,5.269999980926514,5.320000171661377,0.203641,1.1406832731696515
2024-01-22,5.329999923706055,5.369999885559082,5.289999961853027,5.349999904632568,0.379681,0.5639047369019767
2024-01-23,5.28000020980835,5.5,5.28000020980835,5.480000019073486,1.82268,2.4299087244534556
2024-01-24,5.46999979019165,5.619999885559082,5.46999979019165,5.619999885559082,1.438111,2.554742080261274
2024-01-25,5.630000114440918,5.650000095367432,5.559999942779541,5.630000114440918,0.358977,0.1779400193144598
2024-01-29,5.619999885559082,5.690000057220459,5.599999904632568,5.670000076293945,0.375033,0.7104788817042351
2024-01-30,5.670000076293945,5.670000076293945,5.599999904632568,5.650000095367432,0.325008,-0.3527333449276804
2024-01-31,5.650000095367432,5.670000076293945,5.630000114440918,5.650000095367432,0.206984,0.0
2024-02-01,5.659999847412109,5.670000076293945,5.599999904632568,5.670000076293945,0.681586,0.3539819573261882
2024-02-05,5.7,5.74,5.68,5.72,0.25256,0.881829
2024-02-06,5.71999979019165,5.75,5.690000057220459,5.730000019073486,0.560232,0.17482918266857883
2024-02-07,5.73,5.73,5.73,5.73,0.0,0.0
2024-02-08,5.74,5.75,5.71,5.75,1.020958,0.34904
2024-02-12,5.760000228881836,5.800000190734863,5.670000076293945,5.800000190734863,0.680586,0.8695685345193604
2024-02-13,5.699999809265137,5.800000190734863,5.699999809265137,5.800000190734863,0.026575,0.0
2024-02-14,5.25,5.820000171661377,5.25,5.800000190734863,0.553801,0.0
2024-02-15,5.800000190734863,5.800000190734863,5.78000020980835,5.789999961853027,0.024733,-0.1724177336719812
2024-02-19,5.83,5.83,5.79,5.8,0.731572,0.172716
2024-02-20,5.789999961853027,5.809999942779541,5.710000038146973,5.789999961853027,0.263043,-0.1724177336719812
2024-02-21,5.789999961853027,5.789999961853027,5.789999961853027,5.789999961853027,0.0,0.0
2024-02-22,5.710000038146973,5.78000020980835,5.619999885559082,5.769999980926514,1.56153,-0.3454228162052208
2024-02-26,5.74,5.78,5.73,5.77,0.143845,0.0
2024-02-27,5.78000020980835,5.78000020980835,5.730000019073486,5.75,0.669915,-0.34662012118936714
2024-02-28,5.789999961853027,5.809999942779541,5.75,5.769999980926514,0.641631,0.3478257552437247
2024-02-29,5.75,5.900000095367432,5.710000038146973,5.900000095367432,5.018065,2.253034919768626
2024-03-04,5.900000095367432,5.900000095367432,5.809999942779541,5.880000114440918,0.140322,-0.33898272208872093
2024-03-05,5.9,5.9,5.8,5.85,0.116296,-0.510208
2024-03-06,5.900000095367432,5.900000095367432,5.78000020980835,5.849999904632568,0.179097,0.0
2024-03-07,5.800000190734863,5.849999904632568,5.769999980926514,5.849999904632568,0.097774,0.0
2024-03-11,5.78000020980835,5.900000095367432,5.78000020980835,5.880000114440918,0.11434,0.5128241076481466
2024-03-12,5.889999866485596,5.929999828338623,5.820000171661377,5.900000095367432,2.233455,0.3401357234227742
2024-03-13,5.94,5.94,5.9,5.94,0.163597,0.677965
2024-03-14,5.900000095367432,5.949999809265137,5.900000095367432,5.949999809265137,0.207474,0.1683459923964569
2024-03-18,5.949999809265137,5.980000019073486,5.869999885559082,5.980000019073486,0.609911,0.5042052230259664
2024-03-19,5.95,6.05,5.95,6.05,1.943255,1.170571
2024-03-20,6.05,6.05,6.0,6.05,0.320719,0.0
2024-03-21,6.050000190734863,6.050000190734863,5.900000095367432,5.929999828338623,0.071502,-1.9834770018687276
2024-03-25,5.989999771118164,6.0,5.769999980926514,5.849999904632568,0.634825,-1.3490712651246015
2024-03-26,5.849999904632568,5.929999828338623,5.800000190734863,5.869999885559082,0.373744,0.34188002141120055
2024-03-27,5.889999866485596,5.980000019073486,5.869999885559082,5.980000019073486,0.971257,1.8739375751099847
2024-03-28,5.989999771118164,6.0,5.929999828338623,5.989999771118164,0.326727,0.16721993332413643
2024-04-01,5.989999771118164,5.989999771118164,5.989999771118164,5.989999771118164,0.0,0.0
2024-04-02,5.72,5.76,5.63,5.65,0.305143,-5.676122
2024-04-03,5.66,5.68,5.6,5.63,0.403412,-0.353982
2024-04-04,5.63,5.64,5.55,5.59,0.546483,-0.710479
2024-04-15,5.579999923706055,5.699999809265137,5.579999923706055,5.699999809265137,0.351167,1.9677934467733804
2024-04-16,5.7,5.7,5.61,5.61,0.134576,-1.578942
2024-04-17,5.6,5.62,5.52,5.55,0.157121,-1.069518
2024-04-18,5.55,5.6,5.51,5.53,0.202798,-0.36036
2024-04-22,5.65,5.65,5.54,5.55,0.162003,0.361663
2024-04-23,5.57,5.65,5.55,5.55,0.065454,0.0
2024-04-24,5.550000190734863,5.590000152587891,5.53000020980835,5.570000171661377,0.230434,0.3603600043095678
2024-04-25,5.570000171661377,5.650000095367432,5.550000190734863,5.650000095367432,0.149052,1.4362642951623705
2024-04-29,5.619999885559082,5.71999979019165,5.619999885559082,5.71999979019165,0.055419,1.238932630843892
2024-04-30,5.909999847412109,6.0,5.809999942779541,5.849999904632568,0.745569,2.272729356805847
2024-05-01,5.900000095367432,5.929999828338623,5.849999904632568,5.900000095367432,0.725772,0.8547041290593693
2024-05-02,5.949999809265137,5.949999809265137,5.809999942779541,5.849999904632568,0.281486,-0.8474608462146094
2024-05-06,5.900000095367432,5.900000095367432,5.789999961853027,5.800000190734863,0.250859,-0.8546959779967
2024-05-07,5.900000095367432,5.900000095367432,5.730000019073486,5.769999980926514,0.425173,-0.5172449796859158
2024-05-08,5.800000190734863,5.800000190734863,5.75,5.800000190734863,0.0583,0.5199343138218238
2024-05-09,5.800000190734863,5.849999904632568,5.760000228881836,5.849999904632568,0.674089,0.8620640043698113
2024-05-13,5.900000095367432,5.900000095367432,5.829999923706055,5.889999866485596,0.276527,0.6837600428224233
2024-05-14,5.889999866485596,5.889999866485596,5.800000190734863,5.800000190734863,0.400786,-1.5280081118988709
2024-05-15,5.800000190734863,5.800000190734863,5.730000019073486,5.760000228881836,0.498801,-0.689654492027858
2024-05-16,5.73,5.8,5.72,5.8,0.182048,0.694444
2024-05-20,5.75,5.8,5.73,5.78,0.104501,-0.344827
2024-05-21,5.829999923706055,5.829999923706055,5.75,5.75,0.18491,-0.519034752930303
2024-05-22,5.829999923706055,5.829999923706055,5.71999979019165,5.739999771118164,0.044241,-0.1739170240319332
2024-05-23,5.829999923706055,5.889999866485596,5.710000038146973,5.849999904632568,0.493895,1.9163787090705096
2024-05-27,5.889999866485596,6.019999980926514,5.730000019073486,5.929999828338623,1.503783,1.3675200856448466
2024-05-28,5.929999828338623,5.960000038146973,5.829999923706055,5.860000133514404,0.195053,-1.1804333364345165
2024-05-29,5.92,5.92,5.8,5.87,0.194709,0.170644
2024-05-30,5.869999885559082,5.869999885559082,5.78000020980835,5.78000020980835,0.248046,-1.5332142675529292
2024-06-03,5.86,5.86,5.78,5.78,0.070928,0.0
2024-06-04,5.78000020980835,5.800000190734863,5.769999980926514,5.800000190734863,0.573892,0.3460204186943594
2024-06-05,5.800000190734863,5.800000190734863,5.789999961853027,5.789999961853027,0.515791,-0.1724177336719812
2024-06-06,5.789999961853027,5.789999961853027,5.760000228881836,5.769999980926514,0.350183,-0.3454228162052208
2024-06-10,5.860000133514404,5.860000133514404,5.769999980926514,5.800000190734863,1.333829,0.5199343138218238
2024-06-11,5.78,5.85,5.78,5.79,0.219245,-0.172418
2024-06-12,5.769999980926514,5.78000020980835,5.760000228881836,5.769999980926514,0.078321,-0.34542281620522086
2024-06-13,5.769999980926514,5.800000190734863,5.760000228881836,5.760000228881836,0.084891,-0.1733059285568994
2024-06-20,5.739999771118164,5.789999961853027,5.739999771118164,5.739999771118164,0.367758,-0.3472301557105095
2024-06-24,5.75,5.800000190734863,5.699999809265137,5.730000019073486,0.455211,-0.1742117150421052
2024-06-25,5.730000019073486,5.75,5.710000038146973,5.730000019073486,0.465363,0.0
2024-06-26,5.730000019073486,5.78000020980835,5.710000038146973,5.710000038146973,0.147349,-0.3490398055835841
2024-06-27,5.710000038146973,5.71999979019165,5.650000095367432,5.699999809265137,0.590858,-0.1751353557798096
2024-07-01,5.71,5.76,5.7,5.72,0.82344,0.350877
2024-07-02,5.77,5.85,5.72,5.82,5.067646,1.748258
2024-07-03,5.77,5.85,5.72,5.82,5.067646,0.0
2024-07-04,5.820000171661377,5.820000171661377,5.690000057220459,5.71999979019165,1.231945,-1.7182195622028718
2024-07-08,5.71999979019165,5.760000228881836,5.71999979019165,5.75,0.289429,0.5244792116914532
2024-07-09,5.79,5.8,5.77,5.79,0.253086,0.695652
2024-07-10,5.730000019073486,5.800000190734863,5.730000019073486,5.800000190734863,0.122555,0.1727155258673951
2024-07-11,5.809999942779541,5.849999904632568,5.800000190734863,5.849999904632568,0.122943,0.8620640043698113
2024-07-15,5.840000152587891,5.849999904632568,5.800000190734863,5.840000152587891,0.094279,-0.17093593517427674
2024-07-16,5.840000152587891,5.880000114440918,5.809999942779541,5.849999904632568,0.323394,0.17122862642813264
2024-07-17,5.880000114440918,5.909999847412109,5.849999904632568,5.889999866485596,0.375695,0.6837600428224233
2024-07-18,5.889999866485596,5.960000038146973,5.869999885559082,5.949999809265137,0.389146,1.0186747731683932
2024-07-22,5.96999979019165,6.0,5.929999828338623,5.989999771118164,0.201206,0.6722682879878539
2024-07-23,6.110000133514404,6.150000095367432,6.050000190734863,6.090000152587891,1.334461,1.669455514036855
2024-07-24,6.09,6.09,6.06,6.08,0.631908,-0.164207
2024-07-25,6.090000152587891,6.170000076293945,6.090000152587891,6.170000076293945,0.935166,1.4802656861388819
2024-07-29,6.239999771118164,6.25,6.230000019073486,6.25,1.252607,1.2965951817963006
2024-07-30,6.25,6.25,6.190000057220459,6.210000038146973,1.344937,-0.6399993896484379
2024-07-31,6.130000114440918,6.139999866485596,6.050000190734863,6.050000190734863,1.117744,-2.576487060052457
2024-08-01,6.050000190734863,6.130000114440918,6.010000228881836,6.079999923706055,0.457281,0.49586333926292525
2024-08-05,6.050000190734863,6.050000190734863,5.900000095367432,6.03000020980835,0.604988,-0.8223637257420813
2024-08-06,6.0,6.059999942779541,5.96999979019165,5.96999979019165,0.312967,-0.9950317998182356
2024-08-07,6.0,6.090000152587891,6.0,6.070000171661377,0.615033,1.6750483246920966
2024-08-08,6.010000228881836,6.119999885559082,6.010000228881836,6.099999904632568,1.211662,0.49422952426343425
2024-08-12,6.050000190734863,6.139999866485596,6.050000190734863,6.119999885559082,0.446501,0.327868544904808
2024-08-13,6.12,6.15,6.1,6.12,1.285737,0.0
2024-08-14,6.15,6.17,6.1,6.15,0.552893,0.4902
2024-08-15,6.150000095367432,6.179999828338623,6.099999904632568,6.150000095367432,2.253166,0.0
2024-08-19,6.199999809265137,6.21999979019165,6.119999885559082,6.210000038146973,1.319658,0.9756088105549177
2024-08-20,6.239999771118164,6.360000133514404,6.230000019073486,6.300000190734863,2.637395,1.4492778105480664
2024-08-21,6.289999961853027,6.320000171661377,6.25,6.28000020980835,1.10647,-0.3174600050953491
2024-08-22,6.300000190734863,6.300000190734863,6.179999828338623,6.190000057220459,4.005768,-1.4331234009725802
2024-08-26,6.210000038146973,6.289999961853027,6.150000095367432,6.150000095367432,1.188132,-0.6462029318783036
2024-08-27,6.179999828338623,6.230000019073486,6.110000133514404,6.159999847412109,1.217784,0.16259759170100807
2024-08-28,6.28000020980835,6.28000020980835,6.150000095367432,6.21999979019165,1.010812,0.974025069249751
2024-08-29,6.21999979019165,6.260000228881836,6.199999809265137,6.239999771118164,2.139831,0.32154311255849777
2024-09-02,6.28000020980835,6.300000190734863,6.199999809265137,6.300000190734863,1.229973,0.9615452214343234
2024-09-03,6.300000190734863,6.349999904632568,6.260000228881836,6.28000020980835,1.391354,-0.3174600050953491
2024-09-04,6.269999980926514,6.289999961853027,6.230000019073486,6.25,1.214586,-0.477710331306902
2024-09-05,6.230000019073486,6.369999885559082,6.230000019073486,6.349999904632568,1.955561,1.5999984741210893
2024-09-09,6.349999904632568,6.420000076293945,6.320000171661377,6.389999866485596,0.848078,0.6299206685632441
2024-09-10,6.369999885559082,6.429999828338623,6.369999885559082,6.380000114440918,0.487441,-0.1564906455964854
2024-09-11,6.380000114440918,6.380000114440918,6.329999923706055,6.369999885559082,0.238098,-0.15674339659024206
2024-09-12,6.369999885559082,6.409999847412109,6.340000152587891,6.389999866485596,0.277543,0.3139714487570666
2024-09-16,6.429999828338623,6.440000057220459,6.400000095367432,6.429999828338623,0.14486,0.6259775068669482
2024-09-17,6.440000057220459,6.53000020980835,6.429999828338623,6.510000228881836,1.38217,1.2441742251785293
2024-09-18,6.510000228881836,6.53000020980835,6.489999771118164,6.489999771118164,0.801645,-0.3072266829567738
2024-09-19,6.510000228881836,6.579999923706055,6.5,6.550000190734863,0.360132,0.9245057277769586
2024-09-23,6.599999904632568,6.599999904632568,6.53000020980835,6.559999942779541,0.118862,0.1526679657020802
2024-09-24,6.559999942779541,6.650000095367432,6.53000020980835,6.619999885559082,0.79736,0.9146332820563874
2024-09-25,6.65,6.82,6.65,6.82,1.323938,3.021152
2024-09-26,6.730000019073486,6.849999904632568,6.730000019073486,6.849999904632568,0.646231,0.4398787714969154
2024-09-30,6.980000019073486,6.980000019073486,6.849999904632568,6.980000019073486,0.97517,1.8978119160702578
2024-10-01,6.980000019073486,6.980000019073486,6.909999847412109,6.949999809265137,0.387025,-0.4298024316099047
2024-10-02,6.860000133514404,6.940000057220459,6.849999904632568,6.860000133514404,0.708789,-1.294959398858586
2024-10-03,6.860000133514404,6.860000133514404,6.710000038146973,6.75,1.041704,-1.6035004573396572
2024-10-07,6.75,6.75,6.75,6.75,0.0,0.0
2024-10-08,6.710000038146973,6.789999961853027,6.710000038146973,6.730000019073486,0.746889,-0.29629601372612724
2024-10-09,6.699999809265137,6.769999980926514,6.699999809265137,6.730000019073486,0.250552,0.0
2024-10-10,6.72,6.83,6.72,6.83,1.001648,1.485883
2024-10-14,7.090000152587891,7.260000228881836,7.050000190734863,7.199999809265137,3.668241,5.417275105302122
2024-10-15,7.239999771118164,7.25,7.179999828338623,7.179999828338623,1.724866,-0.27777752022684066
2024-10-16,7.179999828338623,7.179999828338623,7.179999828338623,7.179999828338623,0.0,0.0
2024-10-17,7.179999828338623,7.179999828338623,7.099999904632568,7.130000114440918,0.20816,-0.6963748620210541
2024-10-21,7.210000038146973,7.210000038146973,7.130000114440918,7.130000114440918,0.625548,0.0
2024-10-22,7.130000114440918,7.210000038146973,7.130000114440918,7.199999809265137,0.761605,0.9817628850025352
2024-10-23,7.210000038146973,7.210000038146973,7.159999847412109,7.199999809265137,0.348316,0.0
2024-10-24,7.2,7.22,7.2,7.22,0.4281,0.277778
2024-10-28,7.21,7.22,7.15,7.19,0.73514,-0.415509
2024-10-29,7.25,7.389999866485596,7.239999771118164,7.369999885559082,1.58632,2.5034746440350863
2024-10-30,7.380000114440918,7.5,7.369999885559082,7.489999771118164,1.085583,1.6282209962338312
2024-10-31,7.440000057220459,7.489999771118164,7.440000057220459,7.46999979019165,0.957769,-0.267022450436305
2024-11-04,7.35,7.38,7.2,7.35,0.54553,-1.606424
2024-11-05,7.369999885559082,7.5,7.369999885559082,7.5,0.884205,2.040817650526616
2024-11-06,7.5,7.5,7.5,7.5,0.0,0.0
2024-11-07,7.43,7.5,7.39,7.47,0.606755,-0.400003
2024-11-11,7.369999885559082,7.519999980926514,7.369999885559082,7.449999809265137,0.861873,-0.26773736932059755
2024-11-12,7.5,7.519999980926514,7.449999809265137,7.5,0.695507,0.6711435169794333
2024-11-13,7.52,7.52,7.46,7.5,0.59068,0.0
2024-11-14,7.5,7.5,7.45,7.49,0.515069,-0.133336
2024-11-18,7.360000133514404,7.489999771118164,7.360000133514404,7.449999809265137,0.034202,-0.5340449008726211
2024-11-19,7.449999809265137,7.550000190734863,7.449999809265137,7.550000190734863,1.84089,1.3422870339588666
2024-11-20,7.45,7.55,7.45,7.55,1.84089,0.0
2024-11-21,7.449999809265137,7.480000019073486,7.420000076293945,7.46999979019165,0.309567,-1.059607927445971
2024-11-25,7.45,7.48,7.4,7.48,0.2855,0.133872
2024-11-26,7.45,7.47,7.41,7.45,0.387036,-0.401072
2024-11-27,7.449999809265137,7.449999809265137,7.360000133514404,7.389999866485596,1.78557,-0.8053683800759659
2024-11-28,7.440000057220459,7.519999980926514,7.400000095367432,7.460000038146973,0.393244,0.947228321056337
2024-12-02,7.550000190734863,7.550000190734863,7.550000190734863,7.550000190734863,0.0,1.2064363555988056
2024-12-03,7.550000190734863,7.550000190734863,7.550000190734863,7.550000190734863,0.0,0.0
2024-12-04,7.56,7.61,7.48,7.5,1.022583,-0.662254
2024-12-05,7.5,7.579999923706055,7.440000057220459,7.5,0.39536,0.0
2024-12-09,7.590000152587891,7.590000152587891,7.440000057220459,7.489999771118164,0.141608,-0.13333638509114287
2024-12-10,7.5,7.5,7.440000057220459,7.489999771118164,0.09594,0.0
2024-12-11,7.49,7.5,7.44,7.45,0.09599,-0.534045
2024-12-12,7.489999771118164,7.489999771118164,7.400000095367432,7.420000076293945,0.216611,-0.4026809897885175
2024-12-16,7.400000095367432,7.400000095367432,7.21999979019165,7.349999904632568,1.284871,-0.9433985302105263
2024-12-17,7.400000095367432,7.550000190734863,7.329999923706055,7.510000228881836,1.383623,2.176875188099281
2024-12-18,7.510000228881836,7.510000228881836,7.369999885559082,7.400000095367432,0.142222,-1.4647154482281821
2024-12-19,7.400000095367432,7.489999771118164,7.400000095367432,7.429999828338623,0.239654,0.40540179168337964
2024-12-23,7.5,7.5,7.420000076293945,7.489999771118164,0.133501,0.807536260642916
2024-12-24,7.49,7.49,7.45,7.48,0.946679,-0.133508
2024-12-25,7.5,7.5,7.460000038146973,7.489999771118164,0.062539,0.1336865243205753
2024-12-26,7.47,7.53,7.47,7.48,1.007908,-0.133508
2024-12-30,7.480000019073486,7.5,7.460000038146973,7.5,0.140319,0.2673794234694604
2024-12-31,7.5,7.5,7.460000038146973,7.489999771118164,0.981667,-0.13333638509114287
2025-01-02,7.489999771118164,7.5,7.449999809265137,7.489999771118164,0.113992,0.0
2025-01-06,7.45,7.5,7.45,7.5,0.360279,0.133514
2025-01-07,7.5,7.599999904632568,7.449999809265137,7.460000038146973,0.687534,-0.5333328247070335
2025-01-08,7.5,7.5,7.44,7.45,0.462935,-0.134051
2025-01-09,7.45,7.48,7.43,7.46,0.226935,0.134231
2025-01-13,7.449999809265137,7.5,7.449999809265137,7.480000019073486,0.937626,0.26809625769763645
2025-01-14,7.480000019073486,7.539999961853027,7.46999979019165,7.519999980926514,3.492707,0.5347588469388986
2025-01-15,7.550000190734863,7.900000095367432,7.519999980926514,7.849999904632568,0.731408,4.3882968689236135
2025-01-16,7.849999904632568,7.989999771118164,7.849999904632568,7.940000057220459,0.350572,1.1464987730098963
2025-01-20,7.900000095367432,8.020000457763672,7.880000114440918,7.949999809265137,0.786349,0.12594146061226663
2025-01-21,7.980000019073486,8.029999732971191,7.789999961853027,8.0,0.53613,0.6289332318799801
2025-01-22,7.900000095367432,8.050000190734863,7.900000095367432,7.980000019073486,0.374546,-0.2499997615814209
2025-01-23,8.0,8.0,7.909999847412109,7.960000038146973,0.180863,-0.2506263268008846
2025-01-27,7.980000019073486,8.0,7.920000076293945,7.949999809265137,0.306859,-0.125631015501404
2025-01-28,7.960000038146973,7.989999771118164,7.75,7.900000095367432,0.271126,-0.628927233928156
2025-01-29,7.900000095367432,7.900000095367432,7.739999771118164,7.809999942779541,0.289749,-1.139242424068665
2025-01-30,7.809999942779541,7.869999885559082,7.769999980926514,7.849999904632568,0.030995,0.5121634077604353
2025-02-03,7.880000114440918,7.989999771118164,7.880000114440918,7.949999809265137,0.054199,1.2738841509227994
2025-02-04,8.0,8.0,7.820000171661377,7.829999923706055,0.554856,-1.5094325589697588
2025-02-05,7.800000190734863,8.0,7.789999961853027,7.869999885559082,0.60302,0.5108552010572032
2025-02-06,7.87,7.93,7.85,7.86,0.102853,-0.127062
2025-02-10,7.940000057220459,7.980000019073486,7.829999923706055,7.900000095367432,0.504324,0.508905358442302
2025-02-11,8.199999809265137,8.34000015258789,8.020000457763672,8.199999809265137,1.793003,3.7974646870400086
2025-02-12,8.199999809265137,8.199999809265137,8.09000015258789,8.15999984741211,0.709344,-0.4878044241882984
2025-02-13,8.25,8.25,8.079999923706055,8.199999809265137,0.707246,0.4901956201103674
2025-02-17,8.100000381469727,8.100000381469727,7.800000190734863,7.949999809265137,1.471262,-3.0487805587205763
2025-02-18,7.940000057220459,7.940000057220459,7.849999904632568,7.849999904632568,1.130027,-1.257860465808136
2025-02-19,7.940000057220459,7.940000057220459,7.829999923706055,7.869999885559082,0.528154,0.2547768301845554
2025-02-20,7.889999866485596,7.889999866485596,7.559999942779541,7.829999923706055,1.275615,-0.5082587348752665
2025-02-24,7.889999866485596,7.889999866485596,7.760000228881836,7.849999904632568,0.432429,0.2554276005285905
2025-02-25,7.849999904632568,7.900000095367432,7.769999980926514,7.900000095367432,0.577646,0.6369451126407855
2025-02-26,7.900000095367432,8.180000305175781,7.889999866485596,8.180000305175781,0.532364,3.5443064104839994
2025-02-27,8.149999618530273,8.170000076293945,8.079999923706055,8.140000343322754,0.543458,-0.488997070424535
2025-03-03,8.14,8.14,8.04,8.13,0.138148,-0.122853
2025-03-04,8.140000343322754,8.15999984741211,8.100000381469727,8.149999618530273,0.358945,0.2459963567999379
2025-03-05,8.15999984741211,8.15999984741211,8.079999923706055,8.149999618530273,0.445989,0.0
2025-03-06,8.15,8.16,8.09,8.15,0.120569,0.0
2025-03-10,8.050000190734863,8.109999656677246,7.96999979019165,8.0,1.08387,-1.8404862030818592
2025-03-11,7.960000038146973,8.149999618530273,7.650000095367432,8.050000190734863,1.396834,0.625002384185791
2025-03-12,8.050000190734863,8.050000190734863,7.980000019073486,8.039999961853027,0.121373,-0.12422644279369566
2025-03-13,8.039999961853027,8.039999961853027,7.980000019073486,7.989999771118164,0.175723,-0.6218929225385139
2025-03-17,8.100000381469727,8.140000343322754,8.039999961853027,8.0600004196167,0.099661,0.8761032603726626
2025-03-18,9.229999542236328,9.229999542236328,8.0600004196167,8.119999885559082,1.120415,0.7444102086688886
2025-03-19,8.0600004196167,8.149999618530273,8.0600004196167,8.100000381469727,0.419766,-0.2462993149165315
2025-03-20,8.100000381469727,8.199999809265137,8.0600004196167,8.119999885559082,0.869011,0.2469074462651654
2025-03-24,8.2,8.2,8.07,8.11,0.572365,-0.123156
2025-03-25,8.12,8.21,8.1,8.2,1.18192,1.109743
2025-03-26,7.989999771118164,7.989999771118164,7.869999885559082,7.940000057220459,0.779915,-3.1707287572239395
2025-03-27,7.900000095367432,7.929999828338623,7.860000133514404,7.900000095367432,0.478852,-0.5037778534604964
2025-03-31,8.0600004196167,8.0600004196167,8.0600004196167,8.0600004196167,0.0,2.025320535667996
2025-04-01,8.0600004196167,8.0600004196167,8.0600004196167,8.0600004196167,0.0,0.0
2025-04-02,8.050000190734863,8.180000305175781,8.050000190734863,8.170000076293945,0.48798,1.3647599373509456
2025-04-03,8.100000381469727,8.15999984741211,8.029999732971191,8.119999885559082,0.422342,-0.611997432900202
2025-04-07,7.42,8.08,7.42,8.0,1.223639,-1.477831
2025-04-08,8.0,8.05,7.96,8.0,1.563608,0.0
2025-04-09,7.949999809265137,8.010000228881836,7.849999904632568,8.0,1.793126,0.0
2025-04-10,8.010000228881836,8.100000381469727,7.949999809265137,8.0,0.400887,0.0
2025-04-14,8.0,8.0,7.93,8.0,0.442159,0.0
2025-04-15,7.980000019073486,8.020000457763672,7.96999979019165,8.0,0.212905,0.0
2025-04-16,7.97,8.08,7.97,7.97,1.305408,-0.375003
2025-04-17,8.0,8.149999618530273,7.980000019073486,8.069999694824219,2.552779,1.2547039807408122
2025-04-21,8.22,8.3,8.21,8.23,0.157133,1.98265
2025-04-22,8.229999542236328,8.229999542236328,8.229999542236328,8.229999542236328,0.0,0.0
2025-04-23,8.3100004196167,8.34000015258789,8.279999732971191,8.329999923706055,0.639118,1.215071531371592
2025-04-24,8.329999923706055,8.890000343322754,8.300000190734863,8.59000015258789,1.158003,3.121251275668202
2025-04-28,8.539999961853027,8.859999656677246,8.5,8.859999656677246,0.4344,3.143183926580173
2025-04-29,8.890000343322754,8.890000343322754,8.609999656677246,8.699999809265137,0.392286,-1.805867422258045
2025-04-30,8.75,8.75,8.479999542236328,8.699999809265137,0.817543,0.0
2025-05-01,8.699999809265137,8.710000038146973,8.520000457763672,8.630000114440918,0.752417,-0.8045942110213811
2025-05-05,8.680000305175781,8.739999771118164,8.520000457763672,8.6899995803833,0.412696,0.6952429333341836
2025-05-06,8.800000190734863,8.800000190734863,8.479999542236328,8.520000457763672,1.867136,-1.9562615745503886
2025-05-07,8.640000343322754,8.640000343322754,8.470000267028809,8.5,2.335268,-0.2347471442380788
2025-05-08,8.54,8.6,8.48,8.53,1.097898,0.352938
2025-05-12,8.600000381469727,8.680000305175781,8.520000457763672,8.680000305175781,0.554625,1.758506177025887
2025-05-13,8.680000305175781,8.680000305175781,8.59000015258789,8.65999984741211,0.178453,-0.23042001221758035
2025-05-14,8.680000305175781,8.75,8.399999618530273,8.600000381469727,0.960247,-0.6928344919118312
2025-05-15,8.789999961853027,8.800000190734863,8.600000381469727,8.779999732971191,0.365417,2.093015622293537
2025-05-19,8.899999618530273,8.899999618530273,8.899999618530273,8.899999618530273,0.0,1.3667413349507385
2025-05-20,8.989999771118164,8.989999771118164,8.890000343322754,8.960000038146973,0.102406,0.6741620470609444
2025-05-21,8.970000267028809,9.0,8.800000190734863,8.829999923706055,0.262877,-1.4508941282081025
2025-05-22,8.899999618530273,8.979999542236328,8.829999923706055,8.979999542236328,0.242826,1.6987499414078844
2025-05-26,9.0,9.0,8.829999923706055,8.960000038146973,0.312115,-0.22271163818317063
2025-05-27,8.960000038146973,9.100000381469727,8.960000038146973,9.069999694824219,1.815684,1.2276747344746042
2025-05-28,9.09,9.1,9.05,9.1,1.03906,0.330768
2025-05-29,9.1,9.15,9.08,9.08,0.322189,-0.219785
2025-06-02,8.96,9.12,8.96,9.07,0.278564,-0.110135
2025-06-03,9.119999885559082,9.5,9.06999969482422,9.359999656677246,1.141226,3.1973536009986425
2025-06-04,9.36,9.36,9.15,9.21,0.364219,-1.60256
2025-06-05,9.210000038146973,9.210000038146973,9.210000038146973,9.210000038146973,0.0,0.0
2025-06-09,9.270000457763672,9.350000381469727,9.220000267028809,9.319999694824219,0.227108,1.1943502304195164
2025-06-10,9.329999923706056,9.34000015258789,9.289999961853027,9.329999923706056,0.315176,0.107298596666161
2025-06-11,9.329999923706056,9.34000015258789,9.279999732971191,9.3100004196167,0.222105,-0.2143569587663152
2025-06-12,9.34000015258789,9.34000015258789,9.029999732971191,9.050000190734863,1.27588,-2.792698358358836
2025-06-16,9.100000381469727,9.279999732971191,9.0,9.199999809265137,1.306993,1.6574543134688424
2025-06-17,9.199999809265137,9.199999809265137,9.100000381469727,9.100000381469727,0.475483,-1.0869503246587309
2025-06-18,9.1,9.2,9.03,9.15,0.500958,0.549442
2025-06-19,9.149999618530272,9.149999618530272,8.979999542236328,9.0,1.485787,-1.6393401615722336
2025-06-23,9.050000190734863,9.180000305175781,8.970000267028809,9.170000076293945,0.559566,1.8888897365993973
2025-06-24,9.170000076293945,9.460000038146973,9.170000076293945,9.430000305175781,1.476414,2.835335078720247
2025-06-25,9.170000076293945,9.460000038146973,9.170000076293945,9.430000305175781,1.476414,0.0
2025-06-26,9.579999923706056,9.710000038146973,9.520000457763672,9.699999809265137,0.658381,2.8631971935479505
2025-06-30,9.75,10.149999618530273,9.65999984741211,9.920000076293945,0.623565,2.268044034585137
2025-07-01,9.979999542236328,10.050000190734863,9.850000381469727,10.0,0.900988,0.8064508376086854
2025-07-02,10.0,10.0,9.850000381469727,9.899999618530273,0.710428,-1.00000381469727
2025-07-03,9.989999771118164,9.989999771118164,9.819999694824219,9.859999656677246,0.218028,-0.4040400342860351
2025-07-07,9.880000114440918,9.920000076293945,9.829999923706055,9.84000015258789,0.276468,-0.20283473413522657
2025-07-08,9.83,9.87,9.7,9.76,0.520227,-0.813007
2025-07-09,9.770000457763672,9.770000457763672,9.6899995803833,9.699999809265137,1.438141,-0.6147583832953774
2025-07-10,9.7,9.73,9.6,9.7,0.654678,0.0
2025-07-14,9.69,9.71,9.65,9.68,0.444796,-0.20618
2025-07-15,9.680000305175781,9.699999809265137,9.619999885559082,9.680000305175781,0.716292,0.0
2025-07-16,9.680000305175781,9.850000381469727,9.65999984741211,9.800000190734863,1.419093,1.2396682001644121
2025-07-17,9.85,9.85,9.76,9.8,0.944189,0.0
2025-07-21,9.83,9.85,9.76,9.85,0.371066,0.510206
2025-07-22,9.859999656677246,9.970000267028809,9.800000190734863,9.850000381469727,0.341959,0.0
2025-07-23,9.970000267028809,9.970000267028809,9.850000381469727,9.960000038146973,0.32654,1.1167477402760584
2025-07-24,9.989999771118164,10.050000190734863,9.9399995803833,10.0,1.353149,0.4016060411629274
2025-07-28,10.100000381469727,10.149999618530273,10.0,10.149999618530273,1.27484,1.4999961853027433
2025-07-29,10.149999618530272,10.25,10.050000190734863,10.149999618530272,0.98151,0.0
2025-07-30,10.25,10.350000381469728,10.100000381469728,10.25,1.555477,0.9852254702272356
2025-07-31,10.25,10.25,9.989999771118164,10.0,1.044844,-2.4390243902439046
2025-08-04,9.920000076293945,9.979999542236328,9.8100004196167,9.949999809265137,0.249054,-0.500001907348635
2025-08-05,9.949999809265137,10.050000190734863,9.869999885559082,10.050000190734863,0.304817,1.0050289787604694
2025-08-06,10.050000190734863,10.050000190734863,9.890000343322754,9.970000267028809,0.841632,-0.79601912624645
2025-08-07,10.050000190734863,10.050000190734863,9.869999885559082,10.050000190734863,0.800867,0.8024064349388071
2025-08-11,10.050000190734863,10.149999618530273,9.9399995803833,10.149999618530273,1.023175,0.9950191631598271
2025-08-12,10.149999618530272,10.199999809265137,10.050000190734863,10.149999618530272,1.528638,0.0
2025-08-13,10.149999618530272,10.199999809265137,10.050000190734863,10.199999809265137,1.91981,0.4926127351136067
2025-08-14,10.149999618530273,10.199999809265137,10.050000190734863,10.050000190734863,1.490401,-1.470584522894025
2025-08-18,10.149999618530273,10.199999809265137,10.0,10.149999618530273,0.997829,0.9950191631598271
2025-08-19,10.149999618530273,10.199999809265137,10.050000190734863,10.149999618530273,1.293496,0.0
2025-08-20,10.199999809265137,10.199999809265137,10.100000381469727,10.149999618530273,0.792776,0.0
2025-08-21,10.15,10.25,10.1,10.15,0.936022,0.0
2025-08-25,10.2,11.05,10.15,10.7,1.169713,5.418721
2025-08-26,10.699999809265137,11.0,10.699999809265137,11.0,0.81513,2.8037401503044235
2025-08-27,11.0,11.25,10.899999618530272,10.899999618530272,1.469289,-0.9090943769975102
2025-08-28,10.899999618530272,10.899999618530272,10.449999809265137,10.550000190734863,1.667244,-3.211004037104759
2025-09-01,10.449999809265137,10.699999809265137,10.300000190734863,10.300000190734863,0.939612,-2.369668203603948
2025-09-02,10.5,10.600000381469727,10.100000381469727,10.399999618530273,1.013666,0.9708682130449064
2025-09-03,10.399999618530273,10.399999618530273,10.149999618530273,10.199999809265137,1.19545,-1.923075159625831
2025-09-04,10.149999618530273,10.149999618530273,9.859999656677246,9.899999618530273,2.19587,-2.9411783955364257
2025-09-08,9.890000343322754,9.890000343322754,9.550000190734863,9.600000381469727,1.974503,-3.030295440608144
2025-09-09,9.600000381469727,9.649999618530273,9.470000267028809,9.550000190734863,1.694073,-0.5208352994586884
2025-09-10,9.550000190734863,9.619999885559082,9.5,9.569999694824219,1.728992,0.20941888680545695
2025-09-11,9.569999694824219,9.579999923706055,9.470000267028809,9.520000457763672,2.79015,-0.5224580841688864
2025-09-15,9.869999885559082,9.869999885559082,9.609999656677246,9.8100004196167,0.966227,3.046217940215845
2025-09-16,9.54,9.55,9.35,9.4,11.330133,-4.179417
2025-09-17,9.4,9.5,9.4,9.4,3.589858,0.0
2025-09-18,9.41,9.47,9.37,9.4,2.859072,0.0
2025-09-22,9.350000381469727,9.449999809265137,9.350000381469727,9.380000114440918,2.203236,-0.21276069043588697
2025-09-23,9.38,9.42,9.35,9.39,2.033192,0.106612
2025-09-24,9.390000343322754,9.390000343322754,9.149999618530273,9.170000076293945,2.660947,-2.342920755964095
2025-09-25,9.149999618530273,9.260000228881836,9.149999618530273,9.199999809265137,4.2702,0.3271508475637397
2025-09-29,9.199999809265137,9.350000381469727,9.180000305175781,9.199999809265137,1.648543,0.0
2025-09-30,9.1899995803833,9.260000228881836,9.149999618530273,9.199999809265137,1.545632,0.0
2025-10-01,9.199999809265137,9.3100004196167,9.149999618530273,9.279999732971191,2.792385,0.8695644061371466
2025-10-02,9.279999732971191,9.329999923706055,9.199999809265137,9.199999809265137,1.018805,-0.8620681681899223
2025-10-06,9.21,9.3,9.21,9.22,1.365333,0.217396
2025-10-07,9.220000267028809,9.270000457763672,9.170000076293945,9.1899995803833,2.210122,-0.3253870474688836
2025-10-08,9.199999809265137,9.239999771118164,9.1899995803833,9.210000038146973,1.090895,0.2176328474090993
2025-10-09,9.210000038146973,9.25,9.199999809265137,9.210000038146973,0.944596,0.0
2025-10-13,9.229999542236328,9.25,9.210000038146973,9.220000267028809,0.515903,0.1085801177026724
2025-10-14,9.210000038146973,9.289999961853027,9.210000038146973,9.289999961853027,1.195848,0.7592157570162072
2025-10-15,9.229999542236328,9.300000190734863,9.210000038146973,9.279999732971191,0.677025,-0.10764509066629735
2025-10-16,9.279999732971191,9.289999961853027,9.220000267028809,9.25,0.97164,-0.3232729939054213
2025-10-20,9.25,9.29,9.22,9.24,0.853723,-0.108111
2025-10-21,9.210000038146973,9.239999771118164,9.199999809265137,9.210000038146973,1.662796,-0.3246724427955372
2025-10-22,9.21,9.22,9.2,9.2,2.112175,-0.10858
2025-10-23,9.210000038146973,9.220000267028809,9.180000305175781,9.180000305175781,5.855935,-0.2173859185215843
2025-10-27,9.1899995803833,9.199999809265137,9.15999984741211,9.1899995803833,2.768663,0.10892456290967356
2025-10-28,9.1899995803833,9.1899995803833,9.1899995803833,9.1899995803833,0.0,0.0
2025-10-29,9.260000228881836,9.279999732971191,9.220000267028809,9.260000228881836,3.946646,0.7617045886264995
2025-10-30,9.220000267028809,9.350000381469727,9.220000267028809,9.350000381469727,3.007623,0.9719238700143906
2025-11-03,9.43,9.56,9.41,9.51,4.346387,1.711228
2025-11-04,9.510000228881836,9.6899995803833,9.5,9.619999885559082,5.871134,1.156673543951947
2025-11-05,9.600000381469728,9.739999771118164,9.5600004196167,9.68000030517578,7.345381,0.6237049930402527
2025-11-06,9.680000305175781,9.75,9.649999618530273,9.6899995803833,3.543221,0.10329829434172488
2025-11-10,9.73,9.82,9.7,9.79,2.537907,1.031996
2025-11-11,9.789999961853027,9.899999618530272,9.789999961853027,9.850000381469728,2.615359,0.6128745643564137
2025-11-12,9.84000015258789,9.869999885559082,9.789999961853027,9.819999694824219,3.420945,-0.30457548714359906
2025-11-13,9.82,9.97,9.66,9.79,4.694376,-0.305496
2025-11-17,9.69,9.69,9.52,9.68,0.645841,-1.123592
2025-11-18,9.600000381469727,9.670000076293945,9.5600004196167,9.609999656677246,2.756222,-0.7231471724345573
2025-11-19,9.609999656677246,9.649999618530273,9.5,9.5,3.048609,-1.1446374672949733
2025-11-20,9.5,9.699999809265137,9.5,9.699999809265137,0.774976,2.1052611501593432
2025-11-24,9.649999618530273,9.649999618530273,9.649999618530273,9.649999618530273,0.0,-0.5154658940003776
2025-11-25,9.600000381469727,9.600000381469727,9.479999542236328,9.5,1.36848,-1.5544002534698453
2025-11-26,9.5,9.539999961853027,9.449999809265137,9.449999809265137,1.312394,-0.526317797209086
2025-11-27,9.5,9.619999885559082,9.5,9.5,0.799713,0.5291025581380504
2025-12-01,9.5,9.5,9.5,9.5,0.0,0.0
2025-12-02,9.5,9.5,9.5,9.5,0.0,0.0
2025-12-03,9.510000228881836,9.6899995803833,9.5,9.619999885559082,5.871134,1.2631566900956015
2025-12-04,9.479999542236328,9.579999923706055,9.300000190734863,9.3100004196167,2.045683,-3.222447709253451
2025-12-08,9.5,9.579999923706055,9.449999809265137,9.479999542236328,0.858511,1.825984048952689
2025-12-09,9.390000343322754,9.729999542236328,9.390000343322754,9.6899995803833,3.713777,2.215190382777532
2025-12-10,9.649999618530273,9.699999809265137,9.569999694824219,9.699999809265137,1.194353,0.10320154091729705
2025-12-11,9.390000343322754,9.699999809265137,9.390000343322754,9.699999809265137,0.542941,0.0
2025-12-15,9.670000076293945,9.699999809265137,9.539999961853027,9.649999618530273,0.726323,-0.5154658940003776
2025-12-16,9.649999618530272,9.699999809265137,9.600000381469728,9.600000381469728,0.644594,-0.5181268293994234
2025-12-17,9.729999542236328,9.729999542236328,9.460000038146973,9.649999618530273,0.501297,0.5208253653516293
2025-12-18,9.649999618530273,9.720000267028809,9.529999732971191,9.529999732971191,1.321072,-1.243522179303036
2025-12-22,9.59000015258789,9.729999542236328,9.579999923706056,9.670000076293944,2.033719,1.4690487643812975
2025-12-23,9.609999656677246,9.760000228881836,9.550000190734863,9.760000228881836,2.582062,0.9307151176609184
2025-12-24,9.75,9.899999618530273,9.699999809265137,9.859999656677246,2.628154,1.0245842771549496
2025-12-25,9.8100004196167,9.920000076293944,9.8100004196167,9.8100004196167,0.858635,-0.5070916714148832
2025-12-29,9.829999923706055,9.859999656677246,9.75,9.819999694824219,0.336288,0.10192940652198335
2025-12-30,9.82,9.82,9.56,9.56,1.828684,-2.647651
2025-12-31,9.5600004196167,9.800000190734863,9.5600004196167,9.800000190734863,1.656687,2.51045774669314
2026-01-05,9.819999694824219,9.829999923706055,9.609999656677246,9.829999923706055,0.432893,0.3061197182379072
2026-01-06,9.720000267028809,9.899999618530272,9.720000267028809,9.869999885559082,1.281953,0.4069172142775246
2026-01-07,9.87,9.97,9.75,9.94,3.380321,0.709217
2026-01-08,9.850000381469728,10.100000381469728,9.850000381469728,10.050000190734863,2.590009,1.1066460261089928
2026-01-12,10.100000381469728,10.300000190734863,10.100000381469728,10.300000190734863,2.457784,2.4875621418442906
2026-01-13,10.25,10.600000381469728,10.25,10.5,2.454566,1.9417456850636008
2026-01-14,10.449999809265137,10.600000381469728,10.199999809265137,10.25,3.106103,-2.380952380952384
2026-01-15,10.25,10.350000381469727,10.0,10.149999618530273,1.007617,-0.9756134777534342
2026-01-19,10.300000190734863,10.350000381469728,10.100000381469728,10.100000381469728,1.653128,-0.4926033393071849
2026-01-20,10.149999618530273,10.300000190734863,10.050000190734863,10.100000381469727,2.021666,0.0
2026-01-21,10.100000381469728,10.199999809265137,10.050000190734863,10.199999809265137,1.193612,0.990093307113904
2026-01-22,10.199999809265137,10.449999809265137,10.100000381469727,10.399999618530273,2.346325,1.960782480441492
2026-01-26,10.399999618530272,10.399999618530272,10.0,10.350000381469728,0.979541,-0.4807619124471918
2026-01-27,10.350000381469727,10.5,10.25,10.399999618530273,1.745786,0.4830843982388977
2026-01-28,10.449999809265137,10.5,10.399999618530273,10.399999618530273,0.388107,0.0
2026-01-29,10.4,10.5,10.4,10.45,1.320255,0.480771
2026-02-02,10.300000190734863,10.5,10.300000190734863,10.449999809265137,1.132957,0.0
2026-02-03,10.45,10.6,10.35,10.55,2.712524,0.956941
2026-02-04,10.550000190734863,10.75,10.449999809265137,10.699999809265137,3.771008,1.4217973063356482
2026-02-05,10.75,10.85,10.65,10.8,2.473224,0.934583
2026-02-09,10.550000190734863,10.850000381469727,10.5,10.699999809265137,0.605309,-0.9259294417005237
2026-02-10,10.800000190734863,11.199999809265137,10.800000190734863,10.800000190734863,3.112061,0.934583021049562
2026-02-11,10.800000190734863,11.0,10.800000190734863,10.899999618530273,1.140367,0.9259206113829244
2026-02-12,10.850000381469727,11.050000190734863,10.850000381469727,11.050000190734863,1.263244,1.3761520867357158
2026-02-16,11.0,11.0,10.899999618530273,10.899999618530273,0.779266,-1.3574712182390813
2026-02-17,10.9,11.0,10.8,10.85,1.783875,-0.458709
2026-02-18,10.850000381469727,10.949999809265137,10.800000190734863,10.899999618530273,1.154183,0.4608224451857046
2026-02-19,10.899999618530272,10.899999618530272,10.699999809265137,10.699999809265137,1.234326,-1.8348606996750003
2026-02-23,10.649999618530273,10.850000381469727,10.550000190734863,10.850000381469727,0.506276,1.4018745315743208
2026-02-24,10.800000190734863,10.850000381469728,10.75,10.75,0.456661,-0.9216624696208542
2026-02-25,10.75,10.95,10.75,10.95,4.371014,1.860463
2026-02-26,10.949999809265137,10.949999809265137,10.850000381469727,10.949999809265137,1.395925,0.0
2026-03-02,10.949999809265137,10.949999809265137,10.949999809265137,10.949999809265137,0.0,0.0
2026-03-03,10.949999809265137,10.949999809265137,10.949999809265137,10.949999809265137,0.0,0.0
2026-03-04,10.449999809265137,10.449999809265137,10.449999809265137,10.449999809265137,0.38394,-4.5662101251995875
2026-03-05,9.93,10.85,9.93,10.55,6.014863,0.956941
2026-03-09,9.739999771118164,10.550000190734863,9.739999771118164,10.050000190734863,4.235896,-4.739336407207895
2026-03-10,10.0,10.449999809265137,9.979999542236328,10.050000190734863,4.02544,0.0
2026-03-11,10.050000190734863,10.399999618530273,10.050000190734863,10.149999618530273,3.679355,0.9950191631598271
2026-03-12,10.100000381469728,10.199999809265137,9.760000228881836,9.90999984741211,3.850627,-2.364529853577635
2026-03-16,9.899999618530273,9.949999809265137,9.619999885559082,9.729999542236328,3.969894,-1.816350231557129
2026-03-17,9.649999618530272,10.300000190734863,9.630000114440918,10.199999809265137,6.089407,4.830424348825657
2026-03-18,10.0,10.7,10.0,10.25,4.546102,0.490198
2026-03-19,10.25,10.25,10.25,10.25,0.0,0.0
2026-03-24,10.0,10.25,9.86,9.93,1.124386,-3.121948
2026-03-25,9.949999809265137,10.399999618530273,9.949999809265137,10.100000381469727,1.202146,1.7119846029142183
2026-03-26,10.100000381469728,10.300000190734863,9.979999542236328,10.149999618530272,2.47746,0.4950419323971555
2026-03-30,10.05,10.25,10.05,10.2,0.569452,0.492613
2026-03-31,10.25,10.350000381469727,10.0,10.0,1.607373,-1.960782480441492
2026-04-01,10.100000381469727,10.199999809265137,10.050000190734863,10.050000190734863,1.012413,0.5000019073486239
2026-04-02,10.100000381469727,10.25,10.050000190734863,10.149999618530273,0.907613,0.9950191631598271
2026-04-06,10.279999732971191,10.399999618530273,10.180000305175781,10.220000267028809,1.159342,0.689661587481627
2026-04-07,10.479999542236328,10.479999542236328,10.199999809265137,10.279999732971191,2.010101,0.5870789077760508
2026-04-08,10.140000343322754,10.579999923706056,10.0600004196167,10.399999618530272,3.482242,1.167314092180427
2026-04-09,10.199999809265137,10.399999618530273,10.15999984741211,10.239999771118164,0.398001,-1.5384601277006582
2026-04-13,10.16,10.36,10.04,10.28,0.407367,0.390625
2026-04-14,10.300000190734863,10.319999694824219,10.180000305175781,10.300000190734863,0.630397,0.19455698719061942
2026-04-15,10.34000015258789,10.5,10.300000190734863,10.399999618530273,1.774015,0.9708682130449064
2026-04-16,10.399999618530272,10.539999961853027,10.34000015258789,10.399999618530272,1.123186,0.0
2026-04-20,10.479999542236328,10.479999542236328,10.199999809265137,10.300000190734863,1.070121,-0.9615329948400753
2026-04-21,10.300000190734863,10.479999542236328,10.199999809265137,10.319999694824219,0.727129,0.19416993901946178
2026-04-22,10.239999771118164,10.539999961853027,10.239999771118164,10.399999618530273,0.63652,0.7751930820906638
2026-04-23,10.4399995803833,10.5600004196167,10.4399995803833,10.5,0.58042,0.9615421647857669
2026-04-27,10.72,10.86,10.62,10.7,0.922725,1.90476
2026-04-28,10.76,10.8,10.64,10.8,0.771426,0.934583
2026-04-29,10.800000190734863,10.880000114440918,10.760000228881836,10.859999656677246,0.639546,0.5555506007662414
2026-04-30,10.84000015258789,10.84000015258789,10.640000343322754,10.779999732971191,1.055589,-0.7366475712259013
2026-05-04,10.739999771118164,10.84000015258789,10.5600004196167,10.739999771118164,1.783308,-0.37105716923800935
2026-05-05,10.720000267028809,10.720000267028809,10.239999771118164,10.68000030517578,0.940325,-0.5586542571791475
2026-05-06,10.68000030517578,10.779999732971191,10.520000457763672,10.760000228881836,3.122448,0.749062934645095
2026-05-07,10.76,10.86,10.62,10.86,1.076463,0.929363
2026-05-11,11.260000228881836,11.380000114440918,11.0,11.079999923706056,1.587952,2.025785211637121
2026-05-12,11.06,11.2,11.0,11.2,1.778401,1.083031
2026-05-13,11.199999809265137,11.220000267028809,11.0,11.15999984741211,1.449527,-0.3571425226269853
2026-05-14,11.100000381469728,11.479999542236328,11.100000381469728,11.260000228881836,1.95827,0.8960607781093755
2026-05-18,11.18,11.4,11.02,11.3,1.326661,0.355239
2026-05-19,11.300000190734863,11.5600004196167,11.180000305175781,11.180000305175781,1.432004,-1.061945871978598
2026-05-20,11.18,11.3,11.04,11.12,1.242877,-0.536676
2026-05-21,11.079999923706055,11.15999984741211,11.079999923706055,11.140000343322754,1.345802,0.17986023353870895
2026-05-25,11.220000267028809,11.5,11.199999809265137,11.199999809265137,3.556204,0.5385948302806476
2026-05-26,11.199999809265137,11.199999809265137,11.199999809265137,11.199999809265137,0.0,0.0
2026-05-27,11.199999809265137,11.199999809265137,11.199999809265137,11.199999809265137,0.0,0.0
2026-05-28,11.199999809265137,11.199999809265137,11.199999809265137,11.199999809265137,0.0,0.0
2026-06-01,11.220000267028809,11.5,11.220000267028809,11.479999542236328,4.741732,2.4999976583889083
2026-06-02,11.48,11.48,11.38,11.46,2.513286,-0.174212
2026-06-03,11.460000038146973,11.5,11.380000114440918,11.460000038146973,3.753542,0.0
2026-06-04,11.46,11.8,11.42,11.74,3.394412,2.443279
2026-06-08,11.7,11.8,11.52,11.8,3.449642,0.511077
2026-06-09,11.800000190734863,11.84000015258789,11.699999809265137,11.760000228881836,2.756837,-0.3389827220887209
2026-06-10,11.779999732971191,11.779999732971191,11.680000305175781,11.680000305175781,2.799431,-0.6802714468455484
2026-06-11,11.7,11.82,11.68,11.8,2.701561,1.027396
2026-06-16,11.899999618530272,11.899999618530272,11.65999984741211,11.699999809265137,3.054852,-0.8474608462146094
2026-06-17,11.699999809265137,11.699999809265137,11.640000343322754,11.640000343322754,1.92836,-0.5128159565854884
2026-06-18,11.5600004196167,11.720000267028809,11.520000457763672,11.699999809265137,2.943336,0.5154593141984076
2026-06-22,11.5,11.539999961853027,11.180000305175781,11.399999618530273,5.360953,-2.5641042361154165
2026-06-23,11.399999618530273,11.5600004196167,11.359999656677246,11.5,2.342789,0.8771963580347819
2026-06-24,11.539999961853027,11.600000381469728,11.5,11.5,1.695166,0.0
2026-06-25,11.460000038146973,11.600000381469728,11.380000114440918,11.399999618530272,1.219272,-0.8695685345193604
2026-06-29,11.479999542236328,11.600000381469728,11.4399995803833,11.539999961853027,3.816094,1.2280732281358064
2026-06-30,11.579999923706056,11.640000343322754,11.399999618530272,11.399999618530272,5.997107,-1.213174556200547
2026-07-01,11.399999618530272,11.880000114440918,11.399999618530272,11.800000190734863,5.981133,3.5087770665746643
2026-07-02,11.800000190734863,12.0600004196167,11.760000228881836,11.859999656677246,3.866022,0.5084700421402744
2026-07-06,11.84,12.5,11.84,12.48,6.056849,5.227655
2026-07-07,12.46,12.8,12.44,12.76,3.838765,2.243595
2026-07-08,12.640000343322754,12.699999809265137,12.15999984741211,12.220000267028809,6.111394,-4.2319745467618075
2026-07-09,12.16,12.34,11.86,12.24,5.088278,0.163662
2026-07-13,12.24,12.34,11.8,12.24,2.267271,0.0
2026-07-14,12.220000267028809,12.220000267028809,12.039999961853027,12.100000381469727,1.965484,-1.1437858845290472
2026-07-15,12.12,12.3,12.12,12.26,1.741751,1.322313
2026-07-16,12.239999771118164,12.31999969482422,12.199999809265137,12.239999771118164,0.920467,-0.1631358677837147
2026-07-20,12.199999809265137,12.359999656677246,12.15999984741211,12.239999771118164,0.808326,0.0
2026-07-21,12.24,12.36,12.16,12.26,1.158015,0.163402
2026-07-22,12.279999732971191,12.479999542236328,12.279999732971191,12.359999656677246,1.946666,0.8156560026796322
2026-07-23,12.399999618530272,12.520000457763672,12.0,12.100000381469728,5.139797,-2.1035540649635864
2026-07-27,12.039999961853027,12.279999732971191,12.039999961853027,12.199999809265137,1.861399,0.8264415259734426
2026-07-28,12.199999809265137,12.300000190734863,12.119999885559082,12.119999885559082,1.083475,-0.6557370898096271
2026-07-29,12.079999923706055,12.220000267028809,12.079999923706055,12.119999885559082,1.907136,0.0
2026-07-30,12.119999885559082,12.220000267028809,12.119999885559082,12.199999809265137,2.201116,0.6600653833452208
2026-08-03,12.15999984741211,12.199999809265137,12.039999961853027,12.140000343322754,1.331552,-0.4917989088558561
2026-08-04,12.140000343322754,12.4399995803833,12.100000381469727,12.199999809265137,3.938003,0.49422952426343425
2026-08-05,12.15999984741211,12.279999732971191,12.100000381469727,12.100000381469727,2.450428,-0.8196674537606752
2026-08-06,12.140000343322754,12.180000305175781,11.899999618530273,12.039999961853027,3.021377,-0.49587122086860447
2026-08-10,12.300000190734863,12.319999694824219,12.15999984741211,12.15999984741211,1.107854,0.9966767935156495
2026-08-11,12.279999732971191,12.279999732971191,12.039999961853027,12.039999961853027,1.715357,-0.9868411765204144
2026-08-12,12.079999923706055,12.300000190734863,12.079999923706055,12.279999732971191,1.021,1.993353587031299
2026-08-13,12.199999809265137,12.420000076293945,12.0,12.0,6.513364,-2.280128168239337
2026-08-17,12.0,12.039999961853027,11.520000457763672,11.600000381469727,4.763054,-3.3333301544189453
2026-08-18,11.619999885559082,11.739999771118164,11.239999771118164,11.239999771118164,6.262321,-3.1034534354554055
2026-08-19,11.300000190734863,11.420000076293945,11.100000381469727,11.180000305175781,4.136913,-0.5338030886491207
2026-08-20,11.180000305175781,11.399999618530273,11.119999885559082,11.15999984741211,3.38491,-0.17889496616929623
2026-08-24,11.680000305175781,11.680000305175781,11.319999694824219,11.5,6.056587,3.0465963910092153
2026-08-25,11.5,11.720000267028809,11.399999618530273,11.479999542236328,4.616837,-0.1739170240319332
2026-08-26,11.600000381469727,11.800000190734863,11.399999618530273,11.720000267028809,5.578017,2.0905987313805108
2026-08-27,11.720000267028809,11.720000267028809,11.720000267028809,11.720000267028809,0.0,0.0
2026-08-31,11.640000343322754,11.680000305175781,11.15999984741211,11.359999656677246,111.702513,-3.0716774927414536
2026-09-01,11.359999656677246,11.399999618530273,10.880000114440918,10.880000114440918,7.797649,-4.225348210765056
2026-09-02,10.880000114440918,10.880000114440918,10.880000114440918,10.880000114440918,0.0,0.0
2026-09-03,11.039999961853027,11.140000343322754,10.899999618530273,11.119999885559082,4.9209,2.2058802260453536
2026-09-08,11.399999618530273,11.680000305175781,11.380000114440918,11.619999885559082,3.979017,4.4964029239723535
2026-09-09,11.539999961853027,11.640000343322754,11.420000076293945,11.640000343322754,4.018174,0.17212098072847404
2026-09-10,11.600000381469727,11.619999885559082,11.460000038146973,11.539999961853027,2.407376,-0.8591097811014414
2026-09-11,11.5,11.619999885559082,11.479999542236328,11.600000381469727,2.249989,0.5199343138218238
