Date,Open,High,Low,Close,Volume,Change_Pct
2010-02-22,2.7727270126342773,2.7727270126342773,2.7181808948516846,2.736362934112549,10.161866,
2010-02-23,2.7272720336914062,2.7272720336914062,2.6363630294799805,2.6363630294799805,23.971899,-3.654482502519352
2010-02-24,2.627271890640259,2.6363630294799805,2.5272719860076904,2.590909004211426,30.021851,-1.724118596729085
2010-02-25,2.590909004211426,2.627271890640259,2.518181085586548,2.618180990219116,29.231279,1.0526030039403445
2010-02-28,2.618180990219116,2.709089994430542,2.572726964950561,2.709089994430542,33.92682,3.4722200088931787
2010-03-01,2.709089994430542,2.709089994430542,2.709089994430542,2.709089994430542,0.0,0.0
2010-03-02,2.7272720336914062,2.754544973373413,2.690908908843994,2.7272720336914062,33.388427,0.6711493268309221
2010-03-03,2.7272720336914062,2.7272720336914062,2.6545450687408447,2.672727108001709,10.860171,-1.999981117243732
2010-03-04,2.6545450687408447,2.7272720336914062,2.6545450687408447,2.7181808948516846,15.926551,1.7006519937592612
2010-03-07,2.7454540729522705,2.8818180561065674,2.7454540729522705,2.8818180561065674,48.834143,6.020098278404373
2010-03-08,2.8818180561065674,2.8818180561065674,2.8818180561065674,2.8818180561065674,0.0,0.0
2010-03-09,3.036362886428833,3.145453929901123,3.0,3.090909004211426,103.449658,7.2555221750309595
2010-03-10,3.090909004211426,3.127271890640259,3.0545449256896973,3.063636064529419,42.970136,-0.8823598379909203
2010-03-11,3.072726964950561,3.2272720336914062,3.072726964950561,3.172727108001709,96.022027,3.560835594519185
2010-03-14,3.2181808948516846,3.409090042114258,3.209089994430542,3.409090042114258,100.197178,7.449834986325632
2010-03-15,3.409090042114258,3.409090042114258,3.409090042114258,3.409090042114258,0.0,0.0
2010-03-16,3.409090042114258,3.409090042114258,3.28181791305542,3.299999952316284,92.572814,-3.1999767812034063
2010-03-17,3.5,3.5545449256896973,3.254544973373413,3.299999952316284,154.869827,0.0
2010-03-18,3.3545451164245605,3.3727269172668457,3.2454540729522705,3.3363630771636963,55.974006,1.1019128900862096
2010-03-21,3.3363630771636963,3.518181085586548,3.318181037902832,3.5,121.632693,4.904649735406319
2010-03-22,3.518181085586548,3.5454540252685547,3.4181809425354004,3.427272081375122,94.174317,-2.0779405321393662
2010-03-23,3.472727060317993,3.5272719860076904,3.4181809425354004,3.427272081375122,79.032448,0.0
2010-03-24,3.454545021057129,3.472727060317993,3.363636016845703,3.400000095367432,53.305841,-0.7957344897096097
2010-03-25,3.4363629817962646,3.763636112213135,3.427272081375122,3.700000047683716,243.435033,8.823527761809192
2010-03-28,3.700000047683716,3.700000047683716,3.700000047683716,3.700000047683716,0.0,0.0
2010-03-29,3.754544973373413,3.799999952316284,3.700000047683716,3.7454540729522705,162.745352,1.2284871535882758
2010-03-30,3.5999999046325684,3.709089994430542,3.5999999046325684,3.6363630294799805,67.153473,-2.9126253145136394
2010-03-31,3.690908908843994,3.690908908843994,3.6090900897979736,3.636363029479981,44.07267,0.0
2010-04-01,3.6636359691619873,3.718180894851685,3.590909004211426,3.709089994430542,63.907118,1.9999918699251
2010-04-04,3.709089994430542,3.709089994430542,3.709089994430542,3.709089994430542,0.0,0.0
2010-04-05,3.736362934112549,3.7909090518951416,3.6545450687408447,3.672727108001709,109.825328,-0.9803721797916554
2010-04-06,3.645453929901123,3.672727108001709,3.6090900897979736,3.636363029479981,33.613076,-0.9901110932664324
2010-04-07,3.645453929901123,3.645453929901123,3.5,3.5272719860076904,56.930218,-3.0000041961676938
2010-04-08,3.5,3.518181085586548,3.3818180561065674,3.454545021057129,44.513154,-2.061847377776982
2010-04-11,3.536362886428833,3.700000047683716,3.5272719860076904,3.690908908843994,87.0386,6.842113399770811
2010-04-12,3.7454540729522705,3.818181037902832,3.690908908843994,3.7636361122131348,164.634412,1.970441567790382
2010-04-13,3.7727270126342773,3.799999952316284,3.700000047683716,3.736362934112549,74.546621,-0.7246497080863779
2010-04-14,3.7636361122131348,3.8090898990631104,3.709089994430542,3.7272720336914062,77.535136,-0.24330881612553146
2010-04-15,3.7636361122131348,3.7727270126342773,3.6818180084228516,3.690908908843994,49.180322,-0.9755962140332142
2010-04-18,3.690908908843994,3.690908908843994,3.690908908843994,3.690908908843994,0.0,0.0
2010-04-19,3.518181085586548,3.590909004211426,3.454545021057129,3.454545021057129,47.624156,-6.403948014552741
2010-04-20,3.5272719860076904,3.5454540252685547,3.4454538822174072,3.509089946746826,38.500127,1.5789322575684883
2010-04-21,3.5272719860076904,3.563636064529419,3.481817960739136,3.481817960739136,28.636071,-0.7771811615422841
2010-04-22,3.472727060317993,3.581818103790283,3.454545021057129,3.581818103790283,33.804848,2.8720669540666988
2010-04-25,3.763636112213135,3.772727012634277,3.645453929901123,3.672727108001709,96.75519,2.538068700787055
2010-04-26,3.6636359691619873,3.690908908843994,3.5999999046325684,3.5999999046325684,40.121637,-1.9801962201518086
2010-04-27,3.590909004211426,3.645453929901123,3.5,3.5272719860076904,32.857706,-2.020220015319718
2010-04-28,3.4181809425354004,3.472727060317993,3.363636016845703,3.4454538822174072,55.730276,-2.3195859042015154
2010-04-29,3.4454538822174072,3.572726964950561,3.4363629817962646,3.5545449256896973,39.92666,3.1662314226676536
2010-05-02,3.5545449256896973,3.5545449256896973,3.5545449256896973,3.5545449256896973,0.0,0.0
2010-05-03,3.5,3.563636064529419,3.4636359214782715,3.509089946746826,21.47506,-1.278784764101737
2010-05-04,3.590909004211426,3.636363029479981,3.5272719860076904,3.536362886428833,36.771262,0.7772083387970863
2010-05-05,3.4454538822174072,3.536362886428833,3.427272081375122,3.536362886428833,32.910281,0.0
2010-05-06,3.481817960739136,3.509089946746826,3.4636359214782715,3.5,15.09156,-1.028256646634862
2010-05-09,3.318181037902832,3.4636359214782715,3.236362934112549,3.4636359214782715,56.371057,-1.0389736720493814
2010-05-10,3.4636359214782715,3.4636359214782715,3.4636359214782715,3.4636359214782715,0.0,0.0
2010-05-11,3.518181085586548,3.5999999046325684,3.5,3.563636064529419,62.970419,2.8871436062618105
2010-05-12,3.481817960739136,3.5454540252685547,3.472727060317993,3.5,26.569285,-1.7857060422869608
2010-05-13,3.536362886428833,3.5545449256896973,3.472727060317993,3.481817960739136,20.605325,-0.5194868360246963
2010-05-16,3.4818179607391357,3.4818179607391357,3.4818179607391357,3.4818179607391357,0.0,0.0
2010-05-17,3.363636016845703,3.4636359214782715,3.3363630771636963,3.4636359214782715,34.910761,-0.5221995941741997
2010-05-18,3.4363629817962646,3.5,3.4363629817962646,3.4636359214782715,34.675808,0.0
2010-05-19,3.4363629817962646,3.454545021057129,3.363636016845703,3.3727269172668457,31.381807,-2.6246697479862746
2010-05-20,3.4454538822174072,3.4909090995788574,3.39090895652771,3.4000000953674316,35.258388,0.8086387890154922
2010-05-23,3.3727269172668457,3.409090042114258,3.345453977584839,3.3545451164245605,20.95137,-1.3369111078792129
2010-05-24,3.3727269172668457,3.3818180561065674,3.236362934112549,3.254544973373413,43.075692,-2.9810343751683566
2010-05-25,3.200000047683716,3.2272720336914062,2.954545021057129,3.0,87.335054,-7.821215422000183
2010-05-26,3.0727269649505615,3.127271890640259,3.0272719860076904,3.0454540252685547,35.101057,1.5151341756184822
2010-05-27,3.063636064529419,3.1090900897979736,3.0545449256896973,3.0999999046325684,33.303503,1.7910590313115593
2010-05-30,3.1363630294799805,3.190908908843994,3.090909004211426,3.0999999046325684,37.634493,0.0
2010-05-31,3.090909004211426,3.0999999046325684,3.0272719860076904,3.0454540252685547,15.023261,-1.7595445497434192
2010-06-01,3.0454540252685547,3.0454540252685547,3.0454540252685547,3.0454540252685547,0.0,0.0
2010-06-02,3.036362886428833,3.036362886428833,2.8363630771636963,2.863636016845703,42.636638,-5.970144579897852
2010-06-03,2.972727060317993,3.0,2.9000000953674316,2.909090042114258,26.181907,1.58728361429894
2010-06-06,2.909090042114258,2.909090042114258,2.909090042114258,2.909090042114258,0.0,0.0
2010-06-07,2.78181791305542,2.863636016845703,2.78181791305542,2.8545451164245605,19.32688,-1.874982379371637
2010-06-08,2.845453977584839,2.8818180561065674,2.818181037902832,2.818181037902832,18.917977,-1.2739009908267263
2010-06-09,2.845453977584839,2.8727269172668457,2.8090898990631104,2.818181037902832,14.884771,0.0
2010-06-10,2.845453977584839,2.8727269172668457,2.8090898990631104,2.818181037902832,14.884771,0.0
2010-06-13,2.89090895652771,2.9181809425354004,2.863636016845703,2.8818180561065674,27.454642,2.2580883679173214
2010-06-14,2.8727269172668457,2.9000000953674316,2.845453977584839,2.863636016845703,19.294008,-0.6309225255333728
2010-06-15,2.818181037902832,2.845453977584839,2.754544973373413,2.799999952316284,22.422132,-2.222212046331018
2010-06-16,2.8363630771636963,2.8363630771636963,2.736362934112549,2.736362934112549,17.144825,-2.272750688838121
2010-06-17,2.7727270126342773,2.7909090518951416,2.709089994430542,2.7636361122131348,26.631507,0.996694472088766
2010-06-20,2.78181791305542,3.0454540252685547,2.7272720336914062,3.0,66.050402,8.552641454579346
2010-06-21,3.0545449256896973,3.1090900897979736,3.0272719860076904,3.081818103790283,53.033142,2.727270126342773
2010-06-22,3.018181085586548,3.036362886428833,2.9454538822174072,2.9909090995788574,33.616063,-2.949849768862678
2010-06-23,2.9363629817962646,3.036362886428833,2.927272081375122,3.0272719860076904,22.292354,1.2157803937924205
2010-06-24,3.009089946746826,3.0545449256896973,2.954545021057129,2.9636359214782715,21.606578,-2.102092736415828
2010-06-27,2.972727060317993,3.036362886428833,2.954545021057129,2.972727060317993,14.680185,0.3067562642845578
2010-06-28,2.972727060317993,3.036362886428833,2.954545021057129,2.972727060317993,14.680185,0.0
2010-06-29,2.8818180561065674,2.89090895652771,2.818181037902832,2.818181037902832,22.116512,-5.198796232528302
2010-06-30,2.7909090518951416,2.845453977584839,2.7454540729522705,2.78181791305542,24.796465,-1.2903047873202622
2010-07-01,2.8090898990631104,2.818181037902832,2.7636361122131348,2.818181037902832,25.888995,1.3071712809366698
2010-07-04,2.7909090518951416,2.818181037902832,2.7636361122131348,2.799999952316284,6.874135,-0.6451354736272563
2010-07-05,2.799999952316284,2.8363630771636963,2.7909090518951416,2.799999952316284,8.084897,0.0
2010-07-06,2.7909090518951416,2.909090042114258,2.7909090518951416,2.909090042114258,22.245652,3.8960747019916697
2010-07-07,2.909090042114258,2.909090042114258,2.8272719383239746,2.8363630771636963,10.611255,-2.499990165230681
2010-07-08,2.9181809425354004,2.954545021057129,2.89090895652771,2.927272081375122,23.195086,3.2051257803825672
2010-07-11,2.9818179607391357,3.009089946746826,2.9636359214782715,2.972727060317993,12.887783,1.5528101822881446
2010-07-12,2.954545021057129,2.9636359214782715,2.909090042114258,2.954545021057129,8.57511,-0.6116282757193114
2010-07-13,2.954545021057129,2.954545021057129,2.954545021057129,2.954545021057129,0.0,0.0
2010-07-14,3.036362886428833,3.0545449256896973,2.981817960739136,2.9909090995788574,23.884127,1.2307843766996562
2010-07-15,2.9909090995788574,3.036362886428833,2.9818179607391357,3.009089946746826,19.197088,0.6078702682916326
2010-07-18,2.981817960739136,3.0,2.954545021057129,2.9909090995788574,11.061537,-0.6041975311380843
2010-07-19,3.0,3.018181085586548,2.9818179607391357,3.0,21.04442,0.303951077029474
2010-07-20,3.0272719860076904,3.0272719860076904,2.9636359214782715,2.972727060317993,20.348142,-0.9090979894002316
2010-07-21,2.972727060317993,3.063636064529419,2.972727060317993,3.063636064529419,25.246534,3.0581012776094374
2010-07-22,3.0272719860076904,3.072726964950561,3.0272719860076904,3.063636064529419,16.567257,0.0
2010-07-25,3.063636064529419,3.081818103790283,2.9363629817962646,2.954545021057129,49.065275,-3.560835594519174
2010-07-26,2.9636359214782715,2.972727060317993,2.9363629817962646,2.9454538822174072,6.877072,-0.30770012895146026
2010-07-27,2.954545021057129,2.972727060317993,2.909090042114258,2.9181809425354004,10.726334,-0.9259333458473628
2010-07-28,2.927272081375122,2.972727060317993,2.927272081375122,2.954545021057129,10.925377,1.2461214447564206
2010-07-29,2.9636359214782715,2.972727060317993,2.9363629817962646,2.9636359214782715,5.700952,0.30769205939835675
2010-08-01,2.909090042114258,3.009089946746826,2.909090042114258,2.9636359214782715,7.96134,0.0
2010-08-02,2.627271890640259,2.6363630294799805,2.5272719860076904,2.590909004211426,30.021851,-12.576676998871315
2010-08-03,3.009089946746826,3.0454540252685547,2.9636359214782715,3.0454540252685547,20.115451,17.54384350505105
2010-08-04,3.018181085586548,3.0272719860076904,2.9818179607391357,2.9909090995788574,11.207222,-1.7910277166271582
2010-08-05,3.009089946746826,3.0272719860076904,2.9909090995788574,2.9909090995788574,6.218653,0.0
2010-08-08,2.9909090995788574,2.9909090995788574,2.9909090995788574,2.9909090995788574,0.0,0.0
2010-08-09,2.9363629817962646,2.9454538822174072,2.909090042114258,2.9454538822174072,6.941655,-1.5197792994728787
2010-08-10,2.9363629817962646,2.9454538822174072,2.9181809425354004,2.9181809425354004,1.770737,-0.9259333458473629
2010-08-11,2.927272081375122,2.927272081375122,2.8363630771636963,2.8545451164245605,9.12238,-2.1806675927213526
2010-08-12,2.845453977584839,2.863636016845703,2.818181037902832,2.845453977584839,6.381549,-0.318479423828788
2010-08-15,2.8363630771636963,2.863636016845703,2.8363630771636963,2.8363630771636963,3.310964,-0.319488576963689
2010-08-16,2.8545451164245605,2.8818180561065674,2.8363630771636963,2.8727269172668457,8.010326,1.2820587179379173
2010-08-17,2.863636016845703,2.927272081375122,2.863636016845703,2.927272081375122,9.833623,1.89872430200122
2010-08-18,2.927272081375122,2.954545021057129,2.900000095367432,2.900000095367432,7.535864,-0.9316519014822556
2010-08-19,2.909090042114258,2.972727060317993,2.909090042114258,2.954545021057129,18.898459,1.8808594446886095
2010-08-22,2.9363629817962646,2.9636359214782715,2.9363629817962646,2.954545021057129,4.013676,0.0
2010-08-23,2.9636359214782715,3.0,2.954545021057129,2.9909090995788574,7.642103,1.2307843766996562
2010-08-24,2.972727060317993,2.9909090995788574,2.9636359214782715,2.9636359214782715,5.470711,-0.9118691739720908
2010-08-25,2.954545021057129,2.972727060317993,2.9363629817962646,2.9363629817962646,6.116662,-0.9202527032538765
2010-08-26,2.9636359214782715,3.0272719860076904,2.9636359214782715,3.0,16.544035,2.167205437415176
2010-08-29,3.009089946746826,3.036362886428833,3.0,3.0,7.719101,0.0
2010-08-30,3.018181085586548,3.0272719860076904,2.9636359214782715,2.9818179607391357,5.030691,-0.6060679753621456
2010-08-31,2.954545021057129,2.9636359214782715,2.9363629817962646,2.9636359214782715,5.764863,-0.6097635570065929
2010-09-01,2.954545021057129,2.9909090995788574,2.954545021057129,2.9818179607391357,2.903695,0.6135044837692227
2010-09-02,3.018181085586548,3.0272719860076904,2.9909090995788574,3.018181085586548,13.824782,1.219495131030679
2010-09-05,3.036362886428833,3.1818180084228516,3.036362886428833,3.1818180084228516,37.412785,5.421706590693276
2010-09-06,3.1545450687408447,3.2909090518951416,3.1545450687408447,3.28181791305542,56.921981,3.142854316866983
2010-09-07,3.2909090518951416,3.3545451164245605,3.218180894851685,3.345453977584839,34.794285,1.9390492164805373
2010-09-12,3.345453977584839,3.345453977584839,3.345453977584839,3.345453977584839,0.0,0.0
2010-09-13,3.4181809425354004,3.4818179607391357,3.39090895652771,3.4363629817962646,55.536897,2.7173891741011147
2010-09-14,3.4363629817962646,3.454545021057129,3.363636016845703,3.363636016845703,25.018169,-2.11639356307306
2010-09-15,3.3727269172668457,3.427272081375122,3.363636016845703,3.39090895652771,23.543198,0.8108172092764709
2010-09-16,3.39090895652771,3.39090895652771,3.39090895652771,3.39090895652771,0.0,0.0
2010-09-19,3.472727060317993,3.518181085586548,3.454545021057129,3.5,40.528219,3.2171622674292966
2010-09-20,3.4818179607391357,3.4909090995788574,3.4454538822174072,3.472727060317993,22.528315,-0.779226848057335
2010-09-21,3.5,3.5272719860076904,3.472727060317993,3.4909090995788574,36.482352,0.5235666075985579
2010-09-22,3.481817960739136,3.5,3.39090895652771,3.39090895652771,24.600346,-2.8645874240383784
2010-09-23,3.39090895652771,3.39090895652771,3.39090895652771,3.39090895652771,0.0,0.0
2010-09-26,3.472727060317993,3.536362886428833,3.472727060317993,3.518181085586548,53.279018,3.7533337134820766
2010-09-27,3.536362886428833,3.536362886428833,3.4363629817962646,3.454545021057129,22.295529,-1.8087774046118943
2010-09-28,3.4454538822174072,3.4454538822174072,3.39090895652771,3.427272081375122,17.059876,-0.7894799319668744
2010-09-29,3.4363629817962646,3.4909090995788574,3.4363629817962646,3.454545021057129,17.759439,0.7957623157559324
2010-09-30,3.4454538822174072,3.4818179607391357,3.3818180561065674,3.39090895652771,54.483235,-1.8420968359516565
2010-10-03,3.427272081375122,3.4454538822174072,3.400000095367432,3.409090042114258,13.632263,0.53617144605278
2010-10-04,3.4181809425354004,3.4181809425354004,3.3727269172668457,3.3818180561065674,11.922182,-0.799978459670625
2010-10-05,3.3545451164245605,3.4181809425354004,3.3545451164245605,3.4181809425354004,20.727323,1.0752466816827289
2010-10-06,3.4636359214782715,3.4909090995788574,3.4363629817962646,3.4454538822174072,38.631082,0.7978787589219216
2010-10-07,3.481817960739136,3.509089946746826,3.454545021057129,3.481817960739136,33.449442,1.055422007225526
2010-10-10,3.509089946746826,3.5999999046325684,3.4909090995788574,3.590909004211426,59.805939,3.133163327388089
2010-10-11,3.6090900897979736,3.6545450687408447,3.590909004211426,3.6090900897979736,44.879624,0.5063087247609177
2010-10-12,3.581818103790283,3.590909004211426,3.5454540252685547,3.581818103790283,33.604044,-0.755647139005533
2010-10-13,3.581818103790283,3.581818103790283,3.581818103790283,3.581818103790283,0.0,0.0
2010-10-14,3.636363029479981,3.672727108001709,3.572726964950561,3.581818103790283,32.899874,0.0
2010-10-17,3.572726964950561,3.581818103790283,3.5272719860076904,3.563636064529419,13.864017,-0.5076203965138304
2010-10-18,3.563636064529419,3.581818103790283,3.518181085586548,3.536362886428833,19.000146,-0.7653188374662889
2010-10-19,3.5545449256896973,3.5727269649505615,3.518181085586548,3.5272719860076904,13.255342,-0.25706921809495187
2010-10-20,3.5,3.536362886428833,3.472727060317993,3.536362886428833,19.198341,0.25773176713350665
2010-10-21,3.5545449256896973,3.563636064529419,3.481817960739136,3.5,21.014352,-1.028256646634862
2010-10-24,3.518181085586548,3.536362886428833,3.4818179607391357,3.5,6.631636,0.0
2010-10-25,3.518181085586548,3.5454540252685547,3.518181085586548,3.5272719860076904,8.644264,0.7791996002197266
2010-10-26,3.536362886428833,3.536362886428833,3.472727060317993,3.4909090995788574,9.916683,-1.0309067906609015
2010-10-27,3.5,3.5,3.427272081375122,3.4363629817962646,13.268003,-1.5625189950999596
2010-10-28,3.454545021057129,3.5545449256896973,3.4454538822174072,3.5545449256896973,30.363092,3.439157752527544
2010-10-31,3.563636064529419,3.581818103790283,3.4909090995788574,3.5,15.218566,-1.5345122042342396
2010-11-01,3.5272719860076904,3.563636064529419,3.4909090995788574,3.518181085586548,14.575778,0.5194595881870878
2010-11-02,3.4909090995788574,3.509089946746826,3.3545451164245605,3.409090042114258,31.864624,-3.100779659103381
2010-11-03,3.427272081375122,3.454545021057129,3.3818180561065674,3.39090895652771,9.654126,-0.5333119795003172
2010-11-04,3.4181809425354004,3.4454538822174072,3.3272719383239746,3.4000000953674316,20.622162,0.2681033008043565
2010-11-07,3.454545021057129,3.472727060317993,3.39090895652771,3.400000095367432,19.3101,0.0
2010-11-08,3.39090895652771,3.39090895652771,3.299999952316284,3.318181037902832,17.482571,-2.406442799106967
2010-11-09,3.28181791305542,3.4363629817962646,3.2454540729522705,3.427272081375122,106.662628,3.287676055832023
2010-11-10,3.427272081375122,3.472727060317993,3.3727269172668457,3.3818180561065674,24.644483,-1.3262450190507535
2010-11-11,3.39090895652771,3.4363629817962646,3.3090898990631104,3.3363630771636963,15.306072,-1.3440988896724626
2010-11-14,3.3090898990631104,3.3363630771636963,3.2636361122131348,3.3090898990631104,12.89922,-0.8174523416609514
2010-11-21,3.363636016845703,3.3727269172668457,3.3363630771636963,3.3727269172668457,7.804168,1.9230972909425328
2010-11-22,3.39090895652771,3.4181809425354004,3.3727269172668457,3.4181809425354004,14.177912,1.3476936136113116
2010-11-23,3.409090042114258,3.409090042114258,3.318181037902832,3.3545451164245605,14.514413,-1.8616868790930277
2010-11-24,3.318181037902832,3.345453977584839,3.28181791305542,3.2909090518951416,16.116377,-1.8970102449313742
2010-11-25,3.3272719383239746,3.3363630771636963,3.299999952316284,3.318181037902832,10.129003,0.8287067669641379
2010-11-28,3.3090898990631104,3.318181037902832,3.2454540729522705,3.2727270126342773,9.045498,-1.3698476589837472
2010-11-29,3.2909090518951416,3.318181037902832,3.254544973373413,3.318181037902832,9.991072,1.3888731046946656
2010-11-30,3.2909090518951416,3.3272719383239746,3.28181791305542,3.2909090518951416,6.778981,-0.8218956619957973
2010-12-01,3.2909090518951416,3.363636016845703,3.28181791305542,3.3363630771636963,10.97792,1.381199679230849
2010-12-06,3.39090895652771,3.427272081375122,3.3818180561065674,3.39090895652771,28.368756,1.6348903911975965
2010-12-07,3.39090895652771,3.39090895652771,3.39090895652771,3.39090895652771,0.0,0.0
2010-12-08,3.454545021057129,3.454545021057129,3.39090895652771,3.427272081375122,15.898556,1.0723710165503109
2010-12-09,3.4363629817962646,3.4454538822174072,3.39090895652771,3.4000000953674316,7.633429,-0.7957344897096097
2010-12-12,3.4000000953674316,3.409090042114258,3.3363630771636963,3.3545451164245605,9.671317,-1.3369111078792129
2010-12-13,3.3363630771636963,3.3727269172668457,3.2454540729522705,3.2727270126342773,24.934741,-2.4390223100498654
2010-12-14,3.28181791305542,3.2909090518951416,3.218180894851685,3.2636361122131348,13.470662,-0.2777775349440237
2010-12-15,3.2636361122131348,3.28181791305542,3.190908908843994,3.200000047683716,12.988283,-1.9498517096094403
2010-12-16,3.1818180084228516,3.236362934112549,3.145453929901123,3.2272720336914062,28.492714,0.8522495500408178
2010-12-19,3.2454540729522705,3.2636361122131348,3.2181808948516846,3.2454540729522705,15.525075,0.5633872531057627
2010-12-20,3.2272720336914062,3.236362934112549,3.209089994430542,3.209089994430542,10.070187,-1.1204619663173765
2010-12-21,3.209089994430542,3.2272720336914062,3.172727108001709,3.172727108001709,10.441453,-1.1331214298116232
2010-12-22,3.200000047683716,3.209089994430542,3.127271890640259,3.127271890640259,14.147865,-1.432686008412476
2010-12-23,3.1363630294799805,3.1636359691619873,3.118180990219116,3.1545450687408447,7.639574,0.8721076725759946
2010-12-26,3.145453929901123,3.163635969161988,3.1090900897979736,3.1090900897979736,5.650867,-1.4409361081347494
2010-12-27,3.0999999046325684,3.1363630294799805,3.0454540252685547,3.081818103790283,14.302083,-0.8771693717457563
2010-12-28,3.081818103790283,3.118180990219116,3.0727269649505615,3.081818103790283,7.672927,0.0
2010-12-29,3.1090900897979736,3.145453929901123,3.063636064529419,3.145453929901123,7.364358,2.064879365611328
2010-12-30,3.1545450687408447,3.2454540729522705,3.1545450687408447,3.209089994430542,7.364358,2.023112274018257
2011-01-02,3.2272720336914062,3.2272720336914062,3.2272720336914062,3.254544973373413,9.085851,1.4164445067529785
2011-01-03,3.2636361122131348,3.2727270126342773,3.236362934112549,3.254544973373413,7.985211,0.0
2011-01-04,3.2727270126342773,3.2909090518951416,3.218180894851685,3.218180894851685,9.549062,-1.1173321868106267
2011-01-05,3.2181808948516846,3.2181808948516846,3.1636359691619873,3.1818180084228516,9.098648,-1.129920523952055
2011-01-06,3.200000047683716,3.2454540729522705,3.181818008422852,3.236362934112549,10.237143,1.7142691865250193
2011-01-09,3.2272720336914062,3.254544973373413,3.200000047683716,3.209089994430542,10.135281,-0.8427033752778201
2011-01-10,3.209089994430542,3.2272720336914062,3.190908908843994,3.190908908843994,5.718775,-0.5665495706914325
2011-01-11,3.1818180084228516,3.1818180084228516,3.145453929901123,3.145453929901123,10.78242,-1.4245150908848259
2011-01-12,3.1363630294799805,3.1636359691619877,3.1090900897979736,3.1363630294799805,9.775595,-0.2890171219715909
2011-01-13,3.172727108001709,3.172727108001709,3.090909004211426,3.1545450687408447,8.844391,0.5797173059994609
2011-01-16,3.1545450687408447,3.1545450687408447,3.0545449256896973,3.0727269649505615,11.105688,-2.59365778606363
2011-01-17,3.0545449256896973,3.1090900897979736,3.0545449256896973,3.0999999046325684,4.534827,0.8875809661287537
2011-01-18,3.0999999046325684,3.0999999046325684,3.0999999046325684,3.0999999046325684,0.0,0.0
2011-01-19,3.1090900897979736,3.145453929901123,3.090909004211426,3.127271890640259,9.991249,0.8797415111831297
2011-01-20,3.0999999046325684,3.118180990219116,3.081818103790283,3.090909004211426,8.7585,-1.1627670282735925
2011-01-23,3.090909004211426,3.118180990219116,3.063636064529419,3.081818103790283,7.39118,-0.2941173748161496
2011-01-24,3.090909004211426,3.1545450687408447,3.063636064529419,3.145453929901123,8.642815,2.064879365611328
2011-01-25,3.1545450687408447,3.1545450687408447,3.0999999046325684,3.0999999046325684,11.122393,-1.445070450292163
2011-01-26,3.1090900897979736,3.127271890640259,3.0999999046325684,3.0999999046325684,7.41872,0.0
2011-01-27,3.1090900897979736,3.118180990219116,3.063636064529419,3.081818103790283,7.472781,-0.586509722633044
2011-01-30,2.78181791305542,2.8545451164245605,2.78181791305542,2.8272719383239746,55.82926,-8.259610298000586
2011-01-31,2.8363630771636963,2.863636016845703,2.7727270126342773,2.7727270126342773,16.769612,-1.9292422830055722
2011-02-01,2.7636361122131348,2.8363630771636963,2.7636361122131348,2.818181037902832,17.30414,1.6393256552642121
2011-02-02,2.8818180561065674,3.018181085586548,2.8818180561065674,2.9818179607391357,34.681612,5.806473063138462
2011-02-03,2.981817960739136,2.981817960739136,2.981817960739136,2.981817960739136,0.0,0.0
2011-02-06,2.9363629817962646,3.018181085586548,2.9363629817962646,3.0,13.345383,0.6097635570065929
2011-02-07,2.9363629817962646,3.018181085586548,2.9363629817962646,3.0,13.345383,0.0
2011-02-08,3.0,3.009089946746826,2.972727060317993,3.0,3.595763,0.0
2011-02-09,2.9909090995788574,3.018181085586548,2.9636359214782715,2.9909090995788574,7.423231,-0.30303001403808594
2011-02-10,2.972727060317993,3.009089946746826,2.954545021057129,2.954545021057129,4.946164,-1.215820251001576
2011-02-13,3.018181085586548,3.036362886428833,2.9636359214782715,2.9636359214782715,9.860764,0.3076920593983567
2011-02-14,2.972727060317993,2.9909090995788574,2.954545021057129,2.954545021057129,9.447248,-0.3067482194846649
2011-02-15,2.954545021057129,2.954545021057129,2.954545021057129,2.954545021057129,0.0,0.0
2011-02-16,2.954545021057129,2.954545021057129,2.954545021057129,2.954545021057129,0.0,0.0
2011-02-20,2.8090898990631104,2.8272719383239746,2.736362934112549,2.7454540729522705,23.94589,-7.07692543571552
2011-02-21,2.8090898990631104,2.8272719383239746,2.736362934112549,2.7454540729522705,23.945891,0.0
2011-02-22,2.7454540729522705,2.7454540729522705,2.7454540729522705,2.7454540729522705,0.0,0.0
2011-02-23,2.663635969161988,2.718180894851685,2.6545450687408447,2.690908908843994,5.500916,-1.986744729975476
2011-02-24,2.690908908843994,2.690908908843994,2.645453929901123,2.6545450687408447,5.877571,-1.351359014184217
2011-02-27,2.6545450687408447,2.709089994430542,2.590909004211426,2.590909004211426,14.962857,-2.3972493546551066
2011-02-28,2.563636064529419,2.6090900897979736,2.3545451164245605,2.427272081375122,24.662928,-6.315811268181093
2011-03-01,2.39090895652771,2.4909090995788574,2.39090895652771,2.4181809425354004,18.549988,-0.37454140017839643
2011-03-02,2.345453977584839,2.345453977584839,2.218180894851685,2.2727270126342773,40.736261,-6.0150143168616
2011-03-03,2.2636361122131348,2.318181037902832,2.1363630294799805,2.190908908843994,33.152214,-3.5999969787594237
2011-03-06,2.3545451164245605,2.4000000953674316,2.236362934112549,2.2454540729522705,33.431951,2.4896135064353953
2011-03-07,2.2636361122131348,2.2636361122131348,2.172727108001709,2.2181808948516846,10.347975,-1.2145952317220043
2011-03-08,2.254544973373413,2.345453977584839,2.2454540729522705,2.3272719383239746,29.677419,4.918040892223274
2011-03-09,2.3727269172668457,2.4636359214782715,2.3727269172668457,2.4363629817962646,35.355708,4.6875073632715925
2011-03-10,2.4181809425354004,2.472727060317993,2.39090895652771,2.4363629817962646,22.650631,0.0
2011-03-13,2.518181085586548,2.6818180084228516,2.518181085586548,2.6818180084228516,38.981255,10.074649321983188
2011-03-14,2.6818180084228516,2.6818180084228516,2.6818180084228516,2.6818180084228516,0.0,0.0
2011-03-15,2.4636359214782715,2.5,2.4454538822174072,2.4909090995788574,27.543542,-7.118637739190426
2011-03-16,2.518181085586548,2.536362886428833,2.4909090995788574,2.5272719860076904,22.034269,1.4598239026458737
2011-03-17,2.4636359214782715,2.590909004211426,2.4636359214782715,2.590909004211426,22.859174,2.5180122502074687
2011-03-20,2.681818008422852,2.7272720336914062,2.645453929901123,2.690908908843994,49.340943,3.8596455711112254
2011-03-21,2.690908908843994,2.700000047683716,2.6636359691619877,2.681818008422852,10.805186,-0.3378375385084342
2011-03-22,2.700000047683716,2.7727270126342773,2.700000047683716,2.7272720336914062,25.537383,1.69489596705652
2011-03-23,2.709089994430542,2.7636361122131348,2.672727108001709,2.7636361122131348,34.589394,1.3333498848851155
2011-03-24,2.7909090518951416,2.863636016845703,2.7727270126342773,2.845453977584839,38.441098,2.9605151347578795
2011-03-27,2.89090895652771,2.9363629817962646,2.8363630771636963,2.8727269172668457,32.85542,0.9584741098204396
2011-03-28,2.863636016845703,2.9000000953674316,2.8363630771636963,2.89090895652771,19.860789,0.6329191665096712
2011-03-29,2.972727060317993,3.018181085586548,2.89090895652771,2.9000000953674316,35.558968,0.31447337070902304
2011-03-30,2.9181809425354004,2.927272081375122,2.845453977584839,2.8545451164245605,15.652265,-1.5674130154506694
2011-03-31,2.8545451164245605,2.8545451164245605,2.8545451164245605,2.8545451164245605,0.0,0.0
2011-04-03,2.972727060317993,2.9909090995788574,2.909090042114258,2.9181809425354004,15.555431,2.22928079660365
2011-04-04,2.909090042114258,2.9454538822174072,2.9000000953674316,2.909090042114258,6.651186,-0.311526276134344
2011-04-05,2.9181809425354004,2.9181809425354004,2.8818180561065674,2.8818180561065674,10.520185,-0.9374747984036147
2011-04-06,2.8090898990631104,2.8727269172668457,2.7909090518951416,2.8727269172668457,19.887499,-0.31546539936682105
2011-04-07,2.8818180561065674,2.9363629817962646,2.8727269172668457,2.909090042114258,16.544036,1.265805135491549
2011-04-10,2.9454538822174072,2.972727060317993,2.927272081375122,2.9454538822174072,15.349008,1.2500073760769892
2011-04-11,2.927272081375122,2.972727060317993,2.89090895652771,2.9454538822174072,15.076245,0.0
2011-04-12,2.909090042114258,3.018181085586548,2.909090042114258,2.9636359214782715,31.149932,0.617291595384839
2011-04-13,3.0,3.0454540252685547,2.9909090995788574,3.018181085586548,26.590139,1.8404812721081187
2011-04-14,3.018181085586548,3.0545449256896973,3.009089946746826,3.0545449256896973,9.652706,1.2048263199582854
2011-04-17,3.0272719860076904,3.127271890640259,3.0272719860076904,3.0545449256896973,25.06393,0.0
2011-04-18,3.1090900897979736,3.127271890640259,3.072726964950561,3.118180990219116,12.879968,2.08332390184276
2011-04-19,3.090909004211426,3.1636359691619877,3.072726964950561,3.0999999046325684,29.873539,-0.5830670395200577
2011-04-20,3.1090900897979736,3.1545450687408447,3.0999999046325684,3.145453929901123,15.501998,1.4662589247383284
2011-04-21,3.1636359691619877,3.190908908843994,3.1363630294799805,3.172727108001709,30.620685,0.8670665254805865
2011-04-24,3.172727108001709,3.172727108001709,3.172727108001709,3.172727108001709,0.0,0.0
2011-04-25,3.072726964950561,3.1090900897979736,3.0272719860076904,3.036362886428833,33.054223,-4.298012937480866
2011-04-26,3.0272719860076904,3.063636064529419,3.0,3.009089946746826,13.228882,-0.8982108101737274
2011-04-27,3.0454540252685547,3.0545449256896973,3.009089946746826,3.009089946746826,17.037271,0.0
2011-04-28,3.009089946746826,3.036362886428833,2.981817960739136,2.9909090995788574,18.866938,-0.6041975311380843
2011-05-01,3.0,3.0,2.9454538822174072,2.954545021057129,11.321297,-1.2158202510015759
2011-05-02,3.0,3.0,2.9454538822174072,2.954545021057129,11.321297,0.0
2011-05-03,2.954545021057129,2.981817960739136,2.954545021057129,2.9636359214782715,6.735149,0.3076920593983567
2011-05-04,2.954545021057129,2.9818179607391357,2.954545021057129,2.9636359214782715,6.735149,0.0
2011-05-05,2.9363629817962646,2.9636359214782715,2.89090895652771,2.9000000953674316,14.185747,-2.147221446792902
2011-05-08,2.9000000953674316,2.927272081375122,2.845453977584839,2.8545451164245605,9.162121,-1.5674130154506694
2011-05-09,2.8545451164245605,2.8818180561065674,2.8363630771636963,2.845453977584839,9.337282,-0.318479423828788
2011-05-10,2.8545451164245605,2.972727060317993,2.8363630771636963,2.9636359214782715,9.889162,4.1533598794573745
2011-05-11,2.954545021057129,3.0,2.9363629817962646,2.9454538822174072,14.569732,-0.6135044837692116
2011-05-12,2.9363629817962646,2.954545021057129,2.927272081375122,2.9181809425354004,8.170006,-0.9259333458473629
2011-05-15,2.9363629817962646,2.9363629817962646,2.8727269172668457,2.8818180561065674,6.607031,-1.2460805942087982
2011-05-16,2.8818180561065674,2.8818180561065674,2.8818180561065674,2.8818180561065674,0.0,0.0
2011-05-17,2.8272719383239746,2.8727269172668457,2.8272719383239746,2.8727269172668457,7.45244,-0.31546539936682105
2011-05-18,2.8818180561065674,2.9181809425354004,2.8818180561065674,2.909090042114258,8.181531,1.265805135491549
2011-05-19,2.89090895652771,2.909090042114258,2.8545451164245605,2.8818180561065674,4.468337,-0.9374747984036147
2011-05-22,2.863636016845703,2.89090895652771,2.8363630771636963,2.8545451164245605,5.517327,-0.9463796516999246
2011-05-23,2.863636016845703,2.8727269172668457,2.754544973373413,2.7636361122131348,16.258922,-3.1847107158457955
2011-05-24,2.78181791305542,2.799999952316284,2.7181808948516846,2.7909090518951416,19.820386,0.9868498809044279
2011-05-25,2.7909090518951416,2.7909090518951416,2.7909090518951416,2.7909090518951416,0.0,0.0
2011-05-26,2.78181791305542,2.8272719383239746,2.7727270126342773,2.78181791305542,8.200562,-0.3257411356184625
2011-05-29,2.8272719383239746,2.845453977584839,2.799999952316284,2.8363630771636963,10.121851,1.960774062611681
2011-05-30,2.8363630771636963,2.845453977584839,2.8363630771636963,2.7909090518951416,4.850941,-1.6025460786214918
2011-05-31,2.799999952316284,2.8727269172668457,2.799999952316284,2.863636016845703,18.188648,2.605852200779424
2011-06-01,2.8727269172668457,2.927272081375122,2.8727269172668457,2.909090042114258,14.602234,1.58728361429894
2011-06-02,2.78181791305542,2.8272719383239746,2.7727270126342773,2.78181791305542,8.200562,-4.3749807402434175
2011-06-05,2.8818180561065674,2.927272081375122,2.8545451164245605,2.927272081375122,14.357197,5.228745117970068
2011-06-06,2.927272081375122,2.9454538822174072,2.9000000953674316,2.9000000953674316,7.153546,-0.9316519014822555
2011-06-07,2.909090042114258,2.9363629817962646,2.863636016845703,2.8727269172668457,13.006727,-0.9404543863344439
2011-06-08,2.8727269172668457,2.8818180561065674,2.799999952316284,2.8090898990631104,13.372107,-2.2152129330928694
2011-06-09,2.818181037902832,2.845453977584839,2.799999952316284,2.8363630771636963,8.077501,0.9708901843861196
2011-06-12,2.818181037902832,2.818181037902832,2.78181791305542,2.799999952316284,7.004892,-1.282033500583235
2011-06-13,2.818181037902832,2.8363630771636963,2.799999952316284,2.818181037902832,7.02661,0.649324496291781
2011-06-14,2.8272719383239746,2.8727269172668457,2.8272719383239746,2.8363630771636963,8.834546,0.6451693136930059
2011-06-15,2.8363630771636963,2.8363630771636963,2.8363630771636963,2.8363630771636963,0.0,0.0
2011-06-16,2.909090042114258,2.981817960739136,2.89090895652771,2.9363629817962646,27.4182,3.525638358420813
2011-06-19,2.954545021057129,2.9818179607391357,2.927272081375122,2.927272081375122,10.352428,-0.3095972969793248
2011-06-20,2.927272081375122,2.9363629817962646,2.863636016845703,2.863636016845703,11.126386,-2.1739033052071144
2011-06-21,2.927272081375122,2.9363629817962646,2.863636016845703,2.863636016845703,11.126386,0.0
2011-06-22,2.863636016845703,2.8818180561065674,2.818181037902832,2.8363630771636963,18.944264,-0.9523884851835308
2011-06-23,2.8363630771636963,2.8545451164245605,2.7727270126342773,2.799999952316284,14.565665,-1.282033500583235
2011-06-26,2.7909090518951416,2.799999952316284,2.736362934112549,2.7454540729522705,13.063851,-1.9480671533187333
2011-06-27,2.754544973373413,2.7727270126342773,2.7181808948516846,2.754544973373413,15.214744,0.331125569016244
2011-06-28,2.7727270126342773,2.78181791305542,2.6818180084228516,2.690908908843994,16.374417,-2.3102205679904286
2011-06-29,2.7727270126342773,2.78181791305542,2.6818180084228516,2.690908908843994,16.374417,0.0
2011-07-03,2.78181791305542,2.845453977584839,2.78181791305542,2.845453977584839,19.948057,5.743229294492802
2011-07-04,2.845453977584839,2.863636016845703,2.8090898990631104,2.8090898990631104,7.152392,-1.2779710657135124
2011-07-05,2.8090898990631104,2.8363630771636963,2.799999952316284,2.8090898990631104,6.877787,0.0
2011-07-06,2.8090898990631104,2.7909090518951416,2.8090898990631104,2.799999952316284,0.000205,-0.3235904536148082
2011-07-07,2.78181791305542,2.8272719383239746,2.7727270126342773,2.78181791305542,8.084478,-0.6493585560893744
2011-07-10,2.7727270126342773,2.8090898990631104,2.754544973373413,2.8090898990631104,3.682863,0.980365604797484
2011-07-11,2.7909090518951416,2.8090898990631104,2.754544973373413,2.7636361122131348,5.946051,-1.618096553803261
2011-07-12,2.754544973373413,2.754544973373413,2.690908908843994,2.709089994430542,13.442908,-1.9737083887976792
2011-07-13,2.7272720336914062,2.754544973373413,2.7272720336914062,2.754544973373413,5.321097,1.6778689167328942
2011-07-14,2.754544973373413,2.7636361122131348,2.7181808948516846,2.736362934112549,6.812835,-0.6600741478763106
2011-07-17,2.7454540729522705,2.754544973373413,2.709089994430542,2.7272720336914062,4.261941,-0.3322256820472158
2011-07-18,2.7181808948516846,2.7181808948516846,2.6636359691619873,2.690908908843994,8.90911,-1.3333149168179625
2011-07-19,2.672727108001709,2.690908908843994,2.6545450687408447,2.6818180084228516,8.76837,-0.33783753850843423
2011-07-20,2.709089994430542,2.718180894851685,2.672727108001709,2.681818008422852,8.782561,0.0
2011-07-21,2.690908908843994,2.700000047683716,2.672727108001709,2.672727108001709,4.204198,-0.3389827494852615
2011-07-24,2.690908908843994,2.700000047683716,2.6636359691619877,2.681818008422852,10.64096,0.3401357510059988
2011-07-25,2.6636359691619873,2.6818180084228516,2.6090900897979736,2.627271890640259,15.057839,-2.0339231674661895
2011-07-26,2.6363630294799805,2.6545450687408447,2.618180990219116,2.618180990219116,8.368785,-0.34602054144183825
2011-07-27,2.5999999046325684,2.6363630294799805,2.5999999046325684,2.5999999046325684,10.086643,-0.6944166829744747
2011-07-28,2.5999999046325684,2.5999999046325684,2.5545449256896973,2.563636064529419,10.737395,-1.3986092860372001
2011-07-31,2.563636064529419,2.563636064529419,2.563636064529419,2.563636064529419,0.0,0.0
2011-08-01,2.6363630294799805,2.690908908843994,2.6363630294799805,2.690908908843994,14.53473,4.964544151782224
2011-08-02,2.645453929901123,2.7454540729522705,2.645453929901123,2.7272720336914062,25.057852,1.3513324337327104
2011-08-03,2.709089994430542,2.7272720336914062,2.690908908843994,2.690908908843994,13.731562,-1.3333149168179623
2011-08-04,2.709089994430542,2.7727270126342773,2.709089994430542,2.7636361122131348,17.985933,2.702700308067429
2011-08-07,2.618180990219116,2.6363630294799805,2.5545449256896973,2.618180990219116,26.136628,-5.263179235182935
2011-08-08,2.581818103790283,2.6636359691619873,2.563636064529419,2.5727269649505615,21.822377,-1.736091791910488
2011-08-09,2.518181085586548,2.5272719860076904,2.4454538822174072,2.5,37.957946,-2.826843498799303
2011-08-10,2.590909004211426,2.5999999046325684,2.536362886428833,2.536362886428833,26.864506,1.454515457153316
2011-08-11,2.481817960739136,2.518181085586548,2.454545021057129,2.509089946746826,15.194781,-1.0752775096944722
2011-08-14,2.572726964950561,2.590909004211426,2.536362886428833,2.563636064529419,14.78942,2.1739403106419086
2011-08-15,2.5727269649505615,2.5727269649505615,2.5454540252685547,2.5545449256896973,6.072882,-0.3546189322855553
2011-08-16,2.581818103790283,2.581818103790283,2.5454540252685547,2.5454540252685547,7.553359,-0.3558716204095757
2011-08-17,2.5545449256896973,2.5727269649505615,2.536362886428833,2.563636064529419,4.186473,0.714294545506311
2011-08-18,2.572726964950561,2.590909004211426,2.5545449256896973,2.5545449256896973,9.869365,-0.3546189322855553
2011-08-21,2.518181085586548,2.5272719860076904,2.4909090995788574,2.509089946746826,9.644415,-1.7793767682750317
2011-08-22,2.5272719860076904,2.5454540252685547,2.518181085586548,2.536362886428833,6.210351,1.0869654042242605
2011-08-23,2.5454540252685547,2.5545449256896973,2.5,2.518181085586548,10.292796,-0.7168454064506835
2011-08-24,2.536362886428833,2.536362886428833,2.509089946746826,2.509089946746826,6.243217,-0.3610200589527546
2011-08-25,2.518181085586548,2.5454540252685547,2.509089946746826,2.5272719860076904,8.243505,0.7246467702139769
2011-08-28,2.5272719860076904,2.5272719860076904,2.5272719860076904,2.5272719860076904,0.0,0.0
2011-08-29,2.563636064529419,2.5999999046325684,2.5545449256896973,2.5999999046325684,12.564062,2.8777242428807748
2011-09-04,2.627271890640259,2.6363630294799805,2.581818103790283,2.581818103790283,9.628281,-0.6993000580457598
2011-09-05,2.581818103790283,2.581818103790283,2.5454540252685547,2.572726964950561,8.553222,-0.3521215854197956
2011-09-06,2.5272719860076904,2.627271890640259,2.5272719860076904,2.581818103790283,6.639061,0.3533658628985581
2011-09-07,2.590909004211426,2.6090900897979736,2.581818103790283,2.590909004211426,6.835005,0.3521123508970936
2011-09-08,2.590909004211426,2.618180990219116,2.572726964950561,2.590909004211426,6.898475,0.0
2011-09-11,2.590909004211426,2.590909004211426,2.563636064529419,2.5727269649505615,3.586017,-0.7017629423229477
2011-09-12,2.5272719860076904,2.536362886428833,2.5272719860076904,2.536362886428833,9.967446,-1.4134449172855557
2011-09-13,2.5545449256896973,2.5272719860076904,2.5272719860076904,2.5272719860076904,5.528974,-0.3584227032253473
2011-09-14,2.5454540252685547,2.536362886428833,2.5727269649505615,2.5545449256896973,6.942926,1.0791454118513677
2011-09-15,2.563636064529419,2.572726964950561,2.536362886428833,2.563636064529419,5.832659,0.3558809535231466
2011-09-18,2.5727269649505615,2.590909004211426,2.5545449256896973,2.5545449256896973,4.595591,-0.3546189322855553
2011-09-19,2.5454540252685547,2.563636064529419,2.536362886428833,2.536362886428833,6.389774,-0.7117525739327224
2011-09-20,2.5454540252685547,2.563636064529419,2.518181085586548,2.5454540252685547,9.019722,0.3584321032437776
2011-09-21,2.563636064529419,2.572726964950561,2.5545449256896973,2.563636064529419,5.234395,0.714294545506311
2011-09-22,2.5545449256896973,2.563636064529419,2.5272719860076904,2.536362886428833,6.7225,-1.0638474968400868
2011-09-25,2.5454540252685547,2.5454540252685547,2.509089946746826,2.518181085586548,6.269814,-0.7168454064506835
2011-09-26,2.509089946746826,2.509089946746826,2.472727060317993,2.509089946746826,14.047496,-0.3610200589527546
2011-09-27,2.536362886428833,2.536362886428833,2.5,2.518181085586548,9.607382,0.3623281362036712
2011-09-28,2.518181085586548,2.518181085586548,2.481817960739136,2.481817960739136,5.910437,-1.4440234284796127
2011-09-29,2.472727060317993,2.509089946746826,2.4636359214782715,2.5,6.497015,0.7326097058081293
2011-10-02,2.472727060317993,2.5,2.472727060317993,2.4909090995788574,4.258861,-0.3636360168457031
2011-10-03,2.472727060317993,2.4818179607391357,2.4000000953674316,2.4000000953674316,12.558002,-3.6496315432303805
2011-10-04,2.409090042114258,2.409090042114258,2.318181037902832,2.3272719383239746,21.986597,-3.030339756395828
2011-10-05,2.3545451164245605,2.3545451164245605,2.299999952316284,2.299999952316284,7.199446,-1.1718435460245755
2011-10-06,2.3272719383239746,2.3545451164245605,2.318181037902832,2.3363630771636963,5.098095,1.5810054609258328
2011-10-09,2.363636016845703,2.3727269172668457,2.345453977584839,2.3545451164245605,6.975933,0.7782197655227918
2011-10-10,2.3545451164245605,2.3545451164245605,2.3090898990631104,2.318181037902832,5.57528,-1.5444205451007997
2011-10-11,2.345453977584839,2.3545451164245605,2.318181037902832,2.3363630771636963,7.626455,0.7843235262295467
2011-10-12,2.3272719383239746,2.3363630771636963,2.3090898990631104,2.3363630771636963,5.929221,0.0
2011-10-13,2.3272719383239746,2.345453977584839,2.318181037902832,2.318181037902832,2.097121,-0.7782197655227807
2011-10-16,2.345453977584839,2.3545451164245605,2.2727270126342773,2.2727270126342773,10.156404,-1.9607625343047053
2011-10-17,2.28181791305542,2.2909090518951416,2.2272720336914062,2.2454540729522705,13.339407,-1.2000094833384822
2011-10-18,2.236362934112549,2.2636361122131348,2.200000047683716,2.236362934112549,8.69026,-0.4048686165185722
2011-10-19,2.2454540729522705,2.28181791305542,2.236362934112549,2.254544973373413,11.284186,0.8130182710293976
2011-10-20,2.2454540729522705,2.2727270126342773,2.2454540729522705,2.2454540729522705,2.611398,-0.4032255079631452
2011-10-23,2.254544973373413,2.28181791305542,2.236362934112549,2.236362934112549,3.630829,-0.4048686165185722
2011-10-24,2.236362934112549,2.2636361122131348,2.2181808948516846,2.254544973373413,6.007885,0.8130182710293976
2011-10-25,2.254544973373413,2.254544973373413,2.2272720336914062,2.2454540729522705,3.564941,-0.40322550796314527
2011-10-26,2.2454540729522705,2.2636361122131348,2.236362934112549,2.254544973373413,5.572851,0.40485799868488215
2011-10-27,2.2636361122131348,2.363636016845703,2.2454540729522705,2.363636016845703,22.593778,4.83871667057767
2011-10-30,2.4000000953674316,2.5272719860076904,2.4000000953674316,2.5,30.254745,5.769246287602092
2011-10-31,2.5,2.5272719860076904,2.4636359214782715,2.5272719860076904,17.500816,1.0908794403076127
2011-11-01,2.472727060317993,2.4909090995788574,2.427272081375122,2.454545021057129,14.298025,-2.877686507555033
2011-11-02,2.427272081375122,2.472727060317993,2.4181809425354004,2.427272081375122,7.287065,-1.1111199610533418
2011-11-03,2.4181809425354004,2.427272081375122,2.3818180561065674,2.4000000953674316,9.06974,-1.1235652655898432
2011-11-09,2.4181809425354004,2.472727060317993,2.409090042114258,2.454545021057129,8.162953,2.2727051467615222
2011-11-10,2.454545021057129,2.454545021057129,2.454545021057129,2.454545021057129,0.0,0.0
2011-11-13,2.4454538822174072,2.4636359214782715,2.427272081375122,2.427272081375122,7.624695,-1.1111199610533418
2011-11-14,2.4454538822174072,2.4636359214782715,2.427272081375122,2.427272081375122,3.158344,0.0
2011-11-15,2.4181809425354004,2.4454538822174072,2.409090042114258,2.427272081375122,2.108689,0.0
2011-11-16,2.427272081375122,2.4363629817962646,2.4181809425354004,2.4363629817962646,1.997615,0.374531577687498
2011-11-17,2.427272081375122,2.4363629817962646,2.4000000953674316,2.4181809425354004,2.943017,-0.7462779313556656
2011-11-20,2.409090042114258,2.4181809425354004,2.345453977584839,2.3545451164245605,8.193213,-2.6315576717811373
2011-11-21,2.3363630771636963,2.3363630771636963,2.299999952316284,2.3090898990631104,6.398889,-1.9305307443195252
2011-11-22,2.28181791305542,2.299999952316284,2.28181791305542,2.2909090518951416,5.082973,-0.7873598674241977
2011-11-23,2.2727270126342773,2.2727270126342773,2.236362934112549,2.2727270126342773,10.098511,-0.7936604574425687
2011-11-24,2.254544973373413,2.28181791305542,2.236362934112549,2.2727270126342773,5.279337,0.0
2011-11-27,2.2727270126342773,2.2909090518951416,2.2454540729522705,2.2636361122131348,3.919158,-0.399999664306605
2011-11-28,2.2909090518951416,2.363636016845703,2.28181791305542,2.363636016845703,13.831076,4.417666960384348
2011-11-29,2.3727269172668457,2.427272081375122,2.363636016845703,2.427272081375122,23.07872,2.692295432794345
2011-11-30,2.4181809425354004,2.4909090995788574,2.409090042114258,2.4636359214782715,18.85567,1.4981361332409016
2011-12-04,2.5272719860076904,2.618180990219116,2.5272719860076904,2.5999999046325684,33.361534,5.535070420327104
2011-12-05,2.5999999046325684,2.6363630294799805,2.5545449256896973,2.563636064529419,15.648703,-1.3986092860372001
2011-12-06,2.5545449256896973,2.5545449256896973,2.4636359214782715,2.472727060317993,21.63529,-3.54609632268974
2011-12-07,2.5,2.518181085586548,2.481817960739136,2.509089946746826,11.238447,1.4705580333705282
2011-12-08,2.4909090995788574,2.518181085586548,2.4818179607391357,2.518181085586548,8.872999,0.3623281362036712
2011-12-11,2.536362886428833,2.6090900897979736,2.536362886428833,2.5999999046325684,22.367902,3.2491237232433967
2011-12-12,2.5999999046325684,2.618180990219116,2.5272719860076904,2.5272719860076904,17.754319,-2.797227742020081
2011-12-13,2.518181085586548,2.572726964950561,2.518181085586548,2.563636064529419,9.967928,1.438866838356101
2011-12-14,2.5727269649505615,2.590909004211426,2.518181085586548,2.518181085586548,9.690938,-1.7730667613780393
2011-12-15,2.454545021057129,2.454545021057129,2.3818180561065674,2.409090042114258,31.809993,-4.332136560658817
2011-12-18,2.409090042114258,2.409090042114258,2.409090042114258,2.409090042114258,0.0,0.0
2011-12-19,2.363636016845703,2.39090895652771,2.318181037902832,2.3272719383239746,11.717695,-3.3962243984238194
2011-12-20,2.3272719383239746,2.3818180561065674,2.3272719383239746,2.3363630771636963,10.589313,0.3906350044451168
2011-12-21,2.39090895652771,2.39090895652771,2.254544973373413,2.2636361122131348,20.519374,-3.112828038647608
2011-12-22,2.28181791305542,2.3090898990631104,2.2454540729522705,2.2727270126342773,8.047019,0.4016060873076599
2011-12-25,2.2636361122131348,2.299999952316284,2.254544973373413,2.299999952316284,6.600886,1.200009483338493
2011-12-26,2.2636361122131348,2.2727270126342773,2.236362934112549,2.2454540729522705,5.467557,-2.3715600215157173
2011-12-27,2.2454540729522705,2.299999952316284,2.236362934112549,2.254544973373413,8.803389,0.4048579986848821
2011-12-28,2.2636361122131348,2.3272719383239746,2.254544973373413,2.318181037902832,11.30192,2.822567980722157
2011-12-29,2.363636016845703,2.363636016845703,2.3363630771636963,2.3363630771636963,10.376279,0.7843235262295467
2012-01-02,2.3363630771636963,2.345453977584839,2.2454540729522705,2.2727270126342773,6.893009,-2.7237232582305704
2012-01-03,2.3272719383239746,2.3272719383239746,2.28181791305542,2.299999952316284,3.634092,1.2000094833384933
2012-01-04,2.3272719383239746,2.3272719383239746,2.28181791305542,2.299999952316284,3.634092,0.0
2012-01-05,2.3272719383239746,2.3272719383239746,2.28181791305542,2.299999952316284,3.634092,0.0
2012-01-08,2.2727270126342773,2.299999952316284,2.2727270126342773,2.28181791305542,3.95092,-0.7905234625137036
2012-01-09,2.2727270126342773,2.299999952316284,2.2727270126342773,2.28181791305542,5.946424,0.0
2012-01-10,2.299999952316284,2.3090898990631104,2.2727270126342773,2.3090898990631104,6.729214,1.1951867785616743
2012-01-11,2.3090898990631104,2.3090898990631104,2.28181791305542,2.28181791305542,3.648851,-1.1810707767920037
2012-01-12,2.2909090518951416,2.2909090518951416,2.2727270126342773,2.2727270126342773,5.65996,-0.3984060414781165
2012-01-15,2.2727270126342773,2.28181791305542,2.2181808948516846,2.2181808948516846,13.90622,-2.4000294570956537
2012-01-16,2.218180894851685,2.2454540729522705,2.172727108001709,2.190908908843994,10.71788,-1.229475290810944
2012-01-17,2.190908908843994,2.218180894851685,2.190908908843994,2.209089994430542,6.717535,0.8298421496738984
2012-01-18,2.209089994430542,2.28181791305542,2.209089994430542,2.236362934112549,15.440262,1.2345780276387996
2012-01-19,2.254544973373413,2.2636361122131348,2.209089994430542,2.2272720336914062,6.401574,-0.406503805016345
2012-01-22,2.236362934112549,2.2454540729522705,2.209089994430542,2.2454540729522705,5.536432,0.8163367108206421
2012-01-23,2.2454540729522705,2.254544973373413,2.2272720336914062,2.236362934112549,4.431565,-0.4048686165185722
2012-01-24,2.254544973373413,2.318181037902832,2.236362934112549,2.318181037902832,18.140433,3.658534245147061
2012-01-25,2.3363630771636963,2.472727060317993,2.3363630771636963,2.472727060317993,40.484326,6.666693406955515
2012-01-26,2.481817960739136,2.509089946746826,2.4181809425354004,2.454545021057129,32.34566,-0.7353031215069139
2012-01-29,2.472727060317993,2.5272719860076904,2.4181809425354004,2.4181809425354004,26.252692,-1.481499756971949
2012-01-30,2.4363629817962646,2.454545021057129,2.3818180561065674,2.4181809425354004,14.91604,0.0
2012-01-31,2.427272081375122,2.4909090995788574,2.427272081375122,2.4909090995788574,19.423382,3.007556455523286
2012-02-01,2.4909090995788574,2.5454540252685547,2.4636359214782715,2.5454540252685547,35.109099,2.1897597828407056
2012-02-02,2.5454540252685547,2.590909004211426,2.518181085586548,2.5272719860076904,27.865531,-0.714294545506311
2012-02-05,2.5454540252685547,2.618180990219116,2.5454540252685547,2.6090900897979736,25.820911,3.237407934059777
2012-02-06,2.6090900897979736,2.6818180084228516,2.5272719860076904,2.6090900897979736,57.151468,0.0
2012-02-07,2.618180990219116,2.645453929901123,2.5272719860076904,2.5545449256896973,27.115411,-2.090581859229701
2012-02-08,2.5545449256896973,2.6545450687408447,2.5272719860076904,2.6363630294799805,35.699458,3.202844583686204
2012-02-09,2.6636359691619877,2.672727108001709,2.6090900897979736,2.627271890640259,32.293351,-0.3448363801974108
2012-02-12,2.627271890640259,2.6363630294799805,2.590909004211426,2.5999999046325684,9.511186,-1.0380344000500252
2012-02-13,2.618180990219116,2.700000047683716,2.6090900897979736,2.672727108001709,38.494441,2.797200232183017
2012-02-14,2.700000047683716,2.7454540729522705,2.672727108001709,2.709089994430542,35.895673,1.3605162427532624
2012-02-15,2.754544973373413,2.7727270126342773,2.627271890640259,2.6363630294799805,51.87827,-2.6845533038797775
2012-02-16,2.6545450687408447,2.663635969161988,2.590909004211426,2.5999999046325684,17.723097,-1.3792912599970952
2012-02-19,2.6363630294799805,2.7181808948516846,2.627271890640259,2.700000047683716,35.023898,3.846159489197354
2012-02-20,2.736362934112549,2.7454540729522705,2.681818008422852,2.709089994430542,25.341769,0.336664688381183
2012-02-21,2.700000047683716,2.7909090518951416,2.663635969161988,2.7909090518951416,46.884384,3.0201675703947384
2012-02-22,2.799999952316284,2.8090898990631104,2.7454540729522705,2.7727270126342773,37.135369,-0.6514737285515548
2012-02-23,2.7636361122131348,2.7909090518951416,2.7454540729522705,2.7636361122131348,21.34699,-0.3278685705343065
2012-02-26,2.8090898990631104,2.8818180561065674,2.799999952316284,2.8545451164245605,56.682767,3.289470846385245
2012-02-27,2.863636016845703,2.863636016845703,2.78181791305542,2.799999952316284,34.142859,-1.9108180772632648
2012-02-28,2.818181037902832,2.909090042114258,2.818181037902832,2.8818180561065674,61.722911,2.922075185129902
2012-02-29,2.900000095367432,2.927272081375122,2.8363630771636963,2.8727269172668457,51.166344,-0.315465399366821
2012-03-01,2.8727269172668457,2.8727269172668457,2.7636361122131348,2.7909090518951416,40.685361,-2.848090602692821
2012-03-04,2.818181037902832,2.8727269172668457,2.818181037902832,2.8363630771636963,35.270756,1.6286458792947656
2012-03-05,2.845453977584839,2.8545451164245605,2.754544973373413,2.7727270126342773,31.028991,-2.2435796404828956
2012-03-06,2.7727270126342773,2.78181791305542,2.6636359691619873,2.690908908843994,27.617977,-2.9508171348087586
2012-03-07,2.6545450687408447,2.672727108001709,2.5454540252685547,2.590909004211426,42.370142,-3.716212923592721
2012-03-08,2.581818103790283,2.672727108001709,2.572726964950561,2.6090900897979736,21.350114,0.7017261338393199
2012-03-11,2.672727108001709,2.736362934112549,2.6545450687408447,2.7272720336914062,30.905419,4.529622965322133
2012-03-12,2.8090898990631104,2.8545451164245605,2.700000047683716,2.718180894851685,45.978732,-0.333341842229673
2012-03-13,2.7272720336914062,2.7727270126342773,2.690908908843994,2.7727270126342773,18.146664,2.0067140448932097
2012-03-14,2.818181037902832,2.863636016845703,2.7909090518951416,2.8272719383239746,81.203465,1.9671942257985187
2012-03-15,2.863636016845703,2.8727269172668457,2.7909090518951416,2.818181037902832,26.038729,-0.3215431914388778
2012-03-18,2.8272719383239746,2.845453977584839,2.754544973373413,2.78181791305542,19.100437,-1.2903047873202622
2012-03-19,2.7727270126342773,2.8090898990631104,2.736362934112549,2.7727270126342773,14.119039,-0.3267971055358365
2012-03-20,2.7909090518951416,2.799999952316284,2.672727108001709,2.700000047683716,21.25424,-2.622939965570792
2012-03-21,2.6818180084228516,2.7454540729522705,2.6636359691619873,2.7181808948516846,18.726637,0.673364698032719
2012-03-22,2.7454540729522705,2.7454540729522705,2.7181808948516846,2.7272720336914062,7.723147,0.33445672644305535
2012-03-25,2.754544973373413,2.7636361122131348,2.709089994430542,2.7181808948516846,8.660071,-0.333341842229673
2012-03-26,2.7181808948516846,2.736362934112549,2.672727108001709,2.690908908843994,13.888141,-1.0033175517988657
2012-03-27,2.709089994430542,2.7272720336914062,2.690908908843994,2.700000047683716,14.56617,0.3378463986589253
2012-03-28,2.6818180084228516,2.8090898990631104,2.6818180084228516,2.8090898990631104,30.705635,4.040364794548101
2012-03-29,2.799999952316284,2.8090898990631104,2.7272720336914062,2.754544973373413,16.81547,-1.9417294443972444
2012-04-01,2.7727270126342773,2.8272719383239746,2.7727270126342773,2.7909090518951416,17.308364,1.3201482957526212
2012-04-02,2.818181037902832,2.8272719383239746,2.78181791305542,2.7909090518951416,10.767548,0.0
2012-04-03,2.8090898990631104,2.9000000953674316,2.8090898990631104,2.89090895652771,53.922706,3.583058522264082
2012-04-04,2.8818180561065674,2.9909090995788574,2.863636016845703,2.972727060317993,64.184049,2.830186111725763
2012-04-05,2.9454538822174072,3.0272719860076904,2.927272081375122,2.954545021057129,39.974606,-0.6116282757193114
2012-04-08,2.954545021057129,2.9636359214782715,2.900000095367432,2.954545021057129,21.525575,0.0
2012-04-09,2.927272081375122,2.9454538822174072,2.909090042114258,2.927272081375122,15.540134,-0.923084247748196
2012-04-10,2.9181809425354004,2.981817960739136,2.9181809425354004,2.954545021057129,20.098707,0.9316844804257096
2012-04-11,2.927272081375122,2.954545021057129,2.909090042114258,2.9363629817962646,16.350668,-0.6153921883498281
2012-04-12,2.954545021057129,2.972727060317993,2.927272081375122,2.927272081375122,14.293517,-0.3095972969793248
2012-04-15,2.9363629817962646,2.954545021057129,2.863636016845703,2.8818180561065674,13.99898,-1.5527776033446794
2012-04-16,2.863636016845703,2.89090895652771,2.8363630771636963,2.8727269172668457,13.138307,-0.315465399366821
2012-04-17,2.8727269172668457,2.8818180561065674,2.845453977584839,2.863636016845703,16.929547,-0.3164554335638669
2012-04-18,2.9000000953674316,2.9454538822174072,2.8818180561065674,2.9181809425354004,26.358092,1.9047436674503926
2012-04-19,2.9181809425354004,2.927272081375122,2.8727269172668457,2.909090042114258,12.178596,-0.311526276134344
2012-04-22,2.9363629817962646,3.009089946746826,2.927272081375122,3.0,32.101719,3.1250307336541328
2012-04-23,3.0,3.0272719860076904,2.972727060317993,2.9909090995788574,13.346218,-0.30303001403808594
2012-04-24,2.9454538822174072,3.0,2.909090042114258,3.0,20.898897,0.303951077029474
2012-04-25,3.0,3.009089946746826,2.972727060317993,2.981817960739136,16.196494,-0.6060679753621456
2012-04-26,2.9909090995788574,2.9909090995788574,2.9454538822174072,2.954545021057129,9.502244,-0.9146413376370677
2012-04-29,3.018181085586548,3.0272719860076904,2.9636359214782715,2.9636359214782715,19.961603,0.30769205939835675
2012-04-30,2.972727060317993,2.9909090995788574,2.9454538822174072,2.972727060317993,12.153814,0.3067562642845578
2012-05-01,2.954545021057129,2.972727060317993,2.9454538822174072,2.954545021057129,11.885337,-0.6116282757193114
2012-05-02,2.954545021057129,2.972727060317993,2.9454538822174072,2.954545021057129,11.885337,0.0
2012-05-03,2.863636016845703,2.8727269172668457,2.799999952316284,2.8272719383239746,14.869445,-4.307704970683313
2012-05-06,2.7909090518951416,2.799999952316284,2.7454540729522705,2.7727270126342773,13.182402,-1.9292422830055722
2012-05-07,2.7727270126342773,2.7727270126342773,2.663635969161988,2.7636361122131348,32.622399,-0.3278685705343065
2012-05-08,2.7727270126342773,2.78181791305542,2.736362934112549,2.736362934112549,16.964261,-0.9868585078932623
2012-05-09,2.7454540729522705,2.754544973373413,2.681818008422852,2.681818008422852,10.127921,-1.993336666336154
2012-05-10,2.690908908843994,2.7272720336914062,2.6636359691619877,2.709089994430542,14.501856,1.016921577901142
2012-05-13,2.709089994430542,2.709089994430542,2.672727108001709,2.672727108001709,7.224223,-1.3422546502179444
2012-05-14,2.6636359691619873,2.7181808948516846,2.627271890640259,2.627271890640259,16.98956,-1.7007055163007379
2012-05-15,2.6545450687408447,2.672727108001709,2.627271890640259,2.672727108001709,9.019457,1.7301299314846696
2012-05-16,2.6363630294799805,2.6545450687408447,2.618180990219116,2.627271890640259,5.446655,-1.700705516300738
2012-05-17,2.6363630294799805,2.6545450687408447,2.627271890640259,2.6363630294799805,4.497079,0.3460296162003384
2012-05-20,2.618180990219116,2.627271890640259,2.581818103790283,2.618180990219116,6.83342,-0.6896637169294006
2012-05-21,2.618180990219116,2.690908908843994,2.618180990219116,2.6818180084228516,9.379338,2.4305813250293795
2012-05-22,2.681818008422852,2.700000047683716,2.6636359691619877,2.700000047683716,9.519365,0.6779743891554002
2012-05-23,2.6818180084228516,2.6818180084228516,2.618180990219116,2.6363630294799805,6.38495,-2.356926558513528
2012-05-24,2.6363630294799805,2.6545450687408447,2.6090900897979736,2.618180990219116,5.313249,-0.6896637169294006
2012-05-27,2.618180990219116,2.6545450687408447,2.618180990219116,2.6363630294799805,5.607536,0.6944531080466998
2012-05-28,2.6363630294799805,2.6636359691619873,2.627271890640259,2.645453929901123,8.886948,0.34482733673197874
2012-05-29,2.627271890640259,2.6545450687408447,2.618180990219116,2.618180990219116,8.234322,-1.0309361041500376
2012-05-30,2.6363630294799805,2.645453929901123,2.5999999046325684,2.645453929901123,10.740668,1.041675108936002
2012-05-31,2.618180990219116,2.6545450687408447,2.618180990219116,2.645453929901123,12.920145,0.0
2012-06-03,2.590909004211426,2.590909004211426,2.509089946746826,2.536362886428833,14.212506,-4.123717379435421
2012-06-04,2.509089946746826,2.5454540252685547,2.4909090995788574,2.509089946746826,12.604169,-1.0752775096944722
2012-06-05,2.536362886428833,2.572726964950561,2.509089946746826,2.572726964950561,9.692721,2.536258944652192
2012-06-06,2.572726964950561,2.5999999046325684,2.5454540252685547,2.581818103790283,11.991826,0.3533658628985581
2012-06-07,2.6090900897979736,2.6090900897979736,2.572726964950561,2.590909004211426,7.559255,0.3521123508970936
2012-06-10,2.618180990219116,2.627271890640259,2.581818103790283,2.5999999046325684,7.073501,0.35087687010102453
2012-06-11,2.627271890640259,2.645453929901123,2.6090900897979736,2.618180990219116,8.527611,0.6992725482086959
2012-06-12,2.5999999046325684,2.5999999046325684,2.563636064529419,2.590909004211426,6.158875,-1.041638683863788
2012-06-13,2.590909004211426,2.645453929901123,2.5727269649505615,2.627271890640259,9.248371,1.403479874041369
2012-06-14,2.618180990219116,2.618180990219116,2.5727269649505615,2.590909004211426,9.713775,-1.3840549414918524
2012-06-18,2.6090900897979736,2.6363630294799805,2.5999999046325684,2.618180990219116,8.076114,1.0526030039403445
2012-06-19,2.618180990219116,2.672727108001709,2.618180990219116,2.6636359691619877,15.665822,1.736128216982702
2012-06-20,2.6636359691619873,2.7181808948516846,2.6636359691619873,2.6818180084228516,16.097291,0.6826022576420065
2012-06-21,2.627271890640259,2.6636359691619877,2.618180990219116,2.645453929901123,12.002214,-1.3559487783107893
2012-06-24,2.645453929901123,2.6636359691619877,2.5999999046325684,2.6090900897979736,5.154937,-1.374578468070642
2012-06-25,2.6363630294799805,2.6363630294799805,2.590909004211426,2.6090900897979736,8.191921,0.0
2012-06-26,2.590909004211426,2.6090900897979736,2.581818103790283,2.581818103790283,5.789281,-1.0452680846218754
2012-06-27,2.581818103790283,2.5999999046325684,2.572726964950561,2.572726964950561,5.826949,-0.3521215854197956
2012-06-28,2.563636064529419,2.590909004211426,2.536362886428833,2.5454540252685547,8.952343,-1.0600790543869865
2012-07-01,2.590909004211426,2.618180990219116,2.590909004211426,2.590909004211426,7.319067,1.785731680542746
2012-07-02,2.590909004211426,2.627271890640259,2.590909004211426,2.627271890640259,4.152308,1.403479874041369
2012-07-03,2.627271890640259,2.8090898990631104,2.627271890640259,2.799999952316284,33.643101,6.574426586428861
2012-07-04,2.7909090518951416,2.8727269172668457,2.754544973373413,2.754544973373413,24.764917,-1.6233921327487466
2012-07-05,2.7727270126342773,2.818181037902832,2.754544973373413,2.799999952316284,11.653167,1.6501810419600416
2012-07-08,2.8090898990631104,2.818181037902832,2.7727270126342773,2.799999952316284,11.694655,0.0
2012-07-09,2.78181791305542,2.8272719383239746,2.754544973373413,2.78181791305542,14.556671,-0.6493585560893744
2012-07-10,2.7727270126342773,2.7909090518951416,2.718180894851685,2.7727270126342773,14.840943,-0.3267971055358365
2012-07-11,2.7454540729522705,2.7727270126342773,2.7272720336914062,2.7636361122131348,8.097578,-0.3278685705343065
2012-07-12,2.7636361122131348,2.8272719383239746,2.754544973373413,2.818181037902832,13.518578,1.9736652538534516
2012-07-15,2.8545451164245605,2.89090895652771,2.8363630771636963,2.863636016845703,21.549699,1.6129190542243155
2012-07-16,2.8727269172668457,2.9454538822174072,2.8727269172668457,2.9363629817962646,26.83761,2.53967209948247
2012-07-17,2.9454538822174072,2.9909090995788574,2.9363629817962646,2.972727060317993,26.287303,1.2384054269572342
2012-07-18,2.972727060317993,3.0,2.9454538822174072,3.0,22.64138,0.9174384034802419
2012-07-19,3.0,3.018181085586548,2.9636359214782715,2.9636359214782715,13.675678,-1.2121359507242802
2012-07-22,2.9636359214782715,2.9909090995788574,2.927272081375122,2.9363629817962646,10.405322,-0.9202527032538764
2012-07-23,2.9363629817962646,2.9454538822174072,2.863636016845703,2.8727269172668457,7.590033,-2.1671729593352507
2012-07-24,2.8818180561065674,2.9181809425354004,2.8818180561065674,2.9181809425354004,9.274744,1.582260569055416
2012-07-25,2.89090895652771,2.927272081375122,2.89090895652771,2.9181809425354004,8.135332,0.0
2012-07-26,2.927272081375122,2.9636359214782715,2.9181809425354004,2.954545021057129,10.32833,1.2461214447564206
2012-07-29,2.9909090995788574,3.009089946746826,2.9363629817962646,2.9454538822174072,15.598446,-0.30770012895146026
2012-07-30,2.9636359214782715,3.090909004211426,2.954545021057129,3.063636064529419,39.295111,4.012358944932504
2012-07-31,3.0999999046325684,3.118180990219116,3.063636064529419,3.090909004211426,23.385073,0.8902147352869649
2012-08-01,3.081818103790283,3.127271890640259,3.0545449256896973,3.1090900897979736,17.759984,0.5882116090048406
2012-08-02,3.1090900897979736,3.1363630294799805,3.090909004211426,3.1090900897979736,14.235636,0.0
2012-08-05,3.1363630294799805,3.1545450687408447,3.127271890640259,3.145453929901123,10.874568,1.1695975045069362
2012-08-06,3.145453929901123,3.1545450687408447,3.0999999046325684,3.1090900897979736,4.011949,-1.156076067669265
2012-08-07,3.0999999046325684,3.118180990219116,3.063636064529419,3.072726964950561,10.870115,-1.1695744991993773
2012-08-08,3.063636064529419,3.072726964950561,3.0272719860076904,3.0454540252685547,7.42268,-0.8875809661287537
2012-08-09,3.0454540252685547,3.118180990219116,3.0454540252685547,3.1090900897979736,12.939881,2.0895427742931405
2012-08-12,3.1090900897979736,3.1090900897979736,3.1090900897979736,3.1090900897979736,0.0,0.0
2012-08-13,3.1090900897979736,3.1818180084228516,3.090909004211426,3.1545450687408447,21.362589,1.4620026319605461
2012-08-14,3.1636359691619873,3.1818180084228516,3.1363630294799805,3.145453929901123,12.609588,-0.2881917563900993
2012-08-15,3.1363630294799805,3.1545450687408447,3.0999999046325684,3.1545450687408447,10.775468,0.28902470175449224
2012-08-16,3.1545450687408447,3.1636359691619873,3.127271890640259,3.145453929901123,4.625437,-0.2881917563900993
2012-08-22,3.1545450687408447,3.190908908843994,3.118180990219116,3.118180990219116,11.002152,-0.867058945697674
2012-08-23,3.127271890640259,3.1545450687408447,3.1090900897979736,3.1363630294799805,8.624965,0.5830976238357044
2012-08-26,3.127271890640259,3.1363630294799805,3.0727269649505615,3.081818103790283,7.796391,-1.7391139092320262
2012-08-27,3.072726964950561,3.090909004211426,3.036362886428833,3.0454540252685547,8.423494,-1.1799553801376206
2012-08-28,3.0454540252685547,3.0545449256896973,2.9636359214782715,3.0,16.925623,-1.492520487632265
2012-08-29,3.0,3.0545449256896973,2.981817960739136,3.036362886428833,9.411611,1.2120962142944336
2012-08-30,3.036362886428833,3.036362886428833,2.9909090995788574,3.009089946746826,6.64155,-0.8982108101737274
2012-09-02,3.009089946746826,3.009089946746826,3.0454540252685547,2.981817960739136,5.703212,-0.906320066542865
2012-09-03,3.0,3.009089946746826,2.9636359214782715,2.9909090995788574,7.790186,0.304885776376107
2012-09-04,3.0,3.018181085586548,2.9636359214782715,3.0,15.332953,0.303951077029474
2012-09-05,3.0,3.018181085586548,2.981817960739136,3.0,5.417742,0.0
2012-09-06,3.0272719860076904,3.036362886428833,3.018181085586548,3.036362886428833,6.358971,1.2120962142944336
2012-09-09,3.0545449256896973,3.090909004211426,3.0545449256896973,3.090909004211426,16.874552,1.796429472458283
2012-09-10,3.090909004211426,3.0999999046325684,3.0545449256896973,3.0545449256896973,6.716814,-1.1764849263495525
2012-09-11,3.0454540252685547,3.0727269649505615,3.0454540252685547,3.063636064529419,7.28352,0.29762662068781864
2012-09-12,3.0727269649505615,3.145453929901123,3.0727269649505615,3.127271890640259,24.243846,2.0771339927614596
2012-09-13,3.127271890640259,3.1545450687408447,3.118180990219116,3.1545450687408447,12.437938,0.8721076725759946
2012-09-16,3.1818180084228516,3.254544973373413,3.1818180084228516,3.254544973373413,26.708574,3.1700261829666676
2012-09-17,3.2727270126342773,3.2909090518951416,3.236362934112549,3.236362934112549,19.007424,-0.5586660934053134
2012-09-18,3.2181808948516846,3.2454540729522705,3.209089994430542,3.236362934112549,9.030577,0.0
2012-09-19,3.236362934112549,3.318181037902832,3.236362934112549,3.299999952316284,15.565315,1.9663127868934536
2012-09-20,3.299999952316284,3.299999952316284,3.254544973373413,3.254544973373413,12.983964,-1.3774236242326654
2012-09-23,3.2727270126342773,3.2909090518951416,3.209089994430542,3.218180894851685,8.271508,-1.1173321868106267
2012-09-24,3.2181808948516846,3.2454540729522705,3.200000047683716,3.236362934112549,9.977547,0.564978783198633
2012-09-25,3.236362934112549,3.2727270126342773,3.2272720336914062,3.254544973373413,11.760582,0.5618047058078224
2012-09-26,3.236362934112549,3.236362934112549,3.145453929901123,3.1636359691619873,21.960252,-2.7932938384685024
2012-09-27,3.181818008422852,3.200000047683716,3.1545450687408447,3.1636359691619877,12.130382,0.0
2012-09-30,3.1636359691619873,3.209089994430542,3.1363630294799805,3.1636359691619873,7.957254,0.0
2012-10-01,3.181818008422852,3.2727270126342773,3.181818008422852,3.2727270126342773,11.126864,3.4482805397230143
2012-10-02,3.28181791305542,3.2909090518951416,3.2272720336914062,3.2454540729522705,14.84211,-0.8333398898447753
2012-10-03,3.2636361122131348,3.345453977584839,3.2636361122131348,3.3272719383239746,27.570334,2.5209990199392074
2012-10-04,3.363636016845703,3.3818180561065674,3.3363630771636963,3.3545451164245605,23.597706,0.8196858749791369
2012-10-07,3.3727269172668457,3.4181809425354004,3.3727269172668457,3.4181809425354004,11.93544,1.8970031376017493
2012-10-08,3.409090042114258,3.4181809425354004,3.3363630771636963,3.345453977584839,17.911219,-2.127651115409268
2012-10-09,3.363636016845703,3.3818180561065674,3.3272719383239746,3.345453977584839,11.146956,0.0
2012-10-10,3.3363630771636963,3.3545451164245605,3.318181037902832,3.3363630771636963,4.964154,-0.2717389174101137
2012-10-11,3.3363630771636963,3.3727269172668457,3.318181037902832,3.345453977584839,11.339869,0.2724793498455558
2012-10-14,3.3272719383239746,3.363636016845703,3.318181037902832,3.3272719383239746,0.000267,-0.5434849614637471
2012-10-15,3.345453977584839,3.363636016845703,3.3363630771636963,3.345453977584839,8.836582,0.5464548614569464
2012-10-16,3.363636016845703,3.363636016845703,3.3363630771636963,3.363636016845703,9.54849,0.5434849614637471
2012-10-17,3.363636016845703,3.39090895652771,3.3363630771636963,3.345453977584839,19.30814,-0.5405471688912034
2012-10-18,3.345453977584839,3.39090895652771,3.3363630771636963,3.39090895652771,8.501227,1.3587088403375969
2012-10-21,3.39090895652771,3.39090895652771,3.3545451164245605,3.363636016845703,6.266388,-0.8042958401907163
2012-10-22,3.363636016845703,3.39090895652771,3.363636016845703,3.3727269172668457,9.667403,0.2702700403852676
2012-10-23,3.3818180561065674,3.409090042114258,3.3727269172668457,3.409090042114258,15.127134,1.0781520632829444
2012-10-24,3.3545451164245605,3.363636016845703,3.318181037902832,3.345453977584839,22.120049,-1.8666583675787218
2012-10-29,3.345453977584839,3.345453977584839,3.28181791305542,3.2909090518951416,9.660389,-1.6304192511736315
2012-10-30,3.28181791305542,3.3272719383239746,3.28181791305542,3.318181037902832,7.332733,0.8287067669641379
2012-10-31,3.3272719383239746,3.345453977584839,3.28181791305542,3.28181791305542,11.951626,-1.0958752530993432
2012-11-01,3.3090898990631104,3.3272719383239746,3.2909090518951416,3.3272719383239746,6.483837,1.3850258141298477
2012-11-04,3.318181037902832,3.3272719383239746,3.299999952316284,3.3090898990631104,3.283721,-0.5464548614569464
2012-11-05,3.299999952316284,3.3272719383239746,3.2909090518951416,3.2909090518951416,5.442267,-0.5494213733243103
2012-11-06,3.3090898990631104,3.318181037902832,3.28181791305542,3.28181791305542,7.831795,-0.2762500785151278
2012-11-07,3.3090898990631104,3.318181037902832,3.254544973373413,3.254544973373413,7.6573,-0.8310314711097222
2012-11-08,3.2636361122131348,3.3272719383239746,3.2272720336914062,3.3272719383239746,12.927278,2.234627745063178
2012-11-11,3.3272719383239746,3.3363630771636963,3.3090898990631104,3.318181037902832,3.562191,-0.27322384793476706
2012-11-12,3.3090898990631104,3.345453977584839,3.299999952316284,3.3272719383239746,9.335931,0.2739724058844039
2012-11-13,3.318181037902832,3.3363630771636963,3.2909090518951416,3.3090898990631104,7.238282,-0.5464548614569464
2012-11-14,3.299999952316284,3.3272719383239746,3.28181791305542,3.2909090518951416,8.108776,-0.5494213733243103
2012-11-18,3.3090898990631104,3.318181037902832,3.2727270126342773,3.2909090518951416,6.800299,0.0
2012-11-19,3.2909090518951416,3.299999952316284,3.236362934112549,3.2454540729522705,11.976647,-1.3812286582850053
2012-11-20,3.2727270126342773,3.318181037902832,3.2636361122131348,3.318181037902832,14.711447,2.240887201475772
2012-11-21,3.299999952316284,3.3545451164245605,3.299999952316284,3.345453977584839,13.497551,0.8219244028723649
2012-11-22,3.3272719383239746,3.3545451164245605,3.318181037902832,3.318181037902832,7.796103,-0.8152238788738608
2012-11-25,3.363636016845703,3.481817960739136,3.363636016845703,3.39090895652771,33.043864,2.1918008027326907
2012-11-26,3.409090042114258,3.427272081375122,3.363636016845703,3.363636016845703,7.341022,-0.8042958401907163
2012-11-27,3.3727269172668457,3.4000000953674316,3.363636016845703,3.39090895652771,8.313121,0.8108172092764709
2012-11-28,3.3727269172668457,3.409090042114258,3.363636016845703,3.363636016845703,14.173478,-0.8042958401907163
2012-11-29,3.3818180561065674,3.4181809425354004,3.3818180561065674,3.4181809425354004,9.996124,1.621606066070358
2012-12-04,3.427272081375122,3.454545021057129,3.427272081375122,3.4363629817962646,15.141638,0.53192149761907
2012-12-05,3.4363629817962646,3.4454538822174072,3.4181809425354004,3.4363629817962646,9.261642,0.0
2012-12-06,3.4363629817962646,3.4454538822174072,3.4181809425354004,3.4181809425354004,9.723661,-0.5291070634034112
2012-12-09,3.427272081375122,3.4454538822174072,3.409090042114258,3.4363629817962646,8.405311,0.53192149761907
2012-12-10,3.4363629817962646,3.4363629817962646,3.409090042114258,3.4181809425354004,5.143067,-0.5291070634034112
2012-12-11,3.4181809425354004,3.427272081375122,3.3727269172668457,3.39090895652771,13.403483,-0.7978508588682764
2012-12-12,3.39090895652771,3.4181809425354004,3.363636016845703,3.3727269172668457,15.572917,-0.536199570497542
2012-12-13,3.4000000953674316,3.4000000953674316,3.3545451164245605,3.3818180561065674,9.554242,0.26954861934356256
2012-12-16,3.3818180561065674,3.3818180561065674,3.318181037902832,3.318181037902832,12.660661,-1.8817398555438403
2012-12-17,3.3090898990631104,3.3727269172668457,3.3090898990631104,3.3727269172668457,11.066772,1.6438488057447298
2012-12-18,3.363636016845703,3.3818180561065674,3.345453977584839,3.345453977584839,9.263194,-0.8086317200002635
2012-12-19,3.3727269172668457,3.3818180561065674,3.345453977584839,3.363636016845703,8.292254,0.5434849614637471
2012-12-20,3.363636016845703,3.409090042114258,3.3545451164245605,3.3818180561065674,18.045808,0.5405471688912034
2012-12-23,3.4000000953674316,3.4181809425354004,3.3818180561065674,3.4000000953674316,14.232851,0.5376409658713888
2012-12-24,3.409090042114258,3.427272081375122,3.3818180561065674,3.409090042114258,9.731297,0.2673513674076533
2012-12-25,3.4000000953674316,3.409090042114258,3.3545451164245605,3.363636016845703,10.465358,-1.3333184136246734
2012-12-26,3.363636016845703,3.4000000953674316,3.3545451164245605,3.3818180561065674,9.303512,0.5405471688912034
2012-12-27,3.3818180561065674,3.409090042114258,3.3818180561065674,3.400000095367432,10.662396,0.5376409658713888
2012-12-30,3.4000000953674316,3.4636359214782715,3.39090895652771,3.4636359214782715,27.427096,1.8716418919383138
2012-12-31,3.472727060317993,3.481817960739136,3.400000095367432,3.409090042114258,27.129496,-1.574815615745595
2013-01-02,3.427272081375122,3.518181085586548,3.427272081375122,3.509089946746826,17.036541,2.933331281873386
2013-01-03,3.5,3.5727269649505615,3.5,3.5545449256896973,21.154004,1.2953494960997292
2013-01-06,3.5999999046325684,3.6545450687408447,3.5999999046325684,3.645453929901123,23.169858,2.5575426984872474
2013-01-07,3.645453929901123,3.6545450687408447,3.618180990219116,3.6363630294799805,12.718597,-0.24937636288793197
2013-01-08,3.636363029479981,3.754544973373413,3.618180990219116,3.7454540729522714,24.716752,3.0000041961676827
2013-01-09,3.7454540729522714,3.799999952316284,3.718180894851685,3.763636112213135,20.643508,0.4854428570401081
2013-01-10,3.772727012634277,3.7909090518951416,3.718180894851685,3.754544973373413,19.230619,-0.2415520142933225
2013-01-13,3.772727012634277,3.772727012634277,3.6636359691619873,3.681818008422852,11.30389,-1.937038055645324
2013-01-14,3.6636359691619873,3.7454540729522705,3.6545450687408447,3.6545450687408447,15.918677,-0.7407465447671457
2013-01-15,3.6818180084228516,3.7181808948516846,3.672727108001709,3.700000047683716,13.935243,1.243793087453482
2013-01-16,3.7272720336914062,3.754544973373413,3.700000047683716,3.709089994430542,10.714053,0.2456742332345829
2013-01-17,3.718180894851685,3.763636112213135,3.690908908843994,3.754544973373413,12.756789,1.2255021854720385
2013-01-20,3.763636112213135,3.909090042114258,3.763636112213135,3.909090042114258,32.656212,4.116213012145331
2013-01-21,3.909090042114258,3.9909090995788574,3.8727269172668457,3.9909090995788574,24.525484,2.093046120276809
2013-01-22,3.9909090995788574,4.018180847167969,3.954545021057129,3.9636359214782715,20.749879,-0.6833825932909376
2013-01-23,4.0,4.072727203369141,3.972727060317993,4.072727203369141,22.433826,2.7523032905147016
2013-01-27,3.9636359214782715,3.9636359214782715,3.9636359214782715,3.9636359214782715,0.0,-2.6785806277578317
2013-01-28,4.236362934112549,4.272727012634277,4.154544830322266,4.218181133270264,20.875505,6.422012940508859
2013-01-29,4.227272033691406,4.390909194946289,4.190908908843994,4.372726917266846,47.966381,3.6638015086081888
2013-01-30,4.372726917266846,4.472726821899414,4.363636016845703,4.436363220214844,42.959688,1.4553001857196657
2013-01-31,4.4181809425354,4.463635921478272,4.390909194946289,4.427271842956543,25.017023,-0.2049286049635168
2013-02-03,4.4181809425354,4.427271842956543,4.218181133270264,4.263636112213135,35.354387,-3.696085005571559
2013-02-04,4.263636112213135,4.409090042114258,4.227272033691406,4.336362838745117,30.885817,1.7057442196733774
2013-02-05,4.300000190734863,4.318181037902832,4.254545211791992,4.318181037902832,12.200736,-0.41928688899904865
2013-02-06,4.327271938323975,4.372726917266846,4.3090901374816895,4.327271938323975,20.674329,0.21052615305721112
2013-02-07,4.318181037902832,4.381817817687988,4.2909088134765625,4.3090901374816895,18.679356,-0.420167743128419
2013-02-10,4.3090901374816895,4.599999904632568,4.3090901374816895,4.554544925689697,50.593725,5.696209185158896
2013-02-11,4.590909004211426,4.654544830322266,4.536363124847412,4.545454025268555,33.603927,-0.1996006312258713
2013-02-12,4.536363124847412,4.590909004211426,4.490909099578857,4.490909099578857,14.164762,-1.199988502501126
2013-02-13,4.490909099578857,4.6090898513793945,4.490909099578857,4.581818103790283,23.0956,2.0242895635529834
2013-02-14,4.572727203369141,4.599999904632568,4.472726821899414,4.536363124847412,22.145702,-0.9920729700131248
2013-02-17,4.536363124847412,4.554544925689697,4.5,4.509089946746826,7.619575,-0.6012124106908545
2013-02-18,4.509089946746826,4.545454025268555,4.5,4.5,10.235762,-0.2015916039418197
2013-02-19,4.490909099578857,4.581818103790283,4.490909099578857,4.536363124847412,18.85216,0.8080694410536049
2013-02-20,4.545454025268555,4.581818103790283,4.536363124847412,4.554544925689697,11.461687,0.40080126616619527
2013-02-21,4.545454025268555,4.581818103790283,4.518180847167969,4.572727203369141,27.977484,0.3992117319314925
2013-02-24,4.581818103790283,4.800000190734863,4.581818103790283,4.78181791305542,47.148626,4.572560320944219
2013-02-25,4.8090901374816895,4.863636016845703,4.745453834533691,4.8090901374816895,39.319027,0.570331721578321
2013-02-26,4.754545211791992,4.754545211791992,4.6363630294799805,4.672727108001709,23.358865,-2.8355265878087232
2013-02-27,4.681818008422852,4.7909088134765625,4.663636207580566,4.754545211791992,26.346873,1.7509711545143691
2013-02-28,4.772727012634277,4.836362838745117,4.736362934112549,4.818181037902832,18.320133,1.3384208851987325
2013-03-03,4.863636016845703,4.981818199157715,4.863636016845703,4.981818199157715,22.166432,3.396243519444586
2013-03-04,4.981818199157715,4.981818199157715,4.8545451164245605,4.8545451164245605,15.783128,-2.554751651810028
2013-03-05,4.8545451164245605,4.881817817687988,4.745453834533691,4.836362838745117,21.475884,-0.3745413265998198
2013-03-06,4.872726917266846,4.9181809425354,4.845454216003418,4.8545451164245605,15.91465,0.37594941251679614
2013-03-07,4.863636016845703,4.927271842956543,4.8545451164245605,4.909090042114258,17.05614,1.1235846898436153
2013-03-10,4.954545021057129,5.06363582611084,4.945454120635986,5.054544925689697,27.033846,2.9629703738901947
2013-03-11,5.054544925689697,5.163636207580566,5.045454025268555,5.1363630294799805,34.611121,1.618703661618337
2013-03-12,5.1363630294799805,5.181818008422852,5.118181228637695,5.127272129058838,11.258566,-0.1769910025628207
2013-03-13,5.145453929901123,5.172727108001709,5.054544925689697,5.054544925689697,20.415764,-1.418438529075894
2013-03-14,5.06363582611084,5.1090898513793945,5.018180847167969,5.054544925689697,14.295321,0.0
2013-03-17,5.081818103790283,5.1090898513793945,5.018180847167969,5.018180847167969,6.604838,-0.7194332834378092
2013-03-18,5.009089946746826,5.009089946746826,4.900000095367432,4.900000095367432,15.291482,-2.35505166911697
2013-03-19,4.945454120635986,4.990909099578857,4.9181809425354,4.963635921478272,13.136002,1.2986903035165698
2013-03-20,4.9636359214782715,5.009089946746826,4.872726917266846,4.881817817687988,12.647845,-1.648350223195183
2013-03-21,4.927271842956543,4.945454120635986,4.818181037902832,4.900000095367432,13.280225,0.3724489187934221
2013-03-24,4.900000095367432,4.900000095367432,4.845454216003418,4.845454216003418,5.050536,-1.113181189844925
2013-03-25,4.881817817687988,4.909090042114258,4.863636016845703,4.863636016845703,11.572687,0.3752341892373056
2013-03-26,4.872726917266846,4.881817817687988,4.772727012634277,4.78181791305542,14.290938,-1.682241506290727
2013-03-27,4.800000190734863,4.8090901374816895,4.6090898513793945,4.6090898513793945,21.504497,-3.61218400233182
2013-03-28,4.645453929901123,4.745453834533691,4.627272129058838,4.736362934112549,19.863347,2.7613495687237366
2013-03-31,4.754545211791992,4.763636112213135,4.645453929901123,4.654544830322266,10.157687,-1.7274458255934655
2013-04-01,4.645453929901123,4.690908908843994,4.627272129058838,4.627272129058838,6.460374,-0.5859370197867309
2013-04-02,4.681818008422852,4.763636112213135,4.654544830322266,4.763636112213135,13.416879,2.946962688836563
2013-04-03,4.78181791305542,4.909090042114258,4.78181791305542,4.8545451164245605,16.942127,1.9083952273002414
2013-04-04,4.836362838745117,4.9181809425354,4.836362838745117,4.863636016845703,13.568516,0.18726575205543217
2013-04-07,4.890909194946289,4.890909194946289,4.754545211791992,4.754545211791992,16.303268,-2.242988675054292
2013-04-08,4.736362934112549,4.900000095367432,4.736362934112549,4.8545451164245605,13.890346,2.1032485795813516
2013-04-09,4.863636016845703,4.972726821899414,4.863636016845703,4.954545021057129,19.601431,2.0599232726097316
2013-04-10,4.909090042114258,4.945454120635986,4.845454216003418,4.863636016845703,17.115485,-1.8348607959975505
2013-04-11,4.872726917266846,4.936363220214844,4.8545451164245605,4.863636016845703,10.422401,0.0
2013-04-14,4.900000095367432,4.9181809425354,4.818181037902832,4.845454216003418,13.400218,-0.3738314458423875
2013-04-15,4.845454216003418,4.863636016845703,4.763636112213135,4.78181791305542,7.892878,-1.3133196623305587
2013-04-16,4.727272033691406,4.7909088134765625,4.672727108001709,4.772727012634277,17.897276,-0.1901138978195438
2013-04-17,4.7909088134765625,4.827271938323975,4.763636112213135,4.7909088134765625,10.325238,0.3809520384081111
2013-04-18,4.699999809265137,4.727272033691406,4.663636207580566,4.663636207580566,14.521054,-2.656544109918879
2013-04-21,4.681818008422852,4.736362934112549,4.681818008422852,4.736362934112549,6.899594,1.5594425314257476
2013-04-22,4.727272033691406,4.800000190734863,4.727272033691406,4.800000190734863,13.633953,1.3435891106228892
2013-04-23,4.8090901374816895,4.890909194946289,4.8090901374816895,4.863636016845703,14.328167,1.3257463246287404
2013-04-24,4.890909194946289,4.936363220214844,4.890909194946289,4.936363220214844,16.784637,1.4953257833695277
2013-04-25,4.936363220214844,4.963635921478272,4.9181809425354,4.954545021057129,15.569896,0.3683238050196324
2013-04-28,4.954545021057129,5.090909004211426,4.954545021057129,5.045454025268555,20.870887,1.8348607959975505
2013-04-29,5.036363124847412,5.099999904632568,4.981818199157715,5.036363124847412,19.54139,-0.1801800269235154
2013-04-30,5.045454025268555,5.1090898513793945,5.036363124847412,5.099999904632568,25.766405,1.2635462973509035
2013-05-01,5.090909004211426,5.090909004211426,4.990909099578857,5.036363124847412,22.182754,-1.247780019120237
2013-05-02,5.036363124847412,5.045454025268555,4.972726821899414,4.972726821899414,20.431167,-1.2635368294641403
2013-05-05,5.045454025268555,5.072727203369141,5.018180847167969,5.036363124847412,14.694253,1.2797063910237272
2013-05-06,5.045454025268555,5.045454025268555,4.981818199157715,5.0,11.883708,-0.7220115775213087
2013-05-07,4.990909099578857,5.036363124847412,4.9181809425354,4.954545021057129,14.438603,-0.9090995788574197
2013-05-08,4.954545021057129,5.045454025268555,4.954545021057129,4.981818199157715,15.746556,0.5504678630363191
2013-05-09,5.0,5.045454025268555,4.972726821899414,5.0,11.442096,0.3649631543230391
2013-05-12,5.036363124847412,5.06363582611084,5.0,5.045454025268555,13.164804,0.9090805053710849
2013-05-13,5.045454025268555,5.072727203369141,5.009089946746826,5.045454025268555,10.878899,0.0
2013-05-14,5.045454025268555,5.209090232849121,5.045454025268555,5.199999809265137,55.177606,3.0630699085273383
2013-05-15,5.227272033691406,5.272727012634277,5.190908908843994,5.218181133270264,31.026518,0.3496408590771827
2013-05-16,5.218181133270264,5.245453834533691,5.181818008422852,5.245453834533691,12.479463,0.5226476537876668
2013-05-19,5.300000190734863,5.481818199157715,5.300000190734863,5.427271842956543,41.675183,3.466201670212854
2013-05-20,5.454545021057129,5.454545021057129,5.345454216003418,5.427271842956543,18.072257,0.0
2013-05-21,5.427271842956543,5.427271842956543,5.3090901374816895,5.336362838745117,11.681506,-1.6750405515324696
2013-05-22,5.3545451164245605,5.400000095367432,5.318181037902832,5.336362838745117,6.479965,0.0
2013-05-23,5.272727012634277,5.2909088134765625,5.236362934112549,5.28181791305542,24.012809,-1.022136750028857
2013-05-26,5.327271938323975,5.327271938323975,5.181818008422852,5.199999809265137,13.117844,-1.5490519578126305
2013-05-27,5.236362934112549,5.318181037902832,5.190908908843994,5.3090901374816895,17.278093,2.0978910041915766
2013-05-28,5.327271938323975,5.427271842956543,5.318181037902832,5.381817817687988,22.84655,1.3698708879106736
2013-05-29,5.427271842956543,5.490909099578857,5.400000095367432,5.400000095367432,29.757325,0.3378463986589253
2013-05-30,5.400000095367432,5.436363220214844,5.318181037902832,5.427271842956543,16.841419,0.5050323538421386
2013-06-02,5.436363220214844,5.5,5.409090042114258,5.463635921478272,18.959443,0.6700250065587054
2013-06-03,5.490909099578857,5.5272722244262695,5.381817817687988,5.436363220214844,22.357757,-0.49916761759719597
2013-06-04,5.454545021057129,5.454545021057129,5.318181037902832,5.3545451164245605,23.350367,-1.5050154023198203
2013-06-05,5.181818008422852,5.2909088134765625,5.163636207580566,5.263636112213135,43.194607,-1.6977913573381076
2013-06-09,5.318181037902832,5.327271938323975,5.190908908843994,5.209090232849121,14.98592,-1.0362775503696353
2013-06-10,5.218181133270264,5.218181133270264,5.072727203369141,5.090909004211426,24.032462,-2.2687498844314646
2013-06-11,5.1090898513793945,5.163636207580566,5.072727203369141,5.127272129058838,18.162837,0.7142756788096394
2013-06-12,5.445454120635986,5.454545021057129,5.254545211791992,5.272727012634277,47.928609,2.8368863581683668
2013-06-13,5.272727012634277,5.272727012634277,5.154544830322266,5.254545211791992,26.334577,-0.34482727436331295
2013-06-16,5.163636207580566,5.190908908843994,5.072727203369141,5.118181228637695,21.019163,-2.5951624290580955
2013-06-17,5.1363630294799805,5.199999809265137,5.1363630294799805,5.199999809265137,10.676083,1.5985870169981986
2013-06-18,5.218181133270264,5.263636112213135,5.163636207580566,5.163636207580566,12.402421,-0.6993000580457598
2013-06-19,5.227272033691406,5.227272033691406,5.145453929901123,5.145453929901123,8.531041,-0.3521215854197956
2013-06-20,5.127272129058838,5.190908908843994,5.036363124847412,5.036363124847412,17.184182,-2.1201395744652407
2013-06-23,5.036363124847412,5.045454025268555,4.8545451164245605,4.900000095367432,17.287475,-2.707569452393521
2013-06-24,4.900000095367432,4.900000095367432,4.590909004211426,4.800000190734863,38.668836,-2.0408143405366563
2013-06-25,4.745453834533691,4.8545451164245605,4.709090232849121,4.818181037902832,23.676424,0.37876763428181803
2013-06-26,4.845454216003418,4.845454216003418,4.627272129058838,4.6363630294799805,21.107456,-3.7735819180009456
2013-06-27,4.681818008422852,4.745453834533691,4.654544830322266,4.727272033691406,16.290971,1.960782700435404
2013-06-30,4.772727012634277,4.78181791305542,4.663636207580566,4.709090232849121,12.090482,-0.3846150742479626
2013-07-01,4.727272033691406,4.863636016845703,4.699999809265137,4.863636016845703,13.372026,3.281860749206289
2013-07-02,4.836362838745117,4.945454120635986,4.827271938323975,4.863636016845703,11.910192,0.0
2013-07-03,4.845454216003418,4.881817817687988,4.800000190734863,4.836362838745117,8.957245,-0.5607569728927619
2013-07-04,4.8545451164245605,4.909090042114258,4.836362838745117,4.836362838745117,7.479729,0.0
2013-07-07,4.890909194946289,4.909090042114258,4.845454216003418,4.890909194946289,3.431974,1.1278383781338608
2013-07-08,4.900000095367432,4.936363220214844,4.863636016845703,4.9181809425354,10.39692,0.5576007752769341
2013-07-09,4.927271842956543,5.0272722244262695,4.9181809425354,4.972726821899414,13.72106,1.10906613647066
2013-07-10,4.972726821899414,5.081818103790283,4.972726821899414,5.06363582611084,7.537483,1.8281519871767624
2013-07-11,5.099999904632568,5.245453834533691,5.099999904632568,5.145453929901123,11.32634,1.6157975533782398
2013-07-14,5.163636207580566,5.245453834533691,5.163636207580566,5.245453834533691,9.726372,1.9434612765931505
2013-07-15,5.263636112213135,5.2909088134765625,5.209090232849121,5.272727012634277,16.917899,0.5199393410162401
2013-07-16,5.263636112213135,5.300000190734863,5.236362934112549,5.272727012634277,11.874616,0.0
2013-07-17,5.272727012634277,5.3545451164245605,5.254545211791992,5.336362838745117,14.503847,1.2068864168078175
2013-07-18,5.363636016845703,5.363636016845703,5.318181037902832,5.318181037902832,10.506764,-0.3407152285499482
2013-07-21,5.318181037902832,5.409090042114258,5.3090901374816895,5.409090042114258,11.569311,1.7094003299909175
2013-07-22,5.409090042114258,5.472726821899414,5.363636016845703,5.390909194946289,19.255276,-0.3361165561381996
2013-07-23,5.372726917266846,5.390909194946289,5.300000190734863,5.336362838745117,13.233543,-1.0118210904443758
2013-07-24,5.3545451164245605,5.363636016845703,5.172727108001709,5.181818008422852,18.604542,-2.896070507053605
2013-07-25,5.172727108001709,5.254545211791992,5.127272129058838,5.218181133270264,14.40058,0.7017445380811393
2013-07-28,5.254545211791992,5.254545211791992,5.163636207580566,5.209090232849121,7.233307,-0.1742158845958852
2013-07-29,5.181818008422852,5.227272033691406,5.172727108001709,5.218181133270264,7.004164,0.1745199260288155
2013-07-30,5.363636016845703,5.390909194946289,5.28181791305542,5.363636016845703,25.492453,2.787463291529746
2013-07-31,5.363636016845703,5.4636359214782715,5.363636016845703,5.427271842956543,28.709791,1.1864307330135215
2013-08-01,5.454545021057129,5.472726821899414,5.381817817687988,5.454545021057129,13.573095,0.5025209514054607
2013-08-04,5.454545021057129,5.5,5.454545021057129,5.5,13.041295,0.8333413468473161
2013-08-05,5.509089946746826,5.681818008422852,5.509089946746826,5.672727108001709,40.2043,3.140492872758349
2013-08-06,5.654544830322266,5.763636112213135,5.645453929901123,5.727272033691406,27.261127,0.9615291666817294
2013-08-11,5.727272033691406,5.736362934112549,5.663636207580566,5.709090232849121,4.583561,-0.3174600531514526
2013-08-12,5.709090232849121,5.709090232849121,5.56363582611084,5.581818103790283,9.68135,-2.229289148847846
2013-08-13,5.581818103790283,5.627272129058838,5.545454025268555,5.618181228637695,9.432495,0.6514566431808255
2013-08-14,5.599999904632568,5.672727108001709,5.599999904632568,5.627272129058838,9.207623,0.161812160398167
2013-08-15,5.627272129058838,5.645453929901123,5.590909004211426,5.6090898513793945,7.14687,-0.32310997695582655
2013-08-18,5.599999904632568,5.618181228637695,5.554544925689697,5.590909004211426,4.351799,-0.3241318582817398
2013-08-19,5.590909004211426,5.654544830322266,5.590909004211426,5.654544830322266,7.995651,1.138201785486137
2013-08-20,5.654544830322266,5.681818008422852,5.6090898513793945,5.645453929901123,8.641085,-0.16077156860430097
2013-08-21,5.654544830322266,5.672727108001709,5.6363630294799805,5.645453929901123,6.885467,0.0
2013-08-22,5.645453929901123,5.709090232849121,5.618181228637695,5.672727108001709,18.43927,0.4830998257931762
2013-08-25,5.672727108001709,5.727272033691406,5.672727108001709,5.681818008422852,10.15066,0.1602562620775405
2013-08-26,5.727272033691406,5.727272033691406,5.645453929901123,5.654544830322266,12.357389,-0.4800079492189968
2013-08-27,5.6363630294799805,5.6363630294799805,5.1363630294799805,5.181818008422852,37.689005,-8.360121567423706
2013-08-28,5.1363630294799805,5.227272033691406,4.818181037902832,5.181818008422852,48.387386,0.0
2013-08-29,5.227272033691406,5.272727012634277,5.1363630294799805,5.227272033691406,17.611495,0.8771829731316405
2013-09-01,5.236362934112549,5.3545451164245605,5.236362934112549,5.318181037902832,14.494353,1.7391290069751264
2013-09-02,5.3545451164245605,5.390909194946289,5.28181791305542,5.3545451164245605,17.055445,0.6837690981664757
2013-09-03,5.327271938323975,5.363636016845703,4.963635921478272,5.06363582611084,15.043362,-5.432941248760493
2013-09-04,5.072727203369141,5.145453929901123,4.845454216003418,4.909090042114258,18.18759,-3.052071462162831
2013-09-05,4.900000095367432,4.900000095367432,4.745453834533691,4.7909088134765625,20.099139,-2.4073958233366777
2013-09-08,4.827271938323975,4.863636016845703,4.7909088134765625,4.863636016845703,12.677714,1.5180252056679278
2013-09-09,4.872726917266846,4.881817817687988,4.78181791305542,4.818181037902832,8.822584,-0.9345884187351383
2013-09-10,5.045454025268555,5.3090901374816895,5.018180847167969,5.227272033691406,31.699419,8.490569212123988
2013-09-11,5.272727012634277,5.272727012634277,5.163636207580566,5.227272033691406,13.871717,0.0
2013-09-12,5.190908908843994,5.254545211791992,5.190908908843994,5.227272033691406,4.74902,0.0
2013-09-15,5.28181791305542,5.472726821899414,5.28181791305542,5.472726821899414,19.106709,4.695657440936207
2013-09-16,5.472726821899414,5.490909099578857,5.345454216003418,5.409090042114258,21.389999,-1.1627983975101785
2013-09-17,5.372726917266846,5.409090042114258,5.263636112213135,5.3090901374816895,11.952034,-1.8487380290212567
2013-09-18,5.2909088134765625,5.327271938323975,5.209090232849121,5.218181133270264,12.041009,-1.7123273829844465
2013-09-19,5.363636016845703,5.372726917266846,5.300000190734863,5.327271938323975,16.197093,2.090590615150667
2013-09-22,5.272727012634277,5.272727012634277,5.199999809265137,5.227272033691406,9.085465,-1.877131593624437
2013-09-23,5.236362934112549,5.28181791305542,5.227272033691406,5.245453834533691,9.244208,0.3478258013950297
2013-09-24,5.2909088134765625,5.2909088134765625,5.236362934112549,5.272727012634277,6.065303,0.5199393410162401
2013-09-25,5.272727012634277,5.272727012634277,5.209090232849121,5.236362934112549,13.913467,-0.689663592190426
2013-09-26,5.227272033691406,5.254545211791992,5.190908908843994,5.218181133270264,14.669663,-0.3472219376513985
2013-09-29,5.236362934112549,5.318181037902832,5.236362934112549,5.263636112213135,11.915121,0.8710885609749752
2013-09-30,5.263636112213135,5.300000190734863,5.236362934112549,5.300000190734863,7.771145,0.6908547199407256
2013-10-01,5.272727012634277,5.3545451164245605,5.254545211791992,5.272727012634277,17.069319,-0.5145882475299346
2013-10-02,5.272727012634277,5.454545021057129,5.272727012634277,5.454545021057129,22.669993,3.448272743633174
2013-10-03,5.445454120635986,5.545454025268555,5.4181809425354,5.481818199157715,31.633737,0.500008304914501
2013-10-06,5.481818199157715,5.5272722244262695,5.427271842956543,5.481818199157715,8.31779,0.0
2013-10-07,5.5,5.5,5.400000095367432,5.436363220214844,7.970252,-0.8291953014759823
2013-10-08,5.454545021057129,5.481818199157715,5.4181809425354,5.454545021057129,8.542532,0.3344478671821749
2013-10-09,5.445454120635986,5.454545021057129,5.381817817687988,5.409090042114258,7.738849,-0.8333413468473272
2013-10-10,5.409090042114258,5.463635921478272,5.400000095367432,5.427271842956543,11.993025,0.336134187094772
2013-10-20,5.554544925689697,5.590909004211426,5.518180847167969,5.590909004211426,23.455616,3.0150905646498805
2013-10-21,5.599999904632568,5.645453929901123,5.554544925689697,5.6090898513793945,17.501128,0.3251858893477566
2013-10-22,5.56363582611084,5.6363630294799805,5.554544925689697,5.554544925689697,9.449482,-0.9724380805966826
2013-10-23,5.572727203369141,5.572727203369141,5.5272722244262695,5.5272722244262695,6.165432,-0.4909979418348364
2013-10-24,5.536363124847412,5.581818103790283,5.536363124847412,5.545454025268555,9.267052,0.3289470846385312
2013-10-27,5.727272033691406,5.772727012634277,5.627272129058838,5.645453929901123,40.68416,1.8032771379386858
2013-10-28,5.654544830322266,5.672727108001709,5.572727203369141,5.599999904632568,10.728426,-0.8051438526104682
2013-10-29,5.6090898513793945,5.6090898513793945,5.490909099578857,5.536363124847412,18.444461,-1.1363710869443655
2013-10-30,5.509089946746826,5.572727203369141,5.509089946746826,5.572727203369141,8.833157,0.6568224970382674
2013-10-31,5.545454025268555,5.545454025268555,5.518180847167969,5.5272722244262695,12.6788,-0.8156684740532438
2013-11-03,5.5272722244262695,5.5272722244262695,5.5272722244262695,5.5272722244262695,0.0,0.0
2013-11-04,5.590909004211426,5.590909004211426,5.518180847167969,5.518180847167969,11.386087,-0.1644821693081111
2013-11-05,5.545454025268555,5.545454025268555,5.490909099578857,5.5,7.022788,-0.3294717529473412
2013-11-06,5.5272722244262695,5.590909004211426,5.509089946746826,5.545454025268555,28.475654,0.8264368230646246
2013-11-07,5.554544925689697,5.581818103790283,5.5272722244262695,5.5272722244262695,10.019031,-0.3278685705343065
2013-11-10,5.572727203369141,5.572727203369141,5.5272722244262695,5.545454025268555,8.773673,0.3289470846385312
2013-11-11,5.545454025268555,5.56363582611084,5.3545451164245605,5.3545451164245605,28.788461,-3.4426199906102184
2013-11-12,5.409090042114258,5.454545021057129,5.336362838745117,5.390909194946289,16.884275,0.679125448213802
2013-11-13,5.390909194946289,5.427271842956543,5.327271938323975,5.400000095367432,14.457798,0.16863390000456668
2013-11-14,5.4181809425354,5.481818199157715,5.372726917266846,5.463635921478272,15.091402,1.178441203462799
2013-11-17,5.490909099578857,5.490909099578857,5.4181809425354,5.454545021057129,7.564818,-0.1663892058657357
2013-11-18,5.472726821899414,5.599999904632568,5.472726821899414,5.554544925689697,25.136215,1.8333317306305386
2013-11-19,5.599999904632568,5.663636207580566,5.590909004211426,5.599999904632568,26.702208,0.8183384876885746
2013-11-20,5.627272129058838,5.718181133270264,5.618181228637695,5.709090232849121,22.370818,1.9480416084705299
2013-11-21,5.709090232849121,5.736362934112549,5.654544830322266,5.690908908843994,23.207605,-0.3184627193403733
2013-11-24,5.709090232849121,5.745453834533691,5.590909004211426,5.599999904632568,21.680706,-1.5974426171212808
2013-11-25,5.599999904632568,5.645453929901123,5.554544925689697,5.581818103790283,13.451997,-0.3246750205699866
2013-11-26,5.590909004211426,5.681818008422852,5.56363582611084,5.654544830322266,19.883627,1.3029218290470324
2013-11-27,5.672727108001709,5.8090901374816895,5.672727108001709,5.727272033691406,43.408024,1.2861725488344078
2013-11-28,5.909090042114258,5.909090042114258,5.699999809265137,5.727272033691406,41.599653,0.0
2013-12-02,5.736362934112549,5.872726917266846,5.727272033691406,5.872726917266846,17.588553,2.539688750940816
2013-12-03,5.872726917266846,5.872726917266846,5.800000190734863,5.845454216003418,18.55807,-0.464395870055545
2013-12-04,5.845454216003418,5.8545451164245605,5.7909088134765625,5.827271938323975,8.443736,-0.311049868967661
2013-12-05,5.845454216003418,5.954545021057129,5.836362838745117,5.9181809425354,29.68569,1.5600611259197983
2013-12-08,5.954545021057129,6.1090898513793945,5.954545021057129,6.099999904632568,23.793086,3.072210259581465
2013-12-09,6.090909004211426,6.318181037902832,6.072727203369141,6.3090901374816895,34.779294,3.427708788820305
2013-12-10,6.318181037902832,6.3545451164245605,6.145453929901123,6.3545451164245605,37.581139,0.7204680540673802
2013-12-11,6.363636016845703,6.400000095367432,6.2909088134765625,6.363636016845703,38.939674,0.1430613876301834
2013-12-12,6.363636016845703,6.690908908843994,6.345454216003418,6.690908908843994,53.651577,5.142860011665351
2013-12-15,6.681818008422852,6.818181037902832,6.627272129058838,6.709090232849121,25.789948,0.2717317520358753
2013-12-16,6.681818008422852,6.681818008422852,6.454545021057129,6.490909099578857,29.852779,-3.252022639403518
2013-12-17,6.454545021057129,6.536363124847412,6.409090042114258,6.445454120635986,24.991325,-0.7002867895010367
2013-12-18,6.454545021057129,6.654544830322266,6.409090042114258,6.590909004211426,24.515481,2.256704971489065
2013-12-19,6.6090898513793945,6.754545211791992,6.6090898513793945,6.727272033691406,22.381218,2.0689563365667407
2013-12-22,6.727272033691406,6.727272033691406,6.581818103790283,6.618181228637695,12.217361,-1.621620242311661
2013-12-23,6.6090898513793945,6.709090232849121,6.590909004211426,6.681818008422852,9.122181,0.9615448351548928
2013-12-24,6.718181133270264,6.936363220214844,6.672727108001709,6.881817817687988,18.422585,2.9931945020505557
2013-12-25,6.900000095367432,6.9181809425354,6.772727012634277,6.836362838745117,14.258608,-0.6605083154924585
2013-12-26,6.863636016845703,6.890909194946289,6.78181791305542,6.8090901374816895,0.000551,-0.3989358363025941
2013-12-29,6.818181037902832,6.863636016845703,6.7909088134765625,6.818181037902832,7.0689,0.1335112362678359
2013-12-30,6.818181037902832,6.872726917266846,6.800000190734863,6.863636016845703,17.690817,0.6666731007901161
2013-12-31,6.827271938323975,7.036363124847412,6.827271938323975,6.945454120635986,20.632301,1.1920519035315102
2014-01-02,6.9181809425354,7.199999809265137,6.900000095367432,7.163636207580566,23.089786,3.1413653183069545
2014-01-05,7.172727108001709,7.372726917266846,7.1363630294799805,7.254545211791992,21.696896,1.2690343503935386
2014-01-06,7.227272033691406,7.272727012634277,7.090909004211426,7.181818008422852,26.936277,-1.0025053431457764
2014-01-07,7.054544925689697,7.06363582611084,6.890909194946289,6.909090042114258,45.061952,-3.7974781035768124
2014-01-08,6.890909194946289,7.018180847167969,6.872726917266846,6.990909099578857,14.243928,1.184223348745972
2014-01-09,7.036363124847412,7.1090898513793945,7.0,7.1090898513793945,23.870084,1.690491896220725
2014-01-13,7.163636207580566,7.236362934112549,7.1363630294799805,7.190908908843994,20.291371,1.150907629177378
2014-01-14,7.154544830322266,7.199999809265137,7.045454025268555,7.163636207580566,14.088765,-0.37926639885377256
2014-01-15,7.163636207580566,7.254545211791992,7.163636207580566,7.227272033691406,22.127387,0.8883173889190576
2014-01-16,7.227272033691406,7.3090901374816895,7.199999809265137,7.218181133270264,17.454932,-0.1257860556343137
2014-01-19,7.227272033691406,7.236362934112549,7.145453929901123,7.172727108001709,7.85728,-0.6297157750592697
2014-01-20,7.199999809265137,7.254545211791992,7.172727108001709,7.218181133270264,9.751506,0.6337063237474627
2014-01-21,7.227272033691406,7.3090901374816895,7.172727108001709,7.181818008422852,17.623069,-0.5037712988360199
2014-01-22,7.172727108001709,7.209090232849121,7.099999904632568,7.1363630294799805,10.510086,-0.6329174435994012
2014-01-23,7.1363630294799805,7.3090901374816895,7.1363630294799805,7.290908813476562,21.010795,2.1656098962197
2014-01-26,7.099999904632568,7.227272033691406,7.045454025268555,7.090909004211426,18.751867,-2.743139632955716
2014-01-27,7.009089946746826,7.099999904632568,6.981818199157715,7.045454025268555,17.235286,-0.6410317621601713
2014-01-28,7.045454025268555,7.490909099578857,7.045454025268555,7.490909099578857,40.178196,6.322588618315805
2014-01-29,7.5,7.627272129058838,7.318181037902832,7.363636016845703,36.405331,-1.6990338694713225
2014-01-30,7.2909088134765625,7.2909088134765625,7.181818008422852,7.272727012634277,18.796796,-1.2345667820008233
2014-02-02,7.272727012634277,7.272727012634277,7.172727108001709,7.172727108001709,10.628114,-1.3749987378716022
2014-02-03,7.172727108001709,7.263636112213135,7.072727203369141,7.227272033691406,19.089371,0.760448918080936
2014-02-04,7.090909004211426,7.181818008422852,7.045454025268555,7.181818008422852,19.954806,-0.6289236804241094
2014-02-05,7.190908908843994,7.28181791305542,7.181818008422852,7.209090232849121,17.035095,0.3797398429518095
2014-02-06,7.318181037902832,7.672727108001709,7.318181037902832,7.545454025268555,55.028864,4.665828579683318
2014-02-09,7.627272129058838,7.727272033691406,7.4636359214782715,7.4636359214782715,20.013614,-1.0843363900474023
2014-02-10,7.56363582611084,7.645453929901123,7.490909099578857,7.627272129058838,10.749723,2.1924462728637018
2014-02-11,7.681818008422852,7.745453834533691,7.609089851379394,7.709090232849121,19.389799,1.0727046630284454
2014-02-12,7.727272033691406,7.881817817687988,7.6363630294799805,7.681818008422852,16.869979,-0.35376709316568
2014-02-13,7.681818008422852,7.699999809265137,7.581818103790283,7.690908908843994,12.90105,0.11834308507667757
2014-02-16,7.709090232849121,7.772727012634277,7.672727108001709,7.681818008422852,9.779838,-0.1182031997634114
2014-02-17,7.690908908843994,7.800000190734863,7.663636207580566,7.772727012634277,7.64118,1.1834308507666647
2014-02-18,7.954545021057129,8.12727165222168,7.890909194946289,8.036362648010254,39.078494,3.3918036095625936
2014-02-19,8.045454025268555,8.045454025268555,7.818181037902832,7.972726821899414,60.107744,-0.7918486123395074
2014-02-20,7.9181809425354,8.227272033691406,7.900000095367432,8.13636302947998,37.797892,2.0524496980266704
2014-02-23,8.181818008422852,8.300000190734863,8.009090423583984,8.045454025268555,15.057891,-1.1173174535359487
2014-02-24,8.036362648010254,8.036362648010254,7.800000190734863,7.972726821899414,19.082769,-0.9039539986273604
2014-02-25,8.0,8.199999809265137,7.972726821899414,8.199999809265137,35.408314,2.8506305614466987
2014-02-26,8.181818008422852,8.363636016845703,8.163636207580566,8.227272033691406,21.309913,0.33258811049550197
2014-02-27,8.199999809265137,8.318181037902832,8.199999809265137,8.272727012634277,18.691168,0.552491503340713
2014-03-02,8.272727012634277,8.290908813476562,8.154544830322266,8.163636207580566,7.572327,-1.3186801025478645
2014-03-03,8.13636302947998,8.145454406738281,7.936363220214844,8.045454025268555,18.328473,-1.447665957998845
2014-03-04,8.0,8.12727165222168,7.936363220214844,8.045454025268555,23.643165,0.0
2014-03-05,8.12727165222168,8.181818008422852,8.045454025268555,8.090909004211426,61.338829,0.5649771759320243
2014-03-06,8.0,8.327272415161133,8.0,8.227272033691406,27.315274,1.6853857756773838
2014-03-09,8.281818389892578,8.281818389892578,8.13636302947998,8.190909385681152,5.113691,-0.4419769744010593
2014-03-10,8.181818008422852,8.218180656433105,8.054545402526855,8.118181228637695,18.430149,-0.887913095102677
2014-03-11,8.090909004211426,8.163636207580566,8.045454025268555,8.07272720336914,11.434574,-0.5599040473278749
2014-03-12,8.045454025268555,8.07272720336914,7.772727012634277,7.790908813476562,24.549162,-3.4909935984825724
2014-03-13,7.78181791305542,7.872726917266846,7.663636207580566,7.872726917266846,14.570108,1.0501740650430411
2014-03-16,8.272727012634277,8.409090042114258,8.145454406738281,8.272727012634277,50.965978,5.08083284954457
2014-03-17,8.281818389892578,8.454545021057129,8.272727012634277,8.409090042114258,30.650398,1.648344364219012
2014-03-18,8.590909004211426,8.909090042114258,8.5,8.863636016845703,64.144476,5.405412148698563
2014-03-19,8.954545021057129,9.0,8.727272033691406,8.818181037902832,23.828773,-0.5128254235223784
2014-03-20,8.809089660644531,8.863636016845703,8.736363410949707,8.800000190734863,21.231763,-0.20617457375645687
2014-03-23,8.863636016845703,8.945453643798828,8.863636016845703,8.936363220214844,11.282917,1.5495798468680766
2014-03-24,8.954545021057129,9.0,8.790908813476562,8.863636016845703,19.336268,-0.8138344601372638
2014-03-25,8.845454216003418,8.899999618530273,8.800000190734863,8.881817817687988,12.23235,0.2051280175283665
2014-03-26,8.881817817687988,8.981818199157715,8.872727394104004,8.954545021057129,9.447556,0.818832415412829
2014-03-27,8.936363220214844,8.972726821899414,8.881817817687988,8.927271842956543,13.059784,-0.30457357728898016
2014-03-30,8.945453643798828,9.13636302947998,8.945453643798828,9.045454025268556,19.961169,1.32383313055775
2014-03-31,9.090909004211426,9.090909004211426,9.045454025268555,9.045454025268555,11.533269,0.0
2014-04-01,9.090909004211426,9.227272033691406,9.081817626953125,9.181818008422852,12.016827,1.5075416090045035
2014-04-02,9.227272033691406,9.272727012634276,9.081817626953123,9.13636302947998,13.242259,-0.4950542354594023
2014-04-03,9.181818008422852,9.318181037902832,9.090909004211426,9.181818008422852,14.148068,0.4975172155069041
2014-04-06,9.272727012634276,9.272727012634276,8.972726821899414,9.02727222442627,19.137258,-1.683171936699368
2014-04-07,9.090909004211426,9.181818008422852,9.0,9.181818008422852,13.594366,1.7119876320823346
2014-04-08,9.181818008422852,9.181818008422852,9.06363582611084,9.181818008422852,11.457843,0.0
2014-04-09,9.181818008422852,9.227272033691406,9.13636302947998,9.227272033691406,9.290765,0.4950438489072395
2014-04-10,9.227272033691406,9.63636302947998,9.181818008422852,9.545454025268556,23.790866,3.448278000424998
2014-04-13,9.454545021057127,9.545454025268556,9.272727012634276,9.272727012634276,19.378554,-2.8571402880608887
2014-04-14,9.318181037902832,9.363636016845703,9.045454025268555,9.318181037902832,21.215282,0.4901904823319203
2014-04-15,9.318181037902832,9.318181037902832,9.090909004211426,9.272727012634276,12.168956,-0.4877993364119537
2014-04-16,9.227272033691406,9.318181037902832,9.13636302947998,9.318181037902832,18.56808,0.4901904823319203
2014-04-17,9.272727012634277,9.363636016845703,9.227272033691406,9.318181037902832,11.350387,0.0
2014-04-20,9.318181037902832,9.454545021057127,9.090909004211426,9.272727012634276,20.360675,-0.4877993364119537
2014-04-21,9.318181037902832,9.772727012634276,9.227272033691406,9.63636302947998,29.398363,3.921564997548632
2014-04-22,9.681818008422852,9.818181037902832,9.590909004211426,9.772727012634277,22.746328,1.4150980275143832
2014-04-23,10.090909004211426,10.13636302947998,9.909090042114258,9.954545021057129,48.8379,1.860463391515954
2014-04-24,9.954545021057129,10.0,9.545454025268555,9.818181037902832,42.2601,-1.3698665570936908
2014-04-27,9.818181037902832,10.045454025268555,9.727272033691406,10.0,22.868969,1.8518599463104302
2014-04-28,10.0,10.181818008422852,9.772727012634277,10.0,32.110643,0.0
2014-04-29,10.0,10.045454025268555,9.863636016845703,9.863636016845703,15.731973,-1.3636398315429732
2014-04-30,9.909090042114258,9.954545021057129,9.772727012634277,9.909090042114258,24.295307,0.4608242355144343
2014-05-01,9.90999984741211,9.90999984741211,9.6899995803833,9.829999923706055,14.880493,-0.7981572280811422
2014-05-04,9.850000381469727,10.449999809265137,9.829999923706055,10.449999809265137,31.851495,6.307221672137442
2014-05-05,10.5,10.600000381469728,10.300000190734863,10.300000190734863,33.488253,-1.4354030743357615
2014-05-06,10.350000381469727,10.399999618530273,10.100000381469727,10.300000190734863,26.097787,0.0
2014-05-07,10.100000381469728,10.300000190734863,10.050000190734863,10.25,19.791133,-0.485438736009347
2014-05-08,10.0,10.25,10.0,10.149999618530272,11.482701,-0.9756134777534342
2014-05-11,10.199999809265137,10.399999618530272,9.949999809265137,9.949999809265137,22.277858,-1.9704415446480272
2014-05-12,9.949999809265137,10.050000190734863,9.699999809265137,10.0,25.214638,0.5025144893802347
2014-05-13,10.199999809265137,10.350000381469727,10.050000190734863,10.300000190734863,28.024379,3.0000019073486373
2014-05-14,10.350000381469728,11.100000381469728,10.149999618530272,10.899999618530272,86.933746,5.825237055190802
2014-05-15,10.949999809265137,11.0,10.399999618530272,10.449999809265137,41.498788,-4.128438761595232
2014-05-18,10.300000190734863,10.5,10.050000190734863,10.300000190734863,26.045382,-1.4354030743357615
2014-05-19,10.300000190734863,10.300000190734863,9.5,9.600000381469727,49.784182,-6.796114527209484
2014-05-20,9.600000381469727,9.850000381469727,9.119999885559082,9.25,75.806936,-3.645837162103771
2014-05-21,9.039999961853027,9.5,8.949999809265137,9.479999542236328,72.54088,2.486481537690044
2014-05-22,9.5,9.84000015258789,9.359999656677246,9.640000343322754,56.781356,1.6877722448569
2014-05-26,9.789999961853027,10.100000381469727,9.729999542236328,10.0,57.140747,3.7344361395858616
2014-05-27,10.050000190734863,10.300000190734863,9.970000267028809,10.149999618530273,39.209857,1.4999961853027433
2014-05-28,10.149999618530272,10.199999809265137,9.710000038146973,9.75,42.859046,-3.940883089296056
2014-05-29,9.949999809265137,10.449999809265137,9.800000190734863,10.449999809265137,109.318561,7.179485223232174
2014-06-01,10.149999618530273,10.350000381469727,10.0,10.050000190734863,40.894926,-3.827747615608834
2014-06-02,10.100000381469728,10.449999809265137,9.949999809265137,10.399999618530272,56.155743,3.4825813050041177
2014-06-03,10.5,10.5,10.050000190734863,10.050000190734863,27.78891,-3.3653792368587787
2014-06-04,10.050000190734863,10.149999618530272,9.920000076293944,9.949999809265137,18.21306,-0.99502865245632
2014-06-05,10.0,10.149999618530272,10.0,10.149999618530272,11.180782,2.0100483728542784
2014-06-08,10.149999618530272,10.25,9.949999809265137,9.949999809265137,8.700823,-1.9704415446480272
2014-06-09,9.949999809265137,9.970000267028809,9.5,9.579999923706056,35.610073,-3.7185918859470646
2014-06-10,9.520000457763672,9.75,9.25,9.489999771118164,37.855225,-0.9394588027624273
2014-06-11,9.550000190734863,9.739999771118164,9.289999961853027,9.5,24.838679,0.1053764923395483
2014-06-12,9.520000457763672,9.850000381469727,9.420000076293945,9.850000381469727,25.821034,3.6842145417866012
2014-06-15,9.600000381469727,9.75,9.350000381469727,9.350000381469727,12.583415,-5.076141935391421
2014-06-16,9.319999694824219,9.449999809265137,8.75,9.050000190734863,37.859046,-3.2085580587720375
2014-06-17,9.0,9.25,8.850000381469727,9.050000190734863,33.71456,0.0
2014-06-18,9.079999923706056,9.170000076293944,8.920000076293945,9.170000076293944,19.053276,1.32596555834259
2014-06-19,9.18000030517578,9.579999923706056,9.18000030517578,9.579999923706056,23.810143,4.471099716476901
2014-06-22,9.449999809265137,9.649999618530273,9.25,9.25,9.503299,-3.444675640231043
2014-06-23,9.210000038146973,9.210000038146973,8.59000015258789,8.800000190734863,33.801873,-4.864862802866343
2014-06-24,8.800000190734863,9.0600004196167,7.949999809265137,8.5,63.490018,-3.409093002642438
2014-06-25,8.460000038146973,9.25,8.460000038146973,9.100000381469727,46.777618,7.058828017290897
2014-06-26,9.25,9.25,8.899999618530273,8.979999542236328,14.44442,-1.318690485747176
2014-06-29,9.0,9.0,8.699999809265137,8.729999542236328,5.915356,-2.7839645071712438
2014-06-30,8.699999809265137,8.800000190734863,8.369999885559082,8.40999984741211,22.315406,-3.665517887784975
2014-07-01,8.40999984741211,9.100000381469727,8.100000381469727,8.899999618530273,27.75592,5.826394530422552
2014-07-02,9.119999885559082,9.600000381469727,9.100000381469727,9.350000381469727,40.364678,5.056188564351483
2014-07-03,9.300000190734863,9.4399995803833,9.15999984741211,9.210000038146973,23.831115,-1.497329814020254
2014-07-06,9.210000038146973,9.5,9.0,9.390000343322754,15.228402,1.9544006995682484
2014-07-07,9.210000038146973,9.5,9.0,9.390000343322754,15.228402,0.0
2014-07-08,9.369999885559082,9.40999984741211,9.09000015258789,9.289999961853027,14.854183,-1.0649667498770277
2014-07-09,9.25,9.289999961853027,9.130000114440918,9.220000267028809,6.608381,-0.753495103462376
2014-07-10,9.199999809265137,9.329999923706055,9.119999885559082,9.289999961853027,10.161996,0.7592157570162072
2014-07-13,9.600000381469727,9.779999732971191,9.449999809265137,9.510000228881836,12.905341,2.3681406666542726
2014-07-14,9.539999961853027,9.609999656677246,9.489999771118164,9.550000190734863,6.062376,0.4206094730844212
2014-07-15,9.600000381469727,9.789999961853027,9.520000457763672,9.720000267028809,18.550436,1.7801054753786794
2014-07-16,9.760000228881836,9.850000381469727,9.699999809265137,9.789999961853027,13.513111,0.7201614496006092
2014-07-17,9.789999961853027,10.0,9.710000038146973,9.949999809265137,21.146582,1.6343191832027815
2014-07-20,9.90999984741211,10.0,9.149999618530272,9.5,19.173049,-4.522611235088769
2014-07-21,9.40999984741211,9.6899995803833,9.149999618530272,9.68000030517578,10.364139,1.8947400544819133
2014-07-22,9.68000030517578,9.729999542236328,9.300000190734863,9.720000267028809,9.270309,0.41322273338813
2014-07-23,9.720000267028809,9.739999771118164,9.520000457763672,9.520000457763672,4.862651,-2.057611149904548
2014-07-24,9.420000076293945,9.640000343322754,9.420000076293945,9.520000457763672,12.119622,0.0
2014-07-27,9.5,9.760000228881836,9.5,9.699999809265137,5.267368,1.890749399646019
2014-07-31,9.699999809265137,9.829999923706055,9.609999656677246,9.770000457763672,9.103558,0.7216561842781966
2014-08-03,9.609999656677246,9.859999656677246,9.550000190734863,9.850000381469727,10.95974,0.8188323434773492
2014-08-04,9.800000190734863,10.350000381469727,9.800000190734863,10.149999618530273,38.416564,3.0456774156569555
2014-08-05,10.100000381469727,10.199999809265137,9.970000267028809,9.989999771118164,24.263696,-1.5763532357184196
2014-08-06,9.960000038146973,9.960000038146973,9.59000015258789,9.600000381469727,14.464693,-3.90389788372123
2014-08-07,9.609999656677246,9.75,9.600000381469727,9.75,5.479948,1.5624959642690062
2014-08-10,9.739999771118164,9.739999771118164,9.65999984741211,9.699999809265137,2.5839,-0.5128224690755245
2014-08-11,9.699999809265137,9.970000267028809,9.699999809265137,9.960000038146973,9.62523,2.680414783446605
2014-08-12,9.989999771118164,10.199999809265137,9.949999809265137,10.149999618530272,17.492552,1.907626301763044
2014-08-13,10.149999618530273,10.149999618530273,10.0,10.100000381469727,5.245222,-0.4926033393071849
2014-08-14,10.050000190734863,10.100000381469727,9.979999542236328,10.050000190734863,7.354177,-0.49505137471675953
2014-08-17,10.100000381469728,10.100000381469728,10.0,10.0,2.694333,-0.4975143262281545
2014-08-18,10.0,10.199999809265137,9.970000267028809,10.149999618530273,10.673982,1.4999961853027433
2014-08-19,10.25,10.350000381469727,10.199999809265137,10.300000190734863,11.688311,1.4778382053408423
2014-08-20,10.25,10.300000190734863,10.199999809265137,10.300000190734863,5.723808,0.0
2014-08-21,10.300000190734863,10.449999809265137,10.25,10.449999809265137,14.269887,1.4563069490542535
2014-08-24,10.399999618530273,10.5,10.350000381469727,10.5,7.971998,0.47847073346865
2014-08-25,10.5,10.550000190734863,10.399999618530273,10.399999618530273,6.843015,-0.9523845854259694
2014-08-26,10.399999618530273,10.449999809265137,10.350000381469727,10.449999809265137,6.559365,0.48077108239288346
2014-08-27,10.449999809265137,10.550000190734863,10.399999618530273,10.399999618530273,12.018609,-0.47847073346865
2014-08-28,10.350000381469728,10.399999618530272,10.25,10.25,7.447481,-1.4423040772329476
2014-08-31,10.5,11.199999809265137,10.5,11.149999618530273,65.816789,8.780484083222184
2014-09-01,11.199999809265137,12.0,11.199999809265137,11.649999618530273,111.917888,4.4843050861548495
2014-09-02,11.600000381469727,11.600000381469727,11.300000190734863,11.300000190734863,51.12152,-3.0042870322391058
2014-09-03,11.350000381469728,11.550000190734863,11.300000190734863,11.550000190734863,23.768124,2.2123893431876374
2014-09-04,11.5,11.649999618530272,11.350000381469728,11.399999618530272,27.872396,-1.2987062314069653
2014-09-07,11.5,11.600000381469727,11.149999618530273,11.25,29.683682,-1.3157861714877095
2014-09-08,11.25,11.449999809265137,11.050000190734863,11.449999809265137,33.09027,1.7777760823567634
2014-09-09,11.5,11.5,11.199999809265137,11.25,24.607716,-1.746723254120064
2014-09-10,11.300000190734863,11.300000190734863,10.75,10.949999809265137,41.248864,-2.6666683620876763
2014-09-11,10.699999809265137,11.050000190734863,10.649999618530272,11.0,19.056532,0.4566227543908896
2014-09-14,10.949999809265137,11.300000190734863,10.850000381469727,11.25,12.54278,2.2727272727272707
2014-09-15,11.300000190734863,11.399999618530272,11.149999618530272,11.199999809265137,12.79974,-0.4444461398654509
2014-09-16,11.100000381469728,11.300000190734863,11.0,11.0,14.685835,-1.7857126131349377
2014-09-17,11.100000381469727,11.199999809265137,11.0,11.050000190734863,10.764006,0.4545471884987551
2014-09-18,11.25,11.600000381469728,11.199999809265137,11.600000381469728,60.373532,4.977377205803335
2014-09-21,11.699999809265137,11.75,11.600000381469728,11.600000381469728,22.703068,0.0
2014-09-22,11.600000381469727,11.699999809265137,11.5,11.649999618530273,14.527155,0.4310278915198751
2014-09-23,11.649999618530273,11.850000381469727,11.600000381469727,11.800000190734863,37.05646,1.287558601856098
2014-09-24,11.75,11.850000381469727,11.550000190734863,11.699999809265137,18.870896,-0.8474608462146094
2014-09-25,11.699999809265137,11.899999618530273,11.600000381469727,11.600000381469727,19.078856,-0.8546959779967
2014-09-28,11.800000190734863,11.899999618530272,11.550000190734863,11.550000190734863,20.02832,-0.4310361128499251
2014-09-29,11.600000381469728,11.649999618530272,11.449999809265137,11.449999809265137,17.90334,-0.8658041542713102
2014-09-30,11.550000190734863,11.699999809265137,11.5,11.550000190734863,21.057576,0.8733657915767745
2014-10-01,11.600000381469728,11.699999809265137,11.399999618530272,11.699999809265137,18.297984,1.2986979744866067
2014-10-02,11.649999618530272,11.75,11.0,11.149999618530272,37.976428,-4.70085640770116
2014-10-07,11.399999618530272,11.550000190734863,11.25,11.5,21.635763,3.139016981561671
2014-10-08,11.399999618530272,11.550000190734863,11.25,11.5,21.635763,0.0
2014-10-09,11.300000190734863,11.399999618530273,11.199999809265137,11.25,19.793541,-2.1739130434782594
2014-10-12,11.199999809265137,11.199999809265137,10.5,10.600000381469728,49.613396,-5.777774386935763
2014-10-13,11.199999809265137,11.199999809265137,10.5,10.600000381469727,49.613396,0.0
2014-10-14,10.5,10.850000381469727,10.149999618530273,10.75,27.486723,1.4150906899257576
2014-10-15,10.449999809265137,10.649999618530272,10.300000190734863,10.350000381469728,16.621891,-3.7209266840025457
2014-10-16,10.5,10.600000381469728,10.199999809265137,10.199999809265137,21.145079,-1.4492808374494848
2014-10-19,10.25,10.350000381469728,10.149999618530272,10.149999618530272,23.471679,-0.4901979575474668
2014-10-20,10.25,10.350000381469728,10.149999618530272,10.149999618530272,23.471679,0.0
2014-10-21,10.300000190734863,10.399999618530272,10.0,10.050000190734863,19.820771,-0.9852160744208028
2014-10-22,10.050000190734863,10.199999809265137,9.8100004196167,10.199999809265137,13.136844,1.4925334893879816
2014-10-23,10.399999618530272,10.449999809265137,10.199999809265137,10.350000381469728,18.13998,1.4705938726424117
2014-10-26,10.449999809265137,10.550000190734863,10.350000381469728,10.5,14.070487,1.4492716232052285
2014-10-27,10.449999809265137,10.550000190734863,10.350000381469727,10.5,14.070487,0.0
2014-10-28,10.5,10.649999618530273,10.399999618530273,10.399999618530273,16.25981,-0.9523845854259694
2014-10-29,10.350000381469728,10.449999809265137,10.199999809265137,10.350000381469728,21.628865,-0.4807619124471918
2014-10-30,10.449999809265137,10.550000190734863,10.25,10.350000381469728,13.081155,0.0
2014-11-02,10.300000190734863,10.5,10.300000190734863,10.399999618530272,14.790363,0.4830843982388977
2014-11-03,10.300000190734863,10.5,10.300000190734863,10.399999618530272,14.790363,0.0
2014-11-04,10.449999809265137,10.5,10.350000381469727,10.399999618530273,17.457867,0.0
2014-11-05,10.399999618530272,10.5,10.300000190734863,10.399999618530272,12.621345,0.0
2014-11-06,10.350000381469727,10.399999618530273,9.989999771118164,9.989999771118164,24.195026,-3.9423063697193728
2014-11-09,9.949999809265137,10.149999618530272,9.93000030517578,10.050000190734863,19.35281,0.6006048147284782
2014-11-10,9.949999809265137,10.149999618530272,9.93000030517578,10.050000190734863,19.35281,0.0
2014-11-11,10.149999618530272,10.399999618530272,10.149999618530272,10.399999618530272,26.594686,3.4825813050041177
2014-11-12,10.399999618530272,10.399999618530272,10.199999809265137,10.399999618530272,14.099935,0.0
2014-11-13,10.449999809265137,10.5,10.350000381469728,10.5,15.165103,0.9615421647857668
2014-11-16,10.949999809265137,11.149999618530273,10.800000190734863,10.800000190734863,26.583572,2.857144673665357
2014-11-17,10.949999809265137,11.149999618530273,10.800000190734863,10.800000190734863,26.583572,0.0
2014-11-18,10.800000190734863,10.899999618530273,10.649999618530273,10.699999809265137,18.402298,-0.9259294417005237
2014-11-19,10.800000190734863,11.050000190734863,10.800000190734863,10.949999809265137,25.11519,2.3364486397796425
2014-11-20,11.050000190734863,11.149999618530272,10.899999618530272,10.899999618530272,22.457775,-0.4566227543908896
2014-11-23,11.100000381469728,11.300000190734863,11.050000190734863,11.300000190734863,23.638996,3.669730148655948
2014-11-24,11.100000381469728,11.300000190734863,11.050000190734863,11.300000190734863,23.638996,0.0
2014-11-25,11.350000381469728,11.399999618530272,11.199999809265137,11.350000381469728,28.501263,0.4424795565566519
2014-11-26,11.5,11.600000381469728,11.350000381469728,11.350000381469728,129.229709,0.0
2014-11-27,11.300000190734863,11.300000190734863,10.75,10.75,53.925052,-5.286346795629193
2014-11-30,10.600000381469728,10.699999809265137,10.199999809265137,10.600000381469728,50.37397,-1.3953452886537043
2014-12-01,10.600000381469728,10.699999809265137,10.199999809265137,10.600000381469728,50.37397,0.0
2014-12-04,9.350000381469728,9.350000381469728,8.829999923706055,8.829999923706055,70.04076,-16.69811692514539
2014-12-07,8.869999885559082,9.039999961853027,8.65999984741211,8.949999809265137,19.241598,1.3590021132040553
2014-12-08,8.869999885559082,9.039999961853027,8.65999984741211,8.949999809265137,19.241598,0.0
2014-12-09,8.859999656677246,8.930000305175781,8.279999732971191,8.319999694824219,43.036977,-7.039107573932402
2014-12-10,8.050000190734863,8.0600004196167,7.5,8.020000457763672,75.352645,-3.605760193082375
2014-12-11,8.0,8.130000114440918,7.75,7.949999809265137,28.89435,-0.8728259913099112
2014-12-14,6.860000133514404,6.929999828338623,6.559999942779541,6.650000095367432,38.822252,-16.352198051409406
2014-12-15,6.860000133514404,6.929999828338623,6.559999942779541,6.650000095367432,38.822252,0.0
2014-12-16,6.619999885559082,7.170000076293945,6.610000133514404,6.800000190734863,47.686768,2.2556404994930057
2014-12-17,6.5,6.550000190734863,6.119999885559082,6.119999885559082,61.461857,-10.00000420738657
2014-12-18,5.900000095367432,6.369999885559082,5.900000095367432,5.900000095367432,64.543645,-3.594767880809413
2014-12-21,7.309999942779541,7.760000228881836,7.309999942779541,7.710000038146973,67.780952,30.67796463597887
2014-12-22,7.880000114440918,7.900000095367432,7.599999904632568,7.829999923706055,37.7983,1.5564187414442987
2014-12-23,7.880000114440918,7.900000095367432,7.599999904632568,7.829999923706055,37.798301,0.0
2014-12-24,7.639999866485596,7.75,7.369999885559082,7.369999885559082,24.262664,-5.874840902032186
2014-12-25,7.449999809265137,7.670000076293945,7.449999809265137,7.579999923706055,21.021407,2.8493899783967436
2014-12-28,7.650000095367432,7.980000019073486,7.650000095367432,7.949999809265137,30.010576,4.881265030121273
2014-12-29,7.960000038146973,7.96999979019165,7.809999942779541,7.809999942779541,14.320488,-1.7610046521313927
2014-12-30,7.960000038146973,7.96999979019165,7.809999942779541,7.809999942779541,14.320488,0.0
2014-12-31,7.53000020980835,7.550000190734863,7.03000020980835,7.300000190734863,35.211237,-6.530086501680199
2015-01-04,7.260000228881836,7.369999885559082,7.039999961853027,7.130000114440918,8.53627,-2.328768107564005
2015-01-05,7.090000152587891,7.090000152587891,6.78000020980835,6.900000095367432,14.41096,-3.225806667347031
2015-01-06,6.28000020980835,6.550000190734863,6.28000020980835,6.5,29.290222,-5.797102751288163
2015-01-07,6.5,6.929999828338623,6.400000095367432,6.849999904632568,29.656109,5.38461391742413
2015-01-08,7.010000228881836,7.230000019073486,6.949999809265137,6.949999809265137,26.246515,1.459852642697701
2015-01-11,7.0,7.369999885559082,6.900000095367432,7.349999904632568,19.452746,5.755397213596836
2015-01-12,7.349999904632568,7.590000152587891,7.300000190734863,7.389999866485596,32.465629,0.5442171751297131
2015-01-13,7.110000133514404,7.699999809265137,7.110000133514404,7.699999809265137,37.437771,4.194857217595116
2015-01-14,7.679999828338623,7.940000057220459,7.590000152587891,7.699999809265137,35.132066,0.0
2015-01-15,7.909999847412109,7.960000038146973,7.699999809265137,7.699999809265137,25.641265,0.0
2015-01-18,7.880000114440918,7.889999866485596,7.75,7.75,15.463715,0.6493531425117771
2015-01-19,7.75,7.889999866485596,7.550000190734863,7.610000133514404,13.264079,-1.8064498901367188
2015-01-20,7.630000114440918,7.710000038146973,7.53000020980835,7.559999942779541,7.65256,-0.6570327182342961
2015-01-21,7.480000019073486,7.639999866485596,7.349999904632568,7.449999809265137,12.51614,-1.455028232102884
2015-01-22,7.400000095367432,7.599999904632568,7.400000095367432,7.5,15.391217,0.6711435169794333
2015-01-25,7.53000020980835,7.590000152587891,7.329999923706055,7.429999828338623,5.409025,-0.9333356221516876
2015-01-26,7.389999866485596,7.389999866485596,7.03000020980835,7.039999961853027,15.299737,-5.248988903042829
2015-01-27,7.130000114440918,7.139999866485596,6.800000190734863,6.989999771118164,19.06219,-0.7102299858777639
2015-01-28,6.989999771118164,7.110000133514404,6.880000114440918,6.900000095367432,18.054347,-1.2875490514692167
2015-01-29,6.869999885559082,6.869999885559082,6.599999904632568,6.699999809265137,17.612394,-2.8985548309857667
2015-02-01,6.940000057220459,7.179999828338623,6.900000095367432,7.139999866485596,19.174931,6.567165220094506
2015-02-02,7.190000057220459,7.349999904632568,7.019999980926514,7.050000190734863,30.663042,-1.2604996839451155
2015-02-03,7.25,7.400000095367432,7.179999828338623,7.389999866485596,22.629275,4.82269030570468
2015-02-04,7.489999771118164,7.610000133514404,7.329999923706055,7.369999885559082,25.172405,-0.27063574137823343
2015-02-05,7.25,7.289999961853027,7.119999885559082,7.289999961853027,22.189397,-1.08548066415588
2015-02-08,7.389999866485596,7.400000095367432,7.239999771118164,7.25,11.849297,-0.5486963245862619
2015-02-09,7.25,7.409999847412109,7.239999771118164,7.329999923706055,15.608059,1.103447223531795
2015-02-10,7.340000152587891,7.360000133514404,7.199999809265137,7.320000171661377,8.574094,-0.13642226669522417
2015-02-11,7.300000190734863,7.300000190734863,7.210000038146973,7.210000038146973,6.762239,-1.5027340291637992
2015-02-12,7.25,7.25,7.130000114440918,7.25,6.68975,0.5547844887849429
2015-02-15,7.389999866485596,7.579999923706055,7.380000114440918,7.579999923706055,19.597186,4.551723085600745
2015-02-16,7.619999885559082,7.75,7.28000020980835,7.309999942779541,28.947891,-3.5620050612679144
2015-02-17,7.349999904632568,7.409999847412109,7.300000190734863,7.369999885559082,8.654642,0.8207926573078339
2015-02-18,7.369999885559082,7.510000228881836,7.340000152587891,7.400000095367432,16.682648,0.40705848404600786
2015-02-19,7.349999904632568,7.449999809265137,7.300000190734863,7.429999828338623,12.527919,0.40540179168337964
2015-02-22,7.46999979019165,7.519999980926514,7.429999828338623,7.429999828338623,7.481383,0.0
2015-02-23,7.449999809265137,7.449999809265137,7.329999923706055,7.400000095367432,5.398882,-0.40376492145760556
2015-02-24,7.420000076293945,7.53000020980835,7.400000095367432,7.480000019073486,8.193437,1.0810800361494177
2015-02-25,7.5,7.639999866485596,7.5,7.579999923706055,11.391979,1.3368971173472577
2015-02-26,7.650000095367432,7.699999809265137,7.539999961853027,7.550000190734863,19.496046,-0.3957748452921295
2015-03-01,7.559999942779541,7.610000133514404,7.420000076293945,7.420000076293945,6.288813,-1.7218557769104414
2015-03-02,7.429999828338623,7.53000020980835,7.340000152587891,7.440000057220459,10.420442,0.2695415191491968
2015-03-03,7.449999809265137,7.489999771118164,7.360000133514404,7.449999809265137,9.389905,0.13440526838401912
2015-03-04,7.420000076293945,7.460000038146973,7.349999904632568,7.349999904632568,12.192501,-1.3422806334599358
2015-03-05,7.320000171661377,7.320000171661377,7.070000171661377,7.130000114440918,17.252312,-2.993194463213378
2015-03-08,7.090000152587891,7.139999866485596,6.960000038146973,7.099999904632568,11.074319,-0.42076029911398694
2015-03-09,7.139999866485596,7.170000076293945,7.070000171661377,7.119999885559082,4.708295,0.28168987598808926
2015-03-10,7.079999923706055,7.25,7.079999923706055,7.179999828338623,6.720271,0.8426958391001493
2015-03-11,7.099999904632568,7.139999866485596,6.96999979019165,7.03000020980835,12.860606,-2.0891312272493745
2015-03-12,7.0,7.059999942779541,6.949999809265137,7.059999942779541,4.38161,0.4267387208514606
2015-03-15,7.099999904632568,7.139999866485596,6.929999828338623,6.940000057220459,8.254968,-1.6997151066808325
2015-03-16,6.849999904632568,6.920000076293945,6.610000133514404,6.610000133514404,22.055113,-4.755042089123885
2015-03-17,6.690000057220459,6.699999809265137,6.510000228881836,6.599999904632568,17.806297,-0.15128939001275432
2015-03-18,6.599999904632568,6.599999904632568,6.139999866485596,6.25,24.219836,-5.303028934695919
2015-03-19,6.440000057220459,6.559999942779541,6.340000152587891,6.539999961853027,36.68298,4.63999938964843
2015-03-22,6.539999961853027,6.679999828338623,6.460000038146973,6.570000171661377,8.238739,0.45871880708465707
2015-03-23,6.590000152587891,6.75,6.539999961853027,6.75,6.649856,2.73972334300725
2015-03-24,6.75,6.809999942779541,6.639999866485596,6.670000076293945,8.833405,-1.185184054904509
2015-03-25,6.639999866485596,6.639999866485596,6.440000057220459,6.440000057220459,8.096766,-3.448276108585613
2015-03-26,6.019999980926514,6.46999979019165,5.949999809265137,6.429999828338623,21.755052,-0.15528305579165513
2015-03-29,6.449999809265137,6.579999923706055,6.349999904632568,6.510000228881836,7.967069,1.2441742251785293
2015-03-30,6.510000228881836,6.559999942779541,6.460000038146973,6.510000228881836,15.971101,0.0
2015-03-31,6.5,6.75,6.400000095367432,6.599999904632568,16.048306,1.3824834498691096
2015-04-01,6.599999904632568,6.699999809265137,6.590000152587891,6.639999866485596,6.127775,0.6060600368335001
2015-04-02,6.699999809265137,7.079999923706055,6.690000057220459,7.059999942779541,19.669475,6.325302481011064
2015-04-05,7.059999942779541,7.190000057220459,7.03000020980835,7.090000152587891,9.656318,0.42493215370393855
2015-04-06,7.099999904632568,7.25,7.079999923706055,7.210000038146973,7.790617,1.6925230321085616
2015-04-07,7.269999980926514,7.349999904632568,7.119999885559082,7.25,14.095403,0.5547844887849429
2015-04-08,7.309999942779541,7.349999904632568,7.190000057220459,7.190000057220459,7.978584,-0.8275854176488462
2015-04-09,7.159999847412109,7.190000057220459,7.070000171661377,7.150000095367432,7.872983,-0.5563276986744636
2015-04-12,7.170000076293945,7.300000190734863,7.139999866485596,7.300000190734863,10.792854,2.0979034037302835
2015-04-13,7.300000190734863,7.329999923706055,7.159999847412109,7.230000019073486,9.189203,-0.9589064360603805
2015-04-14,7.159999847412109,7.239999771118164,7.159999847412109,7.210000038146973,9.375848,-0.27662490835064224
2015-04-15,7.239999771118164,7.449999809265137,7.239999771118164,7.449999809265137,19.752665,3.328706932709613
2015-04-16,7.849999904632568,8.149999618530273,7.599999904632568,8.149999618530273,63.839151,9.395970834718504
2015-04-19,8.100000381469727,8.289999961853027,8.0,8.069999694824219,27.322278,-0.9815942018471135
2015-04-20,8.109999656677246,8.199999809265137,8.0,8.15999984741211,21.23677,1.115243568665969
2015-04-21,8.25,8.390000343322754,8.0600004196167,8.140000343322754,25.912552,-0.2450919664624518
2015-04-22,8.199999809265137,8.270000457763672,8.029999732971191,8.180000305175781,16.507898,0.4914000020385556
2015-04-23,8.0,8.140000343322754,7.889999866485596,7.929999828338623,13.93001,-3.0562404341106686
2015-04-26,7.929999828338623,8.079999923706055,7.920000076293945,8.079999923706055,11.388264,1.8915523154413139
2015-04-27,8.079999923706055,8.100000381469727,7.980000019073486,8.039999961853027,8.809129,-0.49504903750891005
2015-04-28,8.010000228881836,8.119999885559082,7.940000057220459,8.119999885559082,8.355296,0.9950239314132636
2015-04-29,8.119999885559082,8.25,8.100000381469727,8.149999618530273,16.218224,0.3694548447536805
2015-04-30,8.1899995803833,8.279999732971191,8.130000114440918,8.239999771118164,13.722566,1.1042964024594817
2015-05-03,8.199999809265137,8.239999771118164,7.920000076293945,7.940000057220459,9.433629,-3.6407733280433674
2015-05-04,8.0,8.0600004196167,7.78000020980835,7.800000190734863,20.2506,-1.7632224871117375
2015-05-05,7.75,7.880000114440918,7.710000038146973,7.760000228881836,3.877804,-0.5128200112166748
2015-05-06,7.78000020980835,7.900000095367432,7.670000076293945,7.829999923706055,14.057061,0.9020578963862436
2015-05-07,7.829999923706055,7.96999979019165,7.809999942779541,7.809999942779541,8.699731,-0.2554276005286016
2015-05-10,7.900000095367432,7.989999771118164,7.849999904632568,7.989999771118164,5.205985,2.3047353349219257
2015-05-11,8.0,8.0,7.829999923706055,7.880000114440918,6.359971,-1.376716643658327
2015-05-12,7.809999942779541,7.849999904632568,7.75,7.849999904632568,3.4652,-0.3807133169118959
2015-05-13,7.789999961853027,7.96999979019165,7.690000057220459,7.849999904632568,9.33215,0.0
2015-05-14,7.849999904632568,7.929999828338623,7.809999942779541,7.860000133514404,3.811125,0.1273914522716746
2015-05-17,7.889999866485596,7.900000095367432,7.769999980926514,7.860000133514404,4.092162,0.0
2015-05-18,7.860000133514404,7.960000038146973,7.739999771118164,7.949999809265137,8.698189,1.1450340231799805
2015-05-19,7.980000019073486,8.199999809265137,7.980000019073486,8.140000343322754,25.948553,2.3899438819631857
2015-05-20,8.109999656677246,8.260000228881836,8.109999656677246,8.119999885559082,14.533936,-0.24570585896938058
2015-05-21,8.149999618530273,8.210000038146973,8.130000114440918,8.199999809265137,12.67942,0.9852207491816589
2015-05-24,8.1899995803833,8.199999809265137,8.069999694824219,8.079999923706055,6.938985,-1.4634132725648952
2015-05-25,8.100000381469727,8.149999618530273,8.010000228881836,8.010000228881836,6.787375,-0.8663328649155755
2015-05-26,8.039999961853027,8.100000381469727,7.960000038146973,8.050000190734863,9.97615,0.49937528976340406
2015-05-27,7.929999828338623,7.96999979019165,7.829999923706055,7.829999923706055,11.638549,-2.732922507033197
2015-05-28,7.929999828338623,7.96999979019165,7.829999923706055,7.829999923706055,11.638549,0.0
2015-05-31,7.809999942779541,7.869999885559082,7.710000038146973,7.75,9.092658,-1.0217104021144063
2015-06-01,7.75,7.849999904632568,7.75,7.760000228881836,5.675172,0.12903521137852536
2015-06-02,7.730000019073486,7.940000057220459,7.730000019073486,7.900000095367432,8.781769,1.804121937581038
2015-06-03,7.889999866485596,8.020000457763672,7.849999904632568,7.920000076293945,17.182101,0.2531643124693339
2015-06-04,7.889999866485596,8.020000457763672,7.849999904632568,7.920000076293945,17.182101,0.0
2015-06-07,7.909999847412109,8.0,7.78000020980835,7.849999904632568,5.178712,-0.8838405427659124
2015-06-08,7.829999923706055,7.920000076293945,7.800000190734863,7.900000095367432,4.610046,0.6369451126407855
2015-06-09,7.849999904632568,8.09000015258789,7.769999980926514,8.09000015258789,16.318886,2.4050639864153345
2015-06-10,8.140000343322754,8.199999809265137,7.960000038146973,8.100000381469727,49.772759,0.123612221176983
2015-06-11,8.140000343322754,8.199999809265137,7.960000038146973,8.100000381469727,49.772759,0.0
2015-06-14,8.050000190734863,8.279999732971191,8.020000457763672,8.1899995803833,36.28361,1.1111011688278882
2015-06-15,8.199999809265137,8.229999542236328,8.079999923706055,8.100000381469727,15.089701,-1.0988913739280348
2015-06-16,8.09000015258789,8.09000015258789,8.0,8.010000228881836,8.10465,-1.1111129425843358
2015-06-17,8.039999961853027,8.119999885559082,8.0,8.119999885559082,9.720328,1.3732790703378184
2015-06-18,8.039999961853027,8.119999885559082,8.0,8.119999885559082,9.720328,0.0
2015-06-21,8.0,8.050000190734863,7.96999979019165,8.039999961853027,2.537876,-0.9852207491816589
2015-06-22,8.039999961853027,8.180000305175781,8.029999732971191,8.130000114440918,7.91302,1.1194048882451346
2015-06-23,8.130000114440918,8.1899995803833,8.069999694824219,8.09000015258789,9.28975,-0.4920044439111093
2015-06-24,8.100000381469727,8.119999885559082,8.029999732971191,8.100000381469727,4.581488,0.123612221176983
2015-06-25,8.100000381469727,8.119999885559082,8.029999732971191,8.100000381469727,4.581488,0.0
2015-06-28,7.900000095367432,7.909999847412109,7.769999980926514,7.789999961853027,17.881988,-3.827165494039775
2015-06-29,7.739999771118164,7.820000171661377,7.630000114440918,7.760000228881836,10.787505,-0.38510568829394076
2015-06-30,7.760000228881836,7.880000114440918,7.650000095367432,7.880000114440918,13.565757,1.5463902322123246
2015-07-01,7.900000095367432,7.900000095367432,7.769999980926514,7.820000171661377,9.003041,-0.7614205825909215
2015-07-02,7.900000095367432,7.900000095367432,7.769999980926514,7.820000171661377,9.003041,0.0
2015-07-05,7.78000020980835,7.789999961853027,7.699999809265137,7.739999771118164,2.692957,-1.0230230023922982
2015-07-06,7.650000095367432,7.800000190734863,7.610000133514404,7.769999980926514,6.549887,0.3875996213888122
2015-07-07,7.769999980926514,7.800000190734863,7.699999809265137,7.699999809265137,7.037871,-0.9009031123965339
2015-07-08,7.730000019073486,7.739999771118164,7.5,7.5,13.037524,-2.597400184666032
2015-07-09,7.730000019073486,7.739999771118164,7.5,7.5,13.037524,0.0
2015-07-12,7.670000076293945,7.710000038146973,7.599999904632568,7.599999904632568,2.23641,1.333332061767578
2015-07-13,7.590000152587891,7.840000152587891,7.590000152587891,7.760000228881836,11.087697,2.1052674507501035
2015-07-14,7.900000095367432,7.929999828338623,7.78000020980835,7.78000020980835,6.663347,0.2577317053687133
2015-07-15,7.840000152587891,7.929999828338623,7.840000152587891,7.920000076293945,10.796087,1.799484096531212
2015-07-16,7.840000152587891,7.929999828338623,7.840000152587891,7.920000076293945,10.796087,0.0
2015-07-21,8.130000114440918,8.15999984741211,8.039999961853027,8.100000381469727,7.335676,2.2727311040634524
2015-07-22,8.050000190734863,8.100000381469727,8.0,8.079999923706055,5.712318,-0.2469192200216019
2015-07-23,8.020000457763672,8.0600004196167,7.949999809265137,8.039999961853027,5.498568,-0.49504903750891005
2015-07-26,8.0,8.039999961853027,7.920000076293945,7.960000038146973,3.257987,-0.9950239314132636
2015-07-27,7.960000038146973,8.039999961853027,7.920000076293945,7.929999828338623,3.411231,-0.3768870560876713
2015-07-28,7.909999847412109,7.929999828338623,7.849999904632568,7.900000095367432,7.070605,-0.37830685524083973
2015-07-29,7.949999809265137,7.949999809265137,7.849999904632568,7.889999866485596,5.727883,-0.1265851741913293
2015-07-30,7.880000114440918,7.940000057220459,7.860000133514404,7.900000095367432,4.061565,0.1267456153492885
2015-08-02,7.889999866485596,8.020000457763672,7.820000171661377,7.869999885559082,3.875501,-0.3797494866606632
2015-08-03,7.949999809265137,7.96999979019165,7.860000133514404,7.96999979019165,7.535792,1.2706468371881607
2015-08-04,7.940000057220459,7.940000057220459,7.849999904632568,7.900000095367432,8.601041,-0.87828979506831
2015-08-05,7.900000095367432,7.980000019073486,7.829999923706055,7.980000019073486,4.554883,1.0126572498773356
2015-08-06,7.929999828338623,7.929999828338623,7.849999904632568,7.920000076293945,2.768959,-0.7518789804026538
2015-08-09,7.880000114440918,7.909999847412109,7.820000171661377,7.820000171661377,2.152918,-1.262625046329069
2015-08-10,7.809999942779541,7.880000114440918,7.800000190734863,7.800000190734863,4.084103,-0.2557542261826362
2015-08-11,7.820000171661377,7.869999885559082,7.75,7.75,3.677643,-0.6410280706692251
2015-08-12,7.71999979019165,7.71999979019165,7.570000171661377,7.630000114440918,10.489549,-1.5483856201171875
2015-08-13,7.650000095367432,7.690000057220459,7.420000076293945,7.489999771118164,15.73593,-1.8348668574431959
2015-08-16,7.460000038146973,7.519999980926514,7.380000114440918,7.389999866485596,6.463636,-1.3351122521815473
2015-08-17,7.409999847412109,7.440000057220459,7.28000020980835,7.320000171661377,16.989964,-0.9472218685912859
2015-08-18,7.300000190734863,7.360000133514404,7.090000152587891,7.099999904632568,15.149144,-3.005468058327609
2015-08-19,7.099999904632568,7.150000095367432,7.03000020980835,7.110000133514404,10.180475,0.1408482960022494
2015-08-20,6.960000038146973,6.960000038146973,6.630000114440918,6.739999771118164,27.748003,-5.203943114602339
2015-08-23,6.400000095367432,6.440000057220459,6.070000171661377,6.179999828338623,29.946444,-8.30860477442772
2015-08-24,5.880000114440918,6.349999904632568,5.699999809265137,6.119999885559082,36.452176,-0.9708728874782356
2015-08-25,6.239999771118164,6.369999885559082,6.110000133514404,6.329999923706055,34.970703,3.431373236501112
2015-08-26,6.300000190734863,6.389999866485596,6.199999809265137,6.21999979019165,16.435037,-1.737758844237114
2015-08-27,6.400000095367432,6.53000020980835,6.369999885559082,6.519999980926514,19.970098,4.823154354569836
2015-08-30,6.699999809265137,6.840000152587891,6.659999847412109,6.699999809265137,16.810166,2.760733571552021
2015-08-31,6.639999866485596,6.75,6.5,6.75,11.769815,0.7462715247501972
2015-09-01,6.75,6.820000171661377,6.519999980926514,6.519999980926514,8.716712,-3.4074076899775707
2015-09-02,6.349999904632568,6.519999980926514,6.179999828338623,6.190000057220459,15.096455,-5.061348537905374
2015-09-03,6.360000133514404,6.429999828338623,6.340000152587891,6.420000076293945,10.430398,3.71567070997354
2015-09-06,6.28000020980835,6.349999904632568,6.210000038146973,6.300000190734863,4.330974,-1.8691570737231824
2015-09-07,6.28000020980835,6.400000095367432,6.260000228881836,6.289999961853027,6.757826,-0.1587337869694449
2015-09-08,6.230000019073486,6.420000076293945,6.21999979019165,6.400000095367432,8.253659,1.748809764412118
2015-09-09,6.5,6.570000171661377,6.440000057220459,6.440000057220459,9.722847,0.6249993946403354
2015-09-10,6.340000152587891,6.389999866485596,6.269999980926514,6.369999885559082,8.118053,-1.086959177630653
2015-09-13,6.329999923706055,6.420000076293945,6.300000190734863,6.300000190734863,3.712479,-1.0988963278148467
2015-09-14,6.28000020980835,6.28000020980835,6.139999866485596,6.170000076293945,6.690907,-2.0634938175415174
2015-09-15,6.170000076293945,6.25,6.139999866485596,6.239999771118164,6.035072,1.1345169199133087
2015-09-16,6.28000020980835,6.389999866485596,6.28000020980835,6.369999885559082,7.523253,2.083335243738693
2015-09-17,6.429999828338623,6.449999809265137,6.369999885559082,6.409999847412109,8.981748,0.6279428975141332
2015-09-20,6.340000152587891,6.360000133514404,6.260000228881836,6.360000133514404,5.841519,-0.7800267564419872
2015-09-21,6.340000152587891,6.610000133514404,6.329999923706055,6.579999923706055,10.358881,3.459116125365292
2015-09-22,6.570000171661377,6.639999866485596,6.429999828338623,6.5,5.163699,-1.2158043257392115
2015-09-27,6.46999979019165,6.550000190734863,6.449999809265137,6.449999809265137,2.620334,-0.7692337036132812
2015-09-28,6.449999809265137,6.449999809265137,6.360000133514404,6.380000114440918,11.987066,-1.0852666185147353
2015-09-29,6.300000190734863,6.349999904632568,6.269999980926514,6.300000190734863,10.409712,-1.2539172769758689
2015-09-30,6.380000114440918,6.480000019073486,6.349999904632568,6.460000038146973,11.557464,2.5396800407627707
2015-10-01,6.460000038146973,6.590000152587891,6.460000038146973,6.550000190734863,12.455256,1.3931912083038789
2015-10-04,6.550000190734863,6.590000152587891,6.46999979019165,6.46999979019165,5.951571,-1.2213801253987078
2015-10-05,6.5,6.739999771118164,6.5,6.710000038146973,14.245044,3.709432082504183
2015-10-06,6.800000190734863,6.820000171661377,6.739999771118164,6.800000190734863,14.905322,1.3412839355623207
2015-10-07,6.829999923706055,6.949999809265137,6.829999923706055,6.889999866485596,10.224056,1.3235246062692552
2015-10-08,6.900000095367432,6.940000057220459,6.860000133514404,6.929999828338623,9.341348,0.5805509815405951
2015-10-11,6.949999809265137,7.010000228881836,6.900000095367432,6.900000095367432,4.431203,-0.4328965903940496
2015-10-12,6.929999828338623,6.940000057220459,6.840000152587891,6.940000057220459,11.113745,0.5797095840604838
2015-10-14,6.96999979019165,6.96999979019165,6.869999885559082,6.869999885559082,5.532586,-1.0086479983317576
2015-10-15,6.869999885559082,6.869999885559082,6.869999885559082,6.869999885559082,0.0,0.0
2015-10-18,6.920000076293945,6.96999979019165,6.920000076293945,6.949999809265137,8.417213,1.1644821694133831
2015-10-19,6.96999979019165,6.96999979019165,6.900000095367432,6.949999809265137,9.909679,0.0
2015-10-20,6.920000076293945,6.949999809265137,6.860000133514404,6.860000133514404,5.183618,-1.2949593988585861
2015-10-21,6.869999885559082,6.869999885559082,6.599999904632568,6.659999847412109,10.1202,-2.9154560088883508
2015-10-22,6.610000133514404,6.639999866485596,6.519999980926514,6.599999904632568,8.963883,-0.9009000623754536
2015-10-25,6.670000076293945,6.730000019073486,6.599999904632568,6.610000133514404,4.207451,0.1515186216111352
2015-10-26,6.670000076293945,6.730000019073486,6.599999904632568,6.610000133514404,4.207451,0.0
2015-10-27,6.650000095367432,6.650000095367432,6.489999771118164,6.5,6.240692,-1.6641472207644226
2015-10-28,6.510000228881836,6.519999980926514,6.400000095367432,6.449999809265137,5.742386,-0.7692337036132812
2015-10-29,6.460000038146973,6.460000038146973,6.329999923706055,6.400000095367432,5.080002,-0.7751893856784764
2015-11-01,6.5,6.5,6.150000095367432,6.199999809265137,11.200021,-3.125004423782163
2015-11-02,6.5,6.5,6.150000095367432,6.199999809265137,11.200021,0.0
2015-11-03,6.210000038146973,6.480000019073486,6.210000038146973,6.480000019073486,16.345703,4.516132555196584
2015-11-04,6.489999771118164,6.630000114440918,6.489999771118164,6.630000114440918,10.547905,2.3148162797209215
2015-11-05,6.630000114440918,6.650000095367432,6.300000190734863,6.300000190734863,10.424522,-4.977374328957795
2015-11-08,6.429999828338623,6.429999828338623,6.099999904632568,6.139999866485596,12.192742,-2.5396876096063115
2015-11-09,6.429999828338623,6.429999828338623,6.099999904632568,6.139999866485596,12.192742,0.0
2015-11-10,6.159999847412109,6.239999771118164,6.139999866485596,6.230000019073486,4.112027,1.4658005626212667
2015-11-11,6.230000019073486,6.230000019073486,6.0,6.0,11.0824,-3.691814099026147
2015-11-12,6.159999847412109,6.289999961853027,6.0,6.070000171661377,8.738451,1.1666695276896233
2015-11-15,5.949999809265137,5.949999809265137,5.809999942779541,5.900000095367432,12.37484,-2.800660156281609
2015-11-16,5.920000076293945,5.96999979019165,5.820000171661377,5.849999904632568,15.304716,-0.8474608462146094
2015-11-17,5.940000057220459,6.039999961853027,5.920000076293945,5.940000057220459,13.330843,1.5384641718817926
2015-11-18,5.909999847412109,6.039999961853027,5.860000133514404,5.980000019073486,7.806222,0.6734000247088368
2015-11-19,6.019999980926514,6.170000076293945,6.010000228881836,6.170000076293945,8.195172,3.177258471813471
2015-11-22,6.21999979019165,6.239999771118164,6.179999828338623,6.199999809265137,4.861572,0.4862193290151584
2015-11-23,6.170000076293945,6.199999809265137,6.099999904632568,6.139999866485596,1.82314,-0.9677410423445276
2015-11-24,6.150000095367432,6.150000095367432,5.929999828338623,5.949999809265137,7.451811,-3.0944635399350773
2015-11-25,5.949999809265137,5.949999809265137,5.78000020980835,5.949999809265137,9.359211,0.0
2015-11-26,5.960000038146973,5.960000038146973,5.849999904632568,5.889999866485596,3.150173,-1.0084024319817808
2015-11-29,5.880000114440918,5.900000095367432,5.829999923706055,5.829999923706055,2.146521,-1.0186747731683932
2015-11-30,5.869999885559082,5.96999979019165,5.769999980926514,5.769999980926514,15.5547,-1.029158551710574
2015-12-01,5.769999980926514,5.769999980926514,5.769999980926514,5.769999980926514,0.0,0.0
2015-12-06,5.849999904632568,5.900000095367432,5.699999809265137,5.800000190734863,7.223684,0.5199343138218238
2015-12-07,5.849999904632568,5.900000095367432,5.699999809265137,5.800000190734863,7.223684,0.0
2015-12-08,5.800000190734863,5.800000190734863,5.539999961853027,5.570000171661377,18.679716,-3.9655174398252058
2015-12-09,5.5,5.510000228881836,5.349999904632568,5.380000114440918,18.459,-3.411131981415849
2015-12-10,5.400000095367432,5.5,5.25,5.389999866485596,19.610346,0.18586899315924388
2015-12-13,4.909999847412109,5.130000114440918,4.880000114440918,5.130000114440918,17.432207,-4.823743200094055
2015-12-14,5.099999904632568,5.28000020980835,5.099999904632568,5.21999979019165,20.649584,1.754379605126788
2015-12-15,5.099999904632568,5.28000020980835,5.099999904632568,5.21999979019165,20.649584,0.0
2015-12-16,5.269999980926514,5.329999923706055,5.21999979019165,5.329999923706055,14.887424,2.107282335932159
2015-12-17,5.389999866485596,5.539999961853027,5.389999866485596,5.53000020980835,21.039673,3.7523506372441062
2015-12-20,5.650000095367432,5.699999809265137,5.5,5.690000057220459,6.812914,2.893306353376324
2015-12-21,5.650000095367432,5.699999809265137,5.5,5.690000057220459,6.812914,0.0
2015-12-22,5.630000114440918,5.869999885559082,5.599999904632568,5.869999885559082,12.866831,3.1634415910103186
2015-12-23,5.840000152587891,5.880000114440918,5.78000020980835,5.78000020980835,10.092442,-1.5332142675529292
2015-12-24,5.849999904632568,5.849999904632568,5.679999828338623,5.699999809265137,3.974638,-1.3840899245549545
2015-12-27,5.710000038146973,5.880000114440918,5.710000038146973,5.760000228881836,4.774564,1.0526389758675148
2015-12-28,5.710000038146973,5.880000114440918,5.710000038146973,5.760000228881836,4.774564,0.0
2015-12-29,5.769999980926514,5.769999980926514,5.639999866485596,5.670000076293945,3.103619,-1.562502587007053
2015-12-30,5.670000076293945,5.71999979019165,5.550000190734863,5.710000038146973,5.300938,0.7054666898553608
2015-12-31,5.71999979019165,5.78000020980835,5.679999828338623,5.699999809265137,5.87219,-0.17513535577980965
2016-01-03,5.440000057220459,5.599999904632568,5.440000057220459,5.599999904632568,20.079409,-1.7543843505051004
2016-01-04,5.440000057220459,5.599999904632568,5.440000057220459,5.599999904632568,20.079409,0.0
2016-01-05,5.550000190734863,5.550000190734863,5.460000038146973,5.5,5.290848,-1.7857126131349377
2016-01-06,5.480000019073486,5.570000171661377,5.440000057220459,5.5,6.088027,0.0
2016-01-07,5.519999980926514,5.519999980926514,5.400000095367432,5.420000076293945,5.685517,-1.4545440673828125
2016-01-10,5.079999923706055,5.21999979019165,5.050000190734863,5.119999885559082,7.32421,-5.535058791733372
2016-01-11,5.079999923706055,5.21999979019165,5.050000190734863,5.119999885559082,7.32421,0.0
2016-01-12,5.090000152587891,5.110000133514404,4.929999828338623,5.039999961853027,49.411601,-1.5624985448084439
2016-01-13,4.880000114440918,4.929999828338623,4.789999961853027,4.880000114440918,37.593825,-3.174600171093711
2016-01-14,4.929999828338623,4.980000019073486,4.860000133514404,4.860000133514404,18.943172,-0.4098356651125789
2016-01-17,4.349999904632568,4.429999828338623,4.21999979019165,4.400000095367432,18.746371,-9.465021101024815
2016-01-18,4.349999904632568,4.429999828338623,4.21999979019165,4.400000095367432,18.746371,0.0
2016-01-19,4.400000095367432,4.590000152587891,4.369999885559082,4.400000095367432,13.954179,0.0
2016-01-20,4.5,4.679999828338623,4.489999771118164,4.639999866485596,17.783882,5.454540134461583
2016-01-21,4.519999980926514,4.519999980926514,4.309999942779541,4.400000095367432,14.254013,-5.172409009139556
2016-01-24,4.75,4.800000190734863,4.650000095367432,4.710000038146973,22.533052,7.045453092283482
2016-01-25,4.75,4.800000190734863,4.650000095367432,4.710000038146973,22.533052,0.0
2016-01-26,4.71999979019165,4.75,4.550000190734863,4.579999923706055,12.751982,-2.760087333079153
2016-01-27,4.420000076293945,4.579999923706055,4.420000076293945,4.570000171661377,11.347399,-0.21833520111909088
2016-01-28,4.630000114440918,4.71999979019165,4.630000114440918,4.659999847412109,12.437082,1.9693582575515345
2016-01-31,5.110000133514404,5.199999809265137,5.059999942779541,5.110000133514404,21.90266,9.656658816248642
2016-02-01,5.110000133514404,5.199999809265137,5.059999942779541,5.110000133514404,21.90266,0.0
2016-02-02,5.090000152587891,5.179999828338623,4.96999979019165,5.179999828338623,29.494784,1.369857005778119
2016-02-03,5.110000133514404,5.21999979019165,5.059999942779541,5.139999866485596,22.598254,-0.772200061362871
2016-02-04,4.96999979019165,5.090000152587891,4.96999979019165,5.090000152587891,19.944995,-0.9727571049898076
2016-02-07,5.480000019073486,5.599999904632568,5.420000076293945,5.449999809265137,16.258863,7.072684594993839
2016-02-08,5.480000019073486,5.599999904632568,5.420000076293945,5.449999809265137,16.258863,0.0
2016-02-09,5.449999809265137,5.760000228881836,5.449999809265137,5.619999885559082,32.832439,3.119267564100481
2016-02-10,5.510000228881836,5.630000114440918,5.400000095367432,5.579999923706055,23.347209,-0.7117431079635694
2016-02-11,5.510000228881836,5.570000171661377,5.440000057220459,5.510000228881836,19.732752,-1.2544748347904533
2016-02-14,5.510000228881836,5.539999961853027,5.449999809265137,5.449999809265137,11.655565,-1.0889367899150737
2016-02-15,5.510000228881836,5.539999961853027,5.449999809265137,5.449999809265137,11.655565,0.0
2016-02-16,5.489999771118164,5.489999771118164,5.380000114440918,5.480000019073486,5.277508,0.5504625845554889
2016-02-17,5.579999923706055,5.670000076293945,5.570000171661377,5.659999847412109,17.01524,3.2846683889073303
2016-02-18,5.639999866485596,5.639999866485596,5.550000190734863,5.599999904632568,7.118098,-1.060069688994325
2016-02-21,5.650000095367432,5.679999828338623,5.610000133514404,5.639999866485596,2.285856,0.7142850452539706
2016-02-22,5.650000095367432,5.679999828338623,5.610000133514404,5.639999866485596,2.285856,0.0
2016-02-23,5.650000095367432,5.800000190734863,5.639999866485596,5.75,12.988427,1.9503570233760923
2016-02-24,5.800000190734863,5.849999904632568,5.769999980926514,5.809999942779541,10.981881,1.043477265731152
2016-02-25,5.739999771118164,5.739999771118164,5.639999866485596,5.670000076293945,7.640916,-2.4096362799380544
2016-02-28,5.679999828338623,5.710000038146973,5.630000114440918,5.699999809265137,4.821193,0.5290958124783751
2016-02-29,5.679999828338623,5.710000038146973,5.630000114440918,5.699999809265137,4.821193,0.0
2016-03-01,5.670000076293945,5.849999904632568,5.590000152587891,5.849999904632568,18.861485,2.6315807085398824
2016-03-02,5.849999904632568,5.96999979019165,5.800000190734863,5.860000133514404,20.770878,0.170944086236946
2016-03-03,5.949999809265137,5.96999979019165,5.75,5.75,19.597007,-1.8771353414361425
2016-03-06,5.900000095367432,5.940000057220459,5.869999885559082,5.940000057220459,13.649678,3.304348821225367
2016-03-07,5.900000095367432,5.940000057220459,5.869999885559082,5.940000057220459,13.649678,0.0
2016-03-08,5.949999809265137,6.070000171661377,5.880000114440918,5.960000038146973,24.275634,0.3367000123544184
2016-03-09,6.0,6.059999942779541,5.960000038146973,6.0,10.657531,0.6711402952518153
2016-03-10,5.960000038146973,5.989999771118164,5.900000095367432,5.989999771118164,3.690295,-0.1666704813639286
2016-03-13,6.199999809265137,6.300000190734863,6.179999828338623,6.269999980926514,18.513146,4.674461110306205
2016-03-14,6.199999809265137,6.300000190734863,6.179999828338623,6.269999980926514,18.513146,0.0
2016-03-15,6.300000190734863,6.320000171661377,6.110000133514404,6.179999828338623,10.468342,-1.4354091365498145
2016-03-16,6.119999885559082,6.230000019073486,6.110000133514404,6.110000133514404,7.822175,-1.1326811774853507
2016-03-17,6.110000133514404,6.110000133514404,5.75,5.949999809265137,12.776807,-2.6186631874464017
2016-03-20,6.230000019073486,6.230000019073486,6.079999923706055,6.179999828338623,11.176474,3.865546662965236
2016-03-21,6.230000019073486,6.230000019073486,6.079999923706055,6.179999828338623,11.176474,0.0
2016-03-22,6.190000057220459,6.199999809265137,6.070000171661377,6.199999809265137,7.883409,0.323624295826086
2016-03-23,6.079999923706055,6.099999904632568,5.989999771118164,6.090000152587891,8.875211,-1.77418806550389
2016-03-24,6.079999923706055,6.099999904632568,5.989999771118164,6.090000152587891,8.875211,0.0
2016-03-27,5.949999809265137,5.949999809265137,5.840000152587891,5.860000133514404,4.225977,-3.77668330559483
2016-03-28,5.949999809265137,5.949999809265137,5.840000152587891,5.860000133514404,4.225977,0.0
2016-03-29,5.880000114440918,5.900000095367432,5.769999980926514,5.800000190734863,8.554031,-1.0238897851962525
2016-03-30,5.800000190734863,5.880000114440918,5.760000228881836,5.800000190734863,5.366747,0.0
2016-03-31,5.860000133514404,5.920000076293945,5.860000133514404,5.880000114440918,8.886228,1.379308984055716
2016-04-03,5.960000038146973,5.960000038146973,5.889999866485596,5.889999866485596,3.814596,0.17006380697373036
2016-04-04,5.960000038146973,5.960000038146973,5.889999866485596,5.889999866485596,3.814596,0.0
2016-04-05,5.889999866485596,6.039999961853027,5.889999866485596,6.039999961853027,8.993221,2.546690980774713
2016-04-06,6.010000228881836,6.010000228881836,5.920000076293945,5.980000019073486,5.816393,-0.9933765423590035
2016-04-07,6.0,6.090000152587891,5.929999828338623,5.929999828338623,9.601447,-0.8361235882171414
2016-04-10,6.099999904632568,6.159999847412109,6.059999942779541,6.150000095367432,12.512901,3.7099540201916734
2016-04-11,6.099999904632568,6.159999847412109,6.059999942779541,6.150000095367432,12.512901,0.0
2016-04-12,6.170000076293945,6.179999828338623,6.090000152587891,6.119999885559082,8.774517,-0.48780828200226667
2016-04-13,6.119999885559082,6.25,6.119999885559082,6.210000038146973,14.537106,1.4705907560596199
2016-04-14,6.28000020980835,6.409999847412109,6.260000228881836,6.380000114440918,23.263361,2.7375213405743004
2016-04-17,6.710000038146973,6.820000171661377,6.619999885559082,6.650000095367432,11.773149,4.231974546761808
2016-04-18,6.710000038146973,6.820000171661377,6.619999885559082,6.650000095367432,11.773149,0.0
2016-04-19,6.510000228881836,6.610000133514404,6.46999979019165,6.559999942779541,18.933025,-1.3533857337925004
2016-04-20,6.630000114440918,6.71999979019165,6.619999885559082,6.650000095367432,12.036585,1.3719535575141606
2016-04-21,6.71999979019165,6.900000095367432,6.679999828338623,6.900000095367432,7.031811,3.7593984423272
2016-04-24,6.900000095367432,6.949999809265137,6.820000171661377,6.829999923706055,4.25674,-1.0144952274475203
2016-04-25,6.900000095367432,6.949999809265137,6.820000171661377,6.829999923706055,4.25674,0.0
2016-04-26,6.820000171661377,6.880000114440918,6.710000038146973,6.710000038146973,9.74144,-1.7569529560692687
2016-04-27,6.730000019073486,6.869999885559082,6.730000019073486,6.789999961853027,15.200635,1.1922492287816278
2016-04-28,6.579999923706055,6.800000190734863,6.579999923706055,6.800000190734863,9.574597,0.1472787767013095
2016-05-01,6.789999961853027,6.789999961853027,6.639999866485596,6.639999866485596,6.014453,-2.352945878843815
2016-05-02,6.789999961853027,6.789999961853027,6.639999866485596,6.639999866485596,6.014453,0.0
2016-05-03,6.670000076293945,6.730000019073486,6.480000019073486,6.5,14.731626,-2.1084317665761465
2016-05-04,6.519999980926514,6.579999923706055,6.349999904632568,6.349999904632568,12.786312,-2.307693774883568
2016-05-08,6.300000190734863,6.320000171661377,6.210000038146973,6.260000228881836,8.179797,-1.4173177496439648
2016-05-09,6.340000152587891,6.340000152587891,6.119999885559082,6.230000019073486,9.070922,-0.4792365608860094
2016-05-10,6.340000152587891,6.340000152587891,6.119999885559082,6.230000019073486,9.070922,0.0
2016-05-11,6.190000057220459,6.230000019073486,6.159999847412109,6.210000038146973,7.309979,-0.321026980181105
2016-05-12,6.25,6.400000095367432,6.25,6.369999885559082,7.071168,2.576487060052446
2016-05-15,6.320000171661377,6.440000057220459,6.28000020980835,6.300000190734863,3.29731,-1.0988963278148467
2016-05-16,6.320000171661377,6.440000057220459,6.28000020980835,6.300000190734863,3.29731,0.0
2016-05-17,6.329999923706055,6.349999904632568,6.21999979019165,6.230000019073486,5.020279,-1.1111138022554812
2016-05-18,6.300000190734863,6.400000095367432,6.300000190734863,6.369999885559082,9.288138,2.2471888612677127
2016-05-19,6.360000133514404,6.360000133514404,6.190000057220459,6.199999809265137,6.795175,-2.6687610572700198
2016-05-22,6.150000095367432,6.199999809265137,6.130000114440918,6.130000114440918,2.740845,-1.1290273706075382
2016-05-23,6.150000095367432,6.199999809265137,6.130000114440918,6.130000114440918,2.740845,0.0
2016-05-24,6.170000076293945,6.170000076293945,6.0,6.099999904632568,6.34468,-0.4893998246048303
2016-05-25,6.079999923706055,6.139999866485596,5.949999809265137,6.059999942779541,8.030652,-0.6557370898096271
2016-05-26,6.309999942779541,6.420000076293945,6.300000190734863,6.369999885559082,10.074844,5.115510655225397
2016-05-29,6.329999923706055,6.389999866485596,6.329999923706055,6.380000114440918,1.753258,0.15698946721343088
2016-05-30,6.329999923706055,6.389999866485596,6.329999923706055,6.380000114440918,1.753258,0.0
2016-05-31,6.329999923706055,6.329999923706055,6.21999979019165,6.239999771118164,4.037107,-2.194362708644282
2016-06-01,6.210000038146973,6.25,6.150000095367432,6.25,13.534371,0.16026008411285098
2016-06-02,6.230000019073486,6.25,6.150000095367432,6.150000095367432,5.995286,-1.5999984741210893
2016-06-05,6.190000057220459,6.239999771118164,6.119999885559082,6.239999771118164,0.973624,1.4634093391075798
2016-06-06,6.190000057220459,6.239999771118164,6.119999885559082,6.239999771118164,0.973624,0.0
2016-06-07,6.25,6.25,6.130000114440918,6.170000076293945,4.19307,-1.1217900223043695
2016-06-08,6.150000095367432,6.340000152587891,6.150000095367432,6.340000152587891,11.563646,2.755268625475571
2016-06-09,6.480000019073486,6.5,6.389999866485596,6.46999979019165,12.777481,2.050467420741242
2016-06-12,6.380000114440918,6.380000114440918,6.340000152587891,6.340000152587891,2.675237,-2.0092680343025027
2016-06-13,6.380000114440918,6.380000114440918,6.340000152587891,6.340000152587891,2.675237,0.0
2016-06-14,6.300000190734863,6.340000152587891,6.25,6.28000020980835,5.578313,-0.9463713144399531
2016-06-15,6.28000020980835,6.309999942779541,6.239999771118164,6.300000190734863,4.606622,0.318471023221889
2016-06-16,6.239999771118164,6.25,6.210000038146973,6.239999771118164,4.484961,-0.952387584129588
2016-06-19,6.300000190734863,6.300000190734863,6.210000038146973,6.210000038146973,3.255997,-0.4807649690957594
2016-06-20,6.300000190734863,6.300000190734863,6.210000038146973,6.210000038146973,3.255997,0.0
2016-06-21,6.21999979019165,6.289999961853027,6.21999979019165,6.230000019073486,3.517771,0.3220608825065474
2016-06-22,6.230000019073486,6.28000020980835,6.210000038146973,6.25,6.470346,0.321026980181105
2016-06-23,6.369999885559082,6.400000095367432,6.329999923706055,6.400000095367432,9.820976,2.4000015258789142
2016-06-26,6.190000057220459,6.199999809265137,6.090000152587891,6.099999904632568,17.773164,-4.687502910383001
2016-06-27,6.159999847412109,6.21999979019165,6.119999885559082,6.119999885559082,6.723061,0.327868544904808
2016-06-28,6.139999866485596,6.179999828338623,6.070000171661377,6.110000133514404,6.96348,-0.1633946443083012
2016-06-29,6.159999847412109,6.179999828338623,6.070000171661377,6.099999904632568,10.265043,-0.16366986355668134
2016-06-30,6.130000114440918,6.199999809265137,6.099999904632568,6.199999809265137,5.852391,1.6393427245240622
2016-07-03,6.179999828338623,6.260000228881836,6.179999828338623,6.25,2.468224,0.806454714081517
2016-07-04,6.25,6.360000133514404,6.21999979019165,6.329999923706055,8.669367,1.2799987792968759
2016-07-05,6.329999923706055,6.329999923706055,6.329999923706055,6.329999923706055,0.0,0.0
2016-07-06,6.329999923706055,6.329999923706055,6.329999923706055,6.329999923706055,0.0,0.0
2016-07-10,6.329999923706055,6.409999847412109,6.329999923706055,6.349999904632568,3.868142,0.3159554686819721
2016-07-11,6.380000114440918,6.449999809265137,6.380000114440918,6.440000057220459,11.054219,1.417325258890667
2016-07-12,6.449999809265137,6.599999904632568,6.449999809265137,6.599999904632568,10.43797,2.4844696582373427
2016-07-13,6.650000095367432,6.690000057220459,6.599999904632568,6.690000057220459,13.347533,1.3636386952781576
2016-07-14,6.690000057220459,6.699999809265137,6.610000133514404,6.699999809265137,7.783598,0.14947312345512387
2016-07-17,6.710000038146973,6.71999979019165,6.650000095367432,6.699999809265137,3.547051,0.0
2016-07-18,6.679999828338623,6.849999904632568,6.670000076293945,6.849999904632568,10.414286,2.2388074572778693
2016-07-19,6.889999866485596,6.929999828338623,6.860000133514404,6.900000095367432,12.238395,0.7299298019120881
2016-07-20,6.900000095367432,7.039999961853027,6.869999885559082,7.019999980926514,25.818952,1.7391287521814514
2016-07-21,7.0,7.079999923706055,6.980000019073486,7.0,14.384845,-0.2849000139722779
2016-07-24,7.0,7.0,6.849999904632568,6.849999904632568,4.996535,-2.1428585052490234
2016-07-25,6.849999904632568,7.0,6.849999904632568,7.0,9.222562,2.189782444609789
2016-07-26,6.989999771118164,7.0,6.900000095367432,6.900000095367432,8.788544,-1.4285700661795464
2016-07-27,6.900000095367432,6.900000095367432,6.800000190734863,6.880000114440918,14.183291,-0.2898547920302419
2016-07-28,6.849999904632568,6.889999866485596,6.820000171661377,6.880000114440918,9.379308,0.0
2016-07-31,6.860000133514404,6.900000095367432,6.820000171661377,6.820000171661377,2.558597,-0.872092177056838
2016-08-01,6.889999866485596,6.980000019073486,6.880000114440918,6.949999809265137,11.425005,1.9061529960649803
2016-08-02,6.949999809265137,6.949999809265137,6.840000152587891,6.840000152587891,12.779872,-1.5827289164900948
2016-08-03,6.809999942779541,6.809999942779541,6.659999847412109,6.659999847412109,9.006358,-2.63158335029684
2016-08-04,6.71999979019165,6.769999980926514,6.71999979019165,6.75,2.743132,1.3513536734218068
2016-08-07,6.800000190734863,6.840000152587891,6.760000228881836,6.809999942779541,2.526407,0.8888880411783928
2016-08-08,6.849999904632568,6.900000095367432,6.840000152587891,6.900000095367432,8.024349,1.3215881548327424
2016-08-09,6.920000076293945,6.980000019073486,6.920000076293945,6.960000038146973,15.118467,0.8695643760907146
2016-08-10,6.960000038146973,7.079999923706055,6.960000038146973,7.079999923706055,14.697476,1.724136277318622
2016-08-11,7.090000152587891,7.099999904632568,7.059999942779541,7.090000152587891,7.84817,0.1412461721694624
2016-08-14,7.139999866485596,7.340000152587891,7.139999866485596,7.340000152587891,15.830616,3.5260930129705104
2016-08-15,7.349999904632568,7.440000057220459,7.300000190734863,7.440000057220459,16.894945,1.3623964925574494
2016-08-16,7.409999847412109,7.460000038146973,7.340000152587891,7.340000152587891,11.547202,-1.344084729347805
2016-08-17,7.309999942779541,7.360000133514404,7.199999809265137,7.260000228881836,10.69939,-1.0899171940459529
2016-08-18,7.260000228881836,7.309999942779541,7.230000019073486,7.300000190734863,6.668346,0.5509636445175214
2016-08-21,7.300000190734863,7.360000133514404,7.260000228881836,7.269999980926514,3.834847,-0.4109617674589394
2016-08-22,7.260000228881836,7.269999980926514,7.190000057220459,7.25,4.992844,-0.27510290204931787
2016-08-23,7.230000019073486,7.230000019073486,7.139999866485596,7.190000057220459,4.710922,-0.8275854176488462
2016-08-24,7.21999979019165,7.21999979019165,7.019999980926514,7.039999961853027,6.3238,-2.086232186003889
2016-08-25,7.050000190734863,7.059999942779541,6.900000095367432,7.039999961853027,7.921569,0.0
2016-08-28,7.039999961853027,7.110000133514404,7.039999961853027,7.050000190734863,4.471083,0.14204870647760437
2016-08-29,7.090000152587891,7.090000152587891,7.0,7.079999923706055,4.232909,0.4255281157384605
2016-08-30,7.090000152587891,7.119999885559082,7.050000190734863,7.110000133514404,5.95605,0.4237317815202202
2016-08-31,7.110000133514404,7.139999866485596,7.050000190734863,7.099999904632568,10.710881,-0.14065019260264267
2016-09-01,7.050000190734863,7.139999866485596,7.03000020980835,7.099999904632568,9.75338,0.0
2016-09-04,7.099999904632568,7.21999979019165,7.099999904632568,7.199999809265137,6.370346,1.408449379940424
2016-09-05,7.210000038146973,7.28000020980835,7.199999809265137,7.210000038146973,6.867354,0.1388920714826547
2016-09-06,7.239999771118164,7.239999771118164,7.150000095367432,7.21999979019165,5.546945,0.1386928154198496
2016-09-07,7.230000019073486,7.230000019073486,7.110000133514404,7.110000133514404,5.031867,-1.523540995481476
2016-09-08,7.110000133514404,7.170000076293945,7.099999904632568,7.150000095367432,6.409371,0.562587357269928
2016-09-11,7.150000095367432,7.150000095367432,7.150000095367432,7.150000095367432,0.0,0.0
2016-09-18,7.039999961853027,7.079999923706055,7.019999980926514,7.039999961853027,4.597353,-1.538463385275679
2016-09-19,7.099999904632568,7.110000133514404,7.059999942779541,7.070000171661377,4.645773,0.42613934617767857
2016-09-20,7.039999961853027,7.059999942779541,6.929999828338623,7.050000190734863,4.936599,-0.282885154751189
2016-09-21,7.0,7.090000152587891,6.960000038146973,6.960000038146973,4.717069,-1.2765978745102655
2016-09-22,7.070000171661377,7.170000076293945,7.059999942779541,7.159999847412109,10.344204,2.8735604621977107
2016-09-25,7.150000095367432,7.150000095367432,7.090000152587891,7.110000133514404,2.18429,-0.6983200413862689
2016-09-26,7.059999942779541,7.139999866485596,7.050000190734863,7.130000114440918,4.441604,0.281293678634964
2016-09-27,7.099999904632568,7.150000095367432,7.050000190734863,7.070000171661377,7.322488,-0.8415139104699154
2016-09-28,7.03000020980835,7.110000133514404,7.0,7.0,5.320343,-0.990101413886213
2016-09-29,7.050000190734863,7.139999866485596,7.050000190734863,7.099999904632568,7.91595,1.4285700661795575
2016-10-02,7.099999904632568,7.099999904632568,7.099999904632568,7.099999904632568,0.0,0.0
2016-10-04,6.900000095367432,6.96999979019165,6.820000171661377,6.96999979019165,11.045512,-1.8309875519307628
2016-10-05,7.0,7.0,6.900000095367432,6.900000095367432,3.770289,-1.0042998125010527
2016-10-06,6.909999847412109,6.940000057220459,6.840000152587891,6.900000095367432,4.169715,0.0
2016-10-09,6.900000095367432,6.900000095367432,6.840000152587891,6.880000114440918,4.447761,-0.2898547920302419
2016-10-10,6.880000114440918,6.889999866485596,6.800000190734863,6.880000114440918,2.578698,0.0
2016-10-11,6.929999828338623,6.96999979019165,6.880000114440918,6.920000076293945,5.266177,0.5813947847045586
2016-10-12,6.940000057220459,6.940000057220459,6.789999961853027,6.789999961853027,4.883788,-1.8786143498215169
2016-10-13,6.809999942779541,6.809999942779541,6.650000095367432,6.699999809265137,8.22018,-1.3254808997573142
2016-10-16,6.690000057220459,6.690000057220459,6.559999942779541,6.599999904632568,4.810211,-1.4925359325276832
2016-10-17,6.639999866485596,6.639999866485596,6.409999847412109,6.440000057220459,14.13739,-2.4242401473340114
2016-10-18,6.480000019073486,6.53000020980835,6.429999828338623,6.5,10.00217,0.931676121838998
2016-10-19,6.510000228881836,6.559999942779541,6.489999771118164,6.510000228881836,8.992449,0.1538496751051665
2016-10-20,6.519999980926514,6.710000038146973,6.519999980926514,6.650000095367432,16.516488,2.1505355078864863
2016-10-23,6.670000076293945,6.860000133514404,6.670000076293945,6.820000171661377,8.657698,2.5563920880598445
2016-10-24,6.840000152587891,6.920000076293945,6.78000020980835,6.900000095367432,10.339897,1.1730193796544386
2016-10-25,6.900000095367432,6.929999828338623,6.829999923706055,6.849999904632568,4.688829,-0.7246404354172786
2016-10-26,6.800000190734863,6.800000190734863,6.71999979019165,6.71999979019165,5.89724,-1.8978119160702576
2016-10-27,6.699999809265137,6.849999904632568,6.690000057220459,6.849999904632568,4.978946,1.9345255729124045
2016-10-30,6.809999942779541,6.909999847412109,6.760000228881836,6.909999847412109,4.857805,0.8759115856186162
2016-10-31,6.909999847412109,7.0,6.880000114440918,6.96999979019165,16.514235,0.8683059928288106
2016-11-01,6.960000038146973,6.960000038146973,6.860000133514404,6.860000133514404,8.795347,-1.5781873742957695
2016-11-02,6.809999942779541,6.840000152587891,6.75,6.75,6.964395,-1.6035004573396572
2016-11-03,6.739999771118164,6.820000171661377,6.730000019073486,6.769999980926514,4.553803,0.2962960137261383
2016-11-06,6.71999979019165,6.860000133514404,6.659999847412109,6.659999847412109,6.481434,-1.624817338616158
2016-11-07,6.739999771118164,6.809999942779541,6.630000114440918,6.639999866485596,9.534803,-0.3003000207918216
2016-11-08,6.75,6.800000190734863,6.659999847412109,6.789999961853027,13.253797,2.2590376262586087
2016-11-09,6.559999942779541,6.78000020980835,6.539999961853027,6.769999980926514,16.746278,-0.2945505307640039
2016-11-10,6.849999904632568,6.889999866485596,6.699999809265137,6.699999809265137,9.761677,-1.033975950643906
2016-11-13,6.659999847412109,6.659999847412109,6.5,6.5,10.078271,-2.9850718650553665
2016-11-14,6.539999961853027,6.610000133514404,6.400000095367432,6.400000095367432,10.722329,-1.5384600712702867
2016-11-15,6.400000095367432,6.53000020980835,6.369999885559082,6.369999885559082,8.489422,-0.4687532712704945
2016-11-16,6.46999979019165,6.619999885559082,6.449999809265137,6.550000190734863,12.27924,2.8257505244834613
2016-11-17,6.550000190734863,6.699999809265137,6.519999980926514,6.670000076293945,10.053607,1.832059268163455
2016-11-20,6.679999828338623,6.760000228881836,6.650000095367432,6.650000095367432,3.963403,-0.2998497855734139
2016-11-21,6.630000114440918,6.699999809265137,6.599999904632568,6.630000114440918,5.805791,-0.3007515885668388
2016-11-22,6.670000076293945,6.690000057220459,6.559999942779541,6.619999885559082,5.243267,-0.1508330122054535
2016-11-23,6.630000114440918,6.710000038146973,6.539999961853027,6.710000038146973,19.887429,1.3595189447694445
2016-11-24,6.710000038146973,6.78000020980835,6.630000114440918,6.630000114440918,6.91722,-1.1922492287816389
2016-11-27,6.670000076293945,6.679999828338623,6.599999904632568,6.639999866485596,2.127882,0.1508258200915824
2016-11-28,6.599999904632568,6.650000095367432,6.570000171661377,6.599999904632568,3.174951,-0.6024090761646117
2016-11-29,6.650000095367432,6.699999809265137,6.599999904632568,6.679999828338623,4.496204,1.212120073667
2016-11-30,6.679999828338623,6.679999828338623,6.679999828338623,6.679999828338623,0.0,0.0
2016-12-01,6.679999828338623,6.679999828338623,6.679999828338623,6.679999828338623,0.0,0.0
2016-12-04,7.050000190734863,7.190000057220459,7.0,7.03000020980835,19.82215,5.239526803352845
2016-12-05,7.039999961853027,7.039999961853027,6.929999828338623,6.989999771118164,5.21075,-0.5689962659514047
2016-12-06,6.949999809265137,7.079999923706055,6.949999809265137,7.050000190734863,9.365105,0.8583751299193754
2016-12-07,7.079999923706055,7.25,7.010000228881836,7.21999979019165,17.831691,2.411341771028619
2016-12-08,7.239999771118164,7.400000095367432,7.239999771118164,7.400000095367432,18.957908,2.493079091502337
2016-12-11,7.400000095367432,7.400000095367432,7.400000095367432,7.400000095367432,0.0,0.0
2016-12-13,7.760000228881836,7.769999980926514,7.619999885559082,7.679999828338623,10.997167,3.78378012652294
2016-12-14,7.659999847412109,7.710000038146973,7.519999980926514,7.579999923706055,8.036676,-1.3020821206737088
2016-12-15,7.570000171661377,7.570000171661377,7.409999847412109,7.409999847412109,6.615458,-2.2427450924145664
2016-12-18,7.46999979019165,7.519999980926514,7.409999847412109,7.420000076293945,2.788699,0.13495585813443345
2016-12-19,7.480000019073486,7.480000019073486,7.329999923706055,7.349999904632568,5.56154,-0.9433985302105264
2016-12-20,7.329999923706055,7.329999923706055,7.190000057220459,7.210000038146973,5.393068,-1.9047601129539624
2016-12-21,7.239999771118164,7.289999961853027,7.21999979019165,7.25,9.445788,0.5547844887849429
2016-12-22,7.21999979019165,7.289999961853027,7.210000038146973,7.25,4.336538,0.0
2016-12-25,7.230000019073486,7.300000190734863,7.230000019073486,7.25,3.321034,0.0
2016-12-26,7.260000228881836,7.369999885559082,7.260000228881836,7.300000190734863,6.626032,0.6896578032394851
2016-12-27,7.300000190734863,7.360000133514404,7.289999961853027,7.320000171661377,4.081601,0.2739723343007316
2016-12-28,7.300000190734863,7.309999942779541,7.139999866485596,7.139999866485596,10.550766,-2.459020504844167
2016-12-29,7.130000114440918,7.139999866485596,7.010000228881836,7.130000114440918,11.634995,-0.1400525522642581
2017-01-02,7.139999866485596,7.239999771118164,7.110000133514404,7.179999828338623,3.540644,0.7012582481792151
2017-01-03,7.190000057220459,7.389999866485596,7.190000057220459,7.389999866485596,8.045634,2.924791687572559
2017-01-04,7.420000076293945,7.429999828338623,7.349999904632568,7.420000076293945,6.125235,0.4059568382998701
2017-01-05,7.380000114440918,7.420000076293945,7.360000133514404,7.389999866485596,5.127188,-0.4043154919121439
2017-01-08,7.420000076293945,7.519999980926514,7.420000076293945,7.510000228881836,6.01537,1.6238209007344295
2017-01-09,7.510000228881836,7.619999885559082,7.5,7.619999885559082,12.129747,1.4647090988654243
2017-01-10,7.599999904632568,7.679999828338623,7.510000228881836,7.679999828338623,5.303963,0.7874008357040552
2017-01-11,7.630000114440918,7.679999828338623,7.590000152587891,7.679999828338623,6.075265,0.0
2017-01-12,7.650000095367432,7.659999847412109,7.599999904632568,7.659999847412109,6.559254,-0.2604164241347462
2017-01-15,7.679999828338623,7.679999828338623,7.53000020980835,7.53000020980835,2.373656,-1.6971232401222447
2017-01-16,7.510000228881836,7.659999847412109,7.510000228881836,7.610000133514404,5.038571,1.0624159558700885
2017-01-17,7.610000133514404,7.619999885559082,7.510000228881836,7.53000020980835,11.04773,-1.0512473364321706
2017-01-18,7.590000152587891,7.630000114440918,7.480000019073486,7.630000114440918,5.676346,1.3280199448375996
2017-01-19,7.559999942779541,7.599999904632568,7.550000190734863,7.550000190734863,3.69789,-1.0484917759652879
2017-01-22,7.550000190734863,7.619999885559082,7.489999771118164,7.610000133514404,5.944052,0.7947012087916372
2017-01-23,7.610000133514404,7.610000133514404,7.550000190734863,7.599999904632568,6.83659,-0.13140905001821634
2017-01-24,7.599999904632568,7.610000133514404,7.559999942779541,7.559999942779541,4.417637,-0.5263152941442195
2017-01-25,7.599999904632568,7.599999904632568,7.449999809265137,7.489999771118164,6.016453,-0.9259282035872674
2017-01-26,7.5,7.599999904632568,7.380000114440918,7.599999904632568,8.384492,1.468626660558403
2017-01-29,7.599999904632568,7.610000133514404,7.510000228881836,7.550000190734863,3.490075,-0.6578909805936672
2017-01-30,7.550000190734863,7.599999904632568,7.480000019073486,7.510000228881836,9.742504,-0.5298008058610915
2017-01-31,7.510000228881836,7.510000228881836,7.320000171661377,7.429999828338623,8.508669,-1.0652516392149813
2017-02-01,7.440000057220459,7.440000057220459,7.309999942779541,7.429999828338623,5.761228,0.0
2017-02-02,7.369999885559082,7.400000095367432,7.199999809265137,7.25,19.621391,-2.422608781928759
2017-02-05,7.25,7.340000152587891,7.199999809265137,7.300000190734863,4.890909,0.6896578032394851
2017-02-06,7.300000190734863,7.5,7.300000190734863,7.5,6.507296,2.73972334300725
2017-02-07,7.489999771118164,7.559999942779541,7.369999885559082,7.46999979019165,10.585672,-0.4000027974446651
2017-02-08,7.46999979019165,7.590000152587891,7.46999979019165,7.579999923706055,11.126421,1.472558722944517
2017-02-09,7.579999923706055,7.75,7.510000228881836,7.539999961853027,13.52573,-0.5277039875413392
2017-02-12,7.559999942779541,7.659999847412109,7.519999980926514,7.639999866485596,6.888894,1.3262586888394656
2017-02-13,7.53000020980835,7.630000114440918,7.46999979019165,7.630000114440918,5.706547,-0.1308868091548509
2017-02-14,7.550000190734863,7.659999847412109,7.519999980926514,7.599999904632568,6.323879,-0.3931875407389484
2017-02-15,7.75,7.769999980926514,7.619999885559082,7.619999885559082,9.732985,0.26315764707212086
2017-02-16,7.599999904632568,7.659999847412109,7.590000152587891,7.639999866485596,5.821094,0.26246694523468506
2017-02-19,7.650000095367432,7.679999828338623,7.599999904632568,7.599999904632568,1.556692,-0.5235597192677299
2017-02-20,7.599999904632568,7.599999904632568,7.440000057220459,7.449999809265137,5.838895,-1.9736854901274303
2017-02-21,7.409999847412109,7.460000038146973,7.349999904632568,7.389999866485596,3.53827,-0.8053683800759659
2017-02-22,7.400000095367432,7.599999904632568,7.400000095367432,7.599999904632568,7.056201,2.84167851070396
2017-02-23,7.519999980926514,7.630000114440918,7.519999980926514,7.590000152587891,3.995659,-0.1315756864494477
2017-02-26,7.590000152587891,7.619999885559082,7.550000190734863,7.599999904632568,2.257118,0.1317490361481432
2017-02-27,7.550000190734863,7.550000190734863,7.5,7.53000020980835,2.658668,-0.921048627665777
2017-02-28,7.53000020980835,7.579999923706055,7.449999809265137,7.449999809265137,7.167923,-1.0624222883686918
2017-03-01,7.449999809265137,7.579999923706055,7.449999809265137,7.579999923706055,4.830854,1.7449680237473952
2017-03-02,7.599999904632568,7.630000114440918,7.570000171661377,7.619999885559082,6.499532,0.5277039875413392
2017-03-05,7.610000133514404,7.619999885559082,7.53000020980835,7.550000190734863,2.017509,-0.9186311794686208
2017-03-06,7.550000190734863,7.670000076293945,7.539999961853027,7.650000095367432,1.8968,1.3245020146527289
2017-03-07,7.510000228881836,7.510000228881836,7.360000133514404,7.360000133514404,11.116369,-3.790849127291396
2017-03-08,7.360000133514404,7.420000076293945,7.150000095367432,7.329999923706055,6.878617,-0.4076115389147983
2017-03-09,7.300000190734863,7.380000114440918,7.289999961853027,7.340000152587891,3.900034,0.1364287719771262
2017-03-12,7.269999980926514,7.300000190734863,7.21999979019165,7.239999771118164,3.808478,-1.3624029889763523
2017-03-13,7.25,7.300000190734863,7.130000114440918,7.260000228881836,15.353273,0.27624942535851016
2017-03-14,7.269999980926514,7.269999980926514,7.210000038146973,7.25,5.066671,-0.1377441951317393
2017-03-15,7.25,7.349999904632568,7.25,7.289999961853027,5.054497,0.5517236117658975
2017-03-16,7.349999904632568,7.489999771118164,7.349999904632568,7.489999771118164,13.585332,2.7434816229312986
2017-03-19,7.489999771118164,7.489999771118164,7.28000020980835,7.289999961853027,7.091365,-2.6702245043630946
2017-03-20,7.360000133514404,7.360000133514404,7.289999961853027,7.300000190734863,8.639436,0.1371773516346319
2017-03-21,7.289999961853027,7.360000133514404,7.28000020980835,7.349999904632568,3.808956,0.684927569743965
2017-03-22,7.340000152587891,7.340000152587891,7.21999979019165,7.329999923706055,7.205207,-0.2721085875648565
2017-03-23,7.320000171661377,7.320000171661377,7.230000019073486,7.25,3.887625,-1.0914041546893571
2017-03-26,7.25,7.269999980926514,7.199999809265137,7.269999980926514,2.574124,0.27586180588294873
2017-03-27,7.239999771118164,7.269999980926514,7.179999828338623,7.269999980926514,3.316771,0.0
2017-03-28,7.269999980926514,7.269999980926514,7.190000057220459,7.199999809265137,2.790133,-0.9628634366578903
2017-03-29,7.199999809265137,7.21999979019165,7.130000114440918,7.21999979019165,5.016521,0.2777775202268406
2017-03-30,7.269999980926514,7.300000190734863,7.230000019073486,7.300000190734863,4.886851,1.1080388208860148
2017-04-02,7.289999961853027,7.300000190734863,7.21999979019165,7.21999979019165,3.793479,-1.0958958692185994
2017-04-03,7.21999979019165,7.349999904632568,7.21999979019165,7.349999904632568,6.12093,1.800555653997704
2017-04-04,7.309999942779541,7.440000057220459,7.309999942779541,7.440000057220459,3.618294,1.2244918878320687
2017-04-05,7.440000057220459,7.5,7.429999828338623,7.5,4.905867,0.8064508376086854
2017-04-06,7.449999809265137,7.489999771118164,7.400000095367432,7.46999979019165,2.711956,-0.4000027974446651
2017-04-09,7.46999979019165,7.489999771118164,7.449999809265137,7.489999771118164,2.090924,0.26773736932059755
2017-04-10,7.480000019073486,7.489999771118164,7.449999809265137,7.449999809265137,1.971058,-0.5340449008726211
2017-04-11,7.460000038146973,7.480000019073486,7.380000114440918,7.380000114440918,1.46015,-0.9395932431724874
2017-04-12,7.360000133514404,7.420000076293945,7.300000190734863,7.349999904632568,3.641138,-0.4065069016685574
2017-04-13,7.349999904632568,7.349999904632568,7.25,7.25,4.061266,-1.3605429378242606
2017-04-16,7.260000228881836,7.289999961853027,7.199999809265137,7.210000038146973,1.923578,-0.5517236117658975
2017-04-17,7.21999979019165,7.320000171661377,7.21999979019165,7.230000019073486,1.090592,0.2773922443924714
2017-04-18,7.269999980926514,7.489999771118164,7.269999980926514,7.46999979019165,9.77697,3.3194989002077517
2017-04-19,7.409999847412109,7.579999923706055,7.400000095367432,7.570000171661377,11.257523,1.3386932299654264
2017-04-20,7.420000076293945,7.480000019073486,7.360000133514404,7.400000095367432,4.71544,-2.2457076940413767
2017-04-23,7.400000095367432,7.400000095367432,7.400000095367432,7.400000095367432,0.0,0.0
2017-04-24,7.400000095367432,7.400000095367432,7.400000095367432,7.400000095367432,0.0,0.0
2017-04-25,7.239999771118164,7.349999904632568,7.230000019073486,7.239999771118164,5.207708,-2.1621665160441172
2017-04-26,7.150000095367432,7.260000228881836,7.119999885559082,7.199999809265137,6.014593,-0.5524856784194343
2017-04-27,7.25,7.269999980926514,7.170000076293945,7.179999828338623,4.124282,-0.27777752022684066
2017-04-30,7.170000076293945,7.28000020980835,7.159999847412109,7.28000020980835,2.570833,1.3927630064145324
2017-05-01,7.28000020980835,7.349999904632568,7.28000020980835,7.349999904632568,3.938964,0.961534241852191
2017-05-02,7.329999923706055,7.46999979019165,7.329999923706055,7.440000057220459,9.02194,1.2244918878320687
2017-05-03,7.389999866485596,7.440000057220459,7.340000152587891,7.409999847412109,3.96353,-0.4032286233551119
2017-05-04,7.400000095367432,7.400000095367432,7.28000020980835,7.28000020980835,3.4818,-1.7543811104012486
2017-05-07,7.329999923706055,7.340000152587891,7.260000228881836,7.300000190734863,2.827632,0.2747250048093175
2017-05-08,7.300000190734863,7.340000152587891,7.269999980926514,7.320000171661377,2.151287,0.27397233430073165
2017-05-09,7.300000190734863,7.400000095367432,7.300000190734863,7.400000095367432,6.785424,1.0928951069668846
2017-05-10,7.389999866485596,7.440000057220459,7.349999904632568,7.409999847412109,21.305484,0.1351317826460363
2017-05-11,7.440000057220459,7.489999771118164,7.440000057220459,7.489999771118164,10.266241,1.079621124877539
2017-05-14,7.460000038146973,7.480000019073486,7.409999847412109,7.460000038146973,1.307069,-0.4005304924957653
2017-05-15,7.460000038146973,7.5,7.409999847412109,7.420000076293945,5.196851,-0.5361925153952618
2017-05-16,7.440000057220459,7.449999809265137,7.400000095367432,7.420000076293945,5.341673,0.0
2017-05-17,7.409999847412109,7.519999980926514,7.380000114440918,7.519999980926514,6.907152,1.3477075957459395
2017-05-18,7.409999847412109,7.489999771118164,7.409999847412109,7.460000038146973,2.695119,-0.7978715815388671
2017-05-21,7.46999979019165,7.539999961853027,7.420000076293945,7.429999828338623,1.951269,-0.4021475825059295
2017-05-22,7.440000057220459,7.510000228881836,7.440000057220459,7.440000057220459,2.480388,0.13459258563768284
2017-05-23,7.429999828338623,7.489999771118164,7.329999923706055,7.329999923706055,2.334258,-1.4784964068333628
2017-05-24,7.340000152587891,7.369999885559082,7.269999980926514,7.269999980926514,3.59619,-0.8185531160170179
2017-05-28,7.210000038146973,7.239999771118164,7.130000114440918,7.150000095367432,2.917009,-1.6506174122959072
2017-05-29,7.150000095367432,7.199999809265137,7.150000095367432,7.179999828338623,3.785163,0.4195766793154032
2017-05-30,7.199999809265137,7.210000038146973,7.150000095367432,7.179999828338623,3.685033,0.0
2017-05-31,7.179999828338623,7.199999809265137,7.110000133514404,7.110000133514404,12.395078,-0.9749261350667227
2017-06-01,7.210000038146973,7.210000038146973,7.150000095367432,7.179999828338623,5.362265,0.9845245219372245
2017-06-04,7.179999828338623,7.21999979019165,7.150000095367432,7.170000076293945,0.530421,-0.13927231592972822
2017-06-05,7.130000114440918,7.150000095367432,6.960000038146973,7.099999904632568,12.306868,-0.9762924814020191
2017-06-06,7.039999961853027,7.039999961853027,6.960000038146973,7.0,7.979714,-1.408449379940424
2017-06-07,7.309999942779541,7.71999979019165,7.309999942779541,7.599999904632568,62.522418,8.571427209036697
2017-06-08,7.599999904632568,7.71999979019165,7.579999923706055,7.579999923706055,17.130691,-0.26315764707210976
2017-06-11,7.579999923706055,7.679999828338623,7.579999923706055,7.599999904632568,6.452269,0.2638519937706807
2017-06-12,7.599999904632568,7.880000114440918,7.599999904632568,7.829999923706055,19.339595,3.0263160784158805
2017-06-13,7.880000114440918,7.920000076293945,7.829999923706055,7.909999847412109,10.542529,1.0217104021144063
2017-06-14,7.860000133514404,7.920000076293945,7.849999904632568,7.900000095367432,8.785095,-0.1264191180477603
2017-06-15,7.860000133514404,8.020000457763672,7.829999923706055,8.0,24.698111,1.2658215623466695
2017-06-18,8.0,8.0,7.900000095367432,7.929999828338623,3.367361,-0.8750021457672119
2017-06-19,7.929999828338623,8.0600004196167,7.900000095367432,8.029999732971191,10.99655,1.2610328726011977
2017-06-20,8.0,8.079999923706055,7.949999809265137,7.980000019073486,7.001657,-0.6226614640148287
2017-06-21,7.929999828338623,7.96999979019165,7.920000076293945,7.949999809265137,4.587968,-0.3759424779028131
2017-06-22,7.920000076293945,7.920000076293945,7.820000171661377,7.900000095367432,4.973383,-0.628927233928156
2017-06-25,7.900000095367432,7.900000095367432,7.900000095367432,7.900000095367432,0.0,0.0
2017-06-26,7.900000095367432,7.900000095367432,7.900000095367432,7.900000095367432,0.0,0.0
2017-06-27,7.900000095367432,7.900000095367432,7.900000095367432,7.900000095367432,0.0,0.0
2017-06-28,7.900000095367432,7.900000095367432,7.900000095367432,7.900000095367432,0.0,0.0
2017-06-29,7.809999942779541,7.869999885559082,7.71999979019165,7.78000020980835,5.307949,-1.5189858748160034
2017-07-02,7.78000020980835,7.789999961853027,7.71999979019165,7.75,2.618174,-0.3856067994770451
2017-07-03,7.75,7.900000095367432,7.75,7.900000095367432,6.411211,1.935485101515244
2017-07-04,7.889999866485596,7.900000095367432,7.800000190734863,7.800000190734863,3.52383,-1.2658215623466695
2017-07-05,7.800000190734863,7.880000114440918,7.75,7.880000114440918,4.698301,1.0256400224333495
2017-07-06,7.809999942779541,7.820000171661377,7.739999771118164,7.769999980926514,1.955433,-1.3959407603664542
2017-07-09,7.760000228881836,7.789999961853027,7.730000019073486,7.739999771118164,0.779434,-0.3861030872843396
2017-07-10,7.800000190734863,7.829999923706055,7.730000019073486,7.739999771118164,3.123691,0.0
2017-07-11,7.78000020980835,7.789999961853027,7.760000228881836,7.78000020980835,1.905847,0.5168015487474253
2017-07-12,7.78000020980835,7.880000114440918,7.78000020980835,7.860000133514404,4.757854,1.028276626589264
2017-07-13,7.869999885559082,8.0,7.869999885559082,7.940000057220459,7.666638,1.0178107168846262
2017-07-16,7.909999847412109,8.0,7.909999847412109,7.96999979019165,1.940817,0.37783038734251484
2017-07-17,7.929999828338623,8.010000228881836,7.929999828338623,8.010000228881836,4.910377,0.5018875751968244
2017-07-18,8.0,8.140000343322754,7.989999771118164,8.109999656677246,8.632362,1.248432271385469
2017-07-19,8.119999885559082,8.199999809265137,8.119999885559082,8.1899995803833,7.646913,0.98643559917031
2017-07-20,8.199999809265137,8.199999809265137,8.050000190734863,8.100000381469727,4.565276,-1.0988913739280348
2017-07-23,8.0600004196167,8.149999618530273,8.050000190734863,8.100000381469727,2.373852,0.0
2017-07-24,8.15999984741211,8.1899995803833,8.09000015258789,8.180000305175781,2.843742,0.9876533325735348
2017-07-25,8.1899995803833,8.1899995803833,8.079999923706055,8.149999618530273,3.293933,-0.3667565467757372
2017-07-26,8.130000114440918,8.170000076293945,8.100000381469727,8.15999984741211,4.679201,0.1227022006123679
2017-07-27,8.109999656677246,8.15999984741211,8.109999656677246,8.140000343322754,1.460388,-0.2450919664624518
2017-07-30,8.100000381469727,8.180000305175781,8.100000381469727,8.149999618530273,3.179877,0.1228412135845014
2017-07-31,8.140000343322754,8.279999732971191,8.140000343322754,8.239999771118164,10.799335,1.1042964024594817
2017-08-01,8.239999771118164,8.390000343322754,8.239999771118164,8.390000343322754,11.085513,1.82039534431
2017-08-02,8.380000114440918,8.489999771118164,8.319999694824219,8.489999771118164,9.1245,1.191888244378858
2017-08-03,8.5,8.529999732971191,8.380000114440918,8.380000114440918,8.822263,-1.2956379227647363
2017-08-06,8.380000114440918,8.489999771118164,8.350000381469727,8.420000076293945,3.597874,0.47732650724070513
2017-08-07,8.390000343322754,8.399999618530273,8.3100004196167,8.350000381469727,4.424562,-0.8313502872915546
2017-08-08,8.329999923706055,8.369999885559082,8.3100004196167,8.329999923706055,1.575281,-0.23952642934073065
2017-08-09,8.329999923706055,8.430000305175781,8.329999923706055,8.350000381469727,2.261638,0.2401015359766445
2017-08-10,8.329999923706055,8.449999809265137,8.319999694824219,8.420000076293945,3.1552,0.8383196601950083
2017-08-13,8.350000381469727,8.369999885559082,8.300000190734863,8.300000190734863,2.990268,-1.425176775199033
2017-08-14,8.350000381469727,8.350000381469727,8.25,8.25,2.546147,-0.6024119227211244
2017-08-15,8.300000190734863,8.350000381469727,8.229999542236328,8.260000228881836,3.08228,0.1212148955374026
2017-08-16,8.25,8.34000015258789,8.229999542236328,8.34000015258789,2.420814,0.9685220519283666
2017-08-17,8.3100004196167,8.460000038146973,8.289999961853027,8.4399995803833,2.894622,1.19903388448237
2017-08-20,8.350000381469727,8.430000305175781,8.350000381469727,8.420000076293945,1.638522,-0.23696096070714434
2017-08-21,8.399999618530273,8.420000076293945,8.25,8.270000457763672,3.501017,-1.7814681374242358
2017-08-22,8.300000190734863,8.359999656677246,8.270000457763672,8.319999694824219,5.08556,0.6045856625510604
2017-08-23,8.369999885559082,8.449999809265137,8.369999885559082,8.420000076293945,3.692923,1.2019277059821976
2017-08-24,8.40999984741211,8.59000015258789,8.40999984741211,8.529999732971191,10.308617,1.3064092123578952
2017-08-27,8.520000457763672,8.539999961853027,8.430000305175781,8.430000305175781,2.653644,-1.1723262711120674
2017-08-28,8.399999618530273,8.430000305175781,8.350000381469727,8.430000305175781,3.62031,0.0
2017-08-29,8.390000343322754,8.479999542236328,8.390000343322754,8.460000038146973,2.890474,0.35586870563661943
2017-08-30,8.449999809265137,8.520000457763672,8.449999809265137,8.5,6.496634,0.4728127857288822
2017-08-31,8.5,8.5,8.5,8.5,0.0,0.0
2017-09-03,8.5,8.5,8.5,8.5,0.0,0.0
2017-09-04,8.470000267028809,8.5,8.40999984741211,8.5,5.277873,0.0
2017-09-05,8.5,8.520000457763672,8.449999809265137,8.460000038146973,3.072771,-0.4705877865062047
2017-09-06,8.479999542236328,8.649999618530273,8.479999542236328,8.649999618530273,5.639505,2.245857914025695
2017-09-07,8.600000381469727,8.6899995803833,8.550000190734863,8.6899995803833,7.575937,0.4624273250525723
2017-09-10,8.649999618530273,8.699999809265137,8.600000381469727,8.680000305175781,1.632097,-0.1150664636404785
2017-09-11,8.680000305175781,8.720000267028809,8.680000305175781,8.699999809265137,4.746992,0.230409025186673
2017-09-12,8.670000076293945,8.779999732971191,8.65999984741211,8.779999732971191,5.965879,0.919539373102718
2017-09-13,8.710000038146973,8.850000381469727,8.710000038146973,8.850000381469727,3.906905,0.7972739251422167
2017-09-14,8.84000015258789,8.869999885559082,8.789999961853027,8.800000190734863,6.51297,-0.5649738822560368
2017-09-17,8.800000190734863,8.800000190734863,8.699999809265137,8.739999771118164,3.812744,-0.6818229354116467
2017-09-18,8.800000190734863,8.949999809265137,8.739999771118164,8.930000305175781,9.40995,2.1739192109075933
2017-09-19,8.9399995803833,8.9399995803833,8.869999885559082,8.90999984741211,3.251289,-0.2239692842124552
2017-09-20,8.899999618530273,8.920000076293945,8.789999961853027,8.800000190734863,5.927271,-1.2345640691474924
2017-09-21,8.800000190734863,8.800000190734863,8.800000190734863,8.800000190734863,0.0,0.0
2017-09-24,8.84000015258789,8.84000015258789,8.65999984741211,8.65999984741211,4.692503,-1.5909129578219106
2017-09-25,8.65999984741211,8.65999984741211,8.449999809265137,8.510000228881836,14.46702,-1.732097242185271
2017-09-26,8.5,8.569999694824219,8.470000267028809,8.470000267028809,5.512128,-0.47003479174151375
2017-09-27,8.460000038146973,8.579999923706055,8.460000038146973,8.550000190734863,5.483366,0.9445091048871701
2017-09-28,8.520000457763672,8.569999694824219,8.489999771118164,8.489999771118164,4.047148,-0.7017592781075943
2017-10-01,8.510000228881836,8.510000228881836,8.399999618530273,8.40999984741211,3.713664,-0.9422841679949556
2017-10-02,8.449999809265137,8.510000228881836,8.40999984741211,8.5,3.119331,1.0701564116625484
2017-10-03,8.5,8.569999694824219,8.479999542236328,8.539999961853027,3.099174,0.4705877865061936
2017-10-04,8.539999961853027,8.649999618530273,8.520000457763672,8.640000343322754,3.303858,1.170964659442797
2017-10-05,8.630000114440918,8.649999618530273,8.579999923706055,8.579999923706055,3.868232,-0.6944492735242669
2017-10-08,8.550000190734863,8.65999984741211,8.529999732971191,8.59000015258789,2.365102,0.1165527852069692
2017-10-09,8.619999885559082,8.65999984741211,8.5600004196167,8.640000343322754,2.493241,0.5820743870394551
2017-10-10,8.609999656677246,8.640000343322754,8.539999961853027,8.579999923706055,4.522381,-0.6944492735242669
2017-10-11,8.600000381469727,8.699999809265137,8.579999923706055,8.699999809265137,4.48112,1.3986000772276075
2017-10-12,8.699999809265137,8.760000228881836,8.6899995803833,8.75,4.853124,0.5747148486326958
2017-10-15,8.680000305175781,8.8100004196167,8.670000076293945,8.699999809265137,5.285136,-0.571430751255575
2017-10-16,8.6899995803833,8.699999809265137,8.630000114440918,8.649999618530273,6.803625,-0.5747148486326958
2017-10-17,8.619999885559082,8.710000038146973,8.520000457763672,8.600000381469727,5.564923,-0.5780258874628963
2017-10-18,8.550000190734863,8.6899995803833,8.550000190734863,8.6899995803833,4.147455,1.0465022665288926
2017-10-19,8.65999984741211,8.789999961853027,8.649999618530273,8.75,9.030078,0.6904536537854833
2017-10-22,8.760000228881836,8.8100004196167,8.550000190734863,8.569999694824219,6.185003,-2.0571463448660676
2017-10-23,8.5,8.5,8.270000457763672,8.369999885559082,16.71951,-2.3337201445400857
2017-10-24,8.319999694824219,8.5,8.300000190734863,8.5,8.079804,1.5531674578061816
2017-10-25,8.510000228881836,8.619999885559082,8.489999771118164,8.550000190734863,9.358385,0.5882375380572125
2017-10-26,8.5,8.539999961853027,8.460000038146973,8.470000267028809,2.507205,-0.9356716014199185
2017-10-29,8.550000190734863,8.550000190734863,8.460000038146973,8.460000038146973,2.089143,-0.11806645297006702
2017-10-30,8.449999809265137,8.449999809265137,8.3100004196167,8.34000015258789,6.896853,-1.4184383571866466
2017-10-31,8.350000381469727,8.399999618530273,8.279999732971191,8.289999961853027,7.427311,-0.5995226597130032
2017-11-01,8.289999961853027,8.34000015258789,8.25,8.34000015258789,4.133262,0.6031386123636073
2017-11-02,8.350000381469727,8.399999618530273,8.289999961853027,8.3100004196167,5.800274,-0.3597090218503518
2017-11-05,8.279999732971191,8.279999732971191,8.100000381469727,8.1899995803833,6.521346,-1.444053347459806
2017-11-06,8.199999809265137,8.199999809265137,7.909999847412109,8.039999961853027,11.369832,-1.8314972675890329
2017-11-07,7.989999771118164,8.050000190734863,7.900000095367432,7.949999809265137,13.973083,-1.1194048882451455
2017-11-08,7.869999885559082,8.0,7.599999904632568,7.699999809265137,15.882111,-3.144654163496252
2017-11-09,7.710000038146973,7.869999885559082,7.710000038146973,7.800000190734863,19.076409,1.298706285023532
2017-11-12,7.75,7.920000076293945,7.71999979019165,7.880000114440918,5.312338,1.0256400224333495
2017-11-13,7.989999771118164,8.050000190734863,7.900000095367432,8.0,11.093914,1.522841165181843
2017-11-14,8.010000228881836,8.0600004196167,7.949999809265137,7.96999979019165,5.07369,-0.3750026226043701
2017-11-15,7.949999809265137,8.0,7.860000133514404,7.880000114440918,7.136018,-1.129230591216468
2017-11-16,7.940000057220459,8.0,7.800000190734863,7.860000133514404,14.599106,-0.2538068608636368
2017-11-19,7.809999942779541,7.820000171661377,7.739999771118164,7.769999980926514,6.283034,-1.1450400898104007
2017-11-20,7.730000019073486,7.75,7.570000171661377,7.679999828338623,11.438368,-1.158303124952631
2017-11-21,7.659999847412109,7.699999809265137,7.420000076293945,7.599999904632568,16.866918,-1.0416656965389626
2017-11-22,7.5,7.820000171661377,7.460000038146973,7.800000190734863,10.896805,2.631582744894323
2017-11-23,7.800000190734863,7.929999828338623,7.75,7.860000133514404,5.492081,0.7692300168250066
2017-11-26,7.800000190734863,7.869999885559082,7.760000228881836,7.800000190734863,3.115779,-0.7633580376634641
2017-11-27,7.800000190734863,7.840000152587891,7.730000019073486,7.730000019073486,5.078067,-0.8974380762775569
2017-11-28,7.710000038146973,7.769999980926514,7.610000133514404,7.639999866485596,4.959658,-1.1642969258191305
2017-11-29,7.630000114440918,7.639999866485596,7.539999961853027,7.550000190734863,8.782967,-1.178006247690322
2017-11-30,7.550000190734863,7.550000190734863,7.550000190734863,7.550000190734863,0.0,0.0
2017-12-03,7.550000190734863,7.550000190734863,7.550000190734863,7.550000190734863,0.0,0.0
2017-12-04,7.679999828338623,7.849999904632568,7.630000114440918,7.760000228881836,11.270499,2.7814573886326244
2017-12-05,7.71999979019165,7.789999961853027,7.590000152587891,7.619999885559082,5.240789,-1.8041280823895889
2017-12-06,7.619999885559082,7.659999847412109,7.559999942779541,7.579999923706055,3.815212,-0.5249338904693812
2017-12-07,7.610000133514404,7.760000228881836,7.610000133514404,7.730000019073486,4.617008,1.9788930986438968
2017-12-10,7.739999771118164,7.809999942779541,7.679999828338623,7.690000057220459,2.68751,-0.517463929551476
2017-12-11,7.699999809265137,7.75,7.670000076293945,7.699999809265137,6.555657,0.130035786349425
2017-12-12,7.699999809265137,7.699999809265137,7.699999809265137,7.699999809265137,0.0,0.0
2017-12-13,7.050000190734863,7.349999904632568,7.050000190734863,7.21999979019165,26.651288,-6.233766635888993
2017-12-14,7.289999961853027,7.289999961853027,6.949999809265137,6.949999809265137,29.600917,-3.739612032860551
2017-12-17,6.949999809265137,7.03000020980835,6.920000076293945,6.96999979019165,4.368281,0.2877695176315198
2017-12-18,6.96999979019165,7.050000190734863,6.96999979019165,7.03000020980835,4.465932,0.8608381839714463
2017-12-19,7.010000228881836,7.079999923706055,6.960000038146973,6.980000019073486,7.433953,-0.7112402452720046
2017-12-20,7.0,7.139999866485596,6.949999809265137,7.139999866485596,7.918576,2.2922614179784473
2017-12-21,7.130000114440918,7.190000057220459,7.099999904632568,7.110000133514404,3.292653,-0.4201643351844697
2017-12-24,7.179999828338623,7.179999828338623,7.03000020980835,7.059999942779541,0.922705,-0.7032375498725707
2017-12-25,7.059999942779541,7.059999942779541,6.900000095367432,6.980000019073486,3.376237,-1.1331434044538846
2017-12-26,6.949999809265137,7.03000020980835,6.78000020980835,6.840000152587891,15.246384,-2.0057287407311386
2017-12-27,6.840000152587891,6.909999847412109,6.75,6.78000020980835,11.231495,-0.8771921263311722
2017-12-28,6.809999942779541,6.940000057220459,6.800000190734863,6.940000057220459,5.3245,2.3598796823139256
2017-12-31,6.940000057220459,6.940000057220459,6.940000057220459,6.940000057220459,0.0,0.0
2018-01-01,6.940000057220459,6.940000057220459,6.940000057220459,6.940000057220459,0.0,0.0
2018-01-02,6.880000114440918,7.190000057220459,6.880000114440918,7.190000057220459,4.975525,3.602305445803222
2018-01-03,7.190000057220459,7.400000095367432,7.190000057220459,7.400000095367432,6.463029,2.920723734015596
2018-01-04,7.400000095367432,7.489999771118164,7.380000114440918,7.409999847412109,8.313894,0.1351317826460363
2018-01-07,7.409999847412109,7.409999847412109,7.25,7.300000190734863,5.464282,-1.4844758291818638
2018-01-08,7.300000190734863,7.360000133514404,7.210000038146973,7.360000133514404,4.299526,0.8219170029021727
2018-01-09,7.309999942779541,7.389999866485596,7.300000190734863,7.309999942779541,4.126922,-0.6793504052694632
2018-01-10,7.309999942779541,7.320000171661377,7.210000038146973,7.230000019073486,6.852288,-1.0943902097437674
2018-01-11,7.300000190734863,7.300000190734863,7.150000095367432,7.179999828338623,5.934386,-0.6915655685056366
2018-01-14,7.190000057220459,7.349999904632568,7.190000057220459,7.300000190734863,4.83246,1.6713142794601898
2018-01-15,7.349999904632568,7.400000095367432,7.199999809265137,7.199999809265137,9.366787,-1.36986820351932
2018-01-16,7.199999809265137,7.320000171661377,7.170000076293945,7.309999942779541,11.592128,1.5277796726168358
2018-01-17,7.340000152587891,7.360000133514404,7.28000020980835,7.349999904632568,10.908843,0.5471951048718893
2018-01-18,7.329999923706055,7.360000133514404,7.300000190734863,7.349999904632568,9.666013,0.0
2018-01-21,7.360000133514404,7.449999809265137,7.269999980926514,7.28000020980835,11.061117,-0.9523768126867505
2018-01-22,7.28000020980835,7.320000171661377,7.190000057220459,7.25,16.445686,-0.412090782194352
2018-01-23,6.880000114440918,6.900000095367432,6.800000190734863,6.829999923706055,10.758374,-5.793104500606139
2018-01-24,6.889999866485596,6.889999866485596,6.820000171661377,6.869999885559082,7.544566,0.5856509853564118
2018-01-25,6.849999904632568,6.880000114440918,6.820000171661377,6.869999885559082,5.40946,0.0
2018-01-28,6.889999866485596,6.900000095367432,6.820000171661377,6.840000152587891,0.826452,-0.43667734309940087
2018-01-29,6.849999904632568,6.849999904632568,6.679999828338623,6.739999771118164,8.450236,-1.4619938485219477
2018-01-30,6.699999809265137,6.699999809265137,6.590000152587891,6.690000057220459,7.44501,-0.7418355429618995
2018-01-31,6.619999885559082,6.659999847412109,6.53000020980835,6.579999923706055,13.348946,-1.644247123670528
2018-02-01,6.659999847412109,6.679999828338623,6.559999942779541,6.619999885559082,11.52981,0.6079021628696113
2018-02-04,6.570000171661377,6.570000171661377,6.449999809265137,6.539999961853027,4.009741,-1.2084580829157865
2018-02-05,6.539999961853027,6.539999961853027,6.539999961853027,6.539999961853027,0.0,0.0
2018-02-06,6.369999885559082,6.400000095367432,6.289999961853027,6.400000095367432,11.469853,-2.140670753856222
2018-02-07,6.460000038146973,6.53000020980835,6.420000076293945,6.46999979019165,12.089766,1.093745215330344
2018-02-08,6.480000019073486,6.53000020980835,6.429999828338623,6.480000019073486,16.102123,0.1545630480080717
2018-02-11,6.460000038146973,6.46999979019165,6.349999904632568,6.400000095367432,7.652535,-1.2345667202249944
2018-02-12,6.440000057220459,6.460000038146973,6.409999847412109,6.429999828338623,13.679584,0.4687458206900086
2018-02-13,6.429999828338623,6.429999828338623,6.429999828338623,6.429999828338623,0.0,0.0
2018-02-14,6.429999828338623,6.429999828338623,6.429999828338623,6.429999828338623,0.0,0.0
2018-02-15,6.25,6.329999923706055,6.21999979019165,6.230000019073486,11.877712,-3.1104170233984707
2018-02-18,6.230000019073486,6.239999771118164,6.059999942779541,6.070000171661377,6.714714,-2.5682158414488176
2018-02-19,6.119999885559082,6.170000076293945,6.050000190734863,6.099999904632568,11.100728,0.4942295242634342
2018-02-20,6.090000152587891,6.099999904632568,6.019999980926514,6.03000020980835,8.450753,-1.1475359986654832
2018-02-21,6.019999980926514,6.21999979019165,5.989999771118164,6.21999979019165,17.835216,3.1509050376855585
2018-02-22,6.269999980926514,6.380000114440918,6.230000019073486,6.329999923706055,18.032237,1.7684909521679335
2018-02-25,6.360000133514404,6.389999866485596,6.329999923706055,6.369999885559082,2.660105,0.6319109373639442
2018-02-26,6.360000133514404,6.400000095367432,6.340000152587891,6.360000133514404,10.411486,-0.1569819815436357
2018-02-27,6.349999904632568,6.360000133514404,6.25,6.320000171661377,9.959095,-0.6289302046118661
2018-02-28,6.309999942779541,6.309999942779541,6.150000095367432,6.170000076293945,14.375589,-2.373419166031454
2018-03-01,6.150000095367432,6.25,6.150000095367432,6.210000038146973,7.441554,0.6482975908981503
2018-03-04,6.150000095367432,6.25,6.150000095367432,6.199999809265137,0.840429,-0.1610342805218434
2018-03-05,6.179999828338623,6.269999980926514,6.179999828338623,6.239999771118164,6.159858,0.6451606948963517
2018-03-06,6.269999980926514,6.269999980926514,6.130000114440918,6.230000019073486,2.991112,-0.16025244249144865
2018-03-07,6.199999809265137,6.199999809265137,6.090000152587891,6.139999866485596,2.871718,-1.4446252377584343
2018-03-08,6.130000114440918,6.159999847412109,6.0,6.0,10.13569,-2.280128168239337
2018-03-11,6.050000190734863,6.119999885559082,6.0,6.059999942779541,4.307376,0.9999990463256836
2018-03-12,6.010000228881836,6.050000190734863,5.880000114440918,5.889999866485596,11.670805,-2.8052818135171687
2018-03-13,5.900000095367432,5.940000057220459,5.789999961853027,5.869999885559082,11.007883,-0.339558257722794
2018-03-14,5.809999942779541,5.920000076293945,5.769999980926514,5.789999961853027,8.55409,-1.3628607370651635
2018-03-15,5.78000020980835,5.960000038146973,5.769999980926514,5.960000038146973,18.226603,2.9360980555091176
2018-03-18,5.900000095367432,5.929999828338623,5.840000152587891,5.849999904632568,6.02318,-1.845639812254174
2018-03-19,5.849999904632568,5.929999828338623,5.849999904632568,5.880000114440918,5.425392,0.5128241076481466
2018-03-20,5.869999885559082,5.960000038146973,5.840000152587891,5.940000057220459,8.556483,1.0204071702683226
2018-03-21,6.0,6.119999885559082,6.0,6.070000171661377,7.81172,2.1885540940844717
2018-03-22,6.039999961853027,6.130000114440918,5.769999980926514,5.889999866485596,11.92304,-2.9654085681271813
2018-03-25,5.869999885559082,5.940000057220459,5.699999809265137,5.730000019073486,5.188267,-2.7164660617823966
2018-03-26,5.760000228881836,5.829999923706055,5.75,5.800000190734863,5.629982,1.2216434804252607
2018-03-27,5.849999904632568,5.849999904632568,5.699999809265137,5.710000038146973,5.384214,-1.5517267177277083
2018-03-28,5.699999809265137,5.760000228881836,5.679999828338623,5.71999979019165,8.19294,0.1751270048664155
2018-03-29,5.75,5.829999923706055,5.75,5.800000190734863,16.262223,1.398608452405781
2018-04-01,5.809999942779541,5.940000057220459,5.809999942779541,5.849999904632568,9.403289,0.8620640043698113
2018-04-02,5.860000133514404,5.900000095367432,5.699999809265137,5.699999809265137,14.678127,-2.5641042361154165
2018-04-03,5.699999809265137,5.699999809265137,5.579999923706055,5.639999866485596,10.62044,-1.0526306103030625
2018-04-04,5.679999828338623,5.71999979019165,5.590000152587891,5.610000133514404,7.346013,-0.5319101716554586
2018-04-05,5.650000095367432,5.679999828338623,5.579999923706055,5.579999923706055,12.639516,-0.5347630854610319
2018-04-08,5.599999904632568,5.599999904632568,5.539999961853027,5.550000190734863,2.46918,-0.5376296304905104
2018-04-09,5.550000190734863,5.670000076293945,5.519999980926514,5.590000152587891,8.791946,0.7207200086191579
2018-04-10,5.570000171661377,5.690000057220459,5.570000171661377,5.659999847412109,11.949823,1.25223064245914
2018-04-11,5.699999809265137,5.929999828338623,5.679999828338623,5.929999828338623,9.268012,4.770317812816982
2018-04-12,5.869999885559082,5.889999866485596,5.800000190734863,5.809999942779541,4.246167,-2.0236068976869026
2018-04-15,5.829999923706055,5.980000019073486,5.829999923706055,5.980000019073486,5.061723,2.9259910149433965
2018-04-16,5.980000019073486,5.980000019073486,5.880000114440918,5.880000114440918,3.514048,-1.6722392025687927
2018-04-17,5.880000114440918,5.929999828338623,5.820000171661377,5.849999904632568,4.064591,-0.5102076398718292
2018-04-18,5.880000114440918,5.880000114440918,5.579999923706055,5.639999866485596,19.505168,-3.5897443003490515
2018-04-19,5.670000076293945,5.670000076293945,5.590000152587891,5.639999866485596,5.244175,0.0
2018-04-22,5.639999866485596,5.639999866485596,5.639999866485596,5.639999866485596,0.0,0.0
2018-04-23,5.550000190734863,5.670000076293945,5.550000190734863,5.579999923706055,8.463182,-1.0638287978706695
2018-04-24,5.599999904632568,5.639999866485596,5.460000038146973,5.489999771118164,6.116514,-1.6129059824093184
2018-04-25,5.489999771118164,5.489999771118164,5.400000095367432,5.409999847412109,6.590115,-1.4571935708798889
2018-04-26,5.409999847412109,5.579999923706055,5.409999847412109,5.570000171661377,6.043289,2.9574922137161286
2018-04-29,5.599999904632568,5.650000095367432,5.599999904632568,5.639999866485596,3.655689,1.2567269778618329
2018-04-30,5.650000095367432,5.800000190734863,5.630000114440918,5.789999961853027,9.802225,2.659576221956539
2018-05-01,5.690000057220459,5.71999979019165,5.670000076293945,5.690000057220459,3.281715,-1.727114081026082
2018-05-02,5.670000076293945,5.710000038146973,5.610000133514404,5.610000133514404,2.660661,-1.4059740404490317
2018-05-03,5.639999866485596,5.670000076293945,5.400000095367432,5.400000095367432,8.845756,-3.743316098914551
2018-05-06,5.53000020980835,5.539999961853027,5.409999847412109,5.420000076293945,2.011756,0.37037001061668295
2018-05-07,5.420000076293945,5.449999809265137,5.25,5.25,7.859639,-3.136532728800012
2018-05-08,5.289999961853027,5.340000152587891,5.25,5.300000190734863,6.977102,0.9523845854259694
2018-05-09,5.28000020980835,5.300000190734863,5.039999961853027,5.039999961853027,13.29114,-4.905664519340069
2018-05-10,5.130000114440918,5.130000114440918,4.929999828338623,4.989999771118164,14.76337,-0.9920672839941802
2018-05-13,5.03000020980835,5.079999923706055,4.960000038146973,4.96999979019165,7.815949,-0.4008012393562077
2018-05-14,4.960000038146973,5.170000076293945,4.889999866485596,5.03000020980835,15.780042,1.2072519547206229
2018-05-15,5.090000152587891,5.190000057220459,5.090000152587891,5.159999847412109,9.962097,2.584485729250363
2018-05-16,5.139999866485596,5.199999809265137,5.110000133514404,5.190000057220459,6.154156,0.5813994320832405
2018-05-17,5.179999828338623,5.179999828338623,5.119999885559082,5.130000114440918,5.753215,-1.1560682489023757
2018-05-20,5.130000114440918,5.150000095367432,5.050000190734863,5.139999866485596,4.025677,0.1949269360935979
2018-05-21,5.199999809265137,5.420000076293945,5.199999809265137,5.289999961853027,18.700522,2.918289868944912
2018-05-22,5.340000152587891,5.349999904632568,5.28000020980835,5.28000020980835,7.457637,-0.18903123094116125
2018-05-23,5.28000020980835,5.349999904632568,5.199999809265137,5.199999809265137,6.13188,-1.5151590409901994
2018-05-24,5.210000038146973,5.25,5.150000095367432,5.190000057220459,4.344552,-0.1923029309897406
2018-05-27,5.190000057220459,5.199999809265137,5.110000133514404,5.119999885559082,3.874744,-1.348750884192973
2018-05-28,5.170000076293945,5.170000076293945,5.079999923706055,5.130000114440918,2.961976,0.19531697471404375
2018-05-29,5.139999866485596,5.159999847412109,5.090000152587891,5.099999904632568,5.71138,-0.5847993984229971
2018-05-30,5.099999904632568,5.159999847412109,5.079999923706055,5.090000152587891,5.715124,-0.1960735731699636
2018-05-31,5.139999866485596,5.199999809265137,5.130000114440918,5.199999809265137,17.867928,2.161093386634172
2018-06-03,5.210000038146973,5.320000171661377,5.179999828338623,5.309999942779541,5.39695,2.1153872605612634
2018-06-04,5.329999923706055,5.449999809265137,5.320000171661377,5.449999809265137,6.200007,2.636532353940324
2018-06-05,5.449999809265137,5.619999885559082,5.429999828338623,5.550000190734863,10.599188,1.8348694489809692
2018-06-06,5.570000171661377,5.599999904632568,5.489999771118164,5.550000190734863,7.768335,0.0
2018-06-07,5.550000190734863,5.590000152587891,5.5,5.539999961853027,8.912723,-0.1801842979848977
2018-06-10,5.519999980926514,5.579999923706055,5.449999809265137,5.570000171661377,2.414672,0.5415200363704464
2018-06-11,5.590000152587891,5.800000190734863,5.539999961853027,5.800000190734863,9.638889,4.129264128997034
2018-06-12,5.769999980926514,5.900000095367432,5.730000019073486,5.75,7.071677,-0.8620722256998503
2018-06-13,5.760000228881836,5.78000020980835,5.650000095367432,5.650000095367432,4.863399,-1.7391287762185792
2018-06-14,5.659999847412109,5.730000019073486,5.599999904632568,5.599999904632568,13.893685,-0.8849591131132817
2018-06-18,5.599999904632568,5.650000095367432,5.429999828338623,5.429999828338623,4.836201,-3.035715699804098
2018-06-19,5.429999828338623,5.429999828338623,5.150000095367432,5.150000095367432,10.122177,-5.156532998581342
2018-06-20,5.199999809265137,5.239999771118164,5.099999904632568,5.139999866485596,10.429322,-0.19417919799324945
2018-06-21,5.170000076293945,5.25,5.050000190734863,5.199999809265137,20.932724,1.167314092180427
2018-06-24,5.150000095367432,5.269999980926514,5.139999866485596,5.199999809265137,5.258719,0.0
2018-06-25,5.199999809265137,5.199999809265137,5.059999942779541,5.059999942779541,8.77279,-2.6923052234761657
2018-06-26,5.059999942779541,5.079999923706055,4.96999979019165,5.0,9.011238,-1.1857696335581758
2018-06-27,5.03000020980835,5.099999904632568,4.889999866485596,4.909999847412109,9.37758,-1.8000030517578147
2018-06-28,4.980000019073486,5.0,4.889999866485596,4.920000076293945,7.612143,0.2036706556540313
2018-07-01,4.989999771118164,5.079999923706055,4.960000038146973,5.039999961853027,4.404674,2.4390220263873053
2018-07-02,5.070000171661377,5.079999923706055,4.940000057220459,4.960000038146973,7.148632,-1.587300085546861
2018-07-03,4.980000019073486,5.0,4.929999828338623,4.980000019073486,2.718154,0.4032254188043316
2018-07-04,4.980000019073486,5.070000171661377,4.980000019073486,5.070000171661377,2.501673,1.8072319727547856
2018-07-05,5.090000152587891,5.159999847412109,5.070000171661377,5.099999904632568,5.332825,0.5917106894566704
2018-07-08,5.139999866485596,5.150000095367432,5.099999904632568,5.099999904632568,2.038006,0.0
2018-07-09,5.139999866485596,5.139999866485596,5.010000228881836,5.03000020980835,6.869736,-1.372543061434861
2018-07-10,5.03000020980835,5.090000152587891,5.03000020980835,5.090000152587891,3.437416,1.1928417550071346
2018-07-11,5.059999942779541,5.090000152587891,4.980000019073486,4.980000019073486,7.167513,-2.161102754750943
2018-07-12,5.0,5.070000171661377,4.980000019073486,5.019999980926514,6.256859,0.8032120823258326
2018-07-15,4.989999771118164,5.070000171661377,4.989999771118164,5.059999942779541,1.941763,0.7968119921316186
2018-07-16,5.059999942779541,5.199999809265137,5.059999942779541,5.199999809265137,10.460469,2.766795811635747
2018-07-17,5.179999828338623,5.239999771118164,5.150000095367432,5.150000095367432,3.16178,-0.9615329948400752
2018-07-18,5.150000095367432,5.230000019073486,5.150000095367432,5.199999809265137,2.74283,0.9708682130449064
2018-07-19,5.21999979019165,5.21999979019165,5.119999885559082,5.139999866485596,1.651108,-1.1538450957754964
2018-07-22,5.179999828338623,5.179999828338623,5.110000133514404,5.170000076293945,1.43265,0.5836616845840803
2018-07-23,5.170000076293945,5.28000020980835,5.139999866485596,5.25,5.30012,1.5473872828915214
2018-07-24,5.25,5.260000228881836,5.179999828338623,5.239999771118164,2.179129,-0.19048055013021203
2018-07-25,5.25,5.360000133514404,5.25,5.28000020980835,5.940281,0.7633671839197387
2018-07-26,5.320000171661377,5.320000171661377,5.230000019073486,5.300000190734863,2.907295,0.3787875024959364
2018-07-29,5.269999980926514,5.289999961853027,5.210000038146973,5.210000038146973,2.965611,-1.6981160254526673
2018-07-30,5.230000019073486,5.28000020980835,5.179999828338623,5.28000020980835,4.658701,1.343573342588189
2018-07-31,5.269999980926514,5.289999961853027,5.21999979019165,5.28000020980835,4.76695,0.0
2018-08-01,5.289999961853027,5.369999885559082,5.25,5.369999885559082,3.205977,1.7045392457285313
2018-08-02,5.360000133514404,5.380000114440918,5.300000190734863,5.329999923706055,2.172764,-0.7448782626717443
2018-08-05,5.349999904632568,5.380000114440918,5.340000152587891,5.369999885559082,1.279133,0.7504683381911681
2018-08-06,5.360000133514404,5.380000114440918,5.340000152587891,5.369999885559082,3.474037,0.0
2018-08-07,5.380000114440918,5.380000114440918,5.300000190734863,5.309999942779541,3.533632,-1.117317394007622
2018-08-08,5.320000171661377,5.320000171661377,5.21999979019165,5.300000190734863,4.291997,-0.18831924957504187
2018-08-09,5.300000190734863,5.309999942779541,5.239999771118164,5.300000190734863,1.41626,0.0
2018-08-12,5.300000190734863,5.320000171661377,5.21999979019165,5.239999771118164,2.803232,-1.1320833482532322
2018-08-13,5.199999809265137,5.199999809265137,5.110000133514404,5.119999885559082,4.047785,-2.2900742519207262
2018-08-14,5.139999866485596,5.199999809265137,5.099999904632568,5.099999904632568,5.612147,-0.3906246362021082
2018-08-15,5.099999904632568,5.099999904632568,5.019999980926514,5.019999980926514,5.818117,-1.5686259843532002
2018-08-16,5.03000020980835,5.090000152587891,5.0,5.010000228881836,5.823711,-0.1991982486588051
2018-08-19,5.010000228881836,5.059999942779541,5.010000228881836,5.050000190734863,1.96638,0.7984023957211539
2018-08-20,5.050000190734863,5.050000190734863,5.050000190734863,5.050000190734863,0.0,0.0
2018-08-21,5.050000190734863,5.050000190734863,5.050000190734863,5.050000190734863,0.0,0.0
2018-08-22,5.050000190734863,5.050000190734863,5.050000190734863,5.050000190734863,0.0,0.0
2018-08-23,5.050000190734863,5.050000190734863,5.050000190734863,5.050000190734863,0.0,0.0
2018-08-26,5.099999904632568,5.099999904632568,5.0,5.03000020980835,3.744642,-0.3960392113094846
2018-08-27,5.03000020980835,5.039999961853027,4.980000019073486,5.039999961853027,9.008971,0.19880221923607166
2018-08-28,5.039999961853027,5.050000190734863,4.920000076293945,4.920000076293945,6.514224,-2.3809501283202916
2018-08-29,4.949999809265137,5.0,4.909999847412109,4.989999771118164,7.938404,1.4227580028199238
2018-08-30,5.03000020980835,5.090000152587891,4.980000019073486,5.010000228881836,6.270866,0.40081079521152585
2018-09-02,5.039999961853027,5.130000114440918,5.03000020980835,5.110000133514404,4.049262,1.9960059893028514
2018-09-03,5.110000133514404,5.110000133514404,5.070000171661377,5.090000152587891,6.007401,-0.3913890490010341
2018-09-04,5.090000152587891,5.099999904632568,5.050000190734863,5.090000152587891,3.341558,0.0
2018-09-05,5.070000171661377,5.070000171661377,4.980000019073486,5.0,7.608558,-1.7681758328068398
2018-09-06,5.0,5.03000020980835,4.949999809265137,5.0,21.577679,0.0
2018-09-09,5.0,5.019999980926514,4.96999979019165,4.96999979019165,4.281114,-0.6000041961669922
2018-09-10,4.980000019073486,5.010000228881836,4.929999828338623,4.989999771118164,8.544329,0.40241412013706235
2018-09-11,4.980000019073486,4.980000019073486,4.929999828338623,4.940000057220459,6.244237,-1.0019983204628713
2018-09-12,4.940000057220459,4.96999979019165,4.909999847412109,4.949999809265137,4.677843,0.2024241281143757
2018-09-13,4.949999809265137,4.949999809265137,4.949999809265137,4.949999809265137,0.0,0.0
2018-09-16,4.949999809265137,4.949999809265137,4.78000020980835,4.789999961853027,6.870931,-3.232320274288303
2018-09-17,4.840000152587891,4.840000152587891,4.659999847412109,4.710000038146973,9.762419,-1.670144558312403
2018-09-18,4.699999809265137,4.760000228881836,4.610000133514404,4.710000038146973,11.896867,0.0
2018-09-19,4.760000228881836,4.760000228881836,4.679999828338623,4.739999771118164,2.673288,0.6369370005991248
2018-09-20,4.71999979019165,4.869999885559082,4.699999809265137,4.789999961853027,11.131516,1.0548563955535384
2018-09-23,4.800000190734863,4.880000114440918,4.78000020980835,4.78000020980835,3.934425,-0.2087630923656491
2018-09-24,4.78000020980835,4.829999923706055,4.769999980926514,4.809999942779541,4.832512,0.6276094488371298
2018-09-25,4.800000190734863,4.829999923706055,4.789999961853027,4.809999942779541,2.194456,0.0
2018-09-26,4.800000190734863,4.849999904632568,4.78000020980835,4.849999904632568,9.251958,0.8316000484173136
2018-09-27,4.820000171661377,4.949999809265137,4.820000171661377,4.949999809265137,11.456438,2.061853744307318
2018-09-30,4.929999828338623,5.0,4.809999942779541,5.0,5.651874,1.0101049022522401
2018-10-01,4.989999771118164,5.139999866485596,4.989999771118164,5.119999885559082,8.75187,2.399997711181645
2018-10-02,5.079999923706055,5.079999923706055,4.980000019073486,5.059999942779541,3.758992,-1.1718739086063357
2018-10-03,5.039999961853027,5.039999961853027,5.0,5.03000020980835,1.82441,-0.5928801049494115
2018-10-04,4.980000019073486,5.03000020980835,4.880000114440918,4.880000114440918,4.489842,-2.9821091274496614
2018-10-07,4.869999885559082,4.880000114440918,4.840000152587891,4.860000133514404,1.597845,-0.40983566511257896
2018-10-08,4.869999885559082,4.889999866485596,4.829999923706055,4.840000152587891,2.500299,-0.4115222299809096
2018-10-09,4.849999904632568,4.889999866485596,4.820000171661377,4.880000114440918,3.198284,0.8264454667762822
2018-10-10,4.889999866485596,5.0,4.880000114440918,5.0,4.111081,2.459013990675496
2018-10-11,4.900000095367432,4.929999828338623,4.860000133514404,4.880000114440918,4.31937,-2.399997711181645
2018-10-15,4.789999961853027,4.829999923706055,4.75,4.75,2.533175,-2.6639367088582833
2018-10-16,4.800000190734863,4.840000152587891,4.739999771118164,4.840000152587891,3.027842,1.8947400544819133
2018-10-17,4.849999904632568,4.949999809265137,4.849999904632568,4.949999809265137,4.328149,2.2727201076311987
2018-10-18,4.960000038146973,4.96999979019165,4.900000095367432,4.96999979019165,2.68559,0.4040400342860462
2018-10-21,4.980000019073486,4.980000019073486,4.909999847412109,4.929999828338623,2.667369,-0.8048282402741247
2018-10-22,4.909999847412109,5.039999961853027,4.909999847412109,4.989999771118164,7.021903,1.2170374212723045
2018-10-23,5.0,5.019999980926514,4.949999809265137,5.019999980926514,3.824377,0.6012066369619706
2018-10-24,5.019999980926514,5.019999980926514,4.860000133514404,4.869999885559082,3.376676,-2.988049719867669
2018-10-25,4.860000133514404,4.980000019073486,4.840000152587891,4.980000019073486,5.037765,2.258729694031114
2018-10-28,4.980000019073486,4.980000019073486,4.840000152587891,4.880000114440918,2.657444,-2.008030205814604
2018-10-29,4.869999885559082,4.869999885559082,4.739999771118164,4.760000228881836,8.293708,-2.459013990675485
2018-10-30,4.760000228881836,4.949999809265137,4.75,4.900000095367432,7.918107,2.941173524239149
2018-10-31,4.909999847412109,5.099999904632568,4.909999847412109,5.099999904632568,17.487317,4.081628681073313
2018-11-01,5.110000133514404,5.309999942779541,5.079999923706055,5.269999980926514,21.666409,3.3333348916247285
2018-11-04,5.28000020980835,5.28000020980835,5.159999847412109,5.199999809265137,7.1047,-1.3282765069207891
2018-11-05,5.199999809265137,5.230000019073486,5.139999866485596,5.170000076293945,5.729026,-0.5769179629149024
2018-11-06,5.190000057220459,5.230000019073486,5.139999866485596,5.159999847412109,7.383154,-0.19342802193930142
2018-11-07,5.159999847412109,5.239999771118164,5.159999847412109,5.239999771118164,5.355204,1.5503861641813277
2018-11-08,5.21999979019165,5.239999771118164,5.179999828338623,5.199999809265137,2.758709,-0.7633580839735754
2018-11-11,5.179999828338623,5.21999979019165,5.159999847412109,5.159999847412109,1.968435,-0.7692300638503347
2018-11-12,5.159999847412109,5.159999847412109,5.019999980926514,5.019999980926514,4.233595,-2.7131757873173123
2018-11-13,5.03000020980835,5.03000020980835,4.960000038146973,4.960000038146973,3.236477,-1.1952179881974279
2018-11-14,4.960000038146973,4.989999771118164,4.869999885559082,4.909999847412109,5.588549,-1.0080683538370103
2018-11-15,4.869999885559082,4.900000095367432,4.829999923706055,4.900000095367432,4.255392,-0.203660944102646
2018-11-18,4.900000095367432,4.900000095367432,4.900000095367432,4.900000095367432,0.0,0.0
2018-11-19,4.900000095367432,4.920000076293945,4.809999942779541,4.869999885559082,5.045352,-0.6122491678461905
2018-11-20,4.869999885559082,4.869999885559082,4.869999885559082,4.869999885559082,0.0,0.0
2018-11-21,4.800000190734863,4.849999904632568,4.769999980926514,4.78000020980835,5.365689,-1.8480426666457768
2018-11-22,4.820000171661377,4.820000171661377,4.769999980926514,4.769999980926514,2.514275,-0.2092098000605946
2018-11-25,4.829999923706055,4.829999923706055,4.71999979019165,4.800000190734863,4.070389,0.6289352186228392
2018-11-26,4.800000190734863,4.800000190734863,4.699999809265137,4.739999771118164,8.386583,-1.2500086923436848
2018-11-27,4.769999980926514,4.789999961853027,4.570000171661377,4.590000152587891,10.190387,-3.164549066948341
2018-11-28,4.650000095367432,4.679999828338623,4.590000152587891,4.599999904632568,6.223289,0.2178595144281203
2018-11-29,4.599999904632568,4.650000095367432,4.5,4.5,8.930527,-2.173911015342856
2018-12-02,4.5,4.5,4.5,4.5,0.0,0.0
2018-12-03,4.5,4.5,4.5,4.5,0.0,0.0
2018-12-04,4.559999942779541,4.659999847412109,4.53000020980835,4.579999923706055,15.253074,1.7777760823567634
2018-12-05,4.579999923706055,4.579999923706055,4.389999866485596,4.440000057220459,7.403114,-3.0567656947101063
2018-12-06,4.400000095367432,4.429999828338623,4.21999979019165,4.25,13.20252,-4.279280512879168
2018-12-09,4.25,4.360000133514404,4.170000076293945,4.170000076293945,5.202622,-1.8823511460248188
2018-12-10,4.179999828338623,4.179999828338623,3.930000066757202,3.9800000190734863,14.411747,-4.556356204897726
2018-12-11,3.990000009536743,4.090000152587891,3.950000047683716,4.090000152587891,5.108716,2.763822436865504
2018-12-12,4.099999904632568,4.349999904632568,4.079999923706055,4.349999904632568,9.452986,6.356961915518911
2018-12-13,4.369999885559082,4.400000095367432,4.320000171661377,4.329999923706055,7.039621,-0.4597696865513589
2018-12-16,4.289999961853027,4.289999961853027,4.150000095367432,4.199999809265137,3.562272,-3.002312164699783
2018-12-17,4.150000095367432,4.300000190734863,4.150000095367432,4.300000190734863,5.673626,2.3809615716916754
2018-12-18,4.190000057220459,4.230000019073486,4.130000114440918,4.199999809265137,6.22007,-2.3255901635817477
2018-12-19,4.199999809265137,4.260000228881836,4.159999847412109,4.170000076293945,3.801825,-0.7142793888945564
2018-12-20,4.150000095367432,4.210000038146973,4.070000171661377,4.210000038146973,7.663484,0.959231681563355
2018-12-23,4.099999904632568,4.150000095367432,4.050000190734863,4.050000190734863,1.229745,-3.800471400530747
2018-12-24,4.050000190734863,4.099999904632568,3.950000047683716,4.039999961853027,6.975054,-0.2469192200216019
2018-12-25,3.990000009536743,4.019999980926514,3.950000047683716,3.950000047683716,2.601831,-2.2277206687900897
2018-12-26,3.940000057220459,3.9800000190734863,3.849999904632568,3.910000085830689,3.578411,-1.0126572498773356
2018-12-27,3.990000009536743,4.059999942779541,3.950000047683716,3.990000009536743,4.858238,2.046033809461112
2018-12-30,3.9800000190734863,4.019999980926514,3.940000057220459,4.0,1.603065,0.2506263268008846
2018-12-31,4.0,4.150000095367432,4.0,4.130000114440918,6.823059,3.250002861022949
2019-01-01,4.130000114440918,4.130000114440918,4.130000114440918,4.130000114440918,0.0,0.0
2019-01-02,4.130000114440918,4.170000076293945,4.050000190734863,4.079999923706055,1.751759,-1.2106583377572533
2019-01-03,4.079999923706055,4.079999923706055,3.9700000286102295,4.050000190734863,6.28284,-0.7352875865728303
2019-01-06,4.070000171661377,4.110000133514404,3.9800000190734863,4.010000228881836,4.043298,-0.9876533325735348
2019-01-07,4.039999961853027,4.039999961853027,3.9700000286102295,3.9700000286102295,5.093899,-0.9975111717826612
2019-01-08,4.0,4.03000020980835,3.9200000762939453,3.9200000762939453,7.394088,-1.259444633651241
2019-01-09,3.950000047683716,4.0,3.950000047683716,4.0,4.735061,2.040814340536645
2019-01-10,4.0,4.059999942779541,3.9600000381469727,4.059999942779541,5.179313,1.4999985694885254
2019-01-13,4.059999942779541,4.130000114440918,4.03000020980835,4.059999942779541,3.905431,0.0
2019-01-14,4.019999980926514,4.039999961853027,3.9700000286102295,3.9800000190734863,6.068178,-1.9704414983633067
2019-01-15,3.9800000190734863,4.050000190734863,3.920000076293945,3.920000076293945,6.010375,-1.5075362435176154
2019-01-16,3.920000076293945,4.0,3.900000095367432,3.950000047683716,5.232107,0.7653053777012531
2019-01-17,3.990000009536743,4.010000228881836,3.950000047683716,4.0,4.858957,1.2658215623466695
2019-01-20,4.03000020980835,4.050000190734863,4.0,4.019999980926514,4.293488,0.4999995231628418
2019-01-21,4.019999980926514,4.059999942779541,4.0,4.0,4.656935,-0.4975119657066318
2019-01-22,3.9800000190734863,4.039999961853027,3.9600000381469727,4.039999961853027,6.142609,0.9999990463256836
2019-01-23,4.0,4.130000114440918,4.0,4.130000114440918,9.429769,2.2277265702401294
2019-01-24,4.130000114440918,4.159999847412109,4.059999942779541,4.110000133514404,13.633537,-0.4842610259641833
2019-01-27,4.079999923706055,4.179999828338623,4.070000171661377,4.170000076293945,4.731359,1.4598525749495828
2019-01-28,4.179999828338623,4.269999980926514,4.179999828338623,4.239999771118164,12.207983,1.6786497252640364
2019-01-29,4.239999771118164,4.320000171661377,4.199999809265137,4.25,10.151694,0.2358544674920804
2019-01-30,4.289999961853027,4.289999961853027,4.190000057220459,4.260000228881836,4.742563,0.2352995031020155
2019-01-31,4.25,4.320000171661377,4.210000038146973,4.309999942779541,10.665212,1.1737021411106552
2019-02-03,4.340000152587891,4.380000114440918,4.170000076293945,4.170000076293945,5.772181,-3.2482568061314
2019-02-04,4.170000076293945,4.210000038146973,4.099999904632568,4.099999904632568,19.339299,-1.6786611602076729
2019-02-05,4.119999885559082,4.150000095367432,4.090000152587891,4.099999904632568,8.390805,0.0
2019-02-06,4.099999904632568,4.159999847412109,4.079999923706055,4.099999904632568,7.85261,0.0
2019-02-07,4.099999904632568,4.099999904632568,3.9700000286102295,3.990000009536743,18.098072,-2.682924333035641
2019-02-10,3.9700000286102295,4.03000020980835,3.9700000286102295,3.990000009536743,1.312434,0.0
2019-02-11,3.990000009536743,4.03000020980835,3.930000066757202,3.930000066757202,14.291456,-1.5037579608052964
2019-02-12,3.9700000286102295,3.9800000190734863,3.849999904632568,3.890000104904175,12.571031,-1.017810716884615
2019-02-13,3.890000104904175,3.9700000286102295,3.849999904632568,3.849999904632568,14.388224,-1.0282827556014065
2019-02-14,3.9000000953674316,4.179999828338623,3.9000000953674316,4.099999904632568,19.84027,6.493506654355596
2019-02-17,4.170000076293945,4.300000190734863,4.170000076293945,4.179999828338623,13.454403,1.9512176967531936
2019-02-18,4.190000057220459,4.230000019073486,4.139999866485596,4.199999809265137,11.641757,0.47846846286745404
2019-02-19,4.190000057220459,4.369999885559082,4.190000057220459,4.329999923706055,16.560564,3.095240960586221
2019-02-20,4.349999904632568,4.610000133514404,4.340000152587891,4.599999904632568,22.595137,6.23556548923494
2019-02-21,4.590000152587891,4.679999828338623,4.579999923706055,4.659999847412109,17.4882,1.3043466092057088
2019-02-24,4.650000095367432,4.820000171661377,4.650000095367432,4.809999942779541,16.318975,3.218886272082888
2019-02-25,4.820000171661377,4.840000152587891,4.699999809265137,4.800000190734863,20.168777,-0.20789505537704978
2019-02-26,4.800000190734863,4.989999771118164,4.789999961853027,4.920000076293945,25.174936,2.499997516473229
2019-02-27,4.920000076293945,5.019999980926514,4.829999923706055,4.929999828338623,13.750051,0.2032469896262823
2019-02-28,4.949999809265137,4.960000038146973,4.840000152587891,4.900000095367432,14.552861,-0.6085138745593244
2019-03-03,4.900000095367432,4.960000038146973,4.880000114440918,4.900000095367432,5.401205,0.0
2019-03-04,4.940000057220459,4.96999979019165,4.849999904632568,4.920000076293945,5.018257,0.4081628681073201
2019-03-05,4.900000095367432,4.929999828338623,4.860000133514404,4.900000095367432,4.029181,-0.4065036710645509
2019-03-06,4.909999847412109,4.920000076293945,4.829999923706055,4.889999866485596,8.579002,-0.20408629973885928
2019-03-07,4.889999866485596,4.889999866485596,4.730000019073486,4.739999771118164,7.348373,-3.0674866965842207
2019-03-10,4.710000038146973,4.789999961853027,4.690000057220459,4.699999809265137,4.070005,-0.8438810925003759
2019-03-11,4.699999809265137,4.78000020980835,4.670000076293945,4.75,6.416674,1.0638338885950116
2019-03-12,4.800000190734863,4.860000133514404,4.760000228881836,4.760000228881836,6.967789,0.21053113435443027
2019-03-13,4.760000228881836,4.769999980926514,4.699999809265137,4.699999809265137,4.199191,-1.2605129565465112
2019-03-14,4.699999809265137,4.760000228881836,4.579999923706055,4.599999904632568,19.161888,-2.1276576317181495
2019-03-17,4.610000133514404,4.659999847412109,4.599999904632568,4.619999885559082,2.740359,0.4347822030685622
2019-03-18,4.639999866485596,4.760000228881836,4.630000114440918,4.71999979019165,11.829891,2.16450015388836
2019-03-19,4.760000228881836,4.820000171661377,4.71999979019165,4.820000171661377,13.066853,2.118652243958397
2019-03-20,4.769999980926514,4.829999923706055,4.75,4.769999980926514,5.13583,-1.0373483185505572
2019-03-21,4.659999847412109,4.71999979019165,4.650000095367432,4.699999809265137,6.416511,-1.4675088457291818
2019-03-24,4.699999809265137,4.699999809265137,4.650000095367432,4.679999828338623,2.267927,-0.4255315263436254
2019-03-25,4.650000095367432,4.78000020980835,4.639999866485596,4.78000020980835,5.315336,2.136760366190571
2019-03-26,4.78000020980835,4.78000020980835,4.679999828338623,4.679999828338623,6.499998,-2.092058097916616
2019-03-27,4.730000019073486,4.739999771118164,4.599999904632568,4.599999904632568,7.772067,-1.7094001418896276
2019-03-28,4.650000095367432,4.679999828338623,4.519999980926514,4.679999828338623,8.170147,1.7391288122742932
2019-03-31,4.679999828338623,4.840000152587891,4.679999828338623,4.78000020980835,10.733937,2.136760366190571
2019-04-01,4.820000171661377,4.980000019073486,4.820000171661377,4.96999979019165,21.448619,3.974886444427983
2019-04-02,5.019999980926514,5.170000076293945,5.019999980926514,5.130000114440918,18.535606,3.2193225554059346
2019-04-03,5.130000114440918,5.230000019073486,5.050000190734863,5.059999942779541,12.157782,-1.364525732939592
2019-04-04,5.059999942779541,5.099999904632568,5.0,5.0,6.580297,-1.1857696335581758
2019-04-07,5.039999961853027,5.059999942779541,4.980000019073486,4.980000019073486,5.059691,-0.3999996185302779
2019-04-08,5.0,5.050000190734863,4.980000019073486,5.050000190734863,5.087735,1.4056259315918584
2019-04-09,5.070000171661377,5.099999904632568,5.039999961853027,5.070000171661377,4.302235,0.3960392113094846
2019-04-10,5.059999942779541,5.150000095367432,5.019999980926514,5.130000114440918,11.367849,1.183430783985151
2019-04-11,5.119999885559082,5.179999828338623,5.099999904632568,5.130000114440918,5.890803,0.0
2019-04-14,5.139999866485596,5.159999847412109,5.059999942779541,5.070000171661377,6.984225,-1.1695895017748925
2019-04-15,5.099999904632568,5.099999904632568,5.03000020980835,5.03000020980835,7.841571,-0.7889538559901044
2019-04-16,5.070000171661377,5.070000171661377,4.929999828338623,4.929999828338623,7.07249,-1.9880790715421592
2019-04-17,4.940000057220459,5.03000020980835,4.929999828338623,4.96999979019165,4.406594,0.8113582808481956
2019-04-18,5.010000228881836,5.010000228881836,4.940000057220459,4.940000057220459,4.633609,-0.6036163830508867
2019-04-21,4.980000019073486,5.0,4.929999828338623,4.96999979019165,2.279082,0.6072820369170451
2019-04-22,4.96999979019165,5.059999942779541,4.949999809265137,5.019999980926514,7.87849,1.006040097497363
2019-04-23,5.019999980926514,5.019999980926514,4.880000114440918,4.909999847412109,10.132091,-2.19123772773605
2019-04-24,4.900000095367432,4.929999828338623,4.789999961853027,4.809999942779541,10.652366,-2.036657998783342
2019-04-25,4.829999923706055,4.849999904632568,4.730000019073486,4.800000190734863,9.87008,-0.20789505537704978
2019-04-28,4.800000190734863,4.849999904632568,4.75,4.75,2.662191,-1.041670598917377
2019-04-29,4.789999961853027,4.800000190734863,4.690000057220459,4.699999809265137,8.33222,-1.052635594418172
2019-04-30,4.730000019073486,4.800000190734863,4.710000038146973,4.800000190734863,21.09175,2.127667777190023
2019-05-01,4.650000095367432,4.699999809265137,4.639999866485596,4.639999866485596,6.154987,-3.3333399560713795
2019-05-02,4.639999866485596,4.78000020980835,4.639999866485596,4.75,10.145452,2.3706926008538964
2019-05-05,4.800000190734863,4.820000171661377,4.710000038146973,4.71999979019165,2.017361,-0.6315833643863122
2019-05-06,4.710000038146973,4.78000020980835,4.690000057220459,4.690000057220459,8.31926,-0.6355875912014253
2019-05-07,4.71999979019165,4.71999979019165,4.679999828338623,4.699999809265137,3.405378,0.2132143267095099
2019-05-08,4.650000095367432,4.699999809265137,4.579999923706055,4.630000114440918,4.778641,-1.4893552694667744
2019-05-09,4.599999904632568,4.630000114440918,4.5,4.5,4.245018,-2.807777780295273
2019-05-12,4.46999979019165,4.519999980926514,4.420000076293945,4.420000076293945,2.359534,-1.7777760823567743
2019-05-13,4.400000095367432,4.400000095367432,4.130000114440918,4.159999847412109,13.802381,-5.882358017962741
2019-05-14,4.199999809265137,4.440000057220459,4.199999809265137,4.369999885559082,12.592779,5.04807802523386
2019-05-15,4.349999904632568,4.360000133514404,4.269999980926514,4.269999980926514,5.09426,-2.288327397056089
2019-05-16,4.269999980926514,4.369999885559082,4.260000228881836,4.260000228881836,5.246652,-0.234186231600586
2019-05-19,4.25,4.25,4.090000152587891,4.130000114440918,4.982649,-3.051645714935569
2019-05-20,4.130000114440918,4.230000019073486,4.099999904632568,4.110000133514404,4.836715,-0.4842610259641833
2019-05-21,4.130000114440918,4.230000019073486,4.059999942779541,4.230000019073486,5.700056,2.9197051498991438
2019-05-22,4.170000076293945,4.340000152587891,4.150000095367432,4.340000152587891,4.893977,2.600475957881865
2019-05-23,4.289999961853027,4.420000076293945,4.28000020980835,4.420000076293945,8.923191,1.843316149616992
2019-05-26,4.429999828338623,4.449999809265137,4.260000228881836,4.300000190734863,3.074908,-2.7149294906731902
2019-05-27,4.349999904632568,4.349999904632568,4.28000020980835,4.28000020980835,2.632491,-0.4651158148691992
2019-05-28,4.329999923706055,4.460000038146973,4.269999980926514,4.460000038146973,17.889681,4.205603259694302
2019-05-29,4.460000038146973,4.460000038146973,4.460000038146973,4.460000038146973,0.0,0.0
2019-05-30,4.369999885559082,4.480000019073486,4.369999885559082,4.46999979019165,9.270409,0.224209685182708
2019-06-02,4.46999979019165,4.46999979019165,4.46999979019165,4.46999979019165,0.0,0.0
2019-06-03,4.46999979019165,4.46999979019165,4.46999979019165,4.46999979019165,0.0,0.0
2019-06-04,4.46999979019165,4.46999979019165,4.46999979019165,4.46999979019165,0.0,0.0
2019-06-05,4.46999979019165,4.46999979019165,4.46999979019165,4.46999979019165,0.0,0.0
2019-06-06,4.46999979019165,4.46999979019165,4.46999979019165,4.46999979019165,0.0,0.0
2019-06-09,4.489999771118164,4.559999942779541,4.440000057220459,4.5,4.747403,0.6711456647979785
2019-06-10,4.539999961853027,4.630000114440918,4.510000228881836,4.570000171661377,12.913118,1.5555593702528236
2019-06-11,4.570000171661377,4.579999923706055,4.5,4.579999923706055,4.282613,0.21881294680656804
2019-06-12,4.550000190734863,4.570000171661377,4.5,4.539999961853027,11.251293,-0.873361627060032
2019-06-13,4.519999980926514,4.519999980926514,4.449999809265137,4.46999979019165,4.755563,-1.54185401430722
2019-06-16,4.460000038146973,4.5,4.360000133514404,4.360000133514404,3.566765,-2.4608425467628425
2019-06-17,4.369999885559082,4.409999847412109,4.349999904632568,4.349999904632568,5.335935,-0.2293630407248503
2019-06-18,4.300000190734863,4.380000114440918,4.260000228881836,4.340000152587891,4.735016,-0.2298793623886852
2019-06-19,4.329999923706055,4.360000133514404,4.300000190734863,4.340000152587891,9.077612,0.0
2019-06-20,4.369999885559082,4.480000019073486,4.309999942779541,4.480000019073486,22.619206,3.225803261829729
2019-06-23,4.449999809265137,4.449999809265137,4.389999866485596,4.409999847412109,4.103332,-1.5625038250748458
2019-06-24,4.400000095367432,4.53000020980835,4.400000095367432,4.480000019073486,12.321695,1.5873055347712661
2019-06-25,4.480000019073486,4.489999771118164,4.409999847412109,4.420000076293945,9.725419,-1.3392844313413588
2019-06-26,4.409999847412109,4.460000038146973,4.400000095367432,4.420000076293945,3.977423,0.0
2019-06-27,4.400000095367432,4.46999979019165,4.389999866485596,4.420000076293945,7.46116,0.0
2019-06-30,4.429999828338623,4.46999979019165,4.429999828338623,4.46999979019165,1.67253,1.1312152270284148
2019-07-01,4.480000019073486,4.480000019073486,4.429999828338623,4.480000019073486,4.907428,0.2237187774321469
2019-07-02,4.460000038146973,4.510000228881836,4.460000038146973,4.510000228881836,8.696251,0.6696475375139288
2019-07-03,4.489999771118164,4.519999980926514,4.429999828338623,4.449999809265137,9.184698,-1.3303861767558045
2019-07-04,4.429999828338623,4.5,4.429999828338623,4.480000019073486,10.055284,0.6741620470609444
2019-07-07,4.480000019073486,4.489999771118164,4.440000057220459,4.460000038146973,1.240226,-0.4464281437804529
2019-07-08,4.460000038146973,4.610000133514404,4.460000038146973,4.570000171661377,12.333547,2.466370685505792
2019-07-09,4.559999942779541,4.610000133514404,4.550000190734863,4.610000133514404,9.903738,0.8752726553724832
2019-07-10,4.610000133514404,4.789999961853027,4.610000133514404,4.769999980926514,17.01799,3.4707124246899923
2019-07-11,4.75,4.840000152587891,4.75,4.75,18.153749,-0.4192868135531769
2019-07-14,4.730000019073486,4.800000190734863,4.730000019073486,4.800000190734863,1.862823,1.052635594418172
2019-07-15,4.769999980926514,4.889999866485596,4.769999980926514,4.880000114440918,5.174205,1.66666501098216
2019-07-16,4.860000133514404,4.880000114440918,4.800000190734863,4.860000133514404,6.980212,-0.40983566511257896
2019-07-17,4.840000152587891,4.840000152587891,4.800000190734863,4.800000190734863,2.711457,-1.2345666899427288
2019-07-18,4.860000133514404,4.940000057220459,4.849999904632568,4.889999866485596,14.857327,1.8749931703013976
2019-07-21,4.889999866485596,4.889999866485596,4.829999923706055,4.829999923706055,2.706958,-1.2269927283794058
2019-07-22,4.820000171661377,5.0,4.820000171661377,4.949999809265137,12.896395,2.484469719556559
2019-07-23,4.96999979019165,5.150000095367432,4.96999979019165,5.150000095367432,17.470123,4.040409975934645
2019-07-24,5.159999847412109,5.21999979019165,5.119999885559082,5.210000038146973,11.247055,1.165047411038156
2019-07-25,5.199999809265137,5.269999980926514,5.170000076293945,5.230000019073486,8.062422,0.3838767904045248
2019-07-28,5.230000019073486,5.230000019073486,5.139999866485596,5.159999847412109,3.391895,-1.3384353997340503
2019-07-29,5.159999847412109,5.360000133514404,5.159999847412109,5.360000133514404,17.227899,3.875974651483771
2019-07-30,5.369999885559082,5.46999979019165,5.369999885559082,5.440000057220459,10.402723,1.492535852860155
2019-07-31,5.489999771118164,5.53000020980835,5.429999828338623,5.53000020980835,19.949308,1.6544145522284337
2019-08-01,5.5,5.5,5.420000076293945,5.449999809265137,6.860747,-1.446661799421256
2019-08-04,5.400000095367432,5.400000095367432,5.21999979019165,5.230000019073486,5.394055,-4.036693539284997
2019-08-05,5.190000057220459,5.190000057220459,5.0,5.059999942779541,10.97667,-3.2504794583932184
2019-08-06,4.949999809265137,5.179999828338623,4.949999809265137,5.179999828338623,13.299323,2.3715392671163515
2019-08-07,5.190000057220459,5.320000171661377,5.190000057220459,5.199999809265137,11.160599,0.3861000306814244
2019-08-08,5.25,5.340000152587891,5.21999979019165,5.300000190734863,10.738645,1.9230843295715117
2019-08-11,5.300000190734863,5.300000190734863,5.300000190734863,5.300000190734863,0.0,0.0
2019-08-12,5.300000190734863,5.300000190734863,5.300000190734863,5.300000190734863,0.0,0.0
2019-08-13,5.300000190734863,5.300000190734863,5.300000190734863,5.300000190734863,0.0,0.0
2019-08-14,5.300000190734863,5.429999828338623,5.269999980926514,5.269999980926514,9.83146,-0.5660416741266161
2019-08-15,5.199999809265137,5.210000038146973,5.099999904632568,5.170000076293945,7.323822,-1.8975314040700852
2019-08-18,5.199999809265137,5.230000019073486,5.170000076293945,5.170000076293945,2.374616,0.0
2019-08-19,5.179999828338623,5.21999979019165,5.099999904632568,5.130000114440918,3.229171,-0.7736936414457607
2019-08-20,5.130000114440918,5.170000076293945,5.079999923706055,5.119999885559082,7.770751,-0.1949362311646996
2019-08-21,5.150000095367432,5.179999828338623,5.119999885559082,5.130000114440918,7.236467,0.19531697471404375
2019-08-22,5.130000114440918,5.150000095367432,5.0,5.0,7.157212,-2.5341152347144846
2019-08-25,4.989999771118164,4.989999771118164,4.789999961853027,4.800000190734863,8.553427,-3.9999961853027344
2019-08-26,4.78000020980835,4.889999866485596,4.760000228881836,4.849999904632568,6.813012,1.0416606648103066
2019-08-27,4.900000095367432,4.949999809265137,4.860000133514404,4.949999809265137,13.705474,2.061853744307318
2019-08-28,4.920000076293945,5.0,4.920000076293945,5.0,4.396991,1.0101049022522401
2019-08-29,4.989999771118164,5.039999961853027,4.909999847412109,4.949999809265137,3.900548,-1.00000381469727
2019-09-01,4.949999809265137,4.949999809265137,4.949999809265137,4.949999809265137,0.0,0.0
2019-09-02,5.010000228881836,5.170000076293945,5.010000228881836,5.170000076293945,9.237207,4.444450010220691
2019-09-03,5.150000095367432,5.150000095367432,4.989999771118164,5.050000190734863,6.085307,-2.321080924337293
2019-09-04,5.010000228881836,5.050000190734863,4.96999979019165,5.039999961853027,6.094079,-0.19802432681454984
2019-09-05,5.039999961853027,5.079999923706055,4.989999771118164,5.0,8.927932,-0.7936500427734305
2019-09-08,5.03000020980835,5.03000020980835,4.980000019073486,4.989999771118164,1.781253,-0.2000045776367143
2019-09-09,4.989999771118164,5.010000228881836,4.96999979019165,5.010000228881836,4.606557,0.4008107952115258
2019-09-10,5.0,5.050000190734863,4.989999771118164,5.039999961853027,5.403534,0.5987970379371932
2019-09-11,5.019999980926514,5.039999961853027,4.96999979019165,5.0,5.89087,-0.7936500427734305
2019-09-12,5.0,5.03000020980835,4.989999771118164,5.0,2.823969,0.0
2019-09-15,4.980000019073486,4.980000019073486,4.909999847412109,4.949999809265137,1.937128,-1.00000381469727
2019-09-16,4.949999809265137,4.949999809265137,4.880000114440918,4.940000057220459,9.003617,-0.2020152006058873
2019-09-17,4.940000057220459,4.940000057220459,4.78000020980835,4.789999961853027,10.237824,-3.0364391423070236
2019-09-18,4.809999942779541,4.849999904632568,4.71999979019165,4.730000019073486,7.982667,-1.2526084187343025
2019-09-19,4.769999980926514,4.849999904632568,4.710000038146973,4.849999904632568,22.767483,2.5369954561350605
2019-09-22,4.800000190734863,4.809999942779541,4.760000228881836,4.78000020980835,1.463474,-1.4432927051680422
2019-09-23,4.809999942779541,4.840000152587891,4.800000190734863,4.829999923706055,5.288303,1.0460190732859864
2019-09-24,4.849999904632568,4.849999904632568,4.769999980926514,4.769999980926514,3.959758,-1.2422348597782795
2019-09-25,4.75,4.760000228881836,4.699999809265137,4.739999771118164,3.502366,-0.6289352186228392
2019-09-26,4.75,4.809999942779541,4.550000190734863,4.659999847412109,12.341981,-1.6877621850007518
2019-09-29,4.699999809265137,4.699999809265137,4.630000114440918,4.630000114440918,1.607471,-0.6437711148821523
2019-09-30,4.619999885559082,4.679999828338623,4.610000133514404,4.610000133514404,4.154966,-0.43196502013324034
2019-10-01,4.670000076293945,4.679999828338623,4.610000133514404,4.619999885559082,5.762706,0.2169143547736673
2019-10-02,4.630000114440918,4.630000114440918,4.400000095367432,4.400000095367432,14.818705,-4.761900338554392
2019-10-03,4.400000095367432,4.53000020980835,4.400000095367432,4.5,4.582331,2.2727250560256484
2019-10-06,4.5,4.570000171661377,4.409999847412109,4.510000228881836,3.114289,0.2222273084852455
2019-10-07,4.519999980926514,4.550000190734863,4.480000019073486,4.5,2.952215,-0.221734553754449
2019-10-08,4.480000019073486,4.539999961853027,4.460000038146973,4.489999771118164,4.602988,-0.22222730848524552
2019-10-09,4.5,4.519999980926514,4.460000038146973,4.5,4.775879,0.2227222581649535
2019-10-10,4.510000228881836,4.550000190734863,4.5,4.550000190734863,3.33198,1.1111153496636383
2019-10-13,4.570000171661377,4.659999847412109,4.570000171661377,4.639999866485596,4.856377,1.978014768746572
2019-10-14,4.670000076293945,4.699999809265137,4.559999942779541,4.599999904632568,8.973915,-0.8620681681899223
2019-10-15,4.590000152587891,4.590000152587891,4.46999979019165,4.550000190734863,6.046041,-1.0869503246587309
2019-10-16,4.539999961853027,4.599999904632568,4.5,4.539999961853027,3.758134,-0.2197852409368983
2019-10-17,4.5,4.550000190734863,4.429999828338623,4.429999828338623,4.741437,-2.422910450190996
2019-10-20,4.46999979019165,4.46999979019165,4.420000076293945,4.429999828338623,0.837878,0.0
2019-10-21,4.429999828338623,4.489999771118164,4.409999847412109,4.409999847412109,2.158876,-0.4514668555645085
2019-10-22,4.420000076293945,4.480000019073486,4.420000076293945,4.46999979019165,2.076908,1.3605429672463698
2019-10-23,4.46999979019165,4.480000019073486,4.420000076293945,4.420000076293945,2.52642,-1.1185618846653589
2019-10-24,4.420000076293945,4.5,4.420000076293945,4.46999979019165,3.238809,1.1312152270284148
2019-10-27,4.5,4.519999980926514,4.460000038146973,4.480000019073486,1.836901,0.22371877743214696
2019-10-28,4.480000019073486,4.489999771118164,4.429999828338623,4.429999828338623,5.416704,-1.1160756812943928
2019-10-29,4.449999809265137,4.449999809265137,4.210000038146973,4.210000038146973,11.42567,-4.966135411209638
2019-10-30,4.21999979019165,4.309999942779541,4.150000095367432,4.309999942779541,10.300597,2.3752946253317253
2019-10-31,4.309999942779541,4.320000171661377,4.210000038146973,4.269999980926514,9.836207,-0.9280733731803936
2019-11-03,4.269999980926514,4.269999980926514,4.230000019073486,4.239999771118164,0.93706,-0.7025810290949952
2019-11-04,4.269999980926514,4.309999942779541,4.210000038146973,4.239999771118164,14.392681,0.0
2019-11-05,4.269999980926514,4.269999980926514,4.130000114440918,4.159999847412109,7.148885,-1.886790755296608
2019-11-06,4.159999847412109,4.210000038146973,4.139999866485596,4.139999866485596,5.799655,-0.48076878990646055
2019-11-07,4.130000114440918,4.190000057220459,4.130000114440918,4.179999828338623,13.647202,0.9661826846140142
2019-11-10,4.179999828338623,4.179999828338623,4.119999885559082,4.130000114440918,3.342488,-1.1961654533746202
2019-11-11,4.190000057220459,4.230000019073486,4.150000095367432,4.170000076293945,26.5604,0.9685220519283666
2019-11-12,4.199999809265137,4.199999809265137,4.110000133514404,4.150000095367432,8.78726,-0.4796158407816775
2019-11-13,4.150000095367432,4.159999847412109,4.119999885559082,4.119999885559082,4.288191,-0.7228966052757024
2019-11-14,4.119999885559082,4.159999847412109,4.119999885559082,4.139999866485596,4.304885,0.48543644373910677
2019-11-17,4.150000095367432,4.170000076293945,4.119999885559082,4.119999885559082,3.22528,-0.4830913423070071
2019-11-18,4.119999885559082,4.130000114440918,4.050000190734863,4.099999904632568,7.1393,-0.4854364437391179
2019-11-19,4.079999923706055,4.170000076293945,4.079999923706055,4.170000076293945,6.451172,1.707321299746467
2019-11-20,4.159999847412109,4.190000057220459,4.139999866485596,4.150000095367432,9.231173,-0.4796158407816775
2019-11-21,4.150000095367432,4.150000095367432,4.090000152587891,4.110000133514404,4.053745,-0.963854480333115
2019-11-24,4.139999866485596,4.139999866485596,4.110000133514404,4.110000133514404,0.667017,0.0
2019-11-25,4.119999885559082,4.170000076293945,4.119999885559082,4.159999847412109,14.657452,1.216538011519508
2019-11-26,4.179999828338623,4.179999828338623,4.039999961853027,4.099999904632568,81.383141,-1.4423063697193705
2019-11-27,4.099999904632568,4.150000095367432,4.059999942779541,4.150000095367432,7.608562,1.219516875558169
2019-11-28,4.139999866485596,4.159999847412109,4.090000152587891,4.130000114440918,10.957296,-0.4819272401665575
2019-12-01,4.130000114440918,4.130000114440918,4.130000114440918,4.130000114440918,0.0,0.0
2019-12-02,4.130000114440918,4.130000114440918,4.130000114440918,4.130000114440918,0.0,0.0
2019-12-03,4.130000114440918,4.130000114440918,4.130000114440918,4.130000114440918,0.0,0.0
2019-12-04,4.130000114440918,4.130000114440918,4.130000114440918,4.130000114440918,0.0,0.0
2019-12-05,4.090000152587891,4.119999885559082,4.079999923706055,4.119999885559082,6.32537,-0.2421362858288867
2019-12-08,4.099999904632568,4.159999847412109,4.099999904632568,4.110000133514404,4.041155,-0.2427124350106835
2019-12-09,4.110000133514404,4.110000133514404,4.110000133514404,4.110000133514404,0.0,0.0
2019-12-10,4.110000133514404,4.110000133514404,4.110000133514404,4.110000133514404,0.0,0.0
2019-12-11,4.110000133514404,4.110000133514404,4.110000133514404,4.110000133514404,0.0,0.0
2019-12-12,4.110000133514404,4.110000133514404,4.110000133514404,4.110000133514404,0.0,0.0
2019-12-15,4.110000133514404,4.110000133514404,4.110000133514404,4.110000133514404,0.0,0.0
2019-12-16,4.03000020980835,4.03000020980835,3.990000009536743,4.0,9.296647,-2.676402188346028
2019-12-17,4.010000228881836,4.070000171661377,4.0,4.050000190734863,13.445468,1.250004768371582
2019-12-18,4.050000190734863,4.139999866485596,4.050000190734863,4.130000114440918,14.097603,1.9753066651470697
2019-12-19,4.150000095367432,4.150000095367432,4.079999923706055,4.090000152587891,14.679773,-0.9685220519283776
2019-12-22,4.079999923706055,4.119999885559082,4.010000228881836,4.050000190734863,5.795486,-0.9779941408490589
2019-12-23,4.050000190734863,4.070000171661377,4.0,4.050000190734863,6.039957,0.0
2019-12-24,4.039999961853027,4.090000152587891,4.0,4.050000190734863,8.281138,0.0
2019-12-25,4.039999961853027,4.050000190734863,4.0,4.010000228881836,5.957044,-0.9876533325735348
2019-12-26,4.019999980926514,4.019999980926514,3.9700000286102295,4.019999980926514,4.032628,0.24937036094550002
2019-12-29,4.619999885559082,4.699999809265137,3.950000047683716,4.03000020980835,519.675567,0.2487619136637642
2019-12-30,4.039999961853027,4.099999904632568,4.039999961853027,4.039999961853027,10.697845,0.2481327921606491
2019-12-31,4.079999923706055,4.079999923706055,4.019999980926514,4.019999980926514,17.937942,-0.49504903750891005
2020-01-01,4.019999980926514,4.019999980926514,4.019999980926514,4.019999980926514,0.0,0.0
2020-01-02,4.019999980926514,4.050000190734863,4.019999980926514,4.050000190734863,1.790414,0.7462738793704071
2020-01-05,3.9700000286102295,3.9700000286102295,3.880000114440918,3.9000000953674316,6.783782,-3.703705884028974
2020-01-06,3.890000104904175,3.940000057220459,3.880000114440918,3.910000085830689,8.335891,0.2564100056083429
2020-01-07,3.950000047683716,4.050000190734863,3.940000057220459,4.050000190734863,8.511557,3.5805652642187047
2020-01-08,3.950000047683716,4.0,3.950000047683716,4.0,9.036232,-1.2345725525951368
2020-01-09,4.050000190734863,4.099999904632568,4.039999961853027,4.059999942779541,8.691783,1.4999985694885254
2020-01-13,4.039999961853027,4.159999847412109,4.03000020980835,4.090000152587891,20.154452,0.7389214342651274
2020-01-14,4.130000114440918,4.199999809265137,4.110000133514404,4.199999809265137,15.496957,2.689478058030037
2020-01-15,4.199999809265137,4.25,4.170000076293945,4.230000019073486,14.042031,0.7142907421607392
2020-01-16,4.230000019073486,4.260000228881836,4.170000076293945,4.170000076293945,10.32693,-1.4184383571866466
2020-01-19,4.199999809265137,4.239999771118164,4.179999828338623,4.230000019073486,6.061782,1.4388475223450214
2020-01-20,4.210000038146973,4.28000020980835,4.210000038146973,4.21999979019165,6.73564,-0.2364120292374427
2020-01-21,4.21999979019165,4.239999771118164,4.210000038146973,4.210000038146973,9.960701,-0.2369609607071443
2020-01-22,4.199999809265137,4.199999809265137,4.139999866485596,4.170000076293945,7.69907,-0.9501178501326925
2020-01-23,4.150000095367432,4.170000076293945,4.099999904632568,4.099999904632568,6.712782,-1.6786611602076729
2020-01-26,4.099999904632568,4.130000114440918,4.090000152587891,4.110000133514404,3.269111,0.2439080271815719
2020-01-27,4.130000114440918,4.130000114440918,4.059999942779541,4.070000171661377,5.63467,-0.9732350499663812
2020-01-28,4.070000171661377,4.110000133514404,4.019999980926514,4.070000171661377,9.068084,0.0
2020-01-29,4.070000171661377,4.090000152587891,4.050000190734863,4.050000190734863,3.553692,-0.4914000020385667
2020-01-30,4.050000190734863,4.079999923706055,4.039999961853027,4.039999961853027,4.778344,-0.2469192200216019
2020-02-02,3.799999952316284,3.799999952316284,3.7200000286102295,3.740000009536743,0.924755,-7.425741464083657
2020-02-03,4.010000228881836,4.059999942779541,3.9800000190734863,4.050000190734863,6.833794,8.288774877209647
2020-02-04,4.039999961853027,4.059999942779541,4.0,4.0,3.230143,-1.2345725525951368
2020-02-05,4.0,4.0,4.0,4.0,0.0,0.0
2020-02-06,4.0,4.03000020980835,3.9800000190734863,4.0,6.053101,0.0
2020-02-09,4.03000020980835,4.039999961853027,3.9700000286102295,3.9700000286102295,1.566565,-0.7499992847442627
2020-02-10,3.990000009536743,4.019999980926514,3.950000047683716,4.019999980926514,4.231303,1.259444633651241
2020-02-11,3.9800000190734863,4.0,3.940000057220459,3.940000057220459,5.893384,-1.9900478628265272
2020-02-12,3.9600000381469727,3.9600000381469727,3.880000114440918,3.880000114440918,11.509463,-1.5228411651818319
2020-02-13,3.920000076293945,3.940000057220459,3.819999933242798,3.869999885559082,22.282902,-0.2577378501772753
2020-02-16,3.869999885559082,3.9000000953674316,3.8399999141693115,3.859999895095825,2.104797,-0.2583976940302213
2020-02-17,3.9000000953674316,3.9200000762939453,3.869999885559082,3.890000104904175,11.780118,0.7772075291107017
2020-02-18,3.9000000953674316,3.9800000190734863,3.880000114440918,3.940000057220459,10.728917,1.28534578323658
2020-02-19,3.940000057220459,3.940000057220459,3.940000057220459,3.940000057220459,0.0,0.0
2020-02-20,3.9200000762939453,3.9200000762939453,3.880000114440918,3.890000104904175,5.25941,-1.269034304318195
2020-02-23,3.910000085830689,3.910000085830689,3.859999895095825,3.880000114440918,1.170683,-0.257069156647316
2020-02-24,3.8499999046325684,3.8499999046325684,3.7699999809265137,3.7799999713897705,8.716766,-2.577323198495751
2020-02-25,3.740000009536743,3.75,3.5999999046325684,3.660000085830689,23.17096,-3.174600171093711
2020-02-26,3.5899999141693115,3.640000104904175,3.5,3.559999942779541,18.032061,-2.7322442815858827
2020-02-27,3.5399999618530273,3.5399999618530273,3.450000047683716,3.5,27.127326,-1.6853916782002765
2020-03-01,3.319999933242798,3.390000104904175,3.2799999713897705,3.319999933242798,11.095005,-5.1428590502057725
2020-03-02,3.400000095367432,3.490000009536743,3.400000095367432,3.430000066757202,15.635112,3.313257100188016
2020-03-03,3.430000066757202,3.430000066757202,3.430000066757202,3.430000066757202,0.0,0.0
2020-03-04,3.3499999046325684,3.380000114440918,3.2799999713897705,3.299999952316284,12.410096,-3.790090726261208
2020-03-05,3.390000104904175,3.390000104904175,3.1700000762939453,3.2899999618530273,10.477255,-0.30303001841675004
2020-03-08,3.1600000858306885,3.1600000858306885,2.970000028610229,2.970000028610229,30.526218,-9.726441852679056
2020-03-09,2.680000066757202,2.7300000190734863,2.680000066757202,2.700000047683716,26.501158,-9.090908361130767
2020-03-10,2.759999990463257,2.990000009536743,2.759999990463257,2.900000095367432,22.278118,7.407409042651403
2020-03-11,2.9200000762939453,2.9200000762939453,2.809999942779541,2.859999895095825,11.725234,-1.379317205385755
2020-03-12,2.5799999237060547,2.640000104904175,2.5799999237060547,2.5799999237060547,25.382483,-9.790209148954842
2020-03-15,2.690000057220459,2.789999961853028,2.3399999141693115,2.450000047683716,17.310768,-5.038755033589293
2020-03-16,2.319999933242798,2.430000066757202,2.2100000381469727,2.2100000381469727,23.78522,-9.795918565946335
2020-03-17,2.200000047683716,2.200000047683716,1.9900000095367432,1.9900000095367432,42.965604,-9.954752253972533
2020-03-18,2.0999999046325684,2.109999895095825,1.9800000190734863,1.9900000095367432,28.296244,0.0
2020-03-19,1.909999966621399,2.2799999713897705,1.899999976158142,2.2300000190734863,34.201753,12.060301928974027
2020-03-22,2.130000114440918,2.2200000286102295,2.119999885559082,2.130000114440918,25.579241,-4.484300617814164
2020-03-23,2.119999885559082,2.119999885559082,2.0299999713897705,2.0299999713897705,16.408316,-4.694842144522394
2020-03-24,2.0799999237060547,2.1700000762939453,2.069999933242798,2.0799999237060547,21.731216,2.4630518729541473
2020-03-25,2.2200000286102295,2.369999885559082,2.190000057220459,2.319999933242798,28.993347,11.538462420187079
2020-03-26,2.3299999237060547,2.3499999046325684,2.240000009536743,2.299999952316284,27.035989,-0.8620681681899223
2020-03-29,2.309999942779541,2.4800000190734863,2.25,2.430000066757202,20.369323,5.652179005916813
2020-03-30,2.430000066757202,2.440000057220459,2.319999933242798,2.3299999237060547,17.440644,-4.115232111272993
2020-03-31,2.2200000286102295,2.259999990463257,2.2200000286102295,2.2200000286102295,32.725273,-4.721025695179481
2020-04-01,2.1700000762939453,2.190000057220459,2.109999895095825,2.109999895095825,22.685395,-4.954960905260297
2020-04-02,2.0899999141693115,2.200000047683716,2.0799999237060547,2.180000066757202,24.330258,3.3175438455743667
2020-04-05,2.180000066757202,2.2699999809265137,2.119999885559082,2.1500000953674316,21.283237,-1.3761454344538682
2020-04-06,2.2200000286102295,2.2699999809265137,2.200000047683716,2.25,17.371672,4.651158148692014
2020-04-07,2.309999942779541,2.4000000953674316,2.309999942779541,2.3499999046325684,27.255878,4.44444020589192
2020-04-08,2.369999885559082,2.369999885559082,2.25,2.2899999618530273,18.496106,-2.553189158061786
2020-04-09,2.3399999141693115,2.4000000953674316,2.3399999141693115,2.369999885559082,14.809316,3.493446508240128
2020-04-12,2.4100000858306885,2.5299999713897705,2.4000000953674316,2.5,31.182246,5.485237161108603
2020-04-13,2.5399999618530273,2.569999933242798,2.450000047683716,2.450000047683716,19.899539,-1.9999980926513672
2020-04-14,2.4600000381469727,2.5399999618530273,2.4600000381469727,2.5299999713897705,20.032649,3.26530294485865
2020-04-15,2.5299999713897705,2.549999952316284,2.4600000381469727,2.4600000381469727,16.357071,-2.766795811635747
2020-04-16,2.440000057220459,2.4700000286102295,2.4200000762939453,2.430000066757202,10.878906,-1.2195110131936526
2020-04-19,2.509999990463257,2.549999952316284,2.490000009536743,2.5199999809265137,12.282047,3.7037000698281863
2020-04-20,2.509999990463257,2.509999990463257,2.440000057220459,2.4600000381469727,7.25108,-2.3809501283202916
2020-04-21,2.4000000953674316,2.4200000762939453,2.359999895095825,2.359999895095825,16.757333,-4.065046402457528
2020-04-22,2.3399999141693115,2.4200000762939453,2.319999933242798,2.4200000762939453,21.596238,2.5423806722535414
2020-04-23,2.4600000381469727,2.490000009536743,2.440000057220459,2.450000047683716,12.437412,1.2396682001644121
2020-04-26,2.490000009536743,2.609999895095825,2.4800000190734863,2.5999999046325684,22.45406,6.122443021609958
2020-04-27,2.6500000953674316,2.6700000762939453,2.5799999237060547,2.6500000953674316,27.654248,1.9230843295715117
2020-04-28,2.6500000953674316,2.7200000286102295,2.619999885559082,2.7100000381469727,27.098893,2.2641487026521023
2020-04-29,2.7200000286102295,2.7699999809265137,2.7100000381469727,2.740000009536743,17.638887,1.1070099987999793
2020-04-30,2.7899999618530273,2.799999952316284,2.7100000381469727,2.7300000190734863,19.08488,-0.36496315432303916
2020-05-03,2.7300000190734863,2.7300000190734863,2.7300000190734863,2.7300000190734863,0.0,0.0
2020-05-04,2.5,2.569999933242798,2.470000028610229,2.5299999713897705,32.848622,-7.326009021479507
2020-05-05,2.5899999141693115,2.619999885559082,2.549999952316284,2.559999942779541,13.840373,1.1857696335581869
2020-05-06,2.5999999046325684,2.609999895095825,2.5,2.5,9.581613,-2.343747817212672
2020-05-07,2.470000028610229,2.5299999713897705,2.4600000381469727,2.4600000381469727,9.18681,-1.5999984741210893
2020-05-10,2.509999990463257,2.509999990463257,2.359999895095825,2.440000057220459,13.721672,-0.8130073421291018
2020-05-11,2.400000095367432,2.430000066757202,2.369999885559082,2.4200000762939453,8.768088,-0.8196713302251579
2020-05-12,2.400000095367432,2.470000028610229,2.400000095367432,2.430000066757202,7.118801,0.41322273338813
2020-05-13,2.4600000381469727,2.4600000381469727,2.400000095367432,2.4100000858306885,9.385405,-0.8230444599618192
2020-05-14,2.380000114440918,2.400000095367432,2.3399999141693115,2.380000114440918,11.585177,-1.2448120465286203
2020-05-17,2.400000095367432,2.430000066757202,2.390000104904175,2.400000095367432,9.387007,0.84033529263976
2020-05-18,2.400000095367432,2.4600000381469727,2.390000104904175,2.400000095367432,15.066533,0.0
2020-05-19,2.470000028610229,2.470000028610229,2.4100000858306885,2.4200000762939453,16.149693,0.833332505491069
2020-05-20,2.4100000858306885,2.440000057220459,2.400000095367432,2.440000057220459,9.699175,0.8264454667762822
2020-05-21,2.440000057220459,2.4600000381469727,2.4200000762939453,2.440000057220459,13.769045,0.0
2020-05-24,2.440000057220459,2.440000057220459,2.440000057220459,2.440000057220459,0.0,0.0
2020-05-25,2.440000057220459,2.440000057220459,2.440000057220459,2.440000057220459,0.0,0.0
2020-05-26,2.440000057220459,2.440000057220459,2.440000057220459,2.440000057220459,0.0,0.0
2020-05-27,2.539999961853028,2.5799999237060547,2.5,2.5799999237060547,26.271162,5.73769931157615
2020-05-28,2.609999895095825,2.619999885559082,2.5,2.5,37.126427,-3.1007723283626443
2020-05-31,2.5299999713897705,2.569999933242798,2.470000028610229,2.509999990463257,11.586854,0.3999996185302779
2020-06-01,2.5299999713897705,2.549999952316284,2.509999990463257,2.549999952316284,8.184782,1.5936239842632371
2020-06-02,2.5299999713897705,2.569999933242798,2.5299999713897705,2.569999933242798,9.650106,0.7843129921766057
2020-06-03,2.5799999237060547,2.630000114440918,2.549999952316284,2.569999933242798,20.927347,0.0
2020-06-04,2.5799999237060547,2.619999885559082,2.569999933242798,2.609999895095825,14.38648,1.556418789573888
2020-06-07,2.6700000762939453,2.799999952316284,2.6700000762939453,2.7699999809265137,43.405447,6.130271734160897
2020-06-08,2.819999933242798,2.950000047683716,2.7799999713897705,2.950000047683716,64.093204,6.498197400600536
2020-06-09,2.930000066757202,2.9600000381469727,2.809999942779541,2.8299999237060547,28.405717,-4.067800747050255
2020-06-10,2.859999895095825,2.9100000858306885,2.819999933242798,2.9100000858306885,19.74674,2.826860928669883
2020-06-11,2.859999895095825,2.930000066757202,2.8499999046325684,2.880000114440918,18.197856,-1.0309268214748757
2020-06-14,2.859999895095825,2.869999885559082,2.799999952316284,2.8399999141693115,11.974018,-1.3888957875743513
2020-06-15,2.799999952316284,2.809999942779541,2.740000009536743,2.740000009536743,11.911888,-3.5211235089708803
2020-06-16,2.819999933242798,2.8499999046325684,2.7799999713897705,2.7799999713897705,16.610395,1.4598526172921569
2020-06-17,2.809999942779541,2.809999942779541,2.740000009536743,2.7699999809265137,9.131925,-0.3597118908694741
2020-06-18,2.75,2.759999990463257,2.690000057220459,2.7200000286102295,16.700596,-1.805052442619881
2020-06-21,2.700000047683716,2.75,2.690000057220459,2.740000009536743,6.879294,0.7352934086817919
2020-06-22,2.700000047683716,2.799999952316284,2.700000047683716,2.789999961853028,18.211733,1.824815771615196
2020-06-23,2.799999952316284,2.859999895095825,2.7899999618530273,2.8399999141693115,23.161192,1.7921130107498628
2020-06-24,2.8499999046325684,2.9000000953674316,2.7799999713897705,2.799999952316284,21.981886,-1.4084494035883521
2020-06-25,2.759999990463257,2.799999952316284,2.75,2.7799999713897705,15.957293,-0.7142850452539706
2020-06-28,2.75,2.809999942779541,2.75,2.759999990463257,3.750027,-0.7194237817389371
2020-06-29,2.759999990463257,2.789999961853028,2.740000009536743,2.789999961853028,6.48969,1.086955488892416
2020-06-30,2.809999942779541,2.809999942779541,2.7300000190734863,2.7300000190734863,17.946626,-2.1505356128998288
2020-07-01,2.740000009536743,2.75,2.7100000381469727,2.720000028610229,6.244424,-0.3663000144099149
2020-07-02,2.7300000190734863,2.7300000190734863,2.6700000762939453,2.680000066757202,10.458589,-1.4705868173635728
2020-07-05,2.690000057220459,2.7200000286102295,2.690000057220459,2.690000057220459,4.542412,0.3731339632150332
2020-07-06,2.7300000190734863,2.7799999713897705,2.7300000190734863,2.75,13.150494,2.230481096775083
2020-07-07,2.7799999713897705,2.809999942779541,2.75,2.7899999618530273,15.736672,1.4545440673828125
2020-07-08,2.7799999713897705,2.799999952316284,2.7300000190734863,2.740000009536743,10.295267,-1.7921130107498628
2020-07-09,2.740000009536743,2.75,2.7300000190734863,2.75,6.058377,0.36496315432303916
2020-07-12,2.700000047683716,2.75,2.690000057220459,2.720000028610229,7.070611,-1.0909080505371094
2020-07-13,2.7300000190734863,2.7300000190734863,2.6600000858306885,2.6600000858306885,15.578478,-2.2058802260453536
2020-07-14,2.6600000858306885,2.6600000858306885,2.5999999046325684,2.619999885559082,14.474271,-1.5037668789816938
2020-07-15,2.650000095367432,2.650000095367432,2.5899999141693115,2.5899999141693115,9.386685,-1.1450371259603576
2020-07-16,2.5999999046325684,2.6500000953674316,2.5899999141693115,2.640000104904175,10.361669,1.9305093587580258
2020-07-19,2.640000104904175,2.6500000953674316,2.609999895095825,2.619999885559082,4.985313,-0.7575840359983155
2020-07-20,2.630000114440918,2.690000057220459,2.5999999046325684,2.690000057220459,10.362149,2.6717623938536716
2020-07-21,2.700000047683716,2.7100000381469727,2.6700000762939453,2.700000047683716,10.303711,0.3717468494625064
2020-07-22,2.700000047683716,2.700000047683716,2.640000104904175,2.640000104904175,9.187105,-2.222220063700142
2020-07-23,2.619999885559082,2.619999885559082,2.569999933242798,2.5999999046325684,17.503251,-1.5151590409901994
2020-07-26,2.5899999141693115,2.630000114440918,2.5899999141693115,2.5999999046325684,4.547182,0.0
2020-07-27,2.630000114440918,2.630000114440918,2.539999961853028,2.549999952316284,20.040115,-1.923075159625831
2020-07-28,2.559999942779541,2.609999895095825,2.549999952316284,2.5899999141693115,13.719579,1.5686259843531891
2020-07-29,2.5899999141693115,2.5999999046325684,2.559999942779541,2.569999933242798,9.555831,-0.772200061362871
2020-07-30,2.569999933242798,2.569999933242798,2.569999933242798,2.569999933242798,0.0,0.0
2020-08-02,2.569999933242798,2.569999933242798,2.569999933242798,2.569999933242798,0.0,0.0
2020-08-03,2.5799999237060547,2.5999999046325684,2.559999942779541,2.559999942779541,4.287607,-0.389104697393472
2020-08-04,2.5799999237060547,2.640000104904175,2.559999942779541,2.619999885559082,10.883831,2.3437478172126713
2020-08-05,2.609999895095825,2.6700000762939453,2.609999895095825,2.630000114440918,12.987755,0.3816881419329565
2020-08-06,2.640000104904175,2.700000047683716,2.630000114440918,2.690000057220459,14.050511,2.281366546339325
2020-08-09,2.7100000381469727,2.7300000190734863,2.650000095367432,2.6600000858306885,10.10453,-1.1152405483875416
2020-08-10,2.6700000762939453,2.700000047683716,2.640000104904175,2.6700000762939453,7.003538,0.3759394789693671
2020-08-11,2.700000047683716,2.700000047683716,2.6600000858306885,2.690000057220459,8.700721,0.749062934645095
2020-08-12,2.680000066757202,2.7100000381469727,2.6700000762939453,2.700000047683716,8.141948,0.3717468494625064
2020-08-13,2.720000028610229,2.7799999713897705,2.720000028610229,2.7799999713897705,35.797717,2.9629600849335302
2020-08-16,2.799999952316284,2.8299999237060547,2.759999990463257,2.799999952316284,17.574983,0.7194237817389482
2020-08-17,2.7799999713897705,2.799999952316284,2.7699999809265137,2.7799999713897705,10.915718,-0.7142850452539706
2020-08-18,2.789999961853028,2.900000095367432,2.759999990463257,2.880000114440918,29.181125,3.5971274849026624
2020-08-19,2.880000114440918,2.940000057220459,2.880000114440918,2.930000066757202,25.801639,1.7361093864397548
2020-08-20,2.930000066757202,2.930000066757202,2.930000066757202,2.930000066757202,0.0,0.0
2020-08-23,2.930000066757202,2.930000066757202,2.930000066757202,2.930000066757202,0.0,0.0
2020-08-24,2.9100000858306885,2.990000009536743,2.9100000858306885,2.9600000381469727,25.894019,1.0238897851962525
2020-08-25,2.9700000286102295,3.049999952316284,2.930000066757202,3.0299999713897705,22.534971,2.364862579076843
2020-08-26,3.049999952316284,3.049999952316284,2.9700000286102295,2.9800000190734863,18.448558,-1.6501634583630298
2020-08-27,2.9800000190734863,2.990000009536743,2.9200000762939453,2.930000066757202,13.428073,-1.677850738129516
2020-08-30,2.9200000762939453,2.970000028610229,2.9200000762939453,2.930000066757202,7.301944,0.0
2020-08-31,2.940000057220459,2.950000047683716,2.859999895095825,2.880000114440918,18.747354,-1.706482975327095
2020-09-01,2.880000114440918,2.9100000858306885,2.8499999046325684,2.869999885559082,13.355129,-0.3472301557105095
2020-09-02,2.880000114440918,2.9100000858306885,2.869999885559082,2.9100000858306885,13.34294,1.3937352566762984
2020-09-03,2.9200000762939453,2.990000009536743,2.900000095367432,2.990000009536743,16.917529,2.749138190599676
2020-09-06,2.950000047683716,2.9600000381469727,2.9100000858306885,2.930000066757202,16.654569,-2.0066870430825556
2020-09-07,2.9200000762939453,2.940000057220459,2.9100000858306885,2.930000066757202,6.607122,0.0
2020-09-08,2.9200000762939453,2.970000028610229,2.900000095367432,2.930000066757202,11.563234,0.0
2020-09-09,2.900000095367432,2.9600000381469727,2.880000114440918,2.930000066757202,10.637173,0.0
2020-09-10,2.950000047683716,2.950000047683716,2.9000000953674316,2.9100000858306885,8.418127,-0.6825931901308424
2020-09-13,2.9000000953674316,2.9000000953674316,2.859999895095825,2.890000104904175,6.772851,-0.6872845476499134
2020-09-14,2.9100000858306885,2.940000057220459,2.880000114440918,2.9100000858306885,10.041541,0.6920408373887188
2020-09-15,2.9200000762939453,2.9600000381469727,2.9200000762939453,2.930000066757202,16.583521,0.6872845476499245
2020-09-16,2.930000066757202,3.009999990463257,2.930000066757202,2.990000009536743,21.668939,2.047779570392505
2020-09-17,3.0,3.0,2.9600000381469727,2.990000009536743,16.67808,0.0
2020-09-20,2.9800000190734863,3.009999990463257,2.9600000381469727,3.0,7.259844,0.33444784051375187
2020-09-21,3.0,3.009999990463257,2.900000095367432,2.900000095367432,18.559126,-3.3333301544189453
2020-09-22,2.880000114440918,2.930000066757202,2.859999895095825,2.9000000953674316,24.223135,0.0
2020-09-23,2.9100000858306885,2.950000047683716,2.9100000858306885,2.9200000762939453,8.205344,0.6896544920278691
2020-09-24,2.9000000953674316,2.9000000953674316,2.8299999237060547,2.8499999046325684,19.367715,-2.3972660901509624
2020-09-27,2.869999885559082,2.880000114440918,2.8399999141693115,2.8399999141693115,5.1697,-0.35087687010102453
2020-09-28,2.859999895095825,2.859999895095825,2.8299999237060547,2.8299999237060547,8.557566,-0.3521123508970825
2020-09-29,2.859999895095825,2.859999895095825,2.809999942779541,2.809999942779541,9.487549,-0.7067131259962167
2020-09-30,2.809999942779541,2.819999933242798,2.7799999713897705,2.7899999618530273,13.288531,-0.7117431079635694
2020-10-01,2.7799999713897705,2.8399999141693115,2.75,2.819999933242798,8.467654,1.0752678064499088
2020-10-04,2.789999961853028,2.789999961853028,2.759999990463257,2.7699999809265137,4.674913,-1.773047996451116
2020-10-05,2.7799999713897705,2.7799999713897705,2.690000057220459,2.720000028610229,13.570628,-1.805052442619881
2020-10-06,2.759999990463257,2.759999990463257,2.6700000762939453,2.690000057220459,14.375002,-1.1029401130226768
2020-10-07,2.700000047683716,2.700000047683716,2.6500000953674316,2.6500000953674316,11.174383,-1.486987397850048
2020-10-08,2.680000066757202,2.690000057220459,2.640000104904175,2.6500000953674316,9.729668,0.0
2020-10-11,2.6600000858306885,2.690000057220459,2.619999885559082,2.6700000762939453,8.67672,0.7547162342173674
2020-10-12,2.6700000762939453,2.7200000286102295,2.6600000858306885,2.690000057220459,21.213511,0.749062934645095
2020-10-13,2.700000047683716,2.7300000190734863,2.680000066757202,2.680000066757202,14.487561,-0.3717468494625175
2020-10-14,2.690000057220459,2.700000047683716,2.640000104904175,2.6700000762939453,12.141246,-0.37313396321504433
2020-10-15,2.6600000858306885,2.6600000858306885,2.619999885559082,2.630000114440918,7.076754,-1.49812586929019
2020-10-18,2.630000114440918,2.630000114440918,2.630000114440918,2.630000114440918,0.0,0.0
2020-10-19,2.630000114440918,2.630000114440918,2.630000114440918,2.630000114440918,0.0,0.0
2020-10-20,2.630000114440918,2.630000114440918,2.630000114440918,2.630000114440918,0.0,0.0
2020-10-21,2.630000114440918,2.630000114440918,2.630000114440918,2.630000114440918,0.0,0.0
2020-10-22,2.619999885559082,2.630000114440918,2.5899999141693115,2.609999895095825,10.381012,-0.7604645807912647
2020-10-25,2.619999885559082,2.630000114440918,2.5799999237060547,2.5899999141693115,6.563671,-0.7662828249186293
2020-10-26,2.5999999046325684,2.630000114440918,2.5899999141693115,2.5899999141693115,7.762651,0.0
2020-10-27,2.5999999046325684,2.740000009536743,2.5899999141693115,2.740000009536743,15.594127,5.791509665572359
2020-10-28,2.75,2.75,2.6500000953674316,2.6700000762939453,15.073776,-2.554742080261263
2020-10-29,2.6700000762939453,2.6700000762939453,2.6700000762939453,2.6700000762939453,0.0,0.0
2020-11-01,2.630000114440918,2.640000104904175,2.5799999237060547,2.5899999141693115,9.9259,-2.996260668114914
2020-11-02,2.5899999141693115,2.619999885559082,2.5799999237060547,2.5999999046325684,6.424373,0.3861000306814244
2020-11-03,2.609999895095825,2.640000104904175,2.5799999237060547,2.5799999237060547,9.694088,-0.7692300638503347
2020-11-04,2.619999885559082,2.619999885559082,2.549999952316284,2.569999933242798,7.566777,-0.3875965410453319
2020-11-05,2.5799999237060547,2.5799999237060547,2.549999952316284,2.569999933242798,6.368224,0.0
2020-11-08,2.5799999237060547,2.6700000762939453,2.5799999237060547,2.6600000858306885,17.006204,3.5019515535290147
2020-11-09,2.700000047683716,2.819999933242798,2.680000066757202,2.819999933242798,45.752463,6.0150316635100065
2020-11-10,2.890000104904175,2.9600000381469727,2.869999885559082,2.9000000953674316,55.933507,2.8368852488815266
2020-11-11,2.890000104904175,2.930000066757202,2.8299999237060547,2.9000000953674316,34.199882,0.0
2020-11-12,2.869999885559082,2.890000104904175,2.8299999237060547,2.859999895095825,11.260319,-1.379317205385755
2020-11-15,2.890000104904175,2.9100000858306885,2.8499999046325684,2.869999885559082,8.95377,0.34965002902287434
2020-11-16,2.9100000858306885,2.990000009536743,2.890000104904175,2.9800000190734863,39.715628,3.8327574181410196
2020-11-17,3.0,3.049999952316284,2.970000028610229,3.049999952316284,44.323235,2.3489910333813318
2020-11-18,3.0299999713897705,3.0999999046325684,3.009999990463257,3.059999942779541,30.540265,0.327868544904808
2020-11-19,3.049999952316284,3.0799999237060547,3.0199999809265137,3.049999952316284,17.09095,-0.326797080073582
2020-11-22,3.049999952316284,3.0799999237060547,3.0199999809265137,3.0799999237060547,9.371536,0.983605634714424
2020-11-23,3.0899999141693115,3.140000104904175,3.0899999141693115,3.0999999046325684,20.840596,0.649350046166508
2020-11-24,3.1700000762939453,3.2699999809265137,3.1600000858306885,3.240000009536743,37.263903,4.516132555196584
2020-11-25,3.2899999618530273,3.309999942779541,3.259999990463257,3.2699999809265137,24.435708,0.9259250401687513
2020-11-26,3.2699999809265137,3.2699999809265137,3.2100000381469727,3.259999990463257,13.162206,-0.3058101076937491
2020-11-29,3.240000009536743,3.289999961853028,3.220000028610229,3.240000009536743,16.383518,-0.6134963492337775
2020-11-30,3.259999990463257,3.259999990463257,3.150000095367432,3.180000066757202,33.694789,-1.8518500803374915
2020-12-01,3.180000066757202,3.180000066757202,3.180000066757202,3.180000066757202,0.0,0.0
2020-12-02,3.180000066757202,3.180000066757202,3.180000066757202,3.180000066757202,0.0,0.0
2020-12-03,3.180000066757202,3.180000066757202,3.180000066757202,3.180000066757202,0.0,0.0
2020-12-06,3.2799999713897705,3.440000057220459,3.259999990463257,3.440000057220459,37.376222,8.17610015739374
2020-12-07,3.450000047683716,3.5199999809265137,3.440000057220459,3.470000028610229,31.513017,0.872092177056838
2020-12-08,3.440000057220459,3.5899999141693115,3.400000095367432,3.5899999141693115,26.308773,3.458209929961975
2020-12-09,3.5999999046325684,3.690000057220459,3.5899999141693115,3.5999999046325684,29.16666,0.2785512730456574
2020-12-10,3.559999942779541,3.630000114440918,3.559999942779541,3.5899999141693115,10.409053,-0.2777775202268406
2020-12-13,3.5899999141693115,3.619999885559082,3.569999933242798,3.5999999046325684,7.122528,0.2785512730456574
2020-12-14,3.5999999046325684,3.670000076293945,3.5999999046325684,3.640000104904175,9.509689,1.1111167036458314
2020-12-15,3.640000104904175,3.640000104904175,3.539999961853028,3.539999961853028,10.914177,-2.74725659805386
2020-12-16,3.549999952316284,3.5799999237060547,3.4800000190734863,3.5299999713897705,12.485394,-0.2824856093507466
2020-12-17,3.5299999713897705,3.559999942779541,3.5,3.5199999809265137,12.830834,-0.2832858511134684
2020-12-20,3.559999942779541,3.5999999046325684,3.5299999713897705,3.569999933242798,8.71695,1.4204531985003932
2020-12-21,3.5,3.5,3.400000095367432,3.400000095367432,29.362667,-4.76190030964363
2020-12-22,3.3499999046325684,3.470000028610229,3.3499999046325684,3.4200000762939453,29.588065,0.5882347166332069
2020-12-23,3.470000028610229,3.509999990463257,3.4100000858306885,3.509999990463257,11.251864,2.6315763789935165
2020-12-24,3.539999961853028,3.609999895095825,3.5299999713897705,3.5799999237060547,19.65932,1.994300097805968
2020-12-27,3.5799999237060547,3.619999885559082,3.569999933242798,3.569999933242798,4.916344,-0.2793293485018999
2020-12-28,3.569999933242798,3.5899999141693115,3.5299999713897705,3.5799999237060547,3.812902,0.2801117829202226
2020-12-29,3.5899999141693115,3.640000104904175,3.5799999237060547,3.619999885559082,8.291646,1.117317394007622
2020-12-30,3.609999895095825,3.619999885559082,3.569999933242798,3.5899999141693115,5.190509,-0.8287285176291403
2020-12-31,3.5899999141693115,3.619999885559082,3.5299999713897705,3.5299999713897705,11.675525,-1.6713076382739778
2021-01-03,3.569999933242798,3.5999999046325684,3.539999961853028,3.5799999237060547,2.352464,1.416429255567353
2021-01-04,3.619999885559082,3.7899999618530273,3.609999895095825,3.7699999809265137,36.434789,5.307264281273194
2021-01-05,3.819999933242798,3.950000047683716,3.819999933242798,3.880000114440918,31.279567,2.917775439547099
2021-01-06,3.880000114440918,3.900000095367432,3.819999933242798,3.880000114440918,16.067096,0.0
2021-01-07,3.880000114440918,3.930000066757202,3.8299999237060547,3.9200000762939453,13.928321,1.0309268214748757
2021-01-10,3.950000047683716,4.079999923706055,3.950000047683716,4.039999961853027,27.187005,3.06122151080499
2021-01-11,4.039999961853027,4.070000171661377,3.9800000190734863,4.039999961853027,26.816413,0.0
2021-01-12,4.039999961853027,4.059999942779541,4.0,4.019999980926514,11.636992,-0.49504903750891
2021-01-13,4.019999980926514,4.079999923706055,4.010000228881836,4.079999923706055,20.359095,1.4925358971198843
2021-01-14,4.079999923706055,4.099999904632568,4.019999980926514,4.019999980926514,12.51799,-1.4705868603311245
2021-01-17,4.010000228881836,4.010000228881836,3.940000057220459,4.0,7.49488,-0.4975119657066318
2021-01-18,4.010000228881836,4.059999942779541,4.0,4.059999942779541,10.38282,1.4999985694885254
2021-01-19,4.099999904632568,4.190000057220459,4.090000152587891,4.130000114440918,31.622221,1.724142183446764
2021-01-20,4.150000095367432,4.21999979019165,4.119999885559082,4.170000076293945,22.703792,0.9685220519283666
2021-01-21,4.170000076293945,4.190000057220459,4.019999980926514,4.019999980926514,23.151976,-3.597124523334372
2021-01-24,3.990000009536743,3.990000009536743,3.910000085830689,3.940000057220459,19.009209,-1.9900478628265272
2021-01-25,3.940000057220459,4.019999980926514,3.940000057220459,3.940000057220459,17.667042,0.0
2021-01-26,3.9200000762939453,3.940000057220459,3.8399999141693115,3.869999885559082,15.834606,-1.7766540772783612
2021-01-27,3.890000104904175,3.920000076293945,3.859999895095825,3.869999885559082,11.34314,0.0
2021-01-28,3.799999952316284,3.819999933242798,3.759999990463257,3.799999952316284,18.977829,-1.8087838582115376
2021-01-31,3.7799999713897705,3.799999952316284,3.7100000381469727,3.7300000190734863,9.069296,-1.8421035295047683
2021-02-01,3.75,3.9200000762939453,3.75,3.859999895095825,15.366403,3.485251350069163
2021-02-02,3.880000114440918,3.9700000286102295,3.880000114440918,3.940000057220459,17.783345,2.0725431165496966
2021-02-03,3.950000047683716,4.0,3.849999904632568,3.940000057220459,12.526167,0.0
2021-02-04,3.869999885559082,3.910000085830689,3.839999914169312,3.839999914169312,12.363304,-2.538074659869272
2021-02-07,3.859999895095825,3.859999895095825,3.7899999618530273,3.8399999141693115,4.863283,0.0
2021-02-08,3.880000114440918,3.880000114440918,3.799999952316284,3.799999952316284,6.272584,-1.0416656965389626
2021-02-09,3.819999933242798,3.890000104904175,3.819999933242798,3.839999914169312,7.199562,1.052630588288439
2021-02-10,3.859999895095825,3.880000114440918,3.819999933242798,3.839999914169312,8.837257,0.0
2021-02-11,3.8299999237060547,3.8499999046325684,3.7799999713897705,3.7899999618530273,7.142481,-1.3020821206737088
2021-02-14,3.799999952316284,3.809999942779541,3.759999990463257,3.7699999809265137,3.212547,-0.5277039875413392
2021-02-15,3.75,3.859999895095825,3.75,3.839999914169312,13.762773,1.8567621643752477
2021-02-16,3.8399999141693115,3.8399999141693115,3.7799999713897705,3.7799999713897705,9.855594,-1.5624985448084439
2021-02-17,3.740000009536743,3.8499999046325684,3.740000009536743,3.75,6.01421,-0.7936500427734305
2021-02-18,3.75,3.7899999618530273,3.700000047683716,3.700000047683716,11.519796,-1.3333320617675781
2021-02-21,3.7200000286102295,3.740000009536743,3.640000104904175,3.670000076293945,5.778713,-0.8108100271120633
2021-02-22,3.700000047683716,3.7100000381469727,3.609999895095825,3.609999895095825,9.421527,-1.6348822874878488
2021-02-23,3.650000095367432,3.670000076293945,3.569999933242798,3.5799999237060547,18.571931,-0.8310241623697978
2021-02-24,3.559999942779541,3.5999999046325684,3.5199999809265137,3.5199999809265137,16.491589,-1.675976091011433
2021-02-25,3.559999942779541,3.569999933242798,3.490000009536743,3.490000009536743,20.272917,-0.8522719191002448
2021-02-28,3.4800000190734863,3.619999885559082,3.4000000953674316,3.5799999237060547,20.044504,2.578794095225745
2021-03-01,3.609999895095825,3.6500000953674316,3.549999952316284,3.569999933242798,15.481259,-0.27932934850189994
2021-03-02,3.549999952316284,3.630000114440918,3.5399999618530273,3.630000114440918,8.352884,1.6806773759129756
2021-03-03,3.7699999809265137,3.809999942779541,3.680000066757202,3.7100000381469727,40.951915,2.203854578070064
2021-03-04,3.690000057220459,3.700000047683716,3.619999885559082,3.660000085830689,17.990776,-1.3477075957459397
2021-03-07,3.680000066757202,3.7200000286102295,3.609999895095825,3.630000114440918,10.944498,-0.8196713302251579
2021-03-08,3.619999885559082,3.619999885559082,3.539999961853028,3.559999942779541,10.248972,-1.928379323816032
2021-03-09,3.559999942779541,3.559999942779541,3.440000057220459,3.539999961853028,14.827807,-0.5617972260667625
2021-03-10,3.549999952316284,3.5899999141693115,3.5,3.5899999141693115,9.202379,1.4124280467537442
2021-03-11,3.5799999237060547,3.5999999046325684,3.549999952316284,3.5899999141693115,8.735063,0.0
2021-03-14,3.5999999046325684,3.660000085830689,3.5999999046325684,3.650000095367432,9.656121,1.6713142794601898
2021-03-15,3.670000076293945,3.740000009536743,3.630000114440918,3.740000009536743,15.427134,2.465751008706518
2021-03-16,3.740000009536743,3.75,3.700000047683716,3.700000047683716,10.62852,-1.0695176938778084
2021-03-17,3.700000047683716,3.700000047683716,3.640000104904175,3.650000095367432,7.608421,-1.351350045186761
2021-03-18,3.6600000858306885,3.7100000381469727,3.6500000953674316,3.6500000953674316,11.350582,0.0
2021-03-21,3.640000104904175,3.680000066757202,3.559999942779541,3.559999942779541,8.641158,-2.4657575407222243
2021-03-22,3.559999942779541,3.559999942779541,3.5,3.5299999713897705,21.867787,-0.8426958391001382
2021-03-23,3.5399999618530273,3.559999942779541,3.5,3.5,7.471967,-0.8498575533404162
2021-03-24,3.5,3.5,3.450000047683716,3.4600000381469727,8.213231,-1.1428560529436416
2021-03-25,3.450000047683716,3.470000028610229,3.430000066757202,3.450000047683716,8.78621,-0.2890170622255938
2021-03-28,3.4700000286102295,3.4700000286102295,3.430000066757202,3.450000047683716,4.050303,0.0
2021-03-29,3.450000047683716,3.549999952316284,3.430000066757202,3.549999952316284,11.017784,2.8985479203023967
2021-03-30,3.559999942779541,3.630000114440918,3.549999952316284,3.569999933242798,16.789171,0.5633797519761785
2021-03-31,3.619999885559082,3.619999885559082,3.539999961853028,3.539999961853028,18.607955,-0.8403353487606458
2021-04-01,3.559999942779541,3.569999933242798,3.5299999713897705,3.569999933242798,4.671192,0.847456828052251
2021-04-04,3.569999933242798,3.5899999141693115,3.539999961853028,3.549999952316284,2.992388,-0.5602235658404231
2021-04-05,3.5799999237060547,3.5999999046325684,3.5399999618530273,3.5999999046325684,3.113394,1.408449379940424
2021-04-06,3.609999895095825,3.640000104904175,3.549999952316284,3.609999895095825,11.595,0.2777775202268406
2021-04-07,3.609999895095825,3.609999895095825,3.559999942779541,3.5999999046325684,5.325667,-0.2770080541232622
2021-04-08,3.5899999141693115,3.6700000762939453,3.569999933242798,3.6600000858306885,13.756597,1.6666717440995127
2021-04-11,3.690000057220459,3.7300000190734863,3.6700000762939453,3.7300000190734863,15.561072,1.9125664371920426
2021-04-12,3.7100000381469727,3.7200000286102295,3.670000076293945,3.670000076293945,8.901506,-1.6085775461857743
2021-04-13,3.660000085830689,3.700000047683716,3.650000095367432,3.660000085830689,4.761874,-0.2724792985114854
2021-04-14,3.650000095367432,3.690000057220459,3.650000095367432,3.660000085830689,5.310984,0.0
2021-04-15,3.6700000762939453,3.9000000953674316,3.6700000762939453,3.880000114440918,30.44482,6.0109296024865255
2021-04-18,3.950000047683716,4.03000020980835,3.930000066757202,3.950000047683716,2.6e-05,1.804121937581038
2021-04-19,3.950000047683716,3.950000047683716,3.8399999141693115,3.880000114440918,20.661269,-1.7721501872853374
2021-04-20,3.7799999713897705,3.809999942779541,3.740000009536743,3.809999942779541,12.588442,-1.8041280823895889
2021-04-21,3.819999933242798,3.819999933242798,3.75,3.759999990463257,8.556944,-1.3123347261734364
2021-04-22,3.7699999809265137,3.880000114440918,3.7699999809265137,3.869999885559082,15.46029,2.9255291323091903
2021-04-25,3.880000114440918,3.9000000953674316,3.8399999141693115,3.8499999046325684,3.126099,-0.5167953880604426
2021-04-26,3.859999895095825,3.880000114440918,3.8299999237060547,3.869999885559082,8.10137,0.5194800369332064
2021-04-27,3.859999895095825,3.9000000953674316,3.819999933242798,3.819999933242798,11.413741,-1.2919884701511064
2021-04-28,3.819999933242798,3.839999914169312,3.759999990463257,3.759999990463257,12.588388,-1.5706791578032009
2021-04-29,3.7899999618530273,3.809999942779541,3.7300000190734863,3.7300000190734863,9.36597,-0.7978715815388671
2021-05-02,3.7300000190734863,3.8399999141693115,3.7200000286102295,3.8399999141693115,0.0,2.949058834673912
2021-05-03,3.8299999237060547,3.9600000381469727,3.8299999237060547,3.9100000858306885,20.100687,1.8229211777604837
2021-05-04,3.910000085830689,3.930000066757202,3.880000114440918,3.900000095367432,3.701126,-0.2557542261826362
2021-05-05,3.880000114440918,3.930000066757202,3.880000114440918,3.910000085830689,2.518302,0.2564100056083429
2021-05-06,3.890000104904175,3.940000057220459,3.890000104904175,3.9100000858306885,5.039181,0.0
2021-05-09,3.910000085830689,4.019999980926514,3.910000085830689,4.0,19.274028,2.3017880356437592
2021-05-10,4.010000228881836,4.010000228881836,3.950000047683716,4.0,10.719434,0.0
2021-05-11,4.0,4.0,4.0,4.0,0.0,0.0
2021-05-12,4.0,4.0,4.0,4.0,0.0,0.0
2021-05-13,4.0,4.0,4.0,4.0,0.0,0.0
2021-05-16,4.019999980926514,4.019999980926514,3.869999885559082,3.900000095367432,17.061255,-2.499997615814209
2021-05-17,3.900000095367432,3.940000057220459,3.859999895095825,3.880000114440918,12.945861,-0.5128200112166748
2021-05-18,3.900000095367432,3.920000076293945,3.890000104904175,3.910000085830689,14.328985,0.7731951161061623
2021-05-19,3.910000085830689,4.019999980926514,3.900000095367432,3.9800000190734863,35.744102,1.7902795832784868
2021-05-20,3.9700000286102295,4.090000152587891,3.9700000286102295,4.03000020980835,36.190355,1.2562861933478775
2021-05-23,4.059999942779541,4.150000095367432,4.059999942779541,4.139999866485596,24.325843,2.729519874701869
2021-05-24,4.119999885559082,4.150000095367432,4.079999923706055,4.079999923706055,17.50305,-1.4492740269210325
2021-05-25,4.090000152587891,4.119999885559082,4.070000171661377,4.079999923706055,19.836027,0.0
2021-05-26,4.079999923706055,4.110000133514404,4.03000020980835,4.070000171661377,22.298384,-0.2450919664624518
2021-05-27,4.039999961853027,4.070000171661377,4.03000020980835,4.03000020980835,23.977248,-0.9828000040771334
2021-05-30,4.039999961853027,4.050000190734863,4.0,4.019999980926514,10.119103,-0.2481446243475904
2021-05-31,4.019999980926514,4.03000020980835,3.950000047683716,3.950000047683716,9.162188,-1.7412918799732058
2021-06-01,3.950000047683716,4.059999942779541,3.950000047683716,4.050000190734863,9.048084,2.531649160606664
2021-06-02,4.050000190734863,4.079999923706055,4.010000228881836,4.039999961853027,10.232817,-0.2469192200216019
2021-06-03,4.039999961853027,4.050000190734863,3.990000009536743,4.039999961853027,7.139917,0.0
2021-06-06,4.03000020980835,4.090000152587891,4.019999980926514,4.050000190734863,9.641631,0.24753042020448923
2021-06-07,4.090000152587891,4.139999866485596,4.070000171661377,4.110000133514404,26.979123,1.4814799988603022
2021-06-08,4.110000133514404,4.139999866485596,4.079999923706055,4.099999904632568,12.082669,-0.24331456343007485
2021-06-09,4.119999885559082,4.119999885559082,4.059999942779541,4.059999942779541,11.079496,-0.9756088483765968
2021-06-10,4.059999942779541,4.099999904632568,4.039999961853027,4.059999942779541,17.447949,0.0
2021-06-13,4.079999923706055,4.090000152587891,4.050000190734863,4.090000152587891,4.978402,0.7389214342651274
2021-06-14,4.099999904632568,4.170000076293945,4.090000152587891,4.130000114440918,24.086494,0.97799414084907
2021-06-15,4.159999847412109,4.170000076293945,4.119999885559082,4.159999847412109,15.003949,0.726385766099491
2021-06-16,4.150000095367432,4.150000095367432,4.090000152587891,4.099999904632568,13.826344,-1.4423063697193705
2021-06-17,4.090000152587891,4.130000114440918,4.070000171661377,4.110000133514404,11.025553,0.2439080271815719
2021-06-20,4.070000171661377,4.110000133514404,4.059999942779541,4.090000152587891,4.076424,-0.48661752498319055
2021-06-21,4.079999923706055,4.139999866485596,4.070000171661377,4.119999885559082,12.300574,0.733489776331897
2021-06-22,4.130000114440918,4.190000057220459,4.119999885559082,4.170000076293945,17.350254,1.213596896206659
2021-06-23,4.170000076293945,4.25,4.170000076293945,4.230000019073486,30.027292,1.4388475223450214
2021-06-24,4.21999979019165,4.28000020980835,4.21999979019165,4.230000019073486,20.962503,0.0
2021-06-27,4.25,4.289999961853027,4.25,4.28000020980835,12.396108,1.1820376006952182
2021-06-28,4.28000020980835,4.28000020980835,4.210000038146973,4.210000038146973,8.465193,-1.6355179492972827
2021-06-29,4.239999771118164,4.269999980926514,4.159999847412109,4.179999828338623,12.272421,-0.7125940507486161
2021-06-30,4.199999809265137,4.199999809265137,4.150000095367432,4.159999847412109,12.038626,-0.47846846286744293
2021-07-01,4.170000076293945,4.190000057220459,4.139999866485596,4.159999847412109,5.223157,0.0
2021-07-04,4.190000057220459,4.190000057220459,4.119999885559082,4.150000095367432,4.975247,-0.2403786637371729
2021-07-05,4.150000095367432,4.179999828338623,4.139999866485596,4.159999847412109,5.172998,0.24095787505740152
2021-07-06,4.159999847412109,4.159999847412109,4.119999885559082,4.119999885559082,14.148534,-0.96153757981291
2021-07-07,4.110000133514404,4.130000114440918,4.019999980926514,4.03000020980835,12.66089,-2.184458209967144
2021-07-08,4.039999961853027,4.070000171661377,4.019999980926514,4.03000020980835,7.942652,0.0
2021-07-11,4.039999961853027,4.059999942779541,4.0,4.0,4.346746,-0.74442204085583
2021-07-12,4.0,4.039999961853027,3.950000047683716,4.03000020980835,10.201071,0.7500052452087402
2021-07-13,4.050000190734863,4.070000171661377,4.0,4.0,7.246466,-0.74442204085583
2021-07-14,4.010000228881836,4.019999980926514,3.9800000190734863,3.990000009536743,5.455134,-0.2499997615814209
2021-07-15,3.990000009536743,4.0,3.940000057220459,3.940000057220459,27.444224,-1.253131634004412
2021-07-18,3.940000057220459,3.9700000286102295,3.890000104904175,3.940000057220459,3.725494,0.0
2021-07-19,3.940000057220459,3.940000057220459,3.940000057220459,3.940000057220459,0.0,0.0
2021-07-20,3.940000057220459,3.940000057220459,3.940000057220459,3.940000057220459,0.0,0.0
2021-07-21,3.940000057220459,3.940000057220459,3.940000057220459,3.940000057220459,0.0,0.0
2021-07-22,3.940000057220459,3.940000057220459,3.940000057220459,3.940000057220459,0.0,0.0
2021-07-25,3.9800000190734863,4.0,3.940000057220459,3.990000009536743,3.888422,1.269034304318195
2021-07-26,3.9700000286102295,4.0,3.930000066757202,3.930000066757202,4.858403,-1.5037579608052964
2021-07-27,3.940000057220459,3.990000009536743,3.930000066757202,3.950000047683716,4.409198,0.508905358442302
2021-07-28,3.940000057220459,3.9600000381469727,3.910000085830689,3.910000085830689,7.594889,-1.0126572498773356
2021-07-29,3.920000076293945,3.9800000190734863,3.920000076293945,3.9800000190734863,9.12347,1.7902795832784868
2021-08-01,3.9700000286102295,4.050000190734863,3.950000047683716,4.03000020980835,12.587561,1.2562861933478775
2021-08-02,4.070000171661377,4.079999923706055,3.9800000190734863,3.9800000190734863,11.791878,-1.2406994573640806
2021-08-03,3.9800000190734863,4.010000228881836,3.9700000286102295,4.010000228881836,6.689729,0.7537741121753427
2021-08-04,4.010000228881836,4.059999942779541,4.010000228881836,4.050000190734863,11.970926,0.9975052261825156
2021-08-05,4.059999942779541,4.079999923706055,4.010000228881836,4.079999923706055,8.224742,0.7407341125519329
2021-08-08,4.059999942779541,4.099999904632568,4.059999942779541,4.090000152587891,4.18901,0.2451036536479156
2021-08-09,4.090000152587891,4.090000152587891,4.0,4.03000020980835,6.184496,-1.466991211273594
2021-08-10,4.039999961853027,4.070000171661377,4.0,4.010000228881836,6.635329,-0.49627741650823953
2021-08-11,4.010000228881836,4.050000190734863,4.0,4.039999961853027,4.831743,0.7481229740367468
2021-08-12,4.039999961853027,4.039999961853027,4.039999961853027,4.039999961853027,0.0,0.0
2021-08-15,4.03000020980835,4.059999942779541,4.0,4.050000190734863,6.311804,0.2475304202044892
2021-08-16,4.050000190734863,4.059999942779541,3.9600000381469727,3.990000009536743,10.053533,-1.4814858857385205
2021-08-17,4.010000228881836,4.050000190734863,3.9700000286102295,4.050000190734863,10.038998,1.50376393620828
2021-08-18,4.050000190734863,4.130000114440918,4.019999980926514,4.119999885559082,19.627961,1.7283874451254677
2021-08-19,4.119999885559082,4.159999847412109,4.079999923706055,4.079999923706055,16.730224,-0.9708728874782357
2021-08-22,4.090000152587891,4.139999866485596,4.090000152587891,4.130000114440918,10.046799,1.2254948938686727
2021-08-23,4.139999866485596,4.170000076293945,4.110000133514404,4.170000076293945,13.341109,0.9685220519283666
2021-08-24,4.179999828338623,4.21999979019165,4.159999847412109,4.199999809265137,24.069105,0.7194180437007036
2021-08-25,4.199999809265137,4.21999979019165,4.139999866485596,4.159999847412109,10.4556,-0.9523800873701971
2021-08-26,4.179999828338623,4.179999828338623,4.130000114440918,4.139999866485596,6.002035,-0.4807687899064605
2021-08-29,4.159999847412109,4.190000057220459,4.150000095367432,4.179999828338623,8.428806,0.9661826846140142
2021-08-30,4.179999828338623,4.179999828338623,4.150000095367432,4.170000076293945,7.487784,-0.23922852763973435
2021-08-31,4.190000057220459,4.199999809265137,4.170000076293945,4.199999809265137,12.908109,0.7194180437007036
2021-09-01,4.230000019073486,4.260000228881836,4.199999809265137,4.260000228881836,23.891529,1.4285814843214784
2021-09-02,4.260000228881836,4.260000228881836,4.230000019073486,4.230000019073486,7.515732,-0.7042302393543309
2021-09-05,4.25,4.260000228881836,4.230000019073486,4.230000019073486,4.408017,0.0
2021-09-06,4.25,4.25,4.179999828338623,4.239999771118164,10.533035,0.2364007564914283
2021-09-07,4.210000038146973,4.25,4.190000057220459,4.21999979019165,6.631342,-0.4716976888241464
2021-09-08,4.21999979019165,4.230000019073486,4.179999828338623,4.179999828338623,9.253489,-0.9478664417471584
2021-09-09,4.170000076293945,4.190000057220459,4.090000152587891,4.190000057220459,15.609034,0.2392399352277197
2021-09-12,4.190000057220459,4.199999809265137,4.159999847412109,4.170000076293945,4.238959,-0.47732650724069403
2021-09-13,4.190000057220459,4.190000057220459,4.110000133514404,4.139999866485596,6.580369,-0.7194294786443289
2021-09-14,4.139999866485596,4.170000076293945,4.130000114440918,4.139999866485596,3.687567,0.0
2021-09-15,4.139999866485596,4.190000057220459,4.119999885559082,4.190000057220459,9.181109,1.2077341146705889
2021-09-16,4.159999847412109,4.199999809265137,4.150000095367432,4.199999809265137,12.128366,0.2386575634395482
2021-09-19,4.190000057220459,4.25,4.150000095367432,4.199999809265137,11.686112,0.0
2021-09-20,4.190000057220459,4.190000057220459,4.139999866485596,4.150000095367432,8.814815,-1.190469432579655
2021-09-21,4.119999885559082,4.119999885559082,4.0,4.099999904632568,24.65782,-1.20482384544226
2021-09-22,4.110000133514404,4.119999885559082,4.070000171661377,4.079999923706055,8.274516,-0.4878044241882984
2021-09-23,4.110000133514404,4.130000114440918,4.059999942779541,4.070000171661377,7.980561,-0.2450919664624518
2021-09-26,4.099999904632568,4.099999904632568,4.019999980926514,4.019999980926514,6.576666,-1.228505863046514
2021-09-27,4.019999980926514,4.099999904632568,4.019999980926514,4.03000020980835,5.960708,0.2487619136637642
2021-09-28,4.03000020980835,4.039999961853027,3.9800000190734863,4.019999980926514,14.726714,-0.24814462434759044
2021-09-29,4.0,4.050000190734863,3.9700000286102295,4.03000020980835,6.361079,0.2487619136637642
2021-09-30,4.03000020980835,4.079999923706055,4.019999980926514,4.079999923706055,13.381505,1.2406876251771504
2021-10-03,4.090000152587891,4.090000152587891,4.0,4.0,7.330996,-1.960782480441492
2021-10-04,3.990000009536743,4.010000228881836,3.9600000381469727,3.9600000381469727,7.195399,-0.9999990463256836
2021-10-05,3.950000047683716,3.9700000286102295,3.9100000858306885,3.9600000381469727,10.583887,0.0
2021-10-06,3.9600000381469727,3.9700000286102295,3.9200000762939453,3.9200000762939453,6.21836,-1.0101000370632551
2021-10-07,3.940000057220459,4.019999980926514,3.940000057220459,4.019999980926514,7.03643,2.5510179256708287
2021-10-10,4.019999980926514,4.019999980926514,3.9600000381469727,3.990000009536743,1.688964,-0.7462679485599422
2021-10-11,4.0,4.03000020980835,3.9700000286102295,3.9700000286102295,6.002737,-0.5012526536017692
2021-10-12,3.9800000190734863,4.0,3.9600000381469727,3.9700000286102295,5.774282,0.0
2021-10-13,3.990000009536743,4.0,3.940000057220459,4.0,4.917882,0.7556667801907446
2021-10-14,4.0,4.0,3.9200000762939453,3.9200000762939453,10.050786,-1.9999980926513672
2021-10-17,3.9700000286102295,3.9700000286102295,3.9200000762939453,3.9200000762939453,3.370028,0.0
2021-10-18,3.930000066757202,3.9700000286102295,3.930000066757202,3.9600000381469727,7.684276,1.0204071702683226
2021-10-19,3.9700000286102295,3.990000009536743,3.940000057220459,3.9600000381469727,5.713832,0.0
2021-10-20,3.950000047683716,4.03000020980835,3.950000047683716,4.010000228881836,8.704881,1.2626310670001972
2021-10-21,4.010000228881836,4.010000228881836,4.010000228881836,4.010000228881836,0.0,0.0
2021-10-24,4.03000020980835,4.059999942779541,4.0,4.050000190734863,8.521732,0.9975052261825157
2021-10-25,4.019999980926514,4.059999942779541,4.0,4.050000190734863,8.01867,0.0
2021-10-26,4.019999980926514,4.130000114440918,4.019999980926514,4.079999923706055,18.469273,0.7407341125519329
2021-10-27,4.090000152587891,4.099999904632568,4.019999980926514,4.039999961853027,13.204681,-0.980391240220746
2021-10-28,4.039999961853027,4.059999942779541,4.0,4.010000228881836,11.772569,-0.7425676548133309
2021-10-31,4.050000190734863,4.050000190734863,4.0,4.039999961853027,7.236621,0.7481229740367468
2021-11-01,4.090000152587891,4.099999904632568,4.039999961853027,4.059999942779541,16.784021,0.49504903750889895
2021-11-02,4.139999866485596,4.429999828338623,4.130000114440918,4.369999885559082,119.064248,7.635466678536695
2021-11-03,4.429999828338623,4.760000228881836,4.400000095367432,4.710000038146973,102.533843,7.780324061596455
2021-11-04,4.800000190734863,4.840000152587891,4.710000038146973,4.769999980926514,48.456317,1.273884125129365
2021-11-07,4.840000152587891,4.840000152587891,4.650000095367432,4.699999809265137,30.808187,-1.4675088457291818
2021-11-08,4.659999847412109,4.800000190734863,4.659999847412109,4.730000019073486,26.737912,0.638302362251375
2021-11-09,4.75,4.940000057220459,4.730000019073486,4.889999866485596,57.8061,3.382660608180088
2021-11-10,4.920000076293945,4.920000076293945,4.800000190734863,4.809999942779541,19.713498,-1.6359903045058743
2021-11-11,4.800000190734863,4.880000114440918,4.800000190734863,4.829999923706055,25.609437,0.4158000242086457
2021-11-14,4.849999904632568,4.920000076293945,4.829999923706055,4.900000095367432,19.246927,1.4492789392771988
2021-11-15,5.0,5.329999923706055,4.940000057220459,5.099999904632568,105.451975,4.081628681073313
2021-11-16,5.099999904632568,5.269999980926514,5.099999904632568,5.179999828338623,74.3101,1.5686259843531891
2021-11-17,5.179999828338623,5.179999828338623,5.010000228881836,5.079999923706055,39.262709,-1.9305001534071664
2021-11-18,5.059999942779541,5.150000095367432,5.019999980926514,5.119999885559082,32.294113,0.7874008357040552
2021-11-21,5.139999866485596,5.230000019073486,5.099999904632568,5.130000114440918,29.515092,0.1953169747140437
2021-11-22,5.059999942779541,5.090000152587891,4.900000095367432,4.909999847412109,55.976981,-4.288504134912385
2021-11-23,4.869999885559082,4.909999847412109,4.769999980926514,4.809999942779541,33.631425,-2.036657998783342
2021-11-24,4.849999904632568,4.940000057220459,4.820000171661377,4.860000133514404,26.701401,1.0395050172489206
2021-11-25,4.900000095367432,5.0,4.889999866485596,4.909999847412109,26.504441,1.028800669220331
2021-11-28,4.909999847412109,4.909999847412109,4.909999847412109,4.909999847412109,0.0,0.0
2021-11-29,4.909999847412109,4.909999847412109,4.909999847412109,4.909999847412109,0.0,0.0
2021-11-30,4.650000095367432,4.699999809265137,4.5,4.690000057220459,56.633898,-4.4806475973233395
2021-12-01,4.690000057220459,4.690000057220459,4.690000057220459,4.690000057220459,0.0,0.0
2021-12-02,4.690000057220459,4.690000057220459,4.690000057220459,4.690000057220459,0.0,0.0
2021-12-05,4.659999847412109,4.75,4.650000095367432,4.710000038146973,22.85833,0.4264388205224678
2021-12-06,4.71999979019165,4.869999885559082,4.71999979019165,4.800000190734863,40.500384,1.9108312496595836
2021-12-07,4.860000133514404,4.960000038146973,4.860000133514404,4.920000076293945,32.170939,2.499997516473229
2021-12-08,4.960000038146973,5.019999980926514,4.860000133514404,4.860000133514404,27.760815,-1.2195110131936526
2021-12-09,4.860000133514404,4.929999828338623,4.840000152587891,4.889999866485596,13.776757,0.6172784392394215
2021-12-12,4.900000095367432,4.909999847412109,4.840000152587891,4.900000095367432,6.942596,0.20450366369892947
2021-12-13,4.920000076293945,5.0,4.920000076293945,4.989999771118164,23.572211,1.836728040797797
2021-12-14,4.960000038146973,5.059999942779541,4.949999809265137,5.019999980926514,48.432477,0.6012066369619706
2021-12-15,5.050000190734863,5.099999904632568,4.989999771118164,5.010000228881836,32.699643,-0.1991982486588051
2021-12-16,5.019999980926514,5.090000152587891,5.0,5.0,36.863953,-0.1996053577839385
2021-12-19,4.949999809265137,5.0,4.78000020980835,4.800000190734863,17.136344,-3.9999961853027344
2021-12-20,4.800000190734863,4.829999923706055,4.710000038146973,4.760000228881836,18.513399,-0.8333325054910801
2021-12-21,4.800000190734863,4.840000152587891,4.760000228881836,4.800000190734863,11.426311,0.84033529263976
2021-12-22,4.829999923706055,4.869999885559082,4.760000228881836,4.789999961853027,10.482572,-0.20833809342630794
2021-12-23,4.820000171661377,4.820000171661377,4.730000019073486,4.760000228881836,9.347538,-0.6262992319437499
2021-12-26,4.78000020980835,4.789999961853027,4.75,4.760000228881836,8.870237,0.0
2021-12-27,4.78000020980835,4.929999828338623,4.760000228881836,4.829999923706055,19.411787,1.47058175332615
2021-12-28,4.880000114440918,4.909999847412109,4.840000152587891,4.889999866485596,10.215716,1.2422348597782795
2021-12-29,4.900000095367432,4.900000095367432,4.849999904632568,4.860000133514404,6.95563,-0.6134914885540077
2021-12-30,4.860000133514404,4.889999866485596,4.829999923706055,4.889999866485596,7.300272,0.6172784392394215
2022-01-02,4.889999866485596,4.889999866485596,4.889999866485596,4.889999866485596,0.0,0.0
2022-01-03,4.889999866485596,4.900000095367432,4.860000133514404,4.880000114440918,8.697787,-0.2044939124275391
2022-01-04,4.900000095367432,4.949999809265137,4.889999866485596,4.920000076293945,15.322627,0.8196713302251579
2022-01-05,4.929999828338623,5.0,4.920000076293945,4.989999771118164,12.241863,1.4227580028199238
2022-01-06,4.940000057220459,4.960000038146973,4.900000095367432,4.929999828338623,12.943179,-1.2024037180686342
2022-01-09,4.96999979019165,4.96999979019165,4.96999979019165,4.96999979019165,0.0,0.8113582808481956
2022-01-10,4.96999979019165,4.96999979019165,4.96999979019165,4.96999979019165,0.0,0.0
2022-01-11,4.989999771118164,5.03000020980835,4.960000038146973,4.96999979019165,9.479966,0.0
2022-01-12,4.989999771118164,5.010000228881836,4.940000057220459,4.980000019073486,10.240206,0.2012118572232379
2022-01-13,4.989999771118164,5.0,4.929999828338623,5.0,11.131928,0.4016060411629274
2022-01-17,4.960000038146973,4.980000019073486,4.860000133514404,4.929999828338623,16.925821,-1.4000034332275368
2022-01-18,4.880000114440918,4.929999828338623,4.829999923706055,4.860000133514404,19.550504,-1.41987215540752
2022-01-19,4.849999904632568,4.860000133514404,4.769999980926514,4.849999904632568,32.677735,-0.2057660207223977
2022-01-20,4.849999904632568,4.869999885559082,4.789999961853027,4.800000190734863,20.742908,-1.0309219563065741
2022-01-24,4.78000020980835,4.78000020980835,4.639999866485596,4.659999847412109,27.08051,-2.916673703325845
2022-01-25,4.659999847412109,4.730000019073486,4.619999885559082,4.710000038146973,23.560881,1.0729655015467632
2022-01-26,4.71999979019165,4.78000020980835,4.699999809265137,4.78000020980835,12.198307,1.4862032079497878
2022-01-27,4.78000020980835,4.78000020980835,4.78000020980835,4.78000020980835,0.0,0.0
2022-01-31,4.869999885559082,4.929999828338623,4.849999904632568,4.860000133514404,13.49722,1.6736384977954266
2022-02-01,4.789999961853027,4.820000171661377,4.739999771118164,4.78000020980835,20.699284,-1.6460889199236384
2022-02-02,4.800000190734863,4.809999942779541,4.769999980926514,4.78000020980835,8.283935,0.0
2022-02-03,4.78000020980835,4.800000190734863,4.710000038146973,4.71999979019165,12.545363,-1.2552388490189026
2022-02-07,4.739999771118164,4.75,4.690000057220459,4.690000057220459,10.397493,-0.6355875912014253
2022-02-08,4.690000057220459,4.75,4.690000057220459,4.739999771118164,3.943692,1.0660919677544234
2022-02-09,4.760000228881836,4.880000114440918,4.739999771118164,4.840000152587891,19.142837,2.1097127911070768
2022-02-10,4.860000133514404,4.900000095367432,4.809999942779541,4.840000152587891,8.267786,0.0
2022-02-14,4.75,4.849999904632568,4.75,4.840000152587891,8.017698,0.0
2022-02-15,4.900000095367432,4.909999847412109,4.849999904632568,4.900000095367432,26.621357,1.239668200164412
2022-02-16,4.900000095367432,5.070000171661377,4.900000095367432,5.050000190734863,59.292047,3.061226376490178
2022-02-17,5.070000171661377,5.119999885559082,5.059999942779541,5.099999904632568,32.503328,0.990093307113904
2022-02-21,5.090000152587891,5.110000133514404,5.010000228881836,5.010000228881836,20.084769,-1.7646995575231528
2022-02-22,4.940000057220459,5.03000020980835,4.900000095367432,5.010000228881836,15.320315,0.0
2022-02-23,5.019999980926514,5.090000152587891,5.010000228881836,5.050000190734863,9.309787,0.7984023957211539
2022-02-24,4.929999828338623,4.960000038146973,4.769999980926514,4.880000114440918,27.795558,-3.3663380172903934
2022-02-28,4.920000076293945,5.090000152587891,4.860000133514404,5.079999923706055,30.802781,4.098356651125812
2022-03-01,5.090000152587891,5.170000076293945,5.039999961853027,5.170000076293945,37.370386,1.7716565736133338
2022-03-02,5.119999885559082,5.210000038146973,5.119999885559082,5.159999847412109,29.756638,-0.19342802193930142
2022-03-03,5.159999847412109,5.25,5.159999847412109,5.179999828338623,33.270617,0.3875965410453208
2022-03-07,5.239999771118164,5.300000190734863,5.190000057220459,5.239999771118164,23.505706,1.1583000920442954
2022-03-08,5.21999979019165,5.260000228881836,5.170000076293945,5.21999979019165,23.6339,-0.3816790419867821
2022-03-09,5.230000019073486,5.269999980926514,5.179999828338623,5.179999828338623,15.19881,-0.7662828249186293
2022-03-10,5.21999979019165,5.25,5.179999828338623,5.21999979019165,13.40396,0.772200061362871
2022-03-14,5.320000171661377,5.349999904632568,5.28000020980835,5.28000020980835,12.429098,1.1494333721897787
2022-03-15,5.269999980926514,5.289999961853027,5.179999828338623,5.210000038146973,12.587818,-1.3257607742390154
2022-03-16,5.25,5.289999961853027,5.210000038146973,5.289999961853027,15.127537,1.5355071616181437
2022-03-17,5.300000190734863,5.369999885559082,5.289999961853027,5.349999904632568,20.366335,1.134214427451985
2022-03-21,5.349999904632568,5.400000095367432,5.300000190734863,5.349999904632568,25.040708,0.0
2022-03-22,5.360000133514404,5.369999885559082,5.300000190734863,5.349999904632568,15.701495,0.0
2022-03-23,5.349999904632568,5.420000076293945,5.329999923706055,5.400000095367432,17.567636,0.934583021049562
2022-03-24,5.400000095367432,5.46999979019165,5.389999866485596,5.449999809265137,22.883689,0.9259206113829244
2022-03-28,5.599999904632568,5.849999904632568,5.599999904632568,5.849999904632568,39.049824,7.339451548005949
2022-03-29,5.829999923706055,6.039999961853027,5.820000171661377,5.96999979019165,37.17689,2.05128012846727
2022-03-30,5.980000019073486,6.150000095367432,5.949999809265137,6.050000190734863,38.100988,1.3400402571981385
2022-03-31,6.019999980926514,6.079999923706055,5.929999828338623,6.0,17.084842,-0.8264494075791107
2022-04-04,5.989999771118164,6.0,5.880000114440918,5.900000095367432,21.857621,-1.6666650772094729
2022-04-05,5.889999866485596,5.929999828338623,5.789999961853027,5.820000171661377,28.602025,-1.3559308883548835
2022-04-06,5.829999923706055,5.920000076293945,5.760000228881836,5.829999923706055,21.251279,0.17181704037343426
2022-04-07,5.820000171661377,5.940000057220459,5.820000171661377,5.940000057220459,16.417244,1.886794767648614
2022-04-11,6.050000190734863,6.170000076293945,6.0,6.139999866485596,65.767826,3.3670001235441616
2022-04-12,6.110000133514404,6.110000133514404,5.96999979019165,6.0,26.855043,-2.280128168239337
2022-04-13,6.039999961853027,6.070000171661377,5.989999771118164,6.0,12.938305,0.0
2022-04-14,6.03000020980835,6.110000133514404,6.010000228881836,6.090000152587891,24.765534,1.5000025431315178
2022-04-18,6.099999904632568,6.110000133514404,6.039999961853027,6.099999904632568,11.537443,0.1641995368494075
2022-04-19,6.110000133514404,6.329999923706055,6.110000133514404,6.239999771118164,42.971016,2.295079814333678
2022-04-20,6.260000228881836,6.429999828338623,6.260000228881836,6.320000171661377,22.406865,1.282057748038623
2022-04-21,6.300000190734863,6.46999979019165,6.25,6.289999961853027,30.440567,-0.4746868511629087
2022-04-25,6.300000190734863,6.380000114440918,6.25,6.269999980926514,22.527905,-0.3179647225406645
2022-04-26,6.320000171661377,6.320000171661377,6.239999771118164,6.309999942779541,10.451398,0.6379579262313806
2022-04-27,6.320000171661377,6.380000114440918,6.269999980926514,6.340000152587891,19.142409,0.4754391454896645
2022-04-28,6.349999904632568,6.440000057220459,6.349999904632568,6.440000057220459,22.828363,1.5772855240665962
2022-05-02,6.380000114440918,6.380000114440918,6.380000114440918,6.380000114440918,0.0,-0.931676121838998
2022-05-03,6.380000114440918,6.380000114440918,6.380000114440918,6.380000114440918,0.0,0.0
2022-05-04,6.380000114440918,6.380000114440918,6.380000114440918,6.380000114440918,0.0,0.0
2022-05-05,6.380000114440918,6.449999809265137,6.369999885559082,6.400000095367432,16.43003,0.31347931924397
2022-05-09,6.289999961853027,6.289999961853027,6.119999885559082,6.150000095367432,25.661542,-3.906249941792339
2022-05-10,6.110000133514404,6.199999809265137,6.090000152587891,6.090000152587891,15.698764,-0.9756088105549288
2022-05-11,6.119999885559082,6.179999828338623,5.96999979019165,5.980000019073486,21.802429,-1.8062418843727055
2022-05-12,5.909999847412109,5.96999979019165,5.400000095367432,5.5,45.851787,-8.026756146195723
2022-05-15,5.659999847412109,5.659999847412109,5.659999847412109,5.659999847412109,0.0,2.909088134765625
2022-05-16,5.659999847412109,5.659999847412109,5.659999847412109,5.659999847412109,0.0,0.0
2022-05-17,5.829999923706055,6.150000095367432,5.829999923706055,6.050000190734863,44.019031,6.890465615490626
2022-05-18,6.099999904632568,6.170000076293945,5.920000076293945,5.920000076293945,17.953264,-2.1487621544211466
2022-05-19,5.789999961853027,5.929999828338623,5.710000038146973,5.889999866485596,27.186275,-0.5067602942858462
2022-05-23,5.900000095367432,5.920000076293945,5.590000152587891,5.699999809265137,27.468224,-3.225807496220312
2022-05-24,5.710000038146973,5.710000038146973,5.46999979019165,5.519999980926514,21.416589,-3.1578918309091875
2022-05-25,5.5,5.670000076293945,5.400000095367432,5.440000057220459,23.040552,-1.4492739851898917
2022-05-26,5.460000038146973,5.53000020980835,5.400000095367432,5.449999809265137,16.985412,0.1838189694760128
2022-05-30,5.539999961853027,5.630000114440918,5.510000228881836,5.570000171661377,15.909849,2.201841588915965
2022-05-31,5.579999923706055,5.710000038146973,5.539999961853027,5.710000038146973,40.14489,2.5134625165341262
2022-06-01,5.670000076293945,5.860000133514404,5.670000076293945,5.800000190734863,28.841941,1.5761847983646993
2022-06-02,5.800000190734863,5.860000133514404,5.71999979019165,5.820000171661377,14.808321,0.3448272460139234
2022-06-06,5.820000171661377,5.820000171661377,5.710000038146973,5.739999771118164,6.963418,-1.3745772883779095
2022-06-07,5.710000038146973,5.739999771118164,5.639999866485596,5.71999979019165,6.521274,-0.3484317373521062
2022-06-08,5.679999828338623,5.900000095367432,5.679999828338623,5.840000152587891,12.477938,2.0979085104515294
2022-06-09,5.829999923706055,5.840000152587891,5.75,5.789999961853027,11.247363,-0.8561676271995777
2022-06-13,5.590000152587891,5.619999885559082,5.440000057220459,5.46999979019165,14.034676,-5.526773294813014
2022-06-14,5.449999809265137,5.519999980926514,5.349999904632568,5.489999771118164,12.636579,0.3656303783114545
2022-06-15,5.489999771118164,5.639999866485596,5.380000114440918,5.53000020980835,15.978943,0.7286054709987555
2022-06-16,5.53000020980835,5.599999904632568,5.400000095367432,5.460000038146973,13.674964,-1.2658258409686929
2022-06-20,5.260000228881836,5.260000228881836,5.119999885559082,5.170000076293945,19.530536,-5.311354575584371
2022-06-21,5.269999980926514,5.369999885559082,5.25,5.28000020980835,12.780914,2.1276621255537087
2022-06-22,5.269999980926514,5.269999980926514,5.099999904632568,5.179999828338623,22.882059,-1.8939465434861469
2022-06-23,5.159999847412109,5.210000038146973,5.059999942779541,5.079999923706055,9.972146,-1.9305001534071664
2022-06-27,5.199999809265137,5.269999980926514,5.150000095367432,5.170000076293945,7.4011,1.7716565736133338
2022-06-28,5.190000057220459,5.25,5.159999847412109,5.239999771118164,10.424037,1.353959260952231
2022-06-29,5.21999979019165,5.269999980926514,5.190000057220459,5.269999980926514,5.980878,0.5725231129532604
2022-06-30,5.260000228881836,5.340000152587891,5.199999809265137,5.199999809265137,26.302985,-1.3282765069207891
2022-07-04,5.21999979019165,5.21999979019165,5.03000020980835,5.03000020980835,7.940343,-3.269223186391068
2022-07-05,5.039999961853027,5.050000190734863,4.949999809265137,5.03000020980835,5.931598,0.0
2022-07-06,5.0,5.0,4.869999885559082,4.889999866485596,16.566722,-2.7833069082135897
2022-07-07,4.949999809265137,5.25,4.900000095367432,5.139999866485596,24.584264,5.112474577216575
2022-07-10,5.139999866485596,5.139999866485596,5.139999866485596,5.139999866485596,0.0,0.0
2022-07-11,5.139999866485596,5.139999866485596,5.139999866485596,5.139999866485596,0.0,0.0
2022-07-12,5.050000190734863,5.25,5.050000190734863,5.199999809265137,17.004188,1.167314092180427
2022-07-13,5.170000076293945,5.239999771118164,5.010000228881836,5.050000190734863,11.658534,-2.8846081544659063
2022-07-14,5.050000190734863,5.199999809265137,5.050000190734863,5.170000076293945,10.025913,2.3762352678568854
2022-07-18,5.260000228881836,5.309999942779541,5.230000019073486,5.309999942779541,14.287125,2.707927745060168
2022-07-19,5.329999923706055,5.380000114440918,5.28000020980835,5.340000152587891,12.616695,0.5649757086936269
2022-07-20,5.389999866485596,5.420000076293945,5.329999923706055,5.369999885559082,13.223477,0.5617927362165487
2022-07-21,5.369999885559082,5.409999847412109,5.329999923706055,5.380000114440918,8.608428,0.18622400549259677
2022-07-25,5.369999885559082,5.380000114440918,5.25,5.25,7.553308,-2.4163589530783347
2022-07-26,5.309999942779541,5.340000152587891,5.21999979019165,5.309999942779541,4.095936,1.1428560529436416
2022-07-27,5.300000190734863,5.389999866485596,5.289999961853027,5.389999866485596,5.218074,1.5065899165373375
2022-07-28,5.389999866485596,5.46999979019165,5.380000114440918,5.420000076293945,11.591417,0.5565901772073722
2022-08-01,5.5,5.559999942779541,5.489999771118164,5.53000020980835,11.751415,2.029522730000033
2022-08-02,5.510000228881836,5.570000171661377,5.460000038146973,5.489999771118164,10.188351,-0.7233352110771807
2022-08-03,5.489999771118164,5.510000228881836,5.349999904632568,5.429999828338623,14.064016,-1.0928951781599139
2022-08-04,5.449999809265137,5.449999809265137,5.340000152587891,5.380000114440918,10.707805,-0.9208050732665174
2022-08-08,5.429999828338623,5.5,5.400000095367432,5.460000038146973,11.657164,1.486987397850048
2022-08-09,5.46999979019165,5.610000133514404,5.46999979019165,5.590000152587891,21.772793,2.3809544603050625
2022-08-10,5.630000114440918,5.699999809265137,5.619999885559082,5.690000057220459,27.44635,1.7889070107855565
2022-08-11,5.71999979019165,5.789999961853027,5.699999809265137,5.699999809265137,13.941204,0.17574256492296492
2022-08-15,5.699999809265137,5.710000038146973,5.590000152587891,5.670000076293945,19.819221,-0.5263111223693051
2022-08-16,5.670000076293945,5.849999904632568,5.650000095367432,5.849999904632568,22.752623,3.1746001043491345
2022-08-17,5.869999885559082,6.050000190734863,5.869999885559082,6.039999961853027,32.338452,3.24786427893784
2022-08-18,6.03000020980835,6.130000114440918,5.900000095367432,5.909999847412109,36.413183,-2.152319789105339
2022-08-22,5.849999904632568,5.920000076293945,5.769999980926514,5.840000152587891,19.245097,-1.184428030990059
2022-08-23,5.769999980926514,5.840000152587891,5.739999771118164,5.78000020980835,14.753868,-1.0273962536277217
2022-08-24,5.789999961853027,5.96999979019165,5.78000020980835,5.96999979019165,32.841167,3.2871898527076397
2022-08-25,6.25,6.25,6.130000114440918,6.210000038146973,57.993263,4.020104797149715
2022-08-29,6.050000190734863,6.170000076293945,6.03000020980835,6.039999961853027,20.825552,-2.7375213405743004
2022-08-30,6.139999866485596,6.199999809265137,6.059999942779541,6.199999809265137,22.060402,2.649004112957365
2022-08-31,6.190000057220459,6.28000020980835,6.159999847412109,6.260000228881836,39.592638,0.96774873326666
2022-09-01,6.25,6.409999847412109,6.199999809265137,6.199999809265137,36.412227,-0.9584731217720188
2022-09-05,6.139999866485596,6.139999866485596,5.929999828338623,6.039999961853027,20.607518,-2.580642779585396
2022-09-06,6.010000228881836,6.119999885559082,6.010000228881836,6.119999885559082,17.30933,1.3245020564786714
2022-09-07,6.090000152587891,6.090000152587891,6.0,6.010000228881836,12.355942,-1.7973800446762112
2022-09-08,6.099999904632568,6.119999885559082,6.019999980926514,6.019999980926514,18.455212,0.1663852190324721
2022-09-12,6.090000152587891,6.190000057220459,6.039999961853027,6.159999847412109,15.035252,2.325579184869841
2022-09-13,6.159999847412109,6.300000190734863,6.159999847412109,6.300000190734863,22.084222,2.272732902445917
2022-09-14,6.179999828338623,6.300000190734863,6.130000114440918,6.289999961853027,16.890878,-0.1587337869694449
2022-09-15,6.289999961853027,6.460000038146973,6.289999961853027,6.389999866485596,52.487946,1.5898236127033005
2022-09-19,6.369999885559082,6.429999828338623,6.329999923706055,6.400000095367432,16.680483,0.1564981078369776
2022-09-20,6.380000114440918,6.599999904632568,6.380000114440918,6.5,45.748333,1.5624984866008385
2022-09-21,6.5,6.559999942779541,6.349999904632568,6.349999904632568,21.761453,-2.307693774883568
2022-09-22,6.349999904632568,6.449999809265137,6.269999980926514,6.289999961853027,20.560981,-0.9448810028448773
2022-09-26,6.090000152587891,6.119999885559082,5.960000038146973,6.0,22.501484,-4.610492267278065
2022-09-27,5.980000019073486,6.070000171661377,5.920000076293945,5.960000038146973,24.01167,-0.6666660308837891
2022-09-28,5.989999771118164,6.019999980926514,5.869999885559082,5.909999847412109,17.054655,-0.8389293693764621
2022-09-29,6.0,6.0,5.710000038146973,5.710000038146973,23.732332,-3.3840916147013678
2022-10-03,5.75,5.789999961853027,5.21999979019165,5.78000020980835,28.276818,1.225922437718463
2022-10-04,5.849999904632568,5.96999979019165,5.840000152587891,5.949999809265137,19.636174,2.94116943401328
2022-10-05,6.010000228881836,6.039999961853027,5.940000057220459,5.940000057220459,17.469844,-0.1680630649618875
2022-10-06,5.929999828338623,5.989999771118164,5.929999828338623,5.960000038146973,14.568252,0.3367000123544184
2022-10-10,5.960000038146973,5.960000038146973,5.78000020980835,5.809999942779541,11.331683,-2.516780107505978
2022-10-11,5.809999942779541,5.849999904632568,5.679999828338623,5.679999828338623,10.788071,-2.2375235063896604
2022-10-12,5.699999809265137,5.75,5.590000152587891,5.699999809265137,23.980519,0.3521123508970936
2022-10-13,5.71999979019165,5.949999809265137,5.670000076293945,5.949999809265137,25.449603,4.385965059044983
2022-10-17,6.050000190734863,6.199999809265137,6.050000190734863,6.119999885559082,17.756217,2.857144230983444
2022-10-18,6.190000057220459,6.190000057220459,6.099999904632568,6.170000076293945,22.433931,0.8169965959124559
2022-10-19,6.179999828338623,6.190000057220459,6.110000133514404,6.170000076293945,14.085351,0.0
2022-10-20,6.159999847412109,6.179999828338623,6.130000114440918,6.159999847412109,13.024263,-0.1620782618829808
2022-10-24,6.260000228881836,6.260000228881836,6.190000057220459,6.190000057220459,13.141666,0.4870164050564618
2022-10-25,6.190000057220459,6.25,6.110000133514404,6.190000057220459,16.646903,0.0
2022-10-26,6.199999809265137,6.199999809265137,6.0,6.090000152587891,18.162562,-1.6155073296957645
2022-10-27,6.099999904632568,6.190000057220459,6.019999980926514,6.190000057220459,17.345416,1.6420345176850981
2022-10-31,6.139999866485596,6.150000095367432,5.96999979019165,6.059999942779541,17.856227,-2.1001633802777864
2022-11-01,6.079999923706055,6.079999923706055,5.869999885559082,5.96999979019165,23.157072,-1.4851510468267493
2022-11-02,5.96999979019165,6.090000152587891,5.849999904632568,6.090000152587891,20.745749,2.0100563921860326
2022-11-03,6.090000152587891,6.099999904632568,5.989999771118164,6.079999923706055,16.735726,-0.1642073666876076
2022-11-07,6.099999904632568,6.239999771118164,6.070000171661377,6.230000019073486,28.436537,2.4671068626592962
2022-11-08,6.230000019073486,6.28000020980835,6.210000038146973,6.269999980926514,14.808784,0.64205396036221
2022-11-09,6.230000019073486,6.269999980926514,6.210000038146973,6.260000228881836,12.272484,-0.1594856790286591
2022-11-10,6.239999771118164,6.269999980926514,6.179999828338623,6.269999980926514,12.272049,0.1597404421575188
2022-11-14,6.309999942779541,6.380000114440918,6.269999980926514,6.309999942779541,14.097806,0.6379579262313806
2022-11-15,6.28000020980835,6.289999961853027,6.130000114440918,6.199999809265137,28.144102,-1.743266790996978
2022-11-16,6.139999866485596,6.199999809265137,6.0,6.139999866485596,14.66298,-0.9677410423445276
2022-11-17,6.139999866485596,6.179999828338623,6.079999923706055,6.150000095367432,12.773005,0.16287018077021376
2022-11-21,6.190000057220459,6.190000057220459,6.070000171661377,6.119999885559082,9.862884,-0.4878082820022666
2022-11-22,6.099999904632568,6.150000095367432,6.079999923706055,6.119999885559082,19.358171,0.0
2022-11-23,6.139999866485596,6.139999866485596,6.059999942779541,6.059999942779541,7.433631,-0.980391240220746
2022-11-24,6.059999942779541,6.090000152587891,6.019999980926514,6.039999961853027,6.221893,-0.3300326916726104
2022-11-28,5.949999809265137,5.960000038146973,5.840000152587891,5.949999809265137,15.231027,-1.4900687608660035
2022-11-29,5.949999809265137,5.96999979019165,5.920000076293945,5.949999809265137,8.213141,0.0
2022-11-30,5.949999809265137,6.079999923706055,5.920000076293945,6.079999923706055,24.029281,2.18487594299559
2022-12-01,6.079999923706055,6.079999923706055,6.079999923706055,6.079999923706055,0.0,0.0
2022-12-05,6.050000190734863,6.199999809265137,6.039999961853027,6.190000057220459,27.617518,1.8092127449790047
2022-12-06,6.170000076293945,6.300000190734863,6.170000076293945,6.239999771118164,16.453084,0.8077498131745964
2022-12-07,6.179999828338623,6.289999961853027,6.170000076293945,6.25,14.260843,0.16026008411285098
2022-12-08,6.150000095367432,6.25,6.070000171661377,6.090000152587891,14.106359,-2.559997558593752
2022-12-12,6.159999847412109,6.159999847412109,6.010000228881836,6.110000133514404,8.3976,0.3284069035370152
2022-12-13,6.110000133514404,6.170000076293945,6.090000152587891,6.170000076293945,11.888743,0.9819957687141612
2022-12-14,6.170000076293945,6.170000076293945,6.0,6.0,17.751537,-2.75526862547556
2022-12-15,6.070000171661377,6.070000171661377,5.849999904632568,5.849999904632568,22.813415,-2.5000015894571903
2022-12-19,5.840000152587891,5.949999809265137,5.75,5.949999809265137,10.80284,1.7094001070560472
2022-12-20,5.929999828338623,5.96999979019165,5.889999866485596,5.940000057220459,6.242301,-0.1680630649618875
2022-12-21,5.900000095367432,5.980000019073486,5.889999866485596,5.949999809265137,10.046029,0.1683459923964569
2022-12-22,5.989999771118164,5.989999771118164,5.880000114440918,5.920000076293945,5.194858,-0.5041972089558144
2022-12-26,5.920000076293945,5.920000076293945,5.920000076293945,5.920000076293945,0.0,0.0
2022-12-27,5.920000076293945,5.920000076293945,5.920000076293945,5.920000076293945,0.0,0.0
2022-12-28,5.920000076293945,5.920000076293945,5.920000076293945,5.920000076293945,0.0,0.0
2022-12-29,5.920000076293945,5.920000076293945,5.920000076293945,5.920000076293945,0.0,0.0
2023-01-02,5.920000076293945,5.920000076293945,5.920000076293945,5.920000076293945,0.0,0.0
2023-01-03,5.920000076293945,5.920000076293945,5.920000076293945,5.920000076293945,0.0,0.0
2023-01-04,5.920000076293945,5.920000076293945,5.920000076293945,5.920000076293945,0.0,0.0
2023-01-05,5.869999885559082,5.909999847412109,5.739999771118164,5.809999942779541,13.544467,-1.8581103394726075
2023-01-09,5.800000190734863,5.860000133514404,5.789999961853027,5.849999904632568,6.263538,0.6884675085537362
2023-01-10,5.869999885559082,5.900000095367432,5.789999961853027,5.789999961853027,6.871416,-1.025640064233635
2023-01-11,5.800000190734863,5.860000133514404,5.71999979019165,5.71999979019165,7.009297,-1.2089839744830355
2023-01-12,5.78000020980835,5.820000171661377,5.739999771118164,5.820000171661377,7.98541,1.748258481428655
2023-01-16,5.900000095367432,5.920000076293945,5.820000171661377,5.860000133514404,8.914637,0.6872845476499245
2023-01-17,5.860000133514404,5.909999847412109,5.809999942779541,5.869999885559082,11.909561,0.17064422895636255
2023-01-18,5.869999885559082,5.869999885559082,5.809999942779541,5.809999942779541,6.524392,-1.0221455527988699
2023-01-19,5.849999904632568,5.860000133514404,5.789999961853027,5.849999904632568,13.36551,0.6884675085537362
2023-01-23,5.849999904632568,5.889999866485596,5.849999904632568,5.860000133514404,6.920231,0.170944086236946
2023-01-24,5.860000133514404,5.900000095367432,5.860000133514404,5.880000114440918,3.602715,0.3412965950654101
2023-01-25,5.860000133514404,5.889999866485596,5.820000171661377,5.869999885559082,4.958334,-0.17007191644904385
2023-01-26,5.889999866485596,5.900000095367432,5.800000190734863,5.809999942779541,6.09191,-1.0221455527988699
2023-01-30,5.710000038146973,5.730000019073486,5.550000190734863,5.599999904632568,24.541195,-3.6144585234971105
2023-01-31,5.639999866485596,5.639999866485596,5.550000190734863,5.559999942779541,15.652263,-0.7142850452539706
2023-02-01,5.570000171661377,5.679999828338623,5.570000171661377,5.639999866485596,10.39793,1.4388475634778741
2023-02-02,5.670000076293945,5.699999809265137,5.5,5.519999980926514,18.70468,-2.127657595741339
2023-02-06,5.559999942779541,5.579999923706055,5.510000228881836,5.550000190734863,6.772253,0.5434820636233795
2023-02-07,5.550000190734863,5.590000152587891,5.53000020980835,5.550000190734863,10.694115,0.0
2023-02-08,5.550000190734863,5.679999828338623,5.550000190734863,5.659999847412109,24.012929,1.981975727872576
2023-02-09,5.679999828338623,5.75,5.670000076293945,5.71999979019165,19.495695,1.060069688994325
2023-02-13,5.75,5.809999942779541,5.710000038146973,5.75,18.810305,0.5244792116914532
2023-02-14,5.78000020980835,5.78000020980835,5.730000019073486,5.769999980926514,18.103049,0.3478257552437247
2023-02-15,5.71999979019165,5.760000228881836,5.610000133514404,5.699999809265137,22.874322,-1.213174556200547
2023-02-16,5.739999771118164,5.75,5.650000095367432,5.679999828338623,15.960709,-0.35087687010102453
2023-02-20,5.730000019073486,5.730000019073486,5.730000019073486,5.730000019073486,0.0,0.88028507475304
2023-02-21,5.730000019073486,5.730000019073486,5.590000152587891,5.630000114440918,16.845312,-1.745199027917943
2023-02-22,5.639999866485596,5.639999866485596,5.480000019073486,5.5,22.730717,-2.309060600326962
2023-02-23,5.519999980926514,5.519999980926514,5.25,5.400000095367432,38.32925,-1.818180084228516
2023-02-27,5.480000019073486,5.630000114440918,5.460000038146973,5.460000038146973,30.273376,1.111110031850071
2023-02-28,5.5,5.599999904632568,5.369999885559082,5.599999904632568,247.973676,2.564100100869404
2023-03-01,5.559999942779541,5.650000095367432,5.489999771118164,5.650000095367432,18.599139,0.8928605640421639
2023-03-02,5.619999885559082,5.739999771118164,5.570000171661377,5.579999923706055,15.671005,-1.238941070439481
2023-03-06,5.71999979019165,5.820000171661377,5.71999979019165,5.789999961853027,17.999324,3.763441595309147
2023-03-07,5.800000190734863,5.800000190734863,5.579999923706055,5.599999904632568,16.187789,-3.2815208717143274
2023-03-08,5.539999961853027,5.639999866485596,5.539999961853027,5.579999923706055,11.780368,-0.3571425226269853
2023-03-09,5.559999942779541,5.630000114440918,5.5,5.5,20.125656,-1.4336904085998858
2023-03-13,5.429999828338623,5.449999809265137,5.289999961853027,5.329999923706055,17.250073,-3.090910478071729
2023-03-14,5.340000152587891,5.340000152587891,5.159999847412109,5.159999847412109,16.483525,-3.189494910456603
2023-03-15,5.210000038146973,5.349999904632568,5.179999828338623,5.179999828338623,20.417625,0.3875965410453208
2023-03-16,5.239999771118164,5.239999771118164,5.079999923706055,5.199999809265137,10.764106,0.3861000306814244
2023-03-20,5.300000190734863,5.360000133514404,5.25,5.340000152587891,8.334982,2.6923143934218574
2023-03-21,5.349999904632568,5.599999904632568,5.320000171661377,5.550000190734863,20.613408,3.9325848716540213
2023-03-22,5.550000190734863,5.659999847412109,5.5,5.639999866485596,17.800126,1.6216157235629858
2023-03-23,5.590000152587891,5.610000133514404,5.510000228881836,5.519999980926514,8.911062,-2.127657595741339
2023-03-27,5.480000019073486,5.480000019073486,5.349999904632568,5.389999866485596,5.819652,-2.3550745451107358
2023-03-28,5.400000095367432,5.650000095367432,5.400000095367432,5.650000095367432,19.006183,4.823752046794794
2023-03-29,5.679999828338623,5.730000019073486,5.590000152587891,5.590000152587891,16.445163,-1.061945871978598
2023-03-30,5.599999904632568,5.71999979019165,5.599999904632568,5.71999979019165,9.727993,2.3255748489304784
2023-04-03,5.619999885559082,5.829999923706055,5.619999885559082,5.78000020980835,16.837136,1.048958423382884
2023-04-04,5.800000190734863,5.829999923706055,5.75,5.75,12.180803,-0.519034752930303
2023-04-05,5.739999771118164,5.789999961853027,5.710000038146973,5.730000019073486,4.556435,-0.3478257552437136
2023-04-06,5.730000019073486,5.789999961853027,5.630000114440918,5.650000095367432,7.901103,-1.3961592223343589
2023-04-10,5.650000095367432,5.739999771118164,5.650000095367432,5.670000076293945,3.450155,0.3539819573261882
2023-04-11,5.699999809265137,5.71999979019165,5.670000076293945,5.710000038146973,8.274946,0.7054666898553608
2023-04-12,5.699999809265137,5.909999847412109,5.699999809265137,5.909999847412109,21.939812,3.5026236064622074
2023-04-13,5.900000095367432,5.989999771118164,5.869999885559082,5.96999979019165,25.788011,1.015227484410408
2023-04-17,6.039999961853027,6.150000095367432,6.03000020980835,6.150000095367432,13.702033,3.015080594667885
2023-04-18,6.150000095367432,6.179999828338623,6.010000228881836,6.090000152587891,14.083558,-0.9756088105549288
2023-04-19,6.079999923706055,6.090000152587891,5.96999979019165,6.0,20.410155,-1.4778349808356905
2023-04-20,6.0,6.0,6.0,6.0,0.0,0.0
2023-04-24,6.010000228881836,6.059999942779541,5.989999771118164,6.059999942779541,11.706664,0.9999990463256836
2023-04-25,6.039999961853027,6.110000133514404,6.0,6.0,14.195697,-0.9900980750178201
2023-04-26,5.800000190734863,5.849999904632568,5.75,5.849999904632568,9.865295,-2.5000015894571903
2023-04-27,5.869999885559082,5.909999847412109,5.769999980926514,5.909999847412109,13.283918,1.025640064233624
2023-05-01,5.960000038146973,5.960000038146973,5.849999904632568,5.909999847412109,4.996399,0.0
2023-05-02,5.900000095367432,5.949999809265137,5.869999885559082,5.949999809265137,8.517669,0.6768183229402647
2023-05-03,5.929999828338623,5.940000057220459,5.869999885559082,5.940000057220459,9.722861,-0.1680630649618875
2023-05-04,5.900000095367432,5.940000057220459,5.880000114440918,5.909999847412109,8.134947,-0.5050540323123798
2023-05-08,6.0,6.03000020980835,5.960000038146973,6.019999980926514,10.854703,1.8612544222411653
2023-05-09,6.0,6.050000190734863,5.980000019073486,6.010000228881836,7.792718,-0.16610883847775204
2023-05-10,6.019999980926514,6.019999980926514,5.909999847412109,5.960000038146973,5.640005,-0.8319498973491046
2023-05-11,5.949999809265137,5.989999771118164,5.860000133514404,5.960000038146973,10.30958,0.0
2023-05-15,6.039999961853027,6.039999961853027,5.920000076293945,5.949999809265137,9.15698,-0.1677890741246579
2023-05-16,5.989999771118164,5.989999771118164,5.789999961853027,5.909999847412109,16.143826,-0.6722682879878539
2023-05-17,5.900000095367432,6.019999980926514,5.869999885559082,6.0,10.129487,1.522845260771044
2023-05-18,5.949999809265137,6.0,5.920000076293945,5.989999771118164,12.728686,-0.1666704813639286
2023-05-22,5.949999809265137,5.980000019073486,5.909999847412109,5.949999809265137,5.446221,-0.6677790213931889
2023-05-23,5.900000095367432,5.940000057220459,5.820000171661377,5.820000171661377,7.561087,-2.1848679289254602
2023-05-24,5.820000171661377,5.860000133514404,5.760000228881836,5.820000171661377,13.312571,0.0
2023-05-25,5.880000114440918,5.909999847412109,5.840000152587891,5.849999904632568,7.521357,0.5154593141984076
2023-05-29,5.889999866485596,5.909999847412109,5.829999923706055,5.829999923706055,5.555757,-0.34188002141121165
2023-05-30,5.809999942779541,5.989999771118164,5.809999942779541,5.989999771118164,16.86744,2.7444228045615304
2023-05-31,5.96999979019165,6.150000095367432,5.96999979019165,6.150000095367432,74.196416,2.6711240461266383
2023-06-01,6.099999904632568,6.110000133514404,6.0,6.059999942779541,11.73474,-1.4634170925571954
2023-06-05,6.099999904632568,6.119999885559082,6.050000190734863,6.070000171661377,8.338389,0.16502028013631875
2023-06-06,6.079999923706055,6.170000076293945,6.039999961853027,6.039999961853027,9.37732,-0.4942373799000865
2023-06-07,6.079999923706055,6.139999866485596,6.050000190734863,6.139999866485596,8.531882,1.6556275705983392
2023-06-08,6.130000114440918,6.130000114440918,6.019999980926514,6.079999923706055,11.222584,-0.977197786388284
2023-06-12,6.079999923706055,6.119999885559082,6.050000190734863,6.090000152587891,4.941282,0.164477450778322
2023-06-13,6.059999942779541,6.139999866485596,6.059999942779541,6.079999923706055,7.77493,-0.1642073666876076
2023-06-14,6.110000133514404,6.230000019073486,6.090000152587891,6.190000057220459,15.470393,1.8092127449790047
2023-06-15,6.190000057220459,6.309999942779541,6.150000095367432,6.300000190734863,19.861422,1.77706191433864
2023-06-19,6.590000152587891,6.590000152587891,6.480000019073486,6.53000020980835,8.183071,3.650793843018252
2023-06-20,6.5,6.510000228881836,6.420000076293945,6.449999809265137,9.183875,-1.2251209490475756
2023-06-21,6.429999828338623,6.53000020980835,6.369999885559082,6.53000020980835,13.327384,1.2403163241694326
2023-06-22,6.460000038146973,6.550000190734863,6.449999809265137,6.539999961853027,7.196786,0.1531355547226054
2023-06-26,6.559999942779541,6.559999942779541,6.409999847412109,6.409999847412109,8.647852,-1.9877693455533918
2023-06-27,6.409999847412109,6.409999847412109,6.409999847412109,6.409999847412109,0.0,0.0
2023-06-28,6.409999847412109,6.409999847412109,6.409999847412109,6.409999847412109,0.0,0.0
2023-06-29,6.409999847412109,6.409999847412109,6.409999847412109,6.409999847412109,0.0,0.0
2023-07-03,6.429999828338623,6.650000095367432,6.420000076293945,6.639999866485596,16.035359,3.58814390871387
2023-07-04,6.639999866485596,6.820000171661377,6.630000114440918,6.650000095367432,16.296696,0.1506058596824733
2023-07-05,6.619999885559082,6.699999809265137,6.619999885559082,6.639999866485596,4.794065,-0.1503793795251562
2023-07-06,6.639999866485596,6.809999942779541,6.639999866485596,6.789999961853027,10.040083,2.2590376262586087
2023-07-10,6.880000114440918,6.900000095367432,6.78000020980835,6.840000152587891,10.480538,0.7363798382292952
2023-07-11,6.869999885559082,6.880000114440918,6.78000020980835,6.800000190734863,11.73461,-0.5847947508874518
2023-07-12,6.800000190734863,6.880000114440918,6.78000020980835,6.829999923706055,9.248096,0.4411725313194337
2023-07-13,6.829999923706055,6.889999866485596,6.78000020980835,6.880000114440918,9.61804,0.7320672224507607
2023-07-17,6.849999904632568,6.900000095367432,6.760000228881836,6.829999923706055,7.905638,-0.7267469462669651
2023-07-18,6.880000114440918,6.880000114440918,6.769999980926514,6.769999980926514,6.967764,-0.8784764780346288
2023-07-19,6.769999980926514,6.800000190734863,6.659999847412109,6.659999847412109,9.821779,-1.624817338616158
2023-07-20,6.650000095367432,6.690000057220459,6.610000133514404,6.659999847412109,9.015628,0.0
2023-07-24,6.630000114440918,6.71999979019165,6.619999885559082,6.699999809265137,9.161514,0.6006000415836432
2023-07-25,6.699999809265137,6.730000019073486,6.650000095367432,6.699999809265137,7.518674,0.0
2023-07-26,6.699999809265137,6.730000019073486,6.659999847412109,6.71999979019165,7.386623,0.2985071865055255
2023-07-27,6.71999979019165,6.820000171661377,6.699999809265137,6.710000038146973,9.327733,-0.1488058386441171
2023-07-31,6.739999771118164,6.800000190734863,6.639999866485596,6.760000228881836,14.271813,0.7451593211714957
2023-08-01,6.71999979019165,7.010000228881836,6.71999979019165,7.010000228881836,22.429227,3.698224726855548
2023-08-02,7.039999961853027,7.150000095367432,7.0,7.050000190734863,19.256685,0.5706128466048233
2023-08-03,7.010000228881836,7.059999942779541,6.920000076293945,6.929999828338623,9.135367,-1.7021327538961684
2023-08-07,7.079999923706055,7.119999885559082,6.949999809265137,7.079999923706055,8.868395,2.1645035942719826
2023-08-08,7.079999923706055,7.119999885559082,7.0,7.039999961853027,9.596224,-0.5649712187015044
2023-08-09,7.0,7.050000190734863,6.980000019073486,7.0,7.965436,-0.5681812794001595
2023-08-10,6.989999771118164,6.989999771118164,6.849999904632568,6.849999904632568,9.480552,-2.1428585052490234
2023-08-14,6.909999847412109,6.909999847412109,6.820000171661377,6.820000171661377,3.918659,-0.43795231224605935
2023-08-15,6.820000171661377,6.860000133514404,6.760000228881836,6.820000171661377,5.416878,0.0
2023-08-16,6.829999923706055,6.880000114440918,6.75,6.809999942779541,9.336228,-0.1466309183303149
2023-08-17,6.800000190734863,6.829999923706055,6.769999980926514,6.789999961853027,8.195266,-0.29368547862792527
2023-08-21,6.800000190734863,6.809999942779541,6.760000228881836,6.760000228881836,6.272677,-0.4418222848267095
2023-08-22,6.760000228881836,6.820000171661377,6.739999771118164,6.769999980926514,8.571781,0.1479253210961983
2023-08-23,6.809999942779541,7.03000020980835,6.800000190734863,7.03000020980835,26.75932,3.840476065204568
2023-08-24,7.0,7.079999923706055,7.0,7.0,10.756808,-0.4267455037411327
2023-08-28,6.900000095367432,6.960000038146973,6.869999885559082,6.900000095367432,4.752361,-1.4285700661795464
2023-08-29,6.900000095367432,6.960000038146973,6.869999885559082,6.940000057220459,6.278405,0.5797095840604838
2023-08-30,6.940000057220459,7.110000133514404,6.929999828338623,7.050000190734863,15.727457,1.585016319992083
2023-08-31,7.050000190734863,7.099999904632568,7.0,7.059999942779541,17.187184,0.1418404506970061
2023-09-04,7.119999885559082,7.139999866485596,7.079999923706055,7.130000114440918,9.927478,0.9915038559308752
2023-09-05,7.130000114440918,7.150000095367432,7.090000152587891,7.099999904632568,9.696891,-0.42076029911398694
2023-09-06,7.079999923706055,7.079999923706055,6.980000019073486,7.0,19.467868,-1.408449379940424
2023-09-07,7.050000190734863,7.050000190734863,6.960000038146973,7.039999961853027,7.259703,0.5714280264718097
2023-09-11,7.0,7.110000133514404,6.96999979019165,7.099999904632568,6.564974,0.8522719191002448
2023-09-12,7.079999923706055,7.150000095367432,7.070000171661377,7.130000114440918,14.048246,0.4225381719903387
2023-09-13,7.119999885559082,7.150000095367432,7.059999942779541,7.059999942779541,7.472966,-0.9817695727606046
2023-09-14,7.050000190734863,7.110000133514404,7.03000020980835,7.039999961853027,9.228881,-0.2832858511134684
2023-09-18,7.070000171661377,7.070000171661377,7.019999980926514,7.050000190734863,7.15555,0.1420487064776043
2023-09-19,7.010000228881836,7.130000114440918,7.0,7.119999885559082,9.866136,0.992903445821347
2023-09-20,7.139999866485596,7.5,7.139999866485596,7.489999771118164,45.82233,5.196627689693134
2023-09-21,7.480000019073486,7.980000019073486,7.429999828338623,7.96999979019165,50.812875,6.408545176788816
2023-09-25,7.789999961853027,7.949999809265137,7.710000038146973,7.900000095367432,28.615465,-0.87828979506831
2023-09-26,7.909999847412109,7.909999847412109,7.710000038146973,7.710000038146973,11.777895,-2.4050639864153345
2023-09-27,7.699999809265137,7.739999771118164,7.610000133514404,7.699999809265137,8.170258,-0.1297046541161806
2023-09-28,7.730000019073486,8.069999694824219,7.730000019073486,8.039999961853027,32.981363,4.415586506622771
2023-10-02,8.039999961853027,8.039999961853027,8.039999961853027,8.039999961853027,0.0,0.0
2023-10-03,8.350000381469727,8.449999809265137,8.210000038146973,8.210000038146973,26.298308,2.1144288196583982
2023-10-04,8.239999771118164,8.289999961853027,7.909999847412109,7.940000057220459,20.615344,-3.288672103191048
2023-10-05,7.940000057220459,7.989999771118164,7.800000190734863,7.800000190734863,18.876031,-1.7632224871117377
2023-10-09,7.650000095367432,7.699999809265137,7.369999885559082,7.449999809265137,32.265984,-4.487184268091049
2023-10-10,7.460000038146973,7.789999961853027,7.449999809265137,7.639999866485596,23.107849,2.550336403823361
2023-10-11,7.590000152587891,7.800000190734863,7.579999923706055,7.78000020980835,12.481582,1.83246525876124
2023-10-12,7.730000019073486,7.769999980926514,7.619999885559082,7.670000076293945,10.563226,-1.4138834260663091
2023-10-16,7.260000228881836,7.409999847412109,7.050000190734863,7.050000190734863,17.811528,-8.083440409281707
2023-10-17,7.130000114440918,7.190000057220459,7.050000190734863,7.090000152587891,13.854099,0.5673753300829087
2023-10-18,7.059999942779541,7.090000152587891,6.820000171661377,6.840000152587891,26.853748,-3.5260930129705104
2023-10-19,6.820000171661377,6.869999885559082,6.449999809265137,6.53000020980835,40.162917,-4.532162805029372
2023-10-23,6.409999847412109,6.510000228881836,6.260000228881836,6.260000228881836,12.789632,-4.134762209057231
2023-10-24,6.289999961853027,6.409999847412109,6.199999809265137,6.369999885559082,24.386982,1.757182949766345
2023-10-25,6.380000114440918,6.670000076293945,6.380000114440918,6.639999866485596,22.223347,4.238618301055386
2023-10-26,6.650000095367432,6.650000095367432,6.429999828338623,6.449999809265137,12.814262,-2.8614467024232315
2023-10-30,6.329999923706055,6.570000171661377,6.329999923706055,6.5,18.209769,0.7751967785028402
2023-10-31,6.550000190734863,6.760000228881836,6.53000020980835,6.690000057220459,17.667937,2.9230778033916716
2023-11-01,6.730000019073486,6.78000020980835,6.570000171661377,6.670000076293945,16.384499,-0.2989533745209494
2023-11-02,6.699999809265137,6.820000171661377,6.630000114440918,6.769999980926514,17.883288,1.4992489278670584
2023-11-06,6.860000133514404,6.980000019073486,6.860000133514404,6.960000038146973,13.015169,2.8065001145606505
2023-11-07,6.96999979019165,7.070000171661377,6.900000095367432,6.980000019073486,14.745592,0.2873560462197666
2023-11-08,7.03000020980835,7.03000020980835,6.829999923706055,6.840000152587891,6.004287,-2.0057287407311386
2023-11-09,6.840000152587891,6.840000152587891,6.769999980926514,6.800000190734863,6.820781,-0.5847947508874518
2023-11-13,7.130000114440918,7.260000228881836,7.099999904632568,7.099999904632568,16.39993,4.411760374749107
2023-11-14,7.150000095367432,7.150000095367432,6.940000057220459,6.940000057220459,10.822547,-2.2535190079046807
2023-11-15,6.96999979019165,7.039999961853027,6.860000133514404,6.96999979019165,12.803869,0.4322728058190561
2023-11-16,6.949999809265137,7.079999923706055,6.900000095367432,7.050000190734863,13.589599,1.1477819648687992
2023-11-20,7.059999942779541,7.130000114440918,7.039999961853027,7.119999885559082,10.809663,0.992903445821347
2023-11-21,7.099999904632568,7.179999828338623,7.070000171661377,7.070000171661377,24.367831,-0.7022431840078447
2023-11-22,7.070000171661377,7.110000133514404,7.0,7.079999923706055,9.804767,0.14143920511855423
2023-11-23,7.059999942779541,7.130000114440918,7.019999980926514,7.130000114440918,6.091226,0.7062173908709557
2023-11-27,7.079999923706055,7.179999828338623,7.059999942779541,7.139999866485596,9.263778,0.14024897453261964
2023-11-28,7.139999866485596,7.340000152587891,7.130000114440918,7.329999923706055,15.658147,2.6610652769378795
2023-11-29,7.349999904632568,7.480000019073486,7.320000171661377,7.420000076293945,12.665052,1.2278329266664834
2023-11-30,7.420000076293945,7.590000152587891,7.420000076293945,7.590000152587891,31.576832,2.291106125956466
2023-12-04,7.590000152587891,7.590000152587891,7.590000152587891,7.590000152587891,0.0,0.0
2023-12-05,7.539999961853027,7.539999961853027,7.380000114440918,7.539999961853027,12.118705,-0.658764028058878
2023-12-06,7.510000228881836,7.539999961853027,7.429999828338623,7.489999771118164,5.40069,-0.6631325064698657
2023-12-07,7.480000019073486,7.480000019073486,7.349999904632568,7.449999809265137,7.618292,-0.5340449008726211
2023-12-11,7.369999885559082,7.46999979019165,7.230000019073486,7.300000190734863,5.815362,-2.013417749940438
2023-12-12,7.269999980926514,7.300000190734863,7.139999866485596,7.239999771118164,7.349879,-0.8219235349178677
2023-12-13,7.329999923706055,7.349999904632568,7.269999980926514,7.309999942779541,8.630614,0.9668532303084065
2023-12-14,7.300000190734863,7.510000228881836,7.300000190734863,7.480000019073486,20.808614,2.325582457245612
2023-12-18,7.539999961853027,7.539999961853027,7.449999809265137,7.510000228881836,4.029491,0.4010723226183232
2023-12-19,7.460000038146973,7.590000152587891,7.449999809265137,7.590000152587891,4.56006,1.0652452898522125
2023-12-20,7.590000152587891,7.78000020980835,7.550000190734863,7.75,7.274167,2.10803483788542
2023-12-21,7.78000020980835,7.78000020980835,7.659999847412109,7.739999771118164,6.232441,-0.12903521137852536
2023-12-25,7.75,7.75,7.690000057220459,7.690000057220459,1.865273,-0.6459911547320618
2023-12-26,7.710000038146973,7.789999961853027,7.690000057220459,7.789999961853027,3.477372,1.3003888672104005
2023-12-27,7.789999961853027,7.889999866485596,7.75,7.889999866485596,6.306773,1.2836958295540324
2023-12-28,7.889999866485596,7.960000038146973,7.849999904632568,7.960000038146973,4.295807,0.8872011767543597
2024-01-01,7.920000076293945,7.920000076293945,7.920000076293945,7.920000076293945,0.0,-0.5025120811725348
2024-01-02,7.900000095367432,7.980000019073486,7.75,7.980000019073486,9.399854,0.7575750277974302
2024-01-03,7.940000057220459,8.039999961853027,7.809999942779541,7.820000171661377,13.232147,-2.0050106144070656
2024-01-04,7.829999923706055,7.829999923706055,7.690000057220459,7.699999809265137,11.423272,-1.5345314547575706
2024-01-08,7.659999847412109,7.909999847412109,7.659999847412109,7.869999885559082,9.011978,2.2077932533113964
2024-01-09,7.820000171661377,7.96999979019165,7.820000171661377,7.949999809265137,10.620201,1.016517469750533
2024-01-10,7.900000095367432,7.940000057220459,7.889999866485596,7.900000095367432,5.251114,-0.628927233928156
2024-01-11,7.860000133514404,7.940000057220459,7.78000020980835,7.78000020980835,9.24985,-1.5189858748160034
2024-01-15,7.769999980926514,7.78000020980835,7.690000057220459,7.699999809265137,5.32876,-1.0282827556014063
2024-01-16,7.690000057220459,7.699999809265137,7.619999885559082,7.650000095367432,5.593314,-0.6493469498212501
2024-01-17,7.610000133514404,7.71999979019165,7.510000228881836,7.699999809265137,10.689256,0.6535910231946662
2024-01-18,7.699999809265137,7.699999809265137,7.519999980926514,7.519999980926514,9.285505,-2.337660166199429
2024-01-22,7.559999942779541,7.670000076293945,7.460000038146973,7.460000038146973,6.5352,-0.7978715815388671
2024-01-23,7.510000228881836,7.510000228881836,7.329999923706055,7.400000095367432,8.837624,-0.8042887730928872
2024-01-24,7.400000095367432,7.579999923706055,7.380000114440918,7.400000095367432,15.743545,0.0
2024-01-25,7.429999828338623,7.46999979019165,7.369999885559082,7.449999809265137,7.733114,0.675671800720723
2024-01-29,7.46999979019165,7.46999979019165,7.349999904632568,7.440000057220459,5.665445,-0.1342248630965326
2024-01-30,7.389999866485596,7.550000190734863,7.389999866485596,7.420000076293945,5.069733,-0.2688169458695655
2024-01-31,7.440000057220459,7.519999980926514,7.420000076293945,7.429999828338623,7.320061,0.13476754638623856
2024-02-01,7.489999771118164,7.539999961853027,7.429999828338623,7.539999961853027,7.136138,1.480486353375876
2024-02-05,7.489999771118164,7.590000152587891,7.489999771118164,7.519999980926514,6.723385,-0.2652517377678909
2024-02-06,7.539999961853027,7.539999961853027,7.369999885559082,7.429999828338623,5.916737,-1.1968105427681452
2024-02-07,7.429999828338623,7.429999828338623,7.429999828338623,7.429999828338623,0.0,0.0
2024-02-08,7.489999771118164,7.5,7.440000057220459,7.449999809265137,3.477713,0.2691787535476386
2024-02-12,7.730000019073486,7.940000057220459,7.710000038146973,7.940000057220459,10.09448,6.577184704702099
2024-02-13,7.900000095367432,7.989999771118164,7.860000133514404,7.860000133514404,10.750866,-1.0075557069209928
2024-02-14,8.039999961853027,8.149999618530273,7.920000076293945,8.0,23.827542,1.7811687545480792
2024-02-15,8.020000457763672,8.050000190734863,7.949999809265137,8.050000190734863,10.293131,0.625002384185791
2024-02-19,8.149999618530273,8.220000267028809,8.130000114440918,8.199999809265137,7.098875,1.8633492543629333
2024-02-20,8.199999809265137,8.229999542236328,8.119999885559082,8.199999809265137,8.944489,0.0
2024-02-21,8.199999809265137,8.199999809265137,8.199999809265137,8.199999809265137,0.0,0.0
2024-02-22,8.100000381469727,8.130000114440918,7.96999979019165,8.039999961853027,10.773275,-1.9512176967531936
2024-02-26,8.010000228881836,8.130000114440918,8.010000228881836,8.100000381469727,5.28073,0.7462738793704071
2024-02-27,8.100000381469727,8.119999885559082,8.010000228881836,8.09000015258789,6.94252,-0.1234596100108009
2024-02-28,8.079999923706055,8.149999618530273,8.020000457763672,8.100000381469727,8.744469,0.123612221176983
2024-02-29,8.100000381469727,8.119999885559082,8.039999961853027,8.119999885559082,10.998125,0.2469074462651654
2024-03-04,8.289999961853027,8.380000114440918,8.289999961853027,8.329999923706055,8.201671,2.586207402791274
2024-03-05,8.3100004196167,8.319999694824219,8.079999923706055,8.079999923706055,7.087341,-3.00120050767988
2024-03-06,8.100000381469727,8.15999984741211,8.039999961853027,8.130000114440918,8.135938,0.6188142476111436
2024-03-07,8.079999923706055,8.220000267028809,8.069999694824219,8.109999656677246,5.76418,-0.2460080871111714
2024-03-11,8.1899995803833,8.260000228881836,8.130000114440918,8.210000038146973,7.145174,1.2330503785828562
2024-03-12,8.220000267028809,8.220000267028809,8.149999618530273,8.210000038146973,3.073576,0.0
2024-03-13,8.210000038146973,8.25,8.15999984741211,8.210000038146973,7.377598,0.0
2024-03-14,8.210000038146973,8.260000228881836,8.180000305175781,8.260000228881836,8.404893,0.6090157186667833
2024-03-18,8.220000267028809,8.399999618530273,8.140000343322754,8.399999618530273,9.347804,1.6949078180278576
2024-03-19,8.359999656677246,8.4399995803833,8.329999923706055,8.420000076293945,8.263098,0.23810069847565174
2024-03-20,8.420000076293945,8.479999542236328,8.34000015258789,8.460000038146973,9.963106,0.4750589250663406
2024-03-21,8.460000038146973,8.5,8.399999618530273,8.420000076293945,6.886607,-0.4728127857288822
2024-03-25,8.430000305175781,8.430000305175781,8.350000381469727,8.380000114440918,4.519189,-0.4750589250663406
2024-03-26,8.359999656677246,8.449999809265137,8.199999809265137,8.25,16.530806,-1.5513139936226716
2024-03-27,8.289999961853027,8.289999961853027,8.100000381469727,8.1899995803833,27.210757,-0.7272778135357427
2024-03-28,8.220000267028809,8.25,8.149999618530273,8.149999618530273,9.612732,-0.4884000476487848
2024-04-01,8.149999618530273,8.149999618530273,8.149999618530273,8.149999618530273,0.0,0.0
2024-04-02,8.3100004196167,8.579999923706055,8.3100004196167,8.579999923706055,17.273868,5.276077611072649
2024-04-03,8.5600004196167,8.600000381469727,8.489999771118164,8.550000190734863,8.474787,-0.3496472405355555
2024-04-04,8.5600004196167,8.640000343322754,8.489999771118164,8.5,8.418416,-0.5847975394087768
2024-04-15,8.369999885559082,8.479999542236328,8.3100004196167,8.420000076293945,26.663282,-0.9411755730124094
2024-04-16,8.40999984741211,8.470000267028809,8.199999809265137,8.279999732971191,18.476804,-1.6627119008812974
2024-04-17,8.279999732971191,8.369999885559082,8.229999542236328,8.359999656677246,14.096751,0.9661826846140142
2024-04-18,8.350000381469727,8.479999542236328,8.329999923706055,8.380000114440918,10.250195,0.2392399352277197
2024-04-22,8.300000190734863,8.420000076293945,8.25,8.300000190734863,12.466225,-0.9546530144813992
2024-04-23,8.369999885559082,8.430000305175781,8.3100004196167,8.380000114440918,12.221127,0.963854480333115
2024-04-24,8.380000114440918,8.430000305175781,8.229999542236328,8.229999542236328,15.855232,-1.7899829374238283
2024-04-25,8.34000015258789,8.34000015258789,8.149999618530273,8.149999618530273,14.432868,-0.9720525899849176
2024-04-29,8.239999771118164,8.239999771118164,8.0600004196167,8.140000343322754,12.04804,-0.1226904990864641
2024-04-30,8.119999885559082,8.239999771118164,8.119999885559082,8.210000038146973,19.347636,0.8599470745924487
2024-05-01,7.820000171661377,7.820000171661377,7.690000057220459,7.710000038146973,9.655367,-6.090133954650401
2024-05-02,7.699999809265137,7.900000095367432,7.650000095367432,7.900000095367432,9.976051,2.4643327662826175
2024-05-06,7.809999942779541,7.949999809265137,7.809999942779541,7.949999809265137,8.912249,0.6329077632166724
2024-05-07,7.960000038146973,8.010000228881836,7.900000095367432,8.0,9.201095,0.6289332318799801
2024-05-08,8.039999961853027,8.1899995803833,8.0,8.1899995803833,9.292004,2.3749947547912598
2024-05-09,8.15999984741211,8.15999984741211,7.949999809265137,8.100000381469727,9.84178,-1.0988913739280348
2024-05-13,8.09000015258789,8.149999618530273,8.029999732971191,8.149999618530273,7.749136,0.6172745025411208
2024-05-14,8.119999885559082,8.130000114440918,7.960000038146973,7.96999979019165,9.105535,-2.208586954156
2024-05-15,8.0,8.010000228881836,7.840000152587891,7.889999866485596,8.588083,-1.0037631845926431
2024-05-16,7.980000019073486,7.980000019073486,7.619999885559082,7.679999828338623,18.115704,-2.661597486699474
2024-05-20,7.599999904632568,7.789999961853027,7.570000171661377,7.739999771118164,14.435237,0.7812492724042164
2024-05-21,7.78000020980835,8.079999923706055,7.75,8.079999923706055,17.995188,4.392766959200722
2024-05-22,8.079999923706055,8.149999618530273,7.989999771118164,8.039999961853027,11.906098,-0.49504903750891
2024-05-23,8.010000228881836,8.09000015258789,7.900000095367432,7.949999809265137,12.26729,-1.1194048882451457
2024-05-27,7.809999942779541,7.809999942779541,7.630000114440918,7.690000057220459,6.157162,-3.2704372111011515
2024-05-28,7.690000057220459,7.840000152587891,7.690000057220459,7.739999771118164,8.546358,0.6501913332335851
2024-05-29,7.739999771118164,7.739999771118164,7.5,7.5,15.973854,-3.1007723283626443
2024-05-30,7.510000228881836,7.650000095367432,7.449999809265137,7.639999866485596,8.886775,1.8666648864746005
2024-06-03,7.659999847412109,7.699999809265137,7.5,7.510000228881836,10.915929,-1.7015659669580518
2024-06-04,7.510000228881836,7.519999980926514,7.369999885559082,7.429999828338623,15.292788,-1.0652516392149813
2024-06-05,7.489999771118164,7.53000020980835,7.440000057220459,7.5,7.092993,0.9421288462805988
2024-06-06,7.5,7.510000228881836,7.400000095367432,7.400000095367432,9.624418,-1.333332061767578
2024-06-10,7.440000057220459,7.570000171661377,7.420000076293945,7.570000171661377,7.803387,2.2972982986901425
2024-06-11,7.579999923706055,7.75,7.570000171661377,7.730000019073486,10.489258,2.1136042771977115
2024-06-12,7.690000057220459,7.739999771118164,7.619999885559082,7.639999866485596,9.483906,-1.1642969258191305
2024-06-13,7.699999809265137,7.739999771118164,7.670000076293945,7.730000019073486,6.944623,1.1780124890144794
2024-06-20,7.829999923706055,7.829999923706055,7.739999771118164,7.829999923706055,18.654339,1.293659823878679
2024-06-24,7.869999885559082,7.900000095367432,7.769999980926514,7.889999866485596,7.01556,0.7662828015857936
2024-06-25,7.889999866485596,7.900000095367432,7.789999961853027,7.800000190734863,6.763597,-1.1406803203257931
2024-06-26,7.829999923706055,7.96999979019165,7.820000171661377,7.96999979019165,8.046226,2.1794819910224916
2024-06-27,7.920000076293945,8.100000381469727,7.900000095367432,8.100000381469727,14.366983,1.6311241493138118
2024-07-01,8.199999809265137,8.25,8.140000343322754,8.229999542236328,8.201556,1.6049278351146556
2024-07-02,8.220000267028809,8.220000267028809,8.119999885559082,8.140000343322754,8.834903,-1.0935504728973422
2024-07-03,8.220000267028809,8.220000267028809,8.119999885559082,8.140000343322754,8.834903,0.0
2024-07-04,8.079999923706055,8.079999923706055,7.960000038146973,8.0,6.381716,-1.7199058650850807
2024-07-08,8.039999961853027,8.069999694824219,7.980000019073486,7.980000019073486,6.974284,-0.2499997615814209
2024-07-09,8.0,8.119999885559082,8.0,8.069999694824219,6.748915,1.1278154829024833
2024-07-10,8.100000381469727,8.109999656677246,8.0,8.050000190734863,8.220357,-0.24782533885574498
2024-07-11,8.050000190734863,8.130000114440918,8.039999961853027,8.050000190734863,8.206847,0.0
2024-07-15,8.100000381469727,8.140000343322754,8.039999961853027,8.100000381469727,2.837327,0.6211203670828613
2024-07-16,8.130000114440918,8.180000305175781,8.079999923706055,8.109999656677246,8.126304,0.1234478362543534
2024-07-17,8.140000343322754,8.220000267028809,8.119999885559082,8.220000267028809,6.350803,1.356357768289107
2024-07-18,8.239999771118164,8.3100004196167,8.210000038146973,8.3100004196167,11.30009,1.0948923316814296
2024-07-22,8.319999694824219,8.34000015258789,8.229999542236328,8.319999694824219,6.757749,0.1203282154344398
2024-07-23,8.319999694824219,8.449999809265137,8.3100004196167,8.4399995803833,11.826955,1.4423063697193816
2024-07-24,8.4399995803833,8.5,8.430000305175781,8.430000305175781,6.310038,-0.11847483062392694
2024-07-25,8.430000305175781,8.520000457763672,8.319999694824219,8.520000457763672,16.439222,1.0676174297720165
2024-07-29,8.739999771118164,8.960000038146973,8.739999771118164,8.960000038146973,17.73449,5.1643140462787285
2024-07-30,8.949999809265137,9.119999885559082,8.880000114440918,9.0600004196167,22.824706,1.1160756812943928
2024-07-31,8.989999771118164,8.989999771118164,8.619999885559082,8.630000114440918,19.83078,-4.746140013909328
2024-08-01,8.649999618530273,8.829999923706055,8.5,8.600000381469727,9.939844,-0.3476214666670918
2024-08-05,8.029999732971191,8.0600004196167,7.630000114440918,7.75,27.117012,-9.883724927515214
2024-08-06,7.849999904632568,8.149999618530273,7.849999904632568,7.920000076293945,23.340817,2.1935493715347754
2024-08-07,8.0,8.289999961853027,8.0,8.149999618530273,16.343343,2.9040345962212832
2024-08-08,8.1899995803833,8.3100004196167,8.039999961853027,8.239999771118164,18.62984,1.1042964024594815
2024-08-12,8.229999542236328,8.3100004196167,8.170000076293945,8.199999809265137,4.269726,-0.4854364437391179
2024-08-13,8.170000076293945,8.260000228881836,8.0600004196167,8.260000228881836,9.280966,0.7317124513698703
2024-08-14,8.270000457763672,8.3100004196167,8.229999542236328,8.279999732971191,6.184231,0.2421247401352966
2024-08-15,8.270000457763672,8.329999923706055,8.170000076293945,8.300000190734863,4.272544,0.2415514300565746
2024-08-19,8.199999809265137,8.229999542236328,8.09000015258789,8.109999656677246,4.80909,-2.289163008329942
2024-08-20,8.100000381469727,8.15999984741211,8.0600004196167,8.149999618530273,6.723361,0.493217799585155
2024-08-21,8.149999618530273,8.470000267028809,8.100000381469727,8.470000267028809,16.622983,3.926388508914336
2024-08-22,8.430000305175781,8.520000457763672,8.369999885559082,8.460000038146973,7.628458,-0.11806645297006702
2024-08-26,8.300000190734863,8.470000267028809,8.300000190734863,8.470000267028809,7.866183,0.1182060146187158
2024-08-27,8.460000038146973,8.619999885559082,8.460000038146973,8.5600004196167,11.521205,1.062575557857226
2024-08-28,8.5600004196167,8.59000015258789,8.40999984741211,8.430000305175781,9.393556,-1.5186928512643585
2024-08-29,8.430000305175781,8.479999542236328,8.25,8.460000038146973,7.639504,0.35586870563661943
2024-09-02,8.449999809265137,8.710000038146973,8.449999809265137,8.710000038146973,12.646202,2.955082728992031
2024-09-03,8.710000038146973,8.850000381469727,8.710000038146973,8.850000381469727,10.137461,1.6073518106727747
2024-09-04,8.739999771118164,8.819999694824219,8.640000343322754,8.760000228881836,11.566502,-1.0169508328647603
2024-09-05,8.779999732971191,8.930000305175781,8.760000228881836,8.779999732971191,13.523795,0.2283048352375249
2024-09-09,8.699999809265137,8.739999771118164,8.5,8.5,10.565717,-3.18906311488506
2024-09-10,8.5,8.630000114440918,8.489999771118164,8.59000015258789,11.942585,1.0588253245634285
2024-09-11,8.5600004196167,8.579999923706055,8.430000305175781,8.460000038146973,12.746135,-1.513388965444351
2024-09-12,8.539999961853027,8.59000015258789,8.479999542236328,8.550000190734863,5.577444,1.0638315860764802
2024-09-16,8.609999656677246,8.699999809265137,8.5600004196167,8.609999656677246,7.174274,0.7017481240222834
2024-09-17,8.699999809265137,8.699999809265137,8.609999656677246,8.619999885559082,4.033813,0.11614668154000807
2024-09-18,8.600000381469727,8.619999885559082,8.479999542236328,8.529999732971191,7.64836,-1.0440853107047676
2024-09-19,8.550000190734863,8.680000305175781,8.550000190734863,8.680000305175781,10.944707,1.758506177025887
2024-09-23,8.6899995803833,8.710000038146973,8.579999923706055,8.600000381469727,7.408687,-0.9216580748084956
2024-09-24,8.579999923706055,8.670000076293945,8.539999961853027,8.670000076293945,7.749126,0.8139499037121745
2024-09-25,8.6899995803833,8.710000038146973,8.609999656677246,8.710000038146973,9.585193,0.4613605709462121
2024-09-26,8.65999984741211,8.729999542236328,8.649999618530273,8.699999809265137,8.856298,-0.11481318987415223
2024-09-30,8.670000076293945,8.720000267028809,8.569999694824219,8.720000267028809,9.768113,0.22989032416267374
2024-10-01,8.680000305175781,8.720000267028809,8.609999656677246,8.609999656677246,8.705924,-1.2614748507231766
2024-10-02,8.550000190734863,8.550000190734863,8.380000114440918,8.460000038146973,12.382041,-1.7421559176712065
2024-10-03,8.510000228881836,8.510000228881836,8.260000228881836,8.270000457763672,11.56447,-2.245857914025695
2024-10-07,8.1899995803833,8.1899995803833,8.1899995803833,8.1899995803833,0.0,-0.9673624298928374
2024-10-08,8.1899995803833,8.479999542236328,8.109999656677246,8.460000038146973,16.233715,3.29670905491104
2024-10-09,8.4399995803833,8.479999542236328,8.380000114440918,8.430000305175781,6.571601,-0.35460677111016636
2024-10-10,8.420000076293945,8.510000228881836,8.3100004196167,8.460000038146973,11.498613,0.35586870563661943
2024-10-14,8.430000305175781,8.479999542236328,8.350000381469727,8.369999885559082,4.927244,-1.0638315860764913
2024-10-15,8.4399995803833,8.5600004196167,8.369999885559082,8.520000457763672,13.417818,1.792121556218751
2024-10-16,8.520000457763672,8.520000457763672,8.520000457763672,8.520000457763672,0.0,0.0
2024-10-17,8.630000114440918,8.670000076293945,8.489999771118164,8.489999771118164,10.24142,-0.3521207163571294
2024-10-21,8.390000343322754,8.59000015258789,8.390000343322754,8.59000015258789,4.574871,1.177860826450372
2024-10-22,8.579999923706055,8.59000015258789,8.470000267028809,8.579999923706055,8.674693,-0.11641709783699605
2024-10-23,8.550000190734863,8.59000015258789,8.430000305175781,8.430000305175781,7.558977,-1.748247317763174
2024-10-24,8.510000228881836,8.529999732971191,8.399999618530273,8.479999542236328,11.037275,0.5931107384402834
2024-10-28,8.600000381469727,8.850000381469727,8.600000381469727,8.84000015258789,17.145774,4.245290445577354
2024-10-29,8.84000015258789,8.90999984741211,8.779999732971191,8.880000114440918,12.905929,0.45248824844552615
2024-10-30,8.84000015258789,8.859999656677246,8.75,8.75,16.346168,-1.4639652338461984
2024-10-31,8.770000457763672,8.829999923706055,8.6899995803833,8.6899995803833,11.162757,-0.6857190813337022
2024-11-04,8.859999656677246,8.869999885559082,8.739999771118164,8.770000457763672,5.364482,0.9206085298434807
2024-11-05,8.75,8.779999732971191,8.699999809265137,8.760000228881836,5.714416,-0.1140276893940583
2024-11-06,8.760000228881836,8.760000228881836,8.760000228881836,8.760000228881836,0.0,0.0
2024-11-07,8.850000381469727,8.859999656677246,8.760000228881836,8.800000190734863,8.457744,0.45662055716786387
2024-11-11,8.84000015258789,8.960000038146973,8.8100004196167,8.9399995803833,11.613751,1.5909021206140128
2024-11-12,8.970000267028809,9.149999618530273,8.949999809265137,9.069999694824219,32.452345,1.4541400508135682
2024-11-13,9.079999923706055,9.25,9.039999961853027,9.25,30.599285,1.9845679297927354
2024-11-14,9.229999542236328,9.470000267028809,9.210000038146973,9.359999656677246,21.27635,1.1891854775918587
2024-11-18,9.210000038146973,9.43000030517578,9.170000076293944,9.43000030517578,11.311325,0.7478702036981089
2024-11-19,9.43000030517578,9.739999771118164,9.399999618530272,9.710000038146973,21.725483,2.969244155989159
2024-11-20,9.43000030517578,9.739999771118164,9.399999618530272,9.710000038146973,21.725483,0.0
2024-11-21,9.699999809265137,9.710000038146973,9.489999771118164,9.5,23.048873,-2.162719230916177
2024-11-25,9.399999618530272,9.619999885559082,9.399999618530272,9.510000228881836,23.867302,0.1052655671772262
2024-11-26,9.550000190734863,9.789999961853027,9.550000190734863,9.789999961853027,14.001046,2.94426631159097
2024-11-27,9.789999961853027,9.880000114440918,9.65999984741211,9.65999984741211,13.553021,-1.3278867716799423
2024-11-28,9.720000267028809,9.739999771118164,9.600000381469728,9.630000114440918,12.992669,-0.3105562468432965
2024-12-02,9.550000190734863,9.550000190734863,9.550000190734863,9.550000190734863,0.0,-0.8307364772103032
2024-12-03,9.550000190734863,9.550000190734863,9.550000190734863,9.550000190734863,0.0,0.0
2024-12-04,9.619999885559082,9.680000305175781,9.520000457763672,9.630000114440918,14.400502,0.8376955194584035
2024-12-05,9.640000343322754,9.699999809265137,9.520000457763672,9.600000381469727,12.448107,-0.311523703163874
2024-12-09,9.699999809265137,9.710000038146973,9.510000228881836,9.510000228881836,8.499186,-0.937501552204234
2024-12-10,9.520000457763672,9.59000015258789,9.15999984741211,9.25,14.745294,-2.7339665891091824
2024-12-11,9.300000190734863,9.430000305175781,9.199999809265137,9.300000190734863,8.914193,0.5405426025390625
2024-12-12,9.350000381469728,9.449999809265137,9.199999809265137,9.449999809265137,12.02752,1.6128990909022756
2024-12-16,11.0,11.0,11.0,11.0,6.973276,16.402118751528285
2024-12-17,12.649999618530272,12.649999618530272,12.100000381469728,12.649999618530272,102.339849,14.999996532093384
2024-12-18,12.649999618530273,12.850000381469727,12.25,12.300000190734863,35.450585,-2.7667939790505303
2024-12-19,12.149999618530273,12.600000381469727,11.850000381469727,12.600000381469727,23.640863,2.439025903112113
2024-12-23,12.649999618530272,13.149999618530272,12.649999618530272,12.699999809265137,11.74505,0.7936462283165913
2024-12-24,12.699999809265137,12.850000381469728,12.600000381469728,12.75,4.749668,0.3937022951637114
2024-12-25,12.75,12.899999618530273,12.649999618530273,12.75,4.570086,0.0
2024-12-26,12.699999809265137,12.850000381469727,12.699999809265137,12.800000190734863,3.843351,0.3921583587048083
2024-12-30,12.850000381469727,13.050000190734863,12.800000190734863,12.850000381469727,12.17825,0.3906264842953311
2024-12-31,12.899999618530273,12.949999809265137,12.850000381469727,12.850000381469727,6.569744,0.0
2025-01-02,12.850000381469727,13.0,12.699999809265137,12.699999809265137,13.814249,-1.1673195933978087
2025-01-06,12.600000381469728,12.800000190734863,12.449999809265137,12.75,13.000933,0.3937022951637114
2025-01-07,12.75,12.899999618530272,12.649999618530272,12.649999618530272,11.428416,-0.7843167174096166
2025-01-08,12.699999809265137,12.800000190734863,12.649999618530272,12.75,17.322157,0.7905168734016588
2025-01-09,12.75,13.149999618530272,12.75,12.800000190734863,17.900887,0.3921583587048083
2025-01-13,13.0,13.0,12.75,12.75,17.506852,-0.3906264842953311
2025-01-14,12.800000190734863,12.850000381469728,12.600000381469728,12.699999809265137,13.071599,-0.3921583587048083
2025-01-15,12.75,12.850000381469727,12.649999618530273,12.75,12.431645,0.39370229516371147
2025-01-16,12.75,12.850000381469727,12.699999809265137,12.850000381469727,10.547516,0.7843167174096166
2025-01-20,12.800000190734863,13.0,12.75,12.949999809265137,15.06832,0.7782056406754112
2025-01-21,12.949999809265137,13.300000190734863,12.899999618530272,13.199999809265137,23.997339,1.9305019589354488
2025-01-22,13.199999809265137,13.399999618530272,13.050000190734863,13.300000190734863,16.125158,0.7575786584446353
2025-01-23,13.300000190734863,13.5,13.199999809265137,13.5,18.562097,1.503757942834172
2025-01-27,13.300000190734863,13.449999809265137,12.949999809265137,13.0,17.827951,-3.703703703703709
2025-01-28,13.050000190734863,13.199999809265137,12.949999809265137,13.050000190734863,11.955976,0.3846168518066406
2025-01-29,13.050000190734863,13.350000381469728,13.050000190734863,13.199999809265137,16.969445,1.1494223474170395
2025-01-30,13.199999809265137,13.649999618530272,13.199999809265137,13.5,18.019799,2.2727287505283966
2025-02-03,13.350000381469728,13.449999809265137,13.25,13.449999809265137,11.850508,-0.3703717832212128
2025-02-04,13.5,13.699999809265137,13.350000381469727,13.550000190734863,15.180163,0.7434972705415266
2025-02-05,13.550000190734863,13.600000381469728,13.350000381469728,13.5,11.334999,-0.3690050924800125
2025-02-06,13.449999809265137,13.600000381469727,13.350000381469727,13.600000381469727,10.559124,0.7407435664424256
2025-02-10,13.649999618530273,13.800000190734863,13.550000190734863,13.800000190734863,16.134495,1.4705867915830284
2025-02-11,13.800000190734863,14.199999809265137,13.75,14.199999809265137,24.378542,2.8985479203023967
2025-02-12,14.199999809265137,14.25,13.949999809265137,14.050000190734863,24.244891,-1.0563353559512212
2025-02-13,14.100000381469728,14.100000381469728,13.649999618530272,13.699999809265137,17.8034,-2.4911058841161515
2025-02-17,14.100000381469727,14.149999618530273,13.899999618530273,14.050000190734863,15.686077,2.5547473455658443
2025-02-18,14.050000190734863,14.149999618530272,13.850000381469728,14.149999618530272,14.12055,0.7117396899492867
2025-02-19,14.050000190734863,14.350000381469728,14.0,14.300000190734863,18.706571,1.0600747438053393
2025-02-20,14.300000190734863,14.449999809265137,14.25,14.25,9.076885,-0.3496516787968917
2025-02-24,14.199999809265137,14.25,13.899999618530273,13.899999618530273,12.486999,-2.4561430278577268
2025-02-25,13.899999618530272,14.050000190734863,13.75,14.050000190734863,16.931806,1.0791408368430622
2025-02-26,14.0,14.149999618530273,13.949999809265137,13.949999809265137,11.323783,-0.7117464776667415
2025-02-27,13.949999809265137,14.050000190734863,13.850000381469728,13.899999618530272,14.102599,-0.3584243112437546
2025-03-03,13.5,13.850000381469728,13.449999809265137,13.850000381469728,13.600106,-0.3597067513145258
2025-03-04,13.850000381469728,14.199999809265137,13.649999618530272,14.149999618530272,15.542615,2.166059413701693
2025-03-05,14.149999618530272,14.199999809265137,13.899999618530272,14.0,13.517864,-1.060068004057324
2025-03-06,14.0,14.100000381469727,13.600000381469727,13.75,11.383019,-1.7857142857142905
2025-03-10,13.800000190734863,13.850000381469727,13.149999618530273,13.149999618530273,16.596115,-4.36363913796165
2025-03-11,13.100000381469727,13.149999618530273,12.600000381469727,12.949999809265137,30.701001,-1.5209111411935483
2025-03-12,12.949999809265137,13.300000190734863,12.949999809265137,13.25,15.959791,2.316603823578633
2025-03-13,13.199999809265137,13.449999809265137,13.100000381469727,13.399999618530273,8.004869,1.1320725926813102
2025-03-17,13.199999809265137,13.5,13.149999618530273,13.5,10.809538,0.7462715247501972
2025-03-18,13.550000190734863,13.550000190734863,13.300000190734863,13.350000381469728,7.004304,-1.1111082854094343
2025-03-19,13.399999618530273,13.399999618530273,13.149999618530273,13.300000190734863,11.621608,-0.37453325322945874
2025-03-20,13.300000190734863,13.5,13.300000190734863,13.300000190734863,9.514866,0.0
2025-03-24,13.449999809265137,13.649999618530272,13.399999618530272,13.399999618530272,8.568273,0.7518753861753602
2025-03-25,13.399999618530272,13.550000190734863,13.300000190734863,13.399999618530272,6.663903,0.0
2025-03-26,13.5,13.550000190734863,13.300000190734863,13.5,8.672284,0.7462715247501972
2025-03-27,13.5,13.600000381469728,13.399999618530272,13.550000190734863,13.057272,0.3703717832212128
2025-03-31,13.350000381469727,13.350000381469727,13.350000381469727,13.350000381469727,0.0,-1.4760133317333168
2025-04-01,13.350000381469727,13.350000381469727,13.350000381469727,13.350000381469727,0.0,0.0
2025-04-02,13.399999618530273,13.600000381469727,13.350000381469727,13.449999809265137,25.169956,0.7490593628312725
2025-04-03,12.449999809265137,12.449999809265137,12.149999618530273,12.149999618530273,13.475813,-9.665429064462494
2025-04-07,10.850000381469727,11.699999809265137,10.699999809265137,11.550000190734863,47.092934,-4.938267050480693
2025-04-08,11.699999809265137,11.899999618530272,11.600000381469728,11.699999809265137,26.397152,1.2986979744866067
2025-04-09,11.399999618530273,11.949999809265137,11.149999618530273,11.800000190734863,20.352027,0.8547041290593693
2025-04-10,12.399999618530273,12.550000190734863,12.050000190734863,12.050000190734863,22.8128,2.1186440335509094
2025-04-14,12.25,12.350000381469727,12.100000381469727,12.199999809265137,7.533907,1.2448100925807948
2025-04-15,12.149999618530273,12.449999809265137,12.149999618530273,12.449999809265137,11.332193,2.0491803599057556
2025-04-16,12.399999618530272,12.449999809265137,12.149999618530272,12.300000190734863,9.087566,-1.2048162315524302
2025-04-17,12.25,12.300000190734863,11.899999618530273,12.149999618530273,15.200203,-1.2195168282808644
2025-04-21,12.199999809265137,12.300000190734863,12.149999618530273,12.25,4.102551,0.8230484329992294
2025-04-22,12.25,12.25,12.25,12.25,0.0,0.0
2025-04-23,12.449999809265137,12.800000190734863,12.399999618530272,12.800000190734863,14.143457,4.489797475386648
2025-04-24,12.800000190734863,12.949999809265137,12.699999809265137,12.699999809265137,13.275506,-0.7812529685906622
2025-04-28,12.899999618530273,13.149999618530273,12.850000381469727,13.149999618530273,8.537908,3.5433056379799766
2025-04-29,13.149999618530272,13.300000190734863,13.050000190734863,13.199999809265137,10.432363,0.3802295983674764
2025-04-30,13.199999809265137,13.25,12.949999809265137,13.100000381469728,13.804968,-0.7575714336391148
2025-05-01,13.199999809265137,13.25,13.050000190734863,13.199999809265137,7.705992,0.7633543884232319
2025-05-05,13.350000381469728,13.449999809265137,13.300000190734863,13.449999809265137,6.413709,1.89393942130609
2025-05-06,13.449999809265137,13.800000190734863,13.399999618530272,13.800000190734863,10.087835,2.6022333563798794
2025-05-07,13.75,13.800000190734863,13.600000381469728,13.600000381469728,10.851837,-1.4492739601511984
2025-05-08,13.649999618530273,13.75,13.399999618530273,13.449999809265137,10.88596,-1.1029453529204925
2025-05-12,13.399999618530273,13.600000381469727,13.25,13.25,10.650255,-1.4869874505675895
2025-05-13,13.350000381469728,13.5,13.199999809265137,13.5,9.200594,1.8867924528301885
2025-05-14,13.449999809265137,13.5,13.199999809265137,13.199999809265137,10.868279,-2.2222236350730618
2025-05-15,13.300000190734863,13.300000190734863,13.100000381469727,13.100000381469727,7.353121,-0.7575714336391148
2025-05-19,13.350000381469727,13.350000381469727,13.350000381469727,13.350000381469727,0.0,1.9083968909926918
2025-05-20,13.5,13.550000190734863,13.300000190734863,13.550000190734863,11.393478,1.49812586929019
2025-05-21,13.550000190734863,13.649999618530273,13.5,13.649999618530273,11.878109,0.7380031467732806
2025-05-22,13.550000190734863,13.649999618530272,13.449999809265137,13.600000381469728,6.241346,-0.3662947872369981
2025-05-26,13.550000190734863,13.600000381469727,13.399999618530273,13.5,4.12083,-0.7352969019469913
2025-05-27,13.449999809265137,13.649999618530273,13.399999618530273,13.550000190734863,8.293523,0.3703717832212128
2025-05-28,13.550000190734863,13.600000381469727,13.449999809265137,13.5,7.070058,-0.36900509248001256
2025-05-29,13.5,13.600000381469727,13.199999809265137,13.300000190734863,15.29048,-1.4814800686306473
2025-06-02,13.149999618530273,13.300000190734863,13.100000381469727,13.199999809265137,9.335777,-0.7518825566588339
2025-06-03,13.199999809265137,13.25,13.100000381469728,13.149999618530272,9.310692,-0.3787893292223176
2025-06-04,13.199999809265137,13.350000381469728,13.050000190734863,13.350000381469728,13.781602,1.5209183934699275
2025-06-05,13.350000381469728,13.350000381469728,13.350000381469728,13.350000381469728,0.0,0.0
2025-06-09,13.300000190734863,13.350000381469728,13.149999618530272,13.25,6.976079,-0.7490665064589064
2025-06-10,13.300000190734863,13.300000190734863,13.149999618530273,13.25,7.244946,0.0
2025-06-11,13.25,13.550000190734863,13.25,13.449999809265137,14.312712,1.5094325227557492
2025-06-12,13.449999809265137,13.449999809265137,13.0,13.0,17.423111,-3.3457235364059312
2025-06-16,12.550000190734863,12.649999618530272,12.25,12.5,15.199479,-3.846153846153844
2025-06-17,12.5,12.75,12.449999809265137,12.550000190734863,14.941202,0.40000152587891247
2025-06-18,12.550000190734863,12.550000190734863,12.300000190734863,12.399999618530273,10.363098,-1.1952236647400971
2025-06-19,12.399999618530272,12.399999618530272,12.0,12.25,13.591042,-1.2096743802001209
2025-06-23,12.350000381469728,13.0,12.300000190734863,12.75,19.366943,4.081632653061229
2025-06-24,13.149999618530272,13.449999809265137,13.149999618530272,13.399999618530272,22.615383,5.098036223766855
2025-06-25,13.149999618530272,13.449999809265137,13.149999618530272,13.399999618530272,22.615383,0.0
2025-06-26,13.449999809265137,13.600000381469727,13.350000381469727,13.449999809265137,13.887861,0.3731357623750986
2025-06-30,13.600000381469728,13.75,13.399999618530272,13.600000381469728,24.040084,1.11524590581229
2025-07-01,13.600000381469727,13.75,13.449999809265137,13.5,17.186889,-0.7352969019469913
2025-07-02,13.5,13.600000381469727,13.350000381469727,13.449999809265137,16.141453,-0.3703717832212128
2025-07-03,13.5,13.949999809265137,13.449999809265137,13.949999809265137,28.417508,3.7174721716767056
2025-07-07,13.949999809265137,14.100000381469728,13.899999618530272,14.050000190734863,10.624037,0.7168486224875092
2025-07-08,14.0,14.100000381469728,13.800000190734863,13.949999809265137,13.457678,-0.7117464776667415
2025-07-09,13.949999809265137,14.0,13.800000190734863,14.0,12.252985,0.3584243112437546
2025-07-10,13.899999618530272,14.050000190734863,13.899999618530272,14.0,7.404024,0.0
2025-07-14,14.149999618530273,14.399999618530273,14.149999618530273,14.300000190734863,10.518481,2.1428585052490234
2025-07-15,14.25,14.550000190734863,14.25,14.550000190734863,16.995848,1.7482517249333809
2025-07-16,14.5,14.699999809265137,14.449999809265137,14.550000190734863,18.670669,0.0
2025-07-17,14.600000381469727,15.0,14.5,14.949999809265137,16.325935,2.749138235647486
2025-07-21,15.050000190734863,15.100000381469728,14.800000190734863,14.850000381469728,9.389628,-0.6688925021486325
2025-07-22,14.949999809265137,15.0,14.800000190734863,15.0,13.582461,1.0100984153337045
2025-07-23,15.0,15.100000381469728,14.899999618530272,15.100000381469728,10.31138,0.6666692097981874
2025-07-24,15.100000381469727,15.350000381469727,15.050000190734863,15.300000190734863,16.164992,1.3245020146527287
2025-07-28,15.800000190734863,15.850000381469728,15.449999809265137,15.449999809265137,10.059471,0.9803896513747024
2025-07-29,15.5,15.600000381469728,15.149999618530272,15.449999809265137,14.328082,0.0
2025-07-30,15.449999809265137,15.5,15.25,15.449999809265137,10.185647,0.0
2025-07-31,15.449999809265137,15.550000190734863,15.25,15.25,9.603804,-1.2944971633281122
2025-08-04,15.350000381469727,15.350000381469727,15.050000190734863,15.350000381469727,8.367905,0.6557402063588569
2025-08-05,15.300000190734863,15.550000190734863,15.25,15.449999809265137,6.482941,0.6514620541386407
2025-08-06,15.5,15.5,15.350000381469727,15.449999809265137,11.74554,0.0
2025-08-07,15.300000190734863,15.600000381469727,15.149999618530273,15.300000190734863,14.042526,-0.9708713293337445
2025-08-11,15.25,15.25,15.100000381469728,15.149999618530272,4.731172,-0.9803958845400862
2025-08-12,15.199999809265137,15.25,14.800000190734863,14.949999809265137,10.06882,-1.3201307874655788
2025-08-13,14.949999809265137,15.0,14.699999809265137,14.699999809265137,12.630995,-1.6722408240103404
2025-08-14,14.75,14.949999809265137,14.649999618530273,14.649999618530273,17.402917,-0.3401373563511778
2025-08-18,14.699999809265137,14.949999809265137,14.699999809265137,14.800000190734863,7.342947,1.0238947174773916
2025-08-19,14.850000381469727,14.949999809265137,14.800000190734863,14.949999809265137,7.392066,1.013510922953742
2025-08-20,14.899999618530273,15.100000381469727,14.800000190734863,14.800000190734863,9.664416,-1.0033419427692092
2025-08-21,14.800000190734863,14.850000381469727,14.699999809265137,14.699999809265137,9.124056,-0.675678244466027
2025-08-25,14.800000190734863,14.949999809265137,14.699999809265137,14.850000381469728,8.685195,1.0204120690535443
2025-08-26,14.850000381469728,14.850000381469728,14.600000381469728,14.600000381469728,21.020142,-1.683501640255558
2025-08-27,14.600000381469728,14.75,14.600000381469728,14.649999618530272,3.866286,0.3424605188641294
2025-08-28,14.649999618530273,14.699999809265137,14.449999809265137,14.449999809265137,8.488308,-1.3651864469140573
2025-09-01,14.399999618530272,14.449999809265137,14.0,14.100000381469728,11.890106,-2.4221414007977726
2025-09-02,14.050000190734863,14.350000381469727,13.75,14.300000190734863,23.804405,1.4184383252072719
2025-09-03,14.25,14.449999809265137,14.050000190734863,14.100000381469728,12.441951,-1.3986000461365
2025-09-04,14.100000381469728,14.399999618530272,14.0,14.350000381469728,9.715688,1.7730495974209504
2025-09-08,14.399999618530272,14.449999809265137,14.100000381469728,14.300000190734863,13.596492,-0.3484333756494484
2025-09-09,14.25,14.399999618530272,14.199999809265137,14.399999618530272,14.087542,0.6992966885427165
2025-09-10,14.300000190734863,14.399999618530272,14.149999618530272,14.25,14.300408,-1.041664045166013
2025-09-11,14.25,14.350000381469727,14.199999809265137,14.199999809265137,5.580602,-0.3508785314727203
2025-09-15,14.350000381469727,14.550000190734863,14.149999618530273,14.149999618530273,14.970135,-0.3521140239892029
2025-09-16,14.149999618530273,14.300000190734863,13.850000381469727,13.899999618530273,26.068945,-1.7667844999275428
2025-09-17,13.949999809265137,13.949999809265137,13.649999618530273,13.75,25.083379,-1.0791339758765672
2025-09-18,13.899999618530273,14.149999618530273,13.899999618530273,13.899999618530273,24.877694,1.0909063165838173
2025-09-22,14.199999809265137,14.25,14.050000190734863,14.149999618530272,7.062693,1.7985612004385976
2025-09-23,14.149999618530272,14.199999809265137,13.800000190734863,13.949999809265137,13.536328,-1.4134262519924334
2025-09-24,13.899999618530272,13.899999618530272,13.399999618530272,13.600000381469728,33.839675,-2.508956505956017
2025-09-25,13.600000381469728,13.649999618530272,13.25,13.399999618530272,24.204144,-1.4705938038939936
2025-09-29,13.350000381469728,13.449999809265137,13.199999809265137,13.300000190734863,12.617389,-0.746264407777486
2025-09-30,13.300000190734863,13.399999618530273,13.050000190734863,13.050000190734863,27.704264,-1.8796992211635999
2025-10-01,13.100000381469728,13.449999809265137,13.050000190734863,13.399999618530272,13.081448,2.681987913256134
2025-10-02,13.449999809265137,13.75,13.399999618530273,13.649999618530273,18.133166,1.8656716949027707
2025-10-06,13.649999618530272,13.75,13.550000190734863,13.600000381469728,6.727653,-0.3662947872369981
2025-10-07,13.550000190734863,13.649999618530273,13.550000190734863,13.600000381469727,4.93634,0.0
2025-10-08,13.550000190734863,13.649999618530272,13.449999809265137,13.649999618530272,10.230435,0.367641438662547
2025-10-09,13.649999618530272,13.649999618530272,13.5,13.550000190734863,13.216883,-0.7325965610992302
2025-10-13,13.5,13.600000381469728,13.399999618530272,13.5,10.516576,-0.3690050924800125
2025-10-14,13.5,13.899999618530272,13.449999809265137,13.899999618530272,21.898654,2.9629601372612946
2025-10-15,13.899999618530272,14.050000190734863,13.800000190734863,14.0,24.583365,0.7194272245620414
2025-10-16,14.0,14.050000190734863,13.850000381469728,13.899999618530272,8.637822,-0.714288439069477
2025-10-20,13.75,14.0,13.699999809265137,13.850000381469728,8.420702,-0.3597067513145258
2025-10-21,13.949999809265137,14.0,13.850000381469727,13.850000381469727,7.040614,0.0
2025-10-22,13.899999618530273,13.949999809265137,13.75,13.850000381469727,8.849228,0.0
2025-10-23,13.850000381469728,14.100000381469728,13.850000381469728,14.050000190734863,19.023016,1.444041904379456
2025-10-27,14.449999809265137,14.550000190734863,14.399999618530273,14.399999618530273,11.996093,2.4910990963986857
2025-10-28,14.399999618530272,14.399999618530272,14.399999618530272,14.399999618530272,0.0,0.0
2025-10-29,14.649999618530272,14.75,14.5,14.699999809265137,16.296357,2.083334713070517
2025-10-30,14.649999618530273,14.75,14.449999809265137,14.600000381469727,15.691891,-0.6802682251218939
2025-11-03,14.199999809265137,14.25,13.850000381469727,13.949999809265137,14.873231,-4.452058597406394
2025-11-04,13.899999618530272,14.050000190734863,13.75,14.0,11.828142,0.3584243112437546
2025-11-05,13.949999809265137,13.949999809265137,13.600000381469728,13.699999809265137,14.586777,-2.1428585052490234
2025-11-06,13.699999809265137,13.949999809265137,13.699999809265137,13.800000190734863,11.444704,0.7299298019120881
2025-11-10,13.649999618530272,13.75,13.399999618530272,13.399999618530272,20.227977,-2.8985548309857667
2025-11-11,13.449999809265137,13.899999618530272,13.350000381469728,13.899999618530272,18.898084,3.731343389805564
2025-11-12,13.899999618530272,14.0,13.75,13.800000190734863,8.220696,-0.7194203635955465
2025-11-13,13.800000190734863,13.899999618530273,13.649999618530273,13.800000190734863,9.973489,0.0
2025-11-17,13.75,13.75,13.399999618530272,13.5,15.533264,-2.173914395568488
2025-11-18,13.399999618530272,13.449999809265137,13.300000190734863,13.350000381469728,12.15215,-1.1111082854094343
2025-11-19,13.350000381469728,13.449999809265137,13.100000381469728,13.199999809265137,17.141057,-1.1235997596883651
2025-11-20,13.300000190734863,13.600000381469728,13.25,13.550000190734863,9.739605,2.6515180797507254
2025-11-24,13.399999618530272,13.399999618530272,13.399999618530272,13.399999618530272,0.0,-1.1070152774400377
2025-11-25,13.399999618530273,13.600000381469727,13.25,13.25,10.041418,-1.1194001701525846
2025-11-26,13.25,13.350000381469728,13.149999618530272,13.25,8.382069,0.0
2025-11-27,13.25,13.399999618530273,13.199999809265137,13.199999809265137,6.526972,-0.377359930074439
2025-12-01,13.300000190734863,13.300000190734863,13.300000190734863,13.300000190734863,0.0,0.7575786584446353
2025-12-02,13.300000190734863,13.300000190734863,13.300000190734863,13.300000190734863,0.0,0.0
2025-12-03,13.899999618530272,14.050000190734863,13.75,14.0,11.828142,5.263156385161372
2025-12-04,13.550000190734863,13.899999618530272,13.5,13.649999618530272,14.041823,-2.5000027247837564
2025-12-08,13.350000381469727,13.550000190734863,13.300000190734863,13.550000190734863,11.578999,-0.7325965610992302
2025-12-09,13.850000381469728,14.050000190734863,13.75,14.050000190734863,12.666107,3.690036848426659
2025-12-10,14.0,14.199999809265137,13.949999809265137,14.149999618530272,14.003627,0.7117396899492867
2025-12-11,14.149999618530272,14.25,14.0,14.199999809265137,13.528325,0.3533582479351205
2025-12-15,14.199999809265137,14.300000190734863,14.0,14.199999809265137,11.954127,0.0
2025-12-16,14.25,14.449999809265137,14.149999618530272,14.399999618530272,20.362412,1.408449379940424
2025-12-17,14.350000381469728,14.399999618530272,14.199999809265137,14.199999809265137,8.707278,-1.388887601134181
2025-12-18,14.149999618530273,14.25,14.100000381469727,14.100000381469727,5.546897,-0.7042213319620072
2025-12-22,13.899999618530273,14.25,13.850000381469727,14.25,9.793758,1.0638270529935934
2025-12-23,14.25,14.350000381469728,14.149999618530272,14.300000190734863,7.808817,0.3508785314727314
2025-12-24,14.300000190734863,14.449999809265137,14.25,14.399999618530272,6.415207,0.6992966885427165
2025-12-25,14.350000381469727,14.399999618530273,14.199999809265137,14.199999809265137,3.107332,-1.388887601134181
2025-12-29,14.25,14.300000190734863,14.100000381469727,14.300000190734863,6.811837,0.7042280479784058
2025-12-30,14.199999809265137,14.199999809265137,13.75,13.899999618530273,14.082037,-2.797206761324067
2025-12-31,13.899999618530273,14.100000381469727,13.899999618530273,14.050000190734863,7.36123,1.0791408368430622
2026-01-05,14.100000381469727,14.199999809265137,13.949999809265137,14.199999809265137,13.615508,1.0676129287826575
2026-01-06,14.25,14.5,14.25,14.5,20.951805,2.112677427918852
2026-01-07,14.449999809265137,14.800000190734863,14.350000381469727,14.800000190734863,22.202743,2.0689668326542288
2026-01-08,14.699999809265137,14.850000381469727,14.550000190734863,14.649999618530273,15.957255,-1.013517366699046
2026-01-12,14.399999618530273,14.600000381469727,14.199999809265137,14.600000381469727,12.409324,-0.34129172943666575
2026-01-13,14.550000190734863,14.649999618530273,14.449999809265137,14.649999618530273,12.231719,0.3424605188641294
2026-01-14,14.600000381469727,14.699999809265137,14.300000190734863,14.449999809265137,11.599288,-1.3651864469140573
2026-01-15,14.449999809265137,14.550000190734863,14.149999618530273,14.300000190734863,13.078037,-1.0380596575101375
2026-01-19,14.449999809265137,14.699999809265137,14.449999809265137,14.600000381469727,8.790348,2.0979034037302835
2026-01-20,14.550000190734863,14.699999809265137,14.550000190734863,14.699999809265137,9.860547,0.684927569743965
2026-01-21,14.649999618530272,14.75,14.600000381469728,14.649999618530272,9.242452,-0.3401373563511778
2026-01-22,14.699999809265137,15.050000190734863,14.699999809265137,15.0,24.095879,2.389081164391449
2026-01-26,14.899999618530273,14.949999809265137,14.550000190734863,14.850000381469727,15.783661,-0.9999974568684844
2026-01-27,14.800000190734863,15.050000190734863,14.800000190734863,15.050000190734863,15.44448,1.3468000277946368
2026-01-28,15.0,15.399999618530272,15.0,15.399999618530272,25.755563,2.325577563851988
2026-01-29,15.399999618530272,15.399999618530272,15.149999618530272,15.300000190734863,15.090549,-0.6493469498212501
2026-02-02,15.050000190734863,15.600000381469727,15.0,15.600000381469727,20.186793,1.9607855359147885
2026-02-03,15.600000381469728,15.949999809265137,15.550000190734863,15.800000190734863,22.011297,1.2820500280416924
2026-02-04,15.75,15.899999618530273,15.600000381469727,15.899999618530273,28.500932,0.6329077632166724
2026-02-05,15.800000190734863,16.100000381469727,15.800000190734863,16.0,21.352,0.6289332318799801
2026-02-09,16.100000381469727,16.399999618530273,16.049999237060547,16.399999618530273,22.332889,2.499997615814209
2026-02-10,16.299999237060547,16.549999237060547,16.100000381469727,16.5,29.04402,0.6097584377790843
2026-02-11,16.399999618530273,16.450000762939453,16.200000762939453,16.399999618530273,16.730296,-0.6060629179983401
2026-02-12,16.399999618530273,16.399999618530273,16.200000762939453,16.299999237060547,4.863658,-0.6097584377790843
2026-02-16,16.5,16.5,16.200000762939453,16.299999237060547,10.65974,0.0
2026-02-17,16.25,16.350000381469727,16.049999237060547,16.350000381469727,11.710596,0.3067555015309198
2026-02-18,16.350000381469727,16.899999618530273,16.299999237060547,16.899999618530273,19.477746,3.363909628307349
2026-02-19,16.850000381469727,16.899999618530273,16.25,16.450000762939453,21.461778,-2.6627151819424433
2026-02-23,16.450000762939453,17.049999237060547,16.399999618530273,17.049999237060547,32.471473,3.647406968350064
2026-02-24,17.0,17.25,16.850000381469727,17.100000381469727,36.84796,0.2932618571647616
2026-02-25,17.100000381469727,17.100000381469727,16.950000762939453,17.100000381469727,13.543908,0.0
2026-02-26,17.049999237060547,17.100000381469727,16.850000381469727,16.899999618530273,13.938228,-1.1695950788175535
2026-03-02,16.200000762939453,16.200000762939453,16.200000762939453,16.200000762939453,0.0,-4.142005156161632
2026-03-03,16.200000762939453,16.200000762939453,16.200000762939453,16.200000762939453,0.0,0.0
2026-03-04,15.399999618530272,15.399999618530272,15.399999618530272,15.399999618530272,6.015973,-4.938278436624111
2026-03-05,14.649999618530273,14.649999618530273,14.649999618530273,14.649999618530273,9.349134,-4.870129990766703
2026-03-09,13.300000190734863,13.300000190734863,13.300000190734863,13.300000190734863,3.647126,-9.215013398961746
2026-03-10,12.649999618530272,13.25,12.649999618530272,12.75,192.755858,-4.135339720656606
2026-03-11,12.899999618530273,13.050000190734863,12.149999618530273,12.149999618530273,64.531337,-4.705885344860605
2026-03-12,11.649999618530273,11.850000381469727,11.550000190734863,11.550000190734863,26.377323,-4.938267050480693
2026-03-16,11.0,11.0,10.649999618530272,10.649999618530272,43.548278,-7.792212617680727
2026-03-17,10.149999618530273,11.550000190734863,10.149999618530273,11.449999809265137,69.422612,7.511739149200691
2026-03-18,11.550000190734863,12.350000381469728,11.550000190734863,11.949999809265137,86.925052,4.36681229981688
2026-03-19,11.949999809265137,11.949999809265137,11.949999809265137,11.949999809265137,0.0,0.0
2026-03-24,11.850000381469728,12.199999809265137,11.649999618530272,11.850000381469728,62.336238,-0.836815308715555
2026-03-25,12.300000190734863,12.75,12.149999618530272,12.75,55.311254,7.594933245214364
2026-03-26,12.649999618530273,12.649999618530273,12.149999618530273,12.149999618530273,61.60632,-4.705885344860605
2026-03-30,12.199999809265137,12.25,11.75,11.75,34.399222,-3.292178033653792
2026-03-31,11.899999618530272,11.949999809265137,11.399999618530272,11.699999809265137,33.015214,-0.4255335381690539
2026-04-01,12.199999809265137,12.399999618530273,12.149999618530273,12.350000381469727,50.172846,5.555560536760518
2026-04-02,12.149999618530273,12.399999618530273,12.050000190734863,12.350000381469727,40.185408,0.0
2026-04-06,11.399999618530273,11.5600004196167,11.199999809265137,11.399999618530273,30.399105,-7.692313632353076
2026-04-07,11.359999656677246,11.460000038146973,10.9399995803833,10.960000038146973,35.297204,-3.8596455711112254
2026-04-08,12.300000190734863,12.460000038146973,11.9399995803833,12.380000114440918,97.355718,12.956205030579792
2026-04-09,12.140000343322754,12.239999771118164,11.84000015258789,11.899999618530272,41.507519,-3.877225294616416
2026-04-13,11.760000228881836,11.779999732971191,11.539999961853027,11.699999809265137,32.299727,-1.6806707199696347
2026-04-14,11.899999618530272,12.079999923706056,11.81999969482422,12.0,31.486702,2.5641042361154165
2026-04-15,12.300000190734863,12.479999542236328,12.119999885559082,12.380000114440918,59.485031,3.1666676203409905
2026-04-16,12.5600004196167,12.84000015258789,12.5,12.699999809265137,57.374278,2.5848117275132143
2026-04-20,12.699999809265137,12.779999732971191,12.579999923706055,12.640000343322754,29.594522,-0.47243674679908754
2026-04-21,12.680000305175781,12.819999694824219,12.579999923706055,12.680000305175781,30.371893,0.3164553858114205
2026-04-22,12.699999809265137,12.779999732971191,12.34000015258789,12.399999618530273,29.896953,-2.208207254783867
2026-04-23,12.420000076293945,12.5600004196167,12.239999771118164,12.380000114440918,20.778505,-0.1612863282630106
2026-04-27,12.420000076293945,12.640000343322754,12.420000076293945,12.5,22.79043,0.9693043978174609
2026-04-28,12.5600004196167,12.619999885559082,12.420000076293945,12.520000457763672,14.033759,0.1600036621093759
2026-04-29,12.520000457763672,12.539999961853027,12.300000190734863,12.34000015258789,24.849675,-1.4377020654513073
2026-04-30,12.34000015258789,12.359999656677246,11.800000190734863,11.800000190734863,32.837081,-4.376012602720925
2026-05-04,12.020000457763672,12.199999809265137,11.960000038146973,12.0,17.298961,1.6949136104436047
2026-05-05,11.699999809265137,11.960000038146973,11.65999984741211,11.960000038146973,17.132468,-0.33333301544189453
2026-05-06,12.079999923706055,12.539999961853027,12.0600004196167,12.479999542236328,36.941307,4.347821926678863
2026-05-07,12.539999961853027,12.65999984741211,12.420000076293945,12.420000076293945,36.687353,-0.4807649690957594
2026-05-11,12.359999656677246,12.4399995803833,12.140000343322754,12.140000343322754,16.108304,-2.2544261775458985
2026-05-12,12.239999771118164,12.239999771118164,11.84000015258789,11.880000114440918,24.176447,-2.1416822201726027
2026-05-13,11.880000114440918,12.119999885559082,11.720000267028809,11.84000015258789,33.610335,-0.3367000123544184
2026-05-14,11.960000038146973,12.0,11.760000228881836,11.779999732971191,15.152642,-0.5067602942858462
2026-05-18,11.600000381469728,11.600000381469728,11.079999923706056,11.239999771118164,28.540273,-4.58404052711151
2026-05-19,11.380000114440918,11.600000381469728,11.300000190734863,11.300000190734863,27.974309,0.533811573296239
2026-05-20,11.359999656677246,11.380000114440918,11.140000343322754,11.180000305175781,18.567835,-1.061945871978598
2026-05-21,11.359999656677246,11.399999618530273,11.260000228881836,11.300000190734863,27.94632,1.0733442064713383
2026-05-25,11.699999809265137,11.979999542236328,11.699999809265137,11.779999732971191,47.967512,4.247783487914369
2026-05-26,11.779999732971191,11.779999732971191,11.779999732971191,11.779999732971191,0.0,0.0
2026-05-27,11.779999732971191,11.779999732971191,11.779999732971191,11.779999732971191,0.0,0.0
2026-05-28,11.779999732971191,11.779999732971191,11.779999732971191,11.779999732971191,0.0,0.0
2026-06-01,11.800000190734863,11.84000015258789,11.5600004196167,11.5600004196167,39.509757,-1.867566369621665
2026-06-02,11.619999885559082,11.680000305175781,11.420000076293945,11.479999542236328,12.097904,-0.6920490871662466
2026-06-03,11.460000038146973,11.5600004196167,11.15999984741211,11.199999809265137,20.310763,-2.43902216146471
2026-06-04,11.260000228881836,11.380000114440918,11.0600004196167,11.319999694824219,21.632813,1.071427567880967
2026-06-08,11.18000030517578,11.300000190734863,11.079999923706056,11.239999771118164,11.741182,-0.7067131259962167
2026-06-09,11.399999618530272,11.460000038146973,11.199999809265137,11.220000267028809,16.721818,-0.1779315346673304
2026-06-10,11.18000030517578,11.220000267028809,11.0600004196167,11.0600004196167,20.045322,-1.4260235615348948
2026-06-11,11.0,11.0600004196167,10.800000190734863,10.800000190734863,31.776971,-2.3508157234848115
2026-06-16,12.180000305175781,12.34000015258789,12.039999961853027,12.300000190734863,64.957289,13.888888643602293
2026-06-17,12.34000015258789,12.760000228881836,12.199999809265137,12.720000267028809,50.354372,3.414634713667053
2026-06-18,12.84000015258789,13.100000381469728,12.739999771118164,13.020000457763672,68.438298,2.3584920160142357
2026-06-22,12.9399995803833,13.020000457763672,12.81999969482422,12.899999618530272,14.805749,-0.9216653994957636
2026-06-23,12.880000114440918,12.920000076293944,12.479999542236328,12.600000381469728,28.162957,-2.325575549859793
2026-06-24,12.619999885559082,12.699999809265137,12.460000038146973,12.5600004196167,21.925353,-0.3174600050953491
2026-06-25,12.600000381469728,12.760000228881836,12.140000343322754,12.199999809265137,30.526999,-2.8662468019451603
2026-06-29,12.239999771118164,12.260000228881836,12.0600004196167,12.140000343322754,12.066185,-0.4917989088558561
2026-06-30,12.199999809265137,12.260000228881836,11.920000076293944,11.920000076293944,21.145351,-1.8121932521181
2026-07-01,12.0,12.220000267028809,11.960000038146973,12.039999961853027,14.034319,1.0067104428777007
2026-07-02,12.0600004196167,12.180000305175781,11.9399995803833,11.9399995803833,12.445394,-0.8305679550378975
2026-07-06,12.140000343322754,12.220000267028809,12.079999923706056,12.119999885559082,9.603048,1.5075402973339314
2026-07-07,12.119999885559082,12.140000343322754,12.0,12.0600004196167,12.776658,-0.4950451032088909
2026-07-08,11.960000038146973,12.0,11.65999984741211,11.9399995803833,23.316584,-0.9950317998182356
2026-07-09,11.81999969482422,11.979999542236328,11.760000228881836,11.859999656677246,14.836473,-0.6700161349878941
2026-07-13,11.739999771118164,11.760000228881836,11.600000381469727,11.600000381469727,18.476537,-2.192236785277968
2026-07-14,11.5600004196167,11.579999923706056,11.34000015258789,11.5,16.467391,-0.8620722256998503
2026-07-15,11.520000457763672,11.760000228881836,11.460000038146973,11.539999961853027,20.083312,0.3478257552437247
2026-07-16,11.5600004196167,11.65999984741211,11.479999542236328,11.5600004196167,15.042167,0.17331419263246772
2026-07-20,11.15999984741211,11.15999984741211,10.859999656677246,11.039999961853027,16.397699,-4.498273692804188
2026-07-21,11.100000381469728,11.260000228881836,11.100000381469728,11.140000343322754,11.303435,0.905800559920844
2026-07-22,11.199999809265137,11.260000228881836,11.100000381469728,11.220000267028809,9.116106,0.7181321475811853
2026-07-23,11.239999771118164,11.260000228881836,11.119999885559082,11.119999885559082,7.778173,-0.8912689758447612
2026-07-24,11.119999885559082,11.119999885559082,11.020000457763672,11.079999923706056,7.143961,-0.3597118908694741
2026-07-27,11.199999809265137,11.4399995803833,11.180000305175781,11.300000190734863,15.165734,1.6187077970166053
2026-07-28,11.359999656677246,11.399999618530273,11.199999809265137,11.199999809265137,10.073772,-0.8849591131132817
2026-07-29,11.239999771118164,11.260000228881836,10.979999542236328,10.979999542236328,15.079186,-1.964288131923131
2026-07-30,11.0,11.15999984741211,10.9399995803833,11.0600004196167,12.792835,0.7286054709987555
2026-08-03,11.260000228881836,11.300000190734863,11.0600004196167,11.079999923706055,15.090379,0.18082733571946896
2026-08-04,11.079999923706055,11.800000190734863,11.079999923706055,11.800000190734863,40.893204,6.498197400600536
2026-08-05,11.859999656677246,12.079999923706055,11.800000190734863,11.960000038146973,21.319903,1.3559308883548837
2026-08-06,11.960000038146973,11.979999542236328,11.539999961853027,11.600000381469727,18.842848,-3.0100305646238334
2026-08-10,11.479999542236328,11.520000457763672,11.15999984741211,11.199999809265137,17.804341,-3.44828068146934
2026-08-11,11.239999771118164,11.300000190734863,11.039999961853027,11.119999885559082,17.582613,-0.7142850452539706
2026-08-12,11.140000343322754,11.279999732971191,11.0600004196167,11.279999732971191,19.963595,1.4388475634778741
2026-08-13,11.319999694824219,11.34000015258789,11.180000305175781,11.180000305175781,15.439775,-0.8865197709456818
2026-08-17,11.119999885559082,11.199999809265137,11.020000457763672,11.020000457763672,17.099707,-1.4311256086284474
2026-08-18,11.079999923706055,11.119999885559082,10.9399995803833,11.039999961853027,22.771916,0.18148369563149025
2026-08-19,11.0,11.039999961853027,10.899999618530273,11.020000457763672,13.879086,-0.18115492897156082
2026-08-20,11.039999961853027,11.140000343322754,10.979999542236328,11.0600004196167,10.700709,0.3629760452945163
2026-08-24,11.020000457763672,11.220000267028809,11.0,11.100000381469727,16.351946,0.36166329417204324
2026-08-25,11.100000381469727,11.15999984741211,10.920000076293945,10.920000076293945,26.169138,-1.6216243152232024
2026-08-26,10.979999542236328,11.079999923706055,10.880000114440918,11.0,22.40217,0.7326000288198298
2026-08-27,11.0,11.0,11.0,11.0,0.0,0.0
2026-08-31,10.979999542236328,10.979999542236328,10.800000190734863,10.800000190734863,21.966451,-1.8181800842285156
2026-09-01,10.859999656677246,10.960000038146973,10.819999694824219,10.819999694824219,13.503716,0.18518059014955845
2026-09-02,10.819999694824219,10.819999694824219,10.819999694824219,10.819999694824219,0.0,0.0
2026-09-03,10.699999809265137,10.9399995803833,10.699999809265137,10.760000228881836,15.691742,-0.5545237304496742
2026-09-08,11.140000343322754,11.180000305175781,11.020000457763672,11.100000381469727,8.989377,3.1598526520033587
2026-09-09,11.079999923706055,11.100000381469727,10.9399995803833,11.020000457763672,10.257892,-0.7207200086191579
2026-09-10,10.979999542236328,11.0600004196167,10.899999618530273,10.9399995803833,8.473152,-0.7259607446205685
2026-09-11,10.960000038146973,11.020000457763672,10.899999618530273,10.899999618530273,10.652934,-0.3656303783114545
