Date,Open,High,Low,Close,Volume,Change_Pct
2016-07-24,8.26659870147705,8.458846092224121,8.26659870147705,8.458846092224121,0.043693,
2016-07-25,8.458846092224121,8.545356750488281,8.26659870147705,8.372335433959961,1.295949,-1.0227241082407912
2016-07-26,8.458846092224121,8.458846092224121,8.458846092224121,8.458846092224121,0.006762,1.0332918329245988
2016-07-27,8.314661026000977,8.314661026000977,8.314661026000977,8.314661026000977,0.013004,-1.7045476965905304
2016-07-28,8.314661026000977,8.314661026000977,8.314661026000977,8.314661026000977,0.0,0.0
2016-07-31,8.218538284301758,8.420395851135254,8.18008804321289,8.420395851135254,0.06504,1.2716672971228915
2016-08-01,8.420395851135254,8.420395851135254,8.420395851135254,8.420395851135254,0.0,0.0
2016-08-02,8.26659870147705,8.26659870147705,8.170475959777832,8.170475959777832,1.117179,-2.968030194491711
2016-08-03,8.170475959777832,8.170475959777832,8.170475959777832,8.170475959777832,0.01919,0.0
2016-08-04,8.170475959777832,8.170475959777832,8.170475959777832,8.170475959777832,0.083281,0.0
2016-08-07,8.170475959777832,8.170475959777832,8.112801551818848,8.122413635253906,0.387062,-0.5882438766178444
2016-08-08,8.122413635253906,8.122413635253906,8.122413635253906,8.122413635253906,0.335058,0.0
2016-08-09,8.074353218078613,8.074353218078613,8.026290893554688,8.026290893554688,0.635271,-1.183425838866603
2016-08-10,8.026290893554688,8.026290893554688,8.026290893554688,8.026290893554688,0.171654,0.0
2016-08-11,8.026290893554688,8.256986618041992,8.026290893554688,8.026290893554688,0.277588,0.0
2016-08-14,8.026290893554688,8.026290893554688,8.026290893554688,8.026290893554688,0.138884,0.0
2016-08-15,8.026290893554688,8.256986618041992,8.026290893554688,8.026290893554688,0.11483,0.0
2016-08-16,8.045516014099121,8.045516014099121,7.891718864440918,7.978229999542236,0.697802,-0.5987933237137644
2016-08-17,7.901330947875977,7.901330947875977,7.84365701675415,7.882105827331543,0.171731,-1.2048307985130569
2016-08-18,7.882105827331543,7.891718864440918,7.882105827331543,7.882105827331543,0.314187,0.0
2016-08-21,7.882105827331543,7.882105827331543,7.882105827331543,7.882105827331543,0.0,0.0
2016-08-22,7.930168151855469,7.930168151855469,7.882105827331543,7.882105827331543,0.279594,0.0
2016-08-23,7.891718864440918,8.122413635253906,7.862882137298584,8.122413635253906,0.371468,3.0487767252386444
2016-08-24,7.882105827331543,7.882105827331543,7.872494220733643,7.882105827331543,0.068339,-2.958576338434049
2016-08-25,7.872494220733643,7.872494220733643,7.834044933319092,7.834044933319092,0.229891,-0.6097468755849267
2016-08-28,7.882105827331543,7.882105827331543,7.882105827331543,7.882105827331543,0.056511,0.6134875970399856
2016-08-29,7.882105827331543,8.035902976989746,7.882105827331543,7.882105827331543,0.656285,0.0
2016-08-30,7.882105827331543,7.901330947875977,7.882105827331543,7.901330947875977,0.378517,0.2439084296200322
2016-08-31,7.978229999542236,8.045516014099121,7.891718864440918,8.045516014099121,0.2816,1.8248199850672495
2016-09-01,7.882105827331543,8.035902976989746,7.834044933319092,8.035902976989746,1.162228,-0.11948316419393423
2016-09-04,8.035902976989746,8.035902976989746,7.84365701675415,7.84365701675415,0.156049,-2.39233799594244
2016-09-05,7.853269100189209,7.882105827331543,7.84365701675415,7.853269100189209,0.60518,0.1225459427219632
2016-09-06,7.862882137298584,7.872494220733643,7.862882137298584,7.872494220733643,0.012015,0.24480404655904398
2016-09-07,7.862882137298584,7.862882137298584,7.862882137298584,7.862882137298584,0.015615,-0.1220970529231202
2016-09-08,7.862882137298584,7.862882137298584,7.862882137298584,7.862882137298584,0.0,0.0
2016-09-11,7.862882137298584,7.862882137298584,7.862882137298584,7.862882137298584,0.0,0.0
2016-09-18,7.834044933319092,8.016678810119629,7.834044933319092,8.016678810119629,0.312073,1.9559834439268897
2016-09-19,8.016678810119629,8.016678810119629,7.978229999542236,7.978229999542236,0.045774,-0.47961021625136935
2016-09-20,7.882105827331543,7.968616962432861,7.882105827331543,7.882105827331543,0.527565,-1.2048307985130569
2016-09-21,7.84365701675415,7.84365701675415,7.84365701675415,7.84365701675415,0.139508,-0.48779871039119627
2016-09-22,7.84365701675415,7.84365701675415,7.84365701675415,7.84365701675415,0.0,0.0
2016-09-25,7.84365701675415,7.84365701675415,7.84365701675415,7.84365701675415,0.0,0.0
2016-09-26,7.882105827331543,7.882105827331543,7.84365701675415,7.84365701675415,0.353556,0.0
2016-09-27,7.84365701675415,7.853269100189209,7.84365701675415,7.853269100189209,0.140426,0.12254594272196329
2016-09-28,7.853269100189209,7.853269100189209,7.795595169067383,7.795595169067383,0.644038,-0.7343939241867603
2016-09-29,7.882105827331543,7.882105827331543,7.834044933319092,7.84365701675415,0.476256,0.6165257000193547
2016-10-02,7.84365701675415,7.84365701675415,7.84365701675415,7.84365701675415,0.0,0.0
2016-10-04,7.824431896209717,7.824431896209717,7.785983085632324,7.785983085632324,1.010233,-0.7352938941444509
2016-10-05,7.795595169067383,7.84365701675415,7.785983085632324,7.785983085632324,0.690692,0.0
2016-10-06,7.785983085632324,7.785983085632324,7.776371002197266,7.785983085632324,0.216343,0.0
2016-10-09,7.747533798217773,7.747533798217773,7.737921237945557,7.737921237945557,0.166452,-0.6172868237468654
2016-10-10,7.709084033966064,7.757145881652832,7.689859867095947,7.689859867095947,8.114425,-0.6211147590120758
2016-10-11,7.689859867095947,7.785983085632324,7.689859867095947,7.785983085632324,0.085908,1.249999612446473
2016-10-12,7.747533798217773,7.747533798217773,7.737921237945557,7.737921237945557,0.059298,-0.6172868237468654
2016-10-13,7.728309154510498,7.824431896209717,7.728309154510498,7.728309154510498,0.075111,-0.12422048686567821
2016-10-16,7.728309154510498,7.785983085632324,7.661023139953613,7.785983085632324,0.117902,0.7462684264923025
2016-10-17,7.785983085632324,7.785983085632324,7.785983085632324,7.785983085632324,0.0,0.0
2016-10-18,7.785983085632324,7.785983085632324,7.785983085632324,7.785983085632324,0.0,0.0
2016-10-19,7.689859867095947,7.689859867095947,7.689859867095947,7.689859867095947,0.026008,-1.234567523191199
2016-10-20,7.689859867095947,7.689859867095947,7.593736171722412,7.593736171722412,0.029545,-1.250005813302757
2016-10-23,7.593736171722412,7.593736171722412,7.593736171722412,7.593736171722412,0.0,0.0
2016-10-24,7.689859867095947,7.689859867095947,7.689859867095947,7.689859867095947,0.988875,1.2658287462169238
2016-10-25,7.689859867095947,7.689859867095947,7.689859867095947,7.689859867095947,0.104836,0.0
2016-10-26,7.593736171722412,7.593736171722412,7.593736171722412,7.593736171722412,0.091751,-1.250005813302757
2016-10-27,7.593736171722412,7.593736171722412,7.593736171722412,7.593736171722412,0.0,0.0
2016-10-30,7.593736171722412,7.593736171722412,7.593736171722412,7.593736171722412,2.26299,0.0
2016-10-31,7.5841240882873535,7.689859867095947,7.5841240882873535,7.689859867095947,0.011692,1.2658287462169238
2016-11-01,7.593736171722412,7.593736171722412,7.593736171722412,7.593736171722412,6.762151,-1.250005813302757
2016-11-02,7.593736171722412,7.593736171722412,7.593736171722412,7.593736171722412,0.098831,0.0
2016-11-03,7.593736171722412,7.612960815429687,7.593736171722412,7.612960815429687,0.052016,0.253164493373692
2016-11-06,7.603349208831787,7.603349208831787,7.593736171722412,7.603349208831787,0.112889,-0.1262531993914906
2016-11-07,7.603349208831787,7.64179801940918,7.593736171722412,7.593736171722412,0.251226,-0.1264316138236632
2016-11-08,7.593736171722412,7.593736171722412,7.555286884307861,7.555286884307861,1.160385,-0.506328986747373
2016-11-09,7.555286884307861,7.555286884307861,7.545674800872803,7.545674800872803,0.074487,-0.1272232753334989
2016-11-10,7.449552059173584,7.50722599029541,7.449552059173584,7.497612953186035,0.510251,-0.6369456537036022
2016-11-13,7.497612953186035,7.680246829986572,7.401490211486816,7.401490211486816,0.29747,-1.2820445960520344
2016-11-14,7.401490211486816,7.497612953186035,7.401490211486816,7.401490211486816,0.214172,0.0
2016-11-15,7.3053669929504395,7.401490211486816,7.3053669929504395,7.401490211486816,0.066167,0.0
2016-11-16,7.401490211486816,7.497612953186035,7.3053669929504395,7.497612953186035,1.70907,1.2986944379125287
2016-11-17,7.401490211486816,7.757145881652832,7.401490211486816,7.757145881652832,1.237993,3.461540760869908
2016-11-20,7.593736171722412,7.689859867095947,7.305366992950439,7.689859867095947,0.47355,-0.8674068476142716
2016-11-21,7.439939022064209,7.680246829986572,7.420714855194092,7.449552059173584,0.42622,-3.124995930688068
2016-11-22,7.497612953186035,7.497612953186035,7.497612953186035,7.497612953186035,0.075944,0.6451514618690091
2016-11-23,7.497612953186035,7.64179801940918,7.497612953186035,7.64179801940918,0.187664,1.923079613783929
2016-11-24,7.593736171722412,7.593736171722412,7.593736171722412,7.593736171722412,0.020827,-0.6289337609381551
2016-11-27,7.545674800872803,7.555286884307861,7.497612953186035,7.526450157165527,0.679746,-0.8860725871336572
2016-11-28,7.516838073730469,7.545674800872803,7.50722599029541,7.536063194274902,1.471485,0.1277233876347816
2016-11-29,7.516838073730469,7.689859867095947,7.516838073730469,7.516838073730469,0.301422,-0.2551082713722286
2016-11-30,7.516838073730469,7.516838073730469,7.516838073730469,7.516838073730469,0.0,0.0
2016-12-01,7.516838073730469,7.516838073730469,7.516838073730469,7.516838073730469,0.0,0.0
2016-12-04,7.593736171722412,7.64179801940918,7.593736171722412,7.622572898864746,0.819287,1.4066396548276794
2016-12-05,7.689859867095947,7.689859867095947,7.50722599029541,7.593736171722412,1.157143,-0.3783070037497227
2016-12-06,7.689859867095947,7.689859867095947,7.593736171722412,7.689859867095947,1.091637,1.2658287462169238
2016-12-07,7.785983085632324,7.785983085632324,7.689859867095947,7.689859867095947,0.878842,0.0
2016-12-08,7.834044933319092,7.834044933319092,7.689859867095947,7.785983085632324,1.053634,1.249999612446473
2016-12-11,7.785983085632324,7.785983085632324,7.785983085632324,7.785983085632324,0.0,0.0
2016-12-13,7.891718864440918,7.930168151855469,7.882105827331543,7.92055606842041,0.63023,1.7284006567702015
2016-12-14,7.987842082977295,8.064740180969238,7.987842082977295,8.064740180969238,0.033785,1.8203786615903936
2016-12-15,7.987842082977295,8.074353218078613,7.987842082977295,8.074353218078613,0.09727,0.11919834853526545
2016-12-18,8.074353218078613,8.074353218078613,8.074353218078613,8.074353218078613,0.0,0.0
2016-12-19,7.987842082977295,8.026290893554688,7.987842082977295,7.987842082977295,0.033186,-1.0714311445728986
2016-12-20,7.978229999542236,8.112801551818848,7.978229999542236,8.074353218078613,0.175009,1.0830351201569277
2016-12-21,8.064740180969238,8.122413635253906,8.026290893554688,8.122413635253906,0.254363,0.5952231203817604
2016-12-22,8.007065773010254,8.122413635253906,8.007065773010254,8.122413635253906,0.094496,0.0
2016-12-25,8.074353218078613,8.122413635253906,8.074353218078613,8.122413635253906,0.516106,0.0
2016-12-26,8.083965301513672,8.160863876342773,8.074353218078613,8.160863876342773,0.119846,0.4733844250677022
2016-12-27,8.074353218078613,8.074353218078613,8.074353218078613,8.074353218078613,0.115402,-1.0600674092229756
2016-12-28,8.083965301513672,8.083965301513672,8.074353218078613,8.083965301513672,0.670728,0.1190446240763476
2016-12-29,8.083965301513672,8.160863876342773,8.074353218078613,8.160863876342773,0.566122,0.9512482050696436
2017-01-02,8.160863876342773,8.160863876342773,8.074353218078613,8.074353218078613,0.083226,-1.0600674092229756
2017-01-03,8.083965301513672,8.083965301513672,8.083965301513672,8.083965301513672,0.098103,0.11904462407634764
2017-01-04,8.160863876342773,8.314661026000977,8.160863876342773,8.314661026000977,1.097425,2.8537446152089307
2017-01-05,8.247374534606934,8.343498229980469,8.247374534606934,8.343498229980469,0.804857,0.3468235673025566
2017-01-08,8.314661026000977,8.314661026000977,8.314661026000977,8.314661026000977,1.323398,-0.3456248588376565
2017-01-09,8.324273109436035,8.449233055114746,8.324273109436035,8.449233055114746,0.083349,1.618490864425448
2017-01-10,8.381946563720703,8.651091575622559,8.381946563720703,8.651091575622559,0.306975,2.3890750697853846
2017-01-11,8.641480445861816,8.651091575622559,8.449233055114746,8.449233055114746,0.640653,-2.333330062955508
2017-01-12,8.449233055114746,8.449233055114746,8.449233055114746,8.449233055114746,0.015604,0.0
2017-01-15,8.381946563720703,8.381946563720703,8.324273109436035,8.362723350524902,0.234206,-1.023876416066838
2017-01-16,8.26659870147705,8.26659870147705,8.26659870147705,8.26659870147705,0.283906,-1.1494419343887283
2017-01-17,8.26659870147705,8.276211738586426,8.26659870147705,8.26659870147705,1.159171,0.0
2017-01-18,8.26659870147705,8.276211738586426,8.26659870147705,8.26659870147705,0.394223,0.0
2017-01-19,8.59341812133789,8.59341812133789,8.59341812133789,8.59341812133789,0.013329,3.953493228145266
2017-01-22,8.372335433959961,8.583806037902832,8.372335433959961,8.583806037902832,0.035163,-0.1118540177998728
2017-01-23,8.583806037902832,8.583806037902832,8.276211738586426,8.583806037902832,0.594237,0.0
2017-01-24,8.55496883392334,8.55496883392334,8.55496883392334,8.55496883392334,0.100695,-0.3359489234980195
2017-01-25,8.535743713378906,8.535743713378906,8.410783767700195,8.410783767700195,0.043947,-1.685395575626203
2017-01-26,8.410783767700195,8.410783767700195,8.26659870147705,8.26659870147705,0.611578,-1.714288111612816
2017-01-29,8.26659870147705,8.353110313415527,8.26659870147705,8.26659870147705,0.655199,0.0
2017-01-30,8.256986618041992,8.256986618041992,8.256986618041992,8.256986618041992,0.081581,-0.1162761588189953
2017-01-31,8.26659870147705,8.26659870147705,8.09357738494873,8.09357738494873,1.801857,-1.9790419998526263
2017-02-01,8.170475959777832,8.170475959777832,8.122413635253906,8.122413635253906,0.083765,0.3562855945357546
2017-02-02,8.09357738494873,8.09357738494873,8.074353218078613,8.074353218078613,2.146005,-0.5917011781657489
2017-02-05,8.074353218078613,8.083965301513672,8.074353218078613,8.083965301513672,1.059941,0.11904462407634764
2017-02-06,8.122413635253906,8.170475959777832,8.122413635253906,8.170475959777832,0.156049,1.0701512814257352
2017-02-07,8.26659870147705,8.26659870147705,8.218538284301758,8.26659870147705,2.132678,1.176464408835165
2017-02-08,8.26659870147705,8.26659870147705,8.26659870147705,8.26659870147705,0.0,0.0
2017-02-09,8.26659870147705,8.314661026000977,8.218538284301758,8.314661026000977,0.499742,0.5814038670503896
2017-02-12,8.314661026000977,8.362723350524902,8.314661026000977,8.314661026000977,0.522829,0.0
2017-02-13,8.314661026000977,8.362723350524902,8.314661026000977,8.324273109436035,0.743781,0.11560403250354678
2017-02-14,8.314661026000977,8.372335433959961,8.314661026000977,8.314661026000977,2.106957,-0.1154705438984549
2017-02-15,8.324273109436035,8.535743713378906,8.314661026000977,8.46845817565918,1.078774,1.849710399224458
2017-02-16,8.50690746307373,8.535743713378906,8.410783767700195,8.535743713378906,1.411437,0.7945429536763138
2017-02-19,8.362723350524902,8.50690746307373,8.362723350524902,8.449233055114746,1.552215,-1.0135104938608142
2017-02-20,8.46845817565918,8.46845817565918,8.410783767700195,8.410783767700195,1.00645,-0.45506245553583735
2017-02-21,8.218538284301758,8.218538284301758,8.074353218078613,8.074353218078613,0.227144,-3.9999904754842386
2017-02-22,8.122413635253906,8.122413635253906,8.035902976989746,8.035902976989746,0.770652,-0.4762021186139886
2017-02-23,8.122413635253906,8.122413635253906,8.074353218078613,8.074353218078613,0.200662,0.4784806536237029
2017-02-26,8.074353218078613,8.074353218078613,8.026290893554688,8.026290893554688,1.495465,-0.5952467426903474
2017-02-27,7.978229999542236,7.978229999542236,7.930168151855469,7.930168151855469,0.109234,-1.1975985293083191
2017-02-28,7.930168151855469,8.026290893554688,7.882105827331543,7.92055606842041,1.341024,-0.12120907465007491
2017-03-01,7.785983085632324,7.785983085632324,7.747533798217773,7.747533798217773,0.127573,-2.1844712506042807
2017-03-02,7.757145881652832,8.026290893554688,7.757145881652832,7.978229999542236,0.546854,2.9776727321606744
2017-03-05,7.785983085632324,7.978229999542236,7.785983085632324,7.978229999542236,0.148947,0.0
2017-03-06,7.978229999542236,7.978229999542236,7.978229999542236,7.978229999542236,0.36866,0.0
2017-03-07,7.882105827331543,7.882105827331543,7.814819812774658,7.814819812774658,0.294505,-2.048201001687766
2017-03-08,7.930168151855469,7.978229999542236,7.930168151855469,7.978229999542236,0.072823,2.091029488619256
2017-03-09,7.978229999542236,7.978229999542236,7.978229999542236,7.978229999542236,0.052016,0.0
2017-03-12,7.882105827331543,7.882105827331543,7.882105827331543,7.882105827331543,0.031209,-1.2048307985130569
2017-03-13,7.795595169067383,7.978229999542236,7.785983085632324,7.978229999542236,0.145646,1.219523999251293
2017-03-14,7.882105827331543,8.170475959777832,7.882105827331543,7.978229999542236,0.422529,0.0
2017-03-15,7.978229999542236,8.026290893554688,7.978229999542236,8.026290893554688,0.066426,0.6024004574349151
2017-03-16,7.978229999542236,7.978229999542236,7.930168151855469,7.930168151855469,0.303266,-1.1975985293083191
2017-03-19,7.785983085632324,8.170475959777832,7.785983085632324,8.170475959777832,0.16293,3.030299021668758
2017-03-20,8.170475959777832,8.170475959777832,8.170475959777832,8.170475959777832,0.0,0.0
2017-03-21,7.968616962432861,7.968616962432861,7.882105827331543,7.882105827331543,0.583781,-3.529416570905985
2017-03-22,7.882105827331543,8.026290893554688,7.882105827331543,7.939780235290527,1.261127,0.7317131896275253
2017-03-23,7.882105827331543,7.882105827331543,7.882105827331543,7.882105827331543,0.310373,-0.7263980393642955
2017-03-26,7.882105827331543,7.882105827331543,7.882105827331543,7.882105827331543,0.0,0.0
2017-03-27,7.882105827331543,7.882105827331543,7.785983085632324,7.785983085632324,0.475938,-1.2195058504024248
2017-03-28,7.785983085632324,7.785983085632324,7.785983085632324,7.785983085632324,0.059089,0.0
2017-03-29,7.785983085632324,7.805208206176758,7.785983085632324,7.785983085632324,0.778125,0.0
2017-03-30,7.978229999542236,7.978229999542236,7.978229999542236,7.978229999542236,0.041613,2.4691411706849298
2017-04-02,7.978229999542236,7.978229999542236,7.978229999542236,7.978229999542236,0.789272,0.0
2017-04-03,7.978229999542236,7.978229999542236,7.978229999542236,7.978229999542236,0.026736,0.0
2017-04-04,7.978229999542236,7.978229999542236,7.978229999542236,7.978229999542236,0.021846,0.0
2017-04-05,7.978229999542236,7.978229999542236,7.978229999542236,7.978229999542236,0.208066,0.0
2017-04-06,7.968616962432861,7.968616962432861,7.930168151855469,7.930168151855469,0.021326,-0.6024124108922058
2017-04-09,7.968616962432861,7.968616962432861,7.968616962432861,7.968616962432861,0.010663,0.4848423115517031
2017-04-10,7.834044933319092,7.834044933319092,7.689859867095947,7.785983085632324,0.290746,-2.291914364331271
2017-04-11,7.785983085632324,7.785983085632324,7.785983085632324,7.785983085632324,0.0,0.0
2017-04-12,7.785983085632324,7.785983085632324,7.785983085632324,7.785983085632324,0.0,0.0
2017-04-13,7.785983085632324,7.785983085632324,7.785983085632324,7.785983085632324,0.0,0.0
2017-04-16,7.785983085632324,7.785983085632324,7.785983085632324,7.785983085632324,0.072823,0.0
2017-04-17,7.785983085632324,7.785983085632324,7.785983085632324,7.785983085632324,0.124839,0.0
2017-04-18,7.689859867095947,7.785983085632324,7.689859867095947,7.785983085632324,0.421073,0.0
2017-04-19,7.785983085632324,7.785983085632324,7.785983085632324,7.785983085632324,0.284464,0.0
2017-04-20,7.785983085632324,7.785983085632324,7.785983085632324,7.785983085632324,0.104033,0.0
2017-04-23,7.785983085632324,7.785983085632324,7.785983085632324,7.785983085632324,0.0,0.0
2017-04-24,7.785983085632324,7.785983085632324,7.785983085632324,7.785983085632324,0.0,0.0
2017-04-25,7.785983085632324,7.814819812774658,7.785983085632324,7.814819812774658,0.05214,0.37036719480609825
2017-04-26,7.814819812774658,7.882105827331543,7.814819812774658,7.882105827331543,0.148865,0.8610053228213177
2017-04-27,7.939780235290527,7.939780235290527,7.939780235290527,7.939780235290527,0.015604,0.7317131896275253
2017-04-30,7.939780235290527,7.939780235290527,7.939780235290527,7.939780235290527,0.0,0.0
2017-05-01,7.939780235290527,7.939780235290527,7.939780235290527,7.939780235290527,0.0,0.0
2017-05-02,7.785983085632324,7.785983085632324,7.785983085632324,7.785983085632324,0.185887,-1.9370454231794731
2017-05-03,7.785983085632324,7.834044933319092,7.785983085632324,7.814819812774658,2.984088,0.37036719480609825
2017-05-04,7.824431896209717,7.834044933319092,7.824431896209717,7.834044933319092,0.708673,0.24600849418188186
2017-05-07,7.834044933319092,7.882105827331543,7.834044933319092,7.834044933319092,0.332905,0.0
2017-05-08,7.834044933319092,7.834044933319092,7.824431896209717,7.834044933319092,3.61395,0.0
2017-05-09,7.834044933319092,7.930168151855469,7.834044933319092,7.882105827331543,0.363867,0.6134875970399856
2017-05-10,7.882105827331543,7.959004878997803,7.882105827331543,7.959004878997803,0.072823,0.9756155696312607
2017-05-11,7.939780235290527,7.987842082977295,7.939780235290527,7.978229999542236,2.599107,0.2415518125282734
2017-05-14,8.026290893554688,8.026290893554688,7.978229999542236,8.026290893554688,0.793564,0.6024004574349151
2017-05-15,8.026290893554688,8.026290893554688,7.737921237945557,7.737921237945557,3.952455,-3.592813410746165
2017-05-16,7.92055606842041,7.930168151855469,7.92055606842041,7.930168151855469,2.404868,2.4844775230738136
2017-05-17,7.930168151855469,7.930168151855469,7.882105827331543,7.882105827331543,1.143349,-0.6060694250560217
2017-05-18,7.757145881652832,7.968616962432861,7.747533798217773,7.968616962432861,1.847805,1.0975637348249911
2017-05-21,7.882105827331543,7.882105827331543,7.785983085632324,7.834044933319092,1.536568,-1.6887752259669877
2017-05-22,7.882105827331543,7.882105827331543,7.882105827331543,7.882105827331543,0.158679,0.6134875970399856
2017-05-23,7.757145881652832,7.757145881652832,7.661023139953613,7.737921237945557,4.176928,-1.829264825219934
2017-05-24,7.699471950531006,7.862882137298584,7.699471950531006,7.862882137298584,0.904538,1.6149156279885446
2017-05-28,7.862882137298584,7.872494220733643,7.785983085632324,7.834044933319092,1.956862,-0.3667510650159578
2017-05-29,7.785983085632324,7.785983085632324,7.689859867095947,7.689859867095947,2.434235,-1.8404932247696013
2017-05-30,7.689859867095947,7.689859867095947,7.689859867095947,7.689859867095947,0.0,0.0
2017-05-31,7.785983085632324,7.785983085632324,7.785983085632324,7.785983085632324,0.104033,1.249999612446473
2017-06-01,7.814819812774658,7.814819812774658,7.814819812774658,7.814819812774658,0.394411,0.3703671948060982
2017-06-04,7.814819812774658,7.814819812774658,7.814819812774658,7.814819812774658,0.0,0.0
2017-06-05,7.785983085632324,7.785983085632324,7.689859867095947,7.699471950531006,0.721804,-1.4760143548683824
2017-06-06,7.7090840339660645,7.7090840339660645,7.7090840339660645,7.7090840339660645,0.018725,0.1248408137183521
2017-06-07,7.7090840339660645,7.7090840339660645,7.689859867095947,7.689859867095947,1.178455,-0.2493703115106216
2017-06-08,7.689859867095947,7.689859867095947,7.689859867095947,7.689859867095947,0.237746,0.0
2017-06-11,7.689859867095947,7.689859867095947,7.689859867095947,7.689859867095947,0.0,0.0
2017-06-12,7.7090840339660645,7.7090840339660645,7.699471950531006,7.699471950531006,0.221332,0.1249968608165064
2017-06-13,7.84365701675415,7.84365701675415,7.785983085632324,7.785983085632324,0.546173,1.123598289040495
2017-06-14,7.766757965087891,7.84365701675415,7.766757965087891,7.785983085632324,0.606164,0.0
2017-06-15,7.785983085632324,7.785983085632324,7.785983085632324,7.785983085632324,0.0,0.0
2017-06-18,7.785983085632324,7.785983085632324,7.785983085632324,7.785983085632324,0.0,0.0
2017-06-19,7.728309154510498,7.785983085632324,7.7186970710754395,7.7186970710754395,0.37557,-0.8641942040825801
2017-06-20,7.718697071075439,7.757145881652832,7.699471950531006,7.699471950531006,0.740584,-0.2490720955545255
2017-06-21,7.64179801940918,7.661023139953613,7.64179801940918,7.661023139953613,1.098038,-0.4993694479884514
2017-06-22,7.689859867095947,7.689859867095947,7.689859867095947,7.689859867095947,0.992371,0.3764083023316544
2017-06-25,7.689859867095947,7.689859867095947,7.689859867095947,7.689859867095947,0.0,0.0
2017-06-26,7.689859867095947,7.689859867095947,7.689859867095947,7.689859867095947,0.0,0.0
2017-06-27,7.689859867095947,7.689859867095947,7.689859867095947,7.689859867095947,0.0,0.0
2017-06-28,7.689859867095947,7.689859867095947,7.689859867095947,7.689859867095947,0.0,0.0
2017-06-29,7.824431896209717,7.824431896209717,7.824431896209717,7.824431896209717,0.026008,1.7499932565687937
2017-07-02,7.699471950531006,7.699471950531006,7.689859867095947,7.699471950531006,0.377736,-1.5970481606369824
2017-07-03,7.737921237945557,7.737921237945557,7.737921237945557,7.737921237945557,0.078024,0.4993756411035388
2017-07-04,7.689859867095947,7.834044933319092,7.689859867095947,7.834044933319092,0.259459,1.2422418427078252
2017-07-05,7.834044933319092,7.834044933319092,7.834044933319092,7.834044933319092,0.0,0.0
2017-07-06,7.834044933319092,7.834044933319092,7.834044933319092,7.834044933319092,0.0,0.0
2017-07-09,7.834044933319092,7.834044933319092,7.834044933319092,7.834044933319092,0.0,0.0
2017-07-10,7.737921237945557,7.737921237945557,7.689859867095947,7.689859867095947,1.308521,-1.8404932247696015
2017-07-11,7.785983085632324,7.785983085632324,7.785983085632324,7.785983085632324,0.156049,1.249999612446473
2017-07-12,7.699471950531006,7.737921237945557,7.689859867095947,7.689859867095947,0.778755,-1.234567523191199
2017-07-13,7.785983085632324,7.785983085632324,7.785983085632324,7.785983085632324,0.026008,1.249999612446473
2017-07-16,7.785983085632324,7.785983085632324,7.785983085632324,7.785983085632324,0.413196,0.0
2017-07-17,7.747533798217773,7.747533798217773,7.737921237945557,7.737921237945557,0.207754,-0.6172868237468654
2017-07-18,7.737921237945557,7.737921237945557,7.737921237945557,7.737921237945557,0.0,0.0
2017-07-19,7.824431896209717,7.824431896209717,7.805208206176758,7.805208206176758,0.386405,0.8695742197689427
2017-07-20,7.737921237945557,7.737921237945557,7.737921237945557,7.737921237945557,0.193058,-0.8620778133497153
2017-07-23,7.737921237945557,7.785983085632324,7.737921237945557,7.776371002197266,0.174711,0.4969004344882455
2017-07-24,7.785983085632324,7.785983085632324,7.766757965087891,7.766757965087891,0.329857,-0.123618550435145
2017-07-25,7.766757965087891,7.766757965087891,7.689859867095947,7.757145881652832,0.644628,-0.1237592761132222
2017-07-26,7.737921237945557,7.737921237945557,7.737921237945557,7.737921237945557,0.071375,-0.2478314060425979
2017-07-27,7.785983085632324,7.834044933319092,7.785983085632324,7.834044933319092,0.03381,1.2422418427078252
2017-07-30,7.805208206176758,7.834044933319092,7.7090840339660645,7.7090840339660645,0.244997,-1.5951006206455953
2017-07-31,7.824431896209717,7.824431896209717,7.824431896209717,7.824431896209717,0.020806,1.4962589814228489
2017-08-01,7.824431896209717,7.824431896209717,7.7186970710754395,7.7186970710754395,0.057218,-1.3513418806226252
2017-08-02,7.814819812774658,7.814819812774658,7.728309154510498,7.728309154510498,0.055868,0.1245298700875086
2017-08-03,7.776371002197266,7.785983085632324,7.776371002197266,7.785983085632324,0.174647,0.7462684264923025
2017-08-06,7.747533798217773,7.785983085632324,7.747533798217773,7.785983085632324,0.390124,0.0
2017-08-07,7.785983085632324,7.785983085632324,7.785983085632324,7.785983085632324,0.02882,0.0
2017-08-08,7.805208206176758,7.824431896209717,7.805208206176758,7.824431896209717,0.082186,0.49382088497396115
2017-08-09,7.824431896209717,7.824431896209717,7.824431896209717,7.824431896209717,0.091775,0.0
2017-08-10,7.824431896209717,7.824431896209717,7.824431896209717,7.824431896209717,0.0,0.0
2017-08-13,7.824431896209717,7.824431896209717,7.795595169067383,7.795595169067383,0.017689,-0.3685472316054428
2017-08-14,7.834044933319092,7.84365701675415,7.834044933319092,7.834044933319092,1.726574,0.49322423006619154
2017-08-15,7.834044933319092,7.84365701675415,7.834044933319092,7.834044933319092,0.249679,0.0
2017-08-16,7.834044933319092,7.834044933319092,7.834044933319092,7.834044933319092,3.027053,0.0
2017-08-17,7.834044933319092,7.978229999542236,7.834044933319092,7.978229999542236,3.381461,1.8404932247696015
2017-08-20,7.978229999542236,7.978229999542236,7.978229999542236,7.978229999542236,0.126157,0.0
2017-08-21,7.978229999542236,7.978229999542236,7.978229999542236,7.978229999542236,0.053577,0.0
2017-08-22,7.978229999542236,7.978229999542236,7.978229999542236,7.978229999542236,0.0,0.0
2017-08-23,7.978229999542236,7.978229999542236,7.978229999542236,7.978229999542236,0.017782,0.0
2017-08-24,7.882105827331543,7.978229999542236,7.882105827331543,7.978229999542236,0.015604,0.0
2017-08-27,7.930168151855469,7.930168151855469,7.930168151855469,7.930168151855469,0.725028,-0.6024124108922058
2017-08-28,7.882105827331543,7.978229999542236,7.882105827331543,7.978229999542236,0.502188,0.6060634121046071
2017-08-29,7.930168151855469,8.016678810119629,7.930168151855469,8.016678810119629,0.024193,0.48192156129365227
2017-08-30,8.016678810119629,8.170475959777832,8.016678810119629,8.170475959777832,0.104568,1.9184646572600883
2017-08-31,8.170475959777832,8.170475959777832,8.170475959777832,8.170475959777832,0.0,0.0
2017-09-03,8.170475959777832,8.170475959777832,8.170475959777832,8.170475959777832,0.0,0.0
2017-09-04,8.170475959777832,8.170475959777832,8.170475959777832,8.170475959777832,0.0,0.0
2017-09-05,7.930168151855469,7.930168151855469,7.930168151855469,7.930168151855469,0.105867,-2.941172694288152
2017-09-06,7.930168151855469,7.930168151855469,7.930168151855469,7.930168151855469,0.0,0.0
2017-09-07,7.930168151855469,7.930168151855469,7.930168151855469,7.930168151855469,0.801591,0.0
2017-09-10,7.930168151855469,7.930168151855469,7.930168151855469,7.930168151855469,0.197662,0.0
2017-09-11,7.930168151855469,7.930168151855469,7.930168151855469,7.930168151855469,0.0,0.0
2017-09-12,7.978229999542236,7.978229999542236,7.930168151855469,7.930168151855469,1.179086,0.0
2017-09-13,8.026290893554688,8.026290893554688,7.930168151855469,7.930168151855469,0.119163,0.0
2017-09-14,7.987842082977295,7.987842082977295,7.987842082977295,7.987842082977295,0.005201,0.7272724867546598
2017-09-17,7.949392795562744,7.949392795562744,7.949392795562744,7.949392795562744,0.015604,-0.481347615728267
2017-09-18,7.930168151855469,7.930168151855469,7.930168151855469,7.930168151855469,0.015604,-0.24183788877568668
2017-09-19,7.930168151855469,7.930168151855469,7.930168151855469,7.930168151855469,0.622654,0.0
2017-09-20,7.930168151855469,8.064740180969238,7.930168151855469,8.064740180969238,0.368647,1.6969631228094917
2017-09-21,8.064740180969238,8.064740180969238,8.064740180969238,8.064740180969238,0.0,0.0
2017-09-24,7.939780235290527,7.939780235290527,7.939780235290527,7.939780235290527,0.012483,-1.5494602786285006
2017-09-25,7.939780235290527,8.05512809753418,7.939780235290527,8.05512809753418,0.685889,1.4527840673846049
2017-09-26,7.939780235290527,7.939780235290527,7.930168151855469,7.930168151855469,0.093446,-1.5513092301656095
2017-09-27,7.939780235290527,7.939780235290527,7.939780235290527,7.939780235290527,0.058882,0.1212090746500749
2017-09-28,7.978229999542236,8.05512809753418,7.978229999542236,8.05512809753418,0.133578,1.4527840673846049
2017-10-01,7.978229999542236,7.978229999542236,7.978229999542236,7.978229999542236,0.083226,-0.9546477357136428
2017-10-02,8.074353218078613,8.074353218078613,7.978229999542236,7.978229999542236,0.168533,0.0
2017-10-03,7.987842082977295,7.987842082977295,7.978229999542236,7.978229999542236,0.057185,0.0
2017-10-04,8.026290893554688,8.074353218078613,8.026290893554688,8.026290893554688,0.106333,0.6024004574349151
2017-10-05,7.930168151855469,7.930168151855469,7.882105827331543,7.930168151855469,1.064105,-1.1975985293083191
2017-10-08,7.930168151855469,7.930168151855469,7.882105827331543,7.930168151855469,0.090208,0.0
2017-10-09,7.882105827331543,7.930168151855469,7.882105827331543,7.930168151855469,0.946428,0.0
2017-10-10,7.882105827331543,7.930168151855469,7.882105827331543,7.930168151855469,0.167493,0.0
2017-10-11,7.930168151855469,7.930168151855469,7.882105827331543,7.930168151855469,0.360704,0.0
2017-10-12,8.151250839233398,8.151250839233398,8.151250839233398,8.151250839233398,0.023719,2.78786884646578
2017-10-15,8.151250839233398,8.151250839233398,8.151250839233398,8.151250839233398,0.0,0.0
2017-10-16,8.151250839233398,8.151250839233398,8.151250839233398,8.151250839233398,0.0,0.0
2017-10-17,8.151250839233398,8.151250839233398,8.151250839233398,8.151250839233398,0.0,0.0
2017-10-18,7.882105827331543,7.978229999542236,7.882105827331543,7.978229999542236,0.194317,-2.12262931301761
2017-10-19,8.026290893554688,8.026290893554688,7.882105827331543,7.882105827331543,0.830009,-1.2048307985130569
2017-10-22,7.882105827331543,7.882105827331543,7.882105827331543,7.882105827331543,0.054482,0.0
2017-10-23,7.882105827331543,7.891718864440918,7.862882137298584,7.891718864440918,0.337509,0.1219602644263018
2017-10-24,7.882105827331543,7.882105827331543,7.834044933319092,7.834044933319092,0.507681,-0.7308158350862848
2017-10-25,7.834044933319092,7.882105827331543,7.834044933319092,7.882105827331543,0.621272,0.6134875970399856
2017-10-26,7.882105827331543,7.882105827331543,7.834044933319092,7.834044933319092,0.801247,-0.6097468755849267
2017-10-29,7.834044933319092,7.834044933319092,7.785983085632324,7.785983085632324,3.370716,-0.6134997704998479
2017-10-30,7.930168151855469,8.007065773010254,7.834044933319092,7.882105827331543,0.302646,1.2345613988886894
2017-10-31,7.968616962432861,8.074353218078613,7.968616962432861,8.026290893554688,1.223429,1.82927087483622
2017-11-01,8.026290893554688,8.026290893554688,8.026290893554688,8.026290893554688,0.0,0.0
2017-11-02,8.026290893554688,8.026290893554688,8.026290893554688,8.026290893554688,0.018517,0.0
2017-11-05,7.834044933319092,7.834044933319092,7.834044933319092,7.834044933319092,0.010403,-2.3952029995570445
2017-11-06,7.882105827331543,7.882105827331543,7.882105827331543,7.882105827331543,0.173574,0.6134875970399856
2017-11-07,7.978229999542236,7.978229999542236,7.84365701675415,7.882105827331543,0.863314,0.0
2017-11-08,7.834044933319092,8.05512809753418,7.824431896209717,8.05512809753418,2.231566,2.1951274696499823
2017-11-09,7.84365701675415,7.84365701675415,7.805208206176758,7.834044933319092,5.118292,-2.74462629939759
2017-11-12,7.834044933319092,7.930168151855469,7.834044933319092,7.930168151855469,1.091055,1.2269934542697536
2017-11-13,7.930168151855469,7.930168151855469,7.930168151855469,7.930168151855469,0.0,0.0
2017-11-14,7.930168151855469,7.930168151855469,7.834044933319092,7.882105827331543,2.323086,-0.6060694250560217
2017-11-15,7.862882137298584,7.862882137298584,7.805208206176758,7.805208206176758,0.341228,-0.9755974207823924
2017-11-16,7.834044933319092,7.834044933319092,7.805208206176758,7.805208206176758,0.278882,0.0
2017-11-19,7.882105827331543,7.882105827331543,7.805208206176758,7.805208206176758,0.602351,0.0
2017-11-20,7.834044933319092,7.834044933319092,7.757145881652832,7.785983085632324,0.133682,-0.2463114376528685
2017-11-21,7.785983085632324,7.834044933319092,7.776371002197266,7.834044933319092,0.458058,0.6172868237468654
2017-11-22,7.834044933319092,7.834044933319092,7.785983085632324,7.834044933319092,0.746343,0.0
2017-11-23,7.84365701675415,7.84365701675415,7.747533798217773,7.747533798217773,2.217172,-1.104297152207756
2017-11-26,7.805208206176758,7.805208206176758,7.795595169067383,7.795595169067383,0.015604,0.6203441262904175
2017-11-27,7.834044933319092,7.882105827331543,7.824431896209717,7.824431896209717,5.101501,0.3699105266106839
2017-11-28,7.824431896209717,7.834044933319092,7.824431896209717,7.834044933319092,1.717004,0.12285923421522238
2017-11-29,7.834044933319092,7.834044933319092,7.795595169067383,7.834044933319092,0.597112,0.0
2017-11-30,7.834044933319092,7.834044933319092,7.834044933319092,7.834044933319092,0.0,0.0
2017-12-03,7.834044933319092,7.834044933319092,7.834044933319092,7.834044933319092,0.0,0.0
2017-12-04,7.785983085632324,7.834044933319092,7.785983085632324,7.834044933319092,0.078024,0.0
2017-12-05,7.785983085632324,7.785983085632324,7.785983085632324,7.785983085632324,0.176856,-0.6134997704998479
2017-12-06,7.785983085632324,7.785983085632324,7.785983085632324,7.785983085632324,0.036411,0.0
2017-12-07,7.785983085632324,7.814819812774658,7.776371002197266,7.785983085632324,0.97883,0.0
2017-12-10,7.689859867095947,7.882105827331543,7.689859867095947,7.882105827331543,0.019246,1.2345613988886894
2017-12-11,7.689859867095947,7.689859867095947,7.689859867095947,7.689859867095947,0.493397,-2.4390177504211463
2017-12-12,7.785983085632324,7.785983085632324,7.785983085632324,7.785983085632324,0.026008,1.249999612446473
2017-12-13,7.737921237945557,7.785983085632324,7.737921237945557,7.785983085632324,0.020727,0.0
2017-12-14,7.737921237945557,7.834044933319092,7.689859867095947,7.834044933319092,0.294906,0.6172868237468654
2017-12-17,7.834044933319092,7.834044933319092,7.834044933319092,7.834044933319092,0.0,0.0
2017-12-18,7.785983085632324,7.785983085632324,7.785983085632324,7.785983085632324,0.072068,-0.6134997704998479
2017-12-19,7.785983085632324,7.882105827331543,7.776371002197266,7.785983085632324,0.884281,0.0
2017-12-20,7.699471950531006,7.785983085632324,7.699471950531006,7.699471950531006,0.130041,-1.111113833023336
2017-12-21,7.785983085632324,7.834044933319092,7.689859867095947,7.834044933319092,0.040053,1.747820936977429
2017-12-24,7.699471950531006,7.834044933319092,7.699471950531006,7.785983085632324,0.17066,-0.6134997704998479
2017-12-25,7.805208206176758,8.064740180969238,7.805208206176758,8.064740180969238,0.026008,3.5802427551032245
2017-12-26,8.064740180969238,8.064740180969238,8.064740180969238,8.064740180969238,0.0,0.0
2017-12-27,7.795595169067383,7.882105827331543,7.785983085632324,7.882105827331543,0.071082,-2.264603068908111
2017-12-28,7.882105827331543,8.170475959777832,7.882105827331543,7.882105827331543,0.312099,0.0
2017-12-31,7.882105827331543,7.882105827331543,7.882105827331543,7.882105827331543,0.0,0.0
2018-01-01,7.882105827331543,7.882105827331543,7.882105827331543,7.882105827331543,0.0,0.0
2018-01-02,7.882105827331543,7.882105827331543,7.882105827331543,7.882105827331543,0.0,0.0
2018-01-03,7.882105827331543,7.882105827331543,7.882105827331543,7.882105827331543,2.180646,0.0
2018-01-04,7.824431896209717,7.882105827331543,7.805208206176758,7.805208206176758,0.733705,-0.9755974207823925
2018-01-07,7.795595169067383,7.795595169067383,7.795595169067383,7.795595169067383,0.02048,-0.12316182804409381
2018-01-08,7.862882137298584,7.862882137298584,7.834044933319092,7.834044933319092,0.135243,0.49322423006619154
2018-01-09,7.84365701675415,7.882105827331543,7.785983085632324,7.834044933319092,0.394909,0.0
2018-01-10,7.834044933319092,7.92055606842041,7.834044933319092,7.882105827331543,0.216388,0.6134875970399856
2018-01-11,7.92055606842041,7.968616962432861,7.834044933319092,7.834044933319092,1.190346,-0.6097468755849267
2018-01-14,7.882105827331543,7.978229999542236,7.882105827331543,7.978229999542236,1.833642,1.8404932247696013
2018-01-15,7.978229999542236,7.978229999542236,7.930168151855469,7.978229999542236,0.446764,0.0
2018-01-16,8.026290893554688,8.122413635253906,8.026290893554688,8.122413635253906,1.680134,1.8072133257620135
2018-01-17,8.074353218078613,8.122413635253906,8.074353218078613,8.122413635253906,2.155951,0.0
2018-01-18,8.026290893554688,8.170475959777832,8.026290893554688,8.132026672363281,0.494073,0.1183519769007102
2018-01-21,8.170475959777832,8.218538284301758,8.170475959777832,8.218538284301758,0.358914,1.0638382708763938
2018-01-22,8.218538284301758,8.237762451171875,8.218538284301758,8.228150367736816,2.809577,0.1169561192337464
2018-01-23,8.237762451171875,8.237762451171875,8.218538284301758,8.218538284301758,1.002518,-0.1168194916897569
2018-01-24,8.218538284301758,8.218538284301758,8.170475959777832,8.218538284301758,0.769271,0.0
2018-01-25,8.170475959777832,8.218538284301758,8.170475959777832,8.189701080322266,0.783223,-0.3508799616420144
2018-01-28,8.189701080322266,8.189701080322266,8.170475959777832,8.170475959777832,0.191043,-0.2347475244319552
2018-01-29,8.122413635253906,8.122413635253906,8.122413635253906,8.122413635253906,0.297697,-0.5882438766178444
2018-01-30,8.132026672363281,8.651091575622559,8.132026672363281,8.651091575622559,7.680725,6.508877337568952
2018-01-31,8.737603187561035,8.737603187561035,8.612643241882324,8.651091575622559,3.823118,0.0
2018-02-01,8.651091575622559,8.660704612731934,8.362723350524902,8.458846092224121,0.690771,-2.2222107085325016
2018-02-04,8.545356750488281,8.55496883392334,8.545356750488281,8.55496883392334,0.644245,1.1363576148711418
2018-02-05,8.55496883392334,8.55496883392334,8.55496883392334,8.55496883392334,0.0,0.0
2018-02-06,8.218538284301758,8.26659870147705,8.170475959777832,8.170475959777832,2.284992,-4.494380769931783
2018-02-07,8.170475959777832,8.343498229980469,8.170475959777832,8.26659870147705,0.483031,1.176464408835165
2018-02-08,8.26659870147705,8.26659870147705,8.122413635253906,8.122413635253906,10.617919,-1.7441885281957892
2018-02-11,8.170475959777832,8.170475959777832,8.170475959777832,8.170475959777832,0.010479,0.5917246607008542
2018-02-12,8.170475959777832,8.314661026000977,8.170475959777832,8.26659870147705,0.781592,1.176464408835165
2018-02-13,8.26659870147705,8.26659870147705,8.26659870147705,8.26659870147705,0.0,0.0
2018-02-14,8.26659870147705,8.26659870147705,8.26659870147705,8.26659870147705,0.0,0.0
2018-02-15,8.55496883392334,8.631868362426758,8.55496883392334,8.631868362426758,2.017691,4.418620936376683
2018-02-18,8.622255325317383,8.622255325317383,8.55496883392334,8.55496883392334,1.437856,-0.8908793006870974
2018-02-19,8.55496883392334,8.55496883392334,8.458846092224121,8.55496883392334,1.036231,0.0
2018-02-20,8.55496883392334,8.55496883392334,8.458846092224121,8.55496883392334,0.088507,0.0
2018-02-21,8.55496883392334,8.55496883392334,8.55496883392334,8.55496883392334,0.581539,0.0
2018-02-22,8.55496883392334,8.55496883392334,8.362723350524902,8.362723350524902,0.198063,-2.247179237358754
2018-02-25,8.362723350524902,8.362723350524902,8.362723350524902,8.362723350524902,0.0,0.0
2018-02-26,8.362723350524902,8.362723350524902,8.362723350524902,8.362723350524902,0.0,0.0
2018-02-27,8.458846092224121,8.458846092224121,8.458846092224121,8.458846092224121,0.20909,1.1494191266435472
2018-02-28,8.55496883392334,8.55496883392334,8.458846092224121,8.50690746307373,0.423081,0.5681788074355598
2018-03-01,8.50690746307373,8.50690746307373,8.50690746307373,8.50690746307373,0.041619,0.0
2018-03-04,8.362723350524902,8.55496883392334,8.362723350524902,8.55496883392334,0.454884,0.5649687745897136
2018-03-05,8.55496883392334,8.603031158447266,8.55496883392334,8.603031158447266,1.3102,0.561805956946837
2018-03-06,8.622255325317383,8.622255325317383,8.603031158447266,8.603031158447266,0.382678,0.0
2018-03-07,8.55496883392334,8.603031158447266,8.55496883392334,8.603031158447266,0.046294,0.0
2018-03-08,8.458846092224121,8.458846092224121,8.458846092224121,8.458846092224121,0.015604,-1.6759798211537391
2018-03-11,8.603031158447266,9.612324714660645,8.603031158447266,9.612324714660645,19.224721,13.636359024156608
2018-03-12,9.756509780883787,10.141002655029297,9.756509780883787,10.044878959655762,11.259067,4.499996180272481
2018-03-13,10.092941284179688,10.092941284179688,9.948756217956545,10.044878959655762,7.537968,0.0
2018-03-14,10.044878959655762,10.092941284179688,9.996817588806152,10.092941284179688,2.134155,0.4784758951995593
2018-03-15,10.044878959655762,10.092941284179688,10.044878959655762,10.092941284179688,0.483753,0.0
2018-03-18,10.092941284179688,10.092941284179688,10.044878959655762,10.044878959655762,3.604725,-0.4761974054011575
2018-03-19,10.044878959655762,10.044878959655762,9.996817588806152,9.996817588806152,0.217245,-0.4784664010650918
2018-03-20,9.852633476257324,9.852633476257324,9.852633476257324,9.852633476257324,0.096088,-1.4423001246944511
2018-03-21,9.900694847106934,9.996817588806152,9.900694847106934,9.948756217956545,2.132942,0.9756045622812736
2018-03-22,9.996817588806152,9.996817588806152,9.900694847106934,9.900694847106934,2.048848,-0.4830892404707132
2018-03-25,9.900694847106934,9.948756217956545,9.852633476257324,9.900694847106934,0.484898,0.0
2018-03-26,9.900694847106934,9.948756217956545,9.900694847106934,9.900694847106934,0.227338,0.0
2018-03-27,9.948756217956545,10.381311416625977,9.948756217956545,10.381311416625977,1.65185,4.854372111665306
2018-03-28,10.381311416625977,10.573556900024414,10.285187721252441,10.381311416625977,1.61894,0.0
2018-03-29,10.189064025878906,10.381311416625977,10.092941284179688,10.33324909210205,0.510802,-0.46296968268336736
2018-04-01,10.33324909210205,10.381311416625977,10.285187721252441,10.285187721252441,1.053909,-0.46511383226349734
2018-04-02,10.237126350402832,10.237126350402832,10.237126350402832,10.237126350402832,0.163331,-0.46728724989918424
2018-04-03,10.285187721252441,10.285187721252441,10.189064025878906,10.189064025878906,0.131902,-0.469490390943883
2018-04-04,10.141002655029297,10.237126350402832,10.141002655029297,10.237126350402832,1.337476,0.4717050005952794
2018-04-05,9.948756217956543,9.948756217956543,9.660386085510254,9.900694847106934,0.51059,-3.286386157406951
2018-04-08,9.948756217956543,9.948756217956543,9.612324714660645,9.900694847106934,0.405303,0.0
2018-04-09,9.900694847106934,9.900694847106934,9.900694847106934,9.900694847106934,0.0,0.0
2018-04-10,9.70844841003418,9.900694847106934,9.660386085510254,9.852633476257324,0.952299,-0.4854343214471757
2018-04-11,9.900694847106934,9.948756217956545,9.852633476257324,9.948756217956545,0.178158,0.9756045622812736
2018-04-12,9.852633476257324,9.852633476257324,9.804571151733398,9.804571151733398,0.274765,-1.4492773072769085
2018-04-15,9.948756217956545,9.948756217956545,9.948756217956545,9.948756217956545,0.098831,1.4705902378775004
2018-04-16,9.948756217956545,9.948756217956545,9.948756217956545,9.948756217956545,0.00208,0.0
2018-04-17,9.948756217956545,9.948756217956545,9.948756217956545,9.948756217956545,0.0,0.0
2018-04-18,9.948756217956543,10.092941284179688,9.852633476257324,9.900694847106934,0.994036,-0.4830892404707132
2018-04-19,9.900694847106934,9.948756217956543,9.900694847106934,9.948756217956543,0.512447,0.4854343214471868
2018-04-22,9.948756217956543,9.948756217956543,9.948756217956543,9.948756217956543,0.0,0.0
2018-04-23,10.092941284179688,10.141002655029297,10.092941284179688,10.141002655029297,0.556993,1.9323665477476215
2018-04-24,10.141002655029297,10.285187721252441,10.141002655029297,10.237126350402832,1.742216,0.947871710948256
2018-04-25,10.237126350402832,10.477434158325195,10.237126350402832,10.477434158325195,1.169317,2.3474146913592397
2018-04-26,10.477434158325195,10.477434158325195,10.381311416625977,10.381311416625977,0.289785,-0.9174263493017643
2018-04-29,10.285187721252441,10.285187721252441,10.285187721252441,10.285187721252441,0.012483,-0.9259301789135255
2018-04-30,10.33324909210205,10.381311416625977,10.33324909210205,10.381311416625977,0.057218,0.9345837721066896
2018-05-01,10.33324909210205,10.33324909210205,10.237126350402832,10.33324909210205,1.272752,-0.4629696826833673
2018-05-02,10.33324909210205,10.33324909210205,10.33324909210205,10.33324909210205,0.0,0.0
2018-05-03,10.237126350402832,10.237126350402832,10.092941284179688,10.092941284179688,1.695739,-2.325578390499039
2018-05-06,10.092941284179688,10.092941284179688,9.996817588806152,10.092941284179688,0.165932,0.0
2018-05-07,9.900694847106934,10.092941284179688,9.900694847106934,10.044878959655762,0.967507,-0.4761974054011575
2018-05-08,10.044878959655762,10.044878959655762,10.044878959655762,10.044878959655762,0.0,0.0
2018-05-09,9.852633476257324,9.852633476257324,9.756509780883787,9.804571151733398,1.178701,-2.392341499459927
2018-05-10,9.804571151733398,9.852633476257324,9.804571151733398,9.852633476257324,0.886031,0.490203230514874
2018-05-13,9.852633476257324,9.852633476257324,9.756509780883789,9.804571151733398,0.548514,-0.48781196052553044
2018-05-14,9.612324714660645,9.70844841003418,9.612324714660645,9.612324714660645,0.217741,-1.9607837415588136
2018-05-15,9.612324714660645,9.70844841003418,9.525814056396484,9.525814056396484,2.699084,-0.89999725178046
2018-05-16,9.564263343811035,9.564263343811035,9.516201972961426,9.516201972961426,0.491454,-0.10090563786099294
2018-05-17,9.516201972961426,9.516201972961426,9.42007827758789,9.42007827758789,0.329214,-1.0101056665952846
2018-05-20,9.42007827758789,9.42007827758789,9.42007827758789,9.42007827758789,0.164372,0.0
2018-05-21,9.564263343811035,9.564263343811035,9.487364768981934,9.487364768981934,0.062419,0.7142880283078856
2018-05-22,9.900694847106934,10.33324909210205,9.900694847106934,10.28518772125244,4.42723,8.409320941036412
2018-05-23,10.189064025878906,10.189064025878906,10.092941284179688,10.092941284179688,0.140227,-1.8691582719050581
2018-05-24,10.092941284179688,10.092941284179688,10.092941284179688,10.092941284179688,0.0,0.0
2018-05-27,10.092941284179688,10.092941284179688,9.948756217956545,9.948756217956545,0.430114,-1.4285733183561633
2018-05-28,9.900694847106934,9.900694847106934,9.900694847106934,9.900694847106934,0.052016,-0.4830892404707132
2018-05-29,9.756509780883787,9.756509780883787,9.612324714660645,9.756509780883787,2.293527,-1.456312596739373
2018-05-30,9.70844841003418,9.70844841003418,9.4681396484375,9.564263343811035,2.292889,-1.97044272378456
2018-05-31,9.612324714660645,9.612324714660645,9.516201972961426,9.612324714660645,2.962152,0.5025099071608974
2018-06-03,9.900694847106934,9.900694847106934,9.60271167755127,9.612324714660645,1.359881,0.0
2018-06-04,9.612324714660645,9.612324714660645,9.612324714660645,9.612324714660645,0.201824,0.0
2018-06-05,9.612324714660645,9.612324714660645,9.564263343811035,9.564263343811035,0.855583,-0.4999973708369021
2018-06-06,9.660386085510254,9.70844841003418,9.660386085510254,9.70844841003418,0.651559,1.5075396927087592
2018-06-07,9.612324714660645,9.70844841003418,9.564263343811035,9.70844841003418,0.40167,0.0
2018-06-10,9.612324714660645,9.612324714660645,9.612324714660645,9.612324714660645,1.090745,-0.9901035810643721
2018-06-11,9.70844841003418,9.70844841003418,9.612324714660645,9.612324714660645,1.925952,0.0
2018-06-12,9.612324714660645,9.612324714660645,9.612324714660645,9.612324714660645,1.716853,0.0
2018-06-13,9.612324714660645,9.612324714660645,9.612324714660645,9.612324714660645,0.364115,0.0
2018-06-14,9.612324714660645,9.612324714660645,9.612324714660645,9.612324714660645,0.880681,0.0
2018-06-18,9.612324714660645,9.612324714660645,9.612324714660645,9.612324714660645,2.305458,0.0
2018-06-19,9.60271167755127,9.60271167755127,9.4681396484375,9.516201972961426,0.162291,-0.9999947416738153
2018-06-20,9.516201972961426,9.564263343811035,9.516201972961426,9.564263343811035,0.258619,0.5050478225048893
2018-06-21,9.516201972961426,9.516201972961426,9.458527565002441,9.516201972961426,0.680332,-0.5025099071609085
2018-06-24,9.516201972961426,9.516201972961426,9.516201972961426,9.516201972961426,0.062419,0.0
2018-06-25,9.496976852416992,9.496976852416992,9.42007827758789,9.42007827758789,0.536003,-1.0101056665952846
2018-06-26,9.38162899017334,9.391241073608398,9.352791786193848,9.391241073608398,1.54125,-0.3061248869672517
2018-06-27,9.391241073608398,9.391241073608398,9.323954582214355,9.323954582214355,0.533982,-0.7164813560492478
2018-06-28,9.410466194152832,9.410466194152832,9.410466194152832,9.410466194152832,0.04607,0.9278424854567646
2018-07-01,9.38162899017334,9.391241073608398,9.323954582214355,9.391241073608398,0.24089,-0.2042950917392261
2018-07-02,9.38162899017334,9.38162899017334,9.38162899017334,9.38162899017334,0.083226,-0.1023515780259387
2018-07-03,9.391241073608398,9.612324714660645,9.391241073608398,9.516201972961426,0.805199,1.4344308747344714
2018-07-04,9.612324714660645,9.612324714660645,9.564263343811035,9.612324714660645,5.839723,1.0100956450097787
2018-07-05,9.564263343811035,9.612324714660645,9.564263343811035,9.612324714660645,0.044214,0.0
2018-07-08,9.37201690673828,9.612324714660645,9.323954582214355,9.612324714660645,0.690115,0.0
2018-07-09,9.612324714660645,9.612324714660645,9.612324714660645,9.612324714660645,0.890247,0.0
2018-07-10,9.612324714660645,9.660386085510254,9.612324714660645,9.660386085510254,0.57771,0.4999973708369021
2018-07-11,9.660386085510254,9.660386085510254,9.612324714660645,9.612324714660645,0.22159,-0.49750983474353694
2018-07-12,9.70844841003418,9.70844841003418,9.660386085510254,9.70844841003418,0.1424,1.000004663043974
2018-07-15,9.70844841003418,9.70844841003418,9.70844841003418,9.70844841003418,0.0,0.0
2018-07-16,9.612324714660645,9.70844841003418,9.612324714660645,9.70844841003418,0.055657,0.0
2018-07-17,9.70844841003418,9.70844841003418,9.70844841003418,9.70844841003418,0.254256,0.0
2018-07-18,9.756509780883789,9.900694847106934,9.70844841003418,9.900694847106934,2.013254,1.9801973389904193
2018-07-19,9.852633476257324,9.948756217956543,9.852633476257324,9.948756217956543,1.901725,0.4854343214471868
2018-07-22,9.948756217956543,9.948756217956543,9.948756217956543,9.948756217956543,0.0,0.0
2018-07-23,9.948756217956545,9.948756217956545,9.852633476257324,9.948756217956545,0.176856,0.0
2018-07-24,9.900694847106934,9.900694847106934,9.900694847106934,9.900694847106934,0.011144,-0.4830892404707132
2018-07-25,9.996817588806152,10.141002655029297,9.996817588806152,10.141002655029297,1.286777,2.4271812396337245
2018-07-26,10.141002655029297,10.189064025878906,10.092941284179688,10.141002655029297,0.876144,0.0
2018-07-29,10.141002655029297,10.141002655029297,10.092941284179688,10.141002655029297,0.296357,0.0
2018-07-30,10.092941284179688,10.189064025878906,10.092941284179688,10.189064025878906,1.048974,0.4739311534029955
2018-07-31,10.141002655029297,10.189064025878906,10.141002655029297,10.141002655029297,0.999043,-0.47169564081195325
2018-08-01,10.141002655029297,10.189064025878906,10.141002655029297,10.189064025878906,0.577383,0.4739311534029955
2018-08-02,10.141002655029297,10.141002655029297,9.996817588806152,10.141002655029297,0.469189,-0.4716956408119532
2018-08-05,10.141002655029297,10.141002655029297,10.141002655029297,10.141002655029297,0.208066,0.0
2018-08-06,10.141002655029297,10.141002655029297,10.092941284179688,10.092941284179688,0.119661,-0.4739311534030066
2018-08-07,10.092941284179688,10.092941284179688,9.996817588806152,9.996817588806152,0.484265,-0.9523853618786604
2018-08-08,9.996817588806152,9.996817588806152,9.852633476257324,9.900694847106934,0.649676,-0.9615334164629674
2018-08-09,9.804571151733398,9.804571151733398,9.612324714660645,9.612324714660645,4.033554,-2.912625193478746
2018-08-12,9.612324714660645,9.612324714660645,9.429691314697266,9.448914527893066,0.427092,-1.7000069350377456
2018-08-13,9.37201690673828,9.37201690673828,8.987524032592773,9.016361236572266,3.740351,-4.577809335071336
2018-08-14,9.122096061706545,9.131709098815918,8.843338966369629,8.843338966369629,2.288292,-1.9189811240128865
2018-08-15,8.987524032592773,8.987524032592773,8.641480445861816,8.641480445861816,3.363688,-2.2826052611514824
2018-08-16,8.74721622467041,8.74721622467041,8.410783767700195,8.55496883392334,6.749881,-1.0011202649877537
2018-08-19,8.785664558410645,8.891400337219238,8.74721622467041,8.74721622467041,0.254881,2.247201532573029
2018-08-20,8.74721622467041,8.74721622467041,8.74721622467041,8.74721622467041,0.0,0.0
2018-08-21,8.74721622467041,8.74721622467041,8.74721622467041,8.74721622467041,0.0,0.0
2018-08-22,8.74721622467041,8.74721622467041,8.74721622467041,8.74721622467041,0.0,0.0
2018-08-23,8.74721622467041,8.74721622467041,8.74721622467041,8.74721622467041,0.0,0.0
2018-08-26,8.843338966369629,9.131709098815918,8.843338966369629,8.920236587524414,1.312897,1.9780048693208485
2018-08-27,8.46845817565918,9.131709098815918,8.46845817565918,9.131709098815918,1.390488,2.3707051849640726
2018-08-28,8.987524032592773,8.987524032592773,8.939461708068848,8.939461708068848,1.232206,-2.105272831917071
2018-08-29,8.939461708068848,9.035585403442383,8.939461708068848,9.035585403442383,0.491994,1.0752738644964843
2018-08-30,9.37201690673828,9.37201690673828,8.949073791503906,9.083646774291992,1.173058,0.5319120865295401
2018-09-02,8.939461708068848,8.939461708068848,8.939461708068848,8.939461708068848,1.530831,-1.5873037537215584
2018-09-03,8.939461708068848,8.939461708068848,8.795276641845703,8.833725929260254,1.334256,-1.1827980505040414
2018-09-04,8.939461708068848,8.939461708068848,8.929849624633789,8.939461708068848,1.006064,1.1969556182217733
2018-09-05,8.939461708068848,8.939461708068848,8.843338966369629,8.843338966369629,0.294103,-1.075263196356191
2018-09-06,8.795276641845703,8.891400337219238,8.74721622467041,8.843338966369629,1.48853,0.0
2018-09-09,8.88178825378418,8.891400337219238,8.88178825378418,8.891400337219238,0.473787,0.5434753890174449
2018-09-10,8.891400337219238,8.891400337219238,8.891400337219238,8.891400337219238,0.0,0.0
2018-09-11,8.843338966369629,8.843338966369629,8.795276641845703,8.814501762390137,0.855597,-0.8648646097646262
2018-09-12,8.843338966369629,8.862563133239746,8.833725929260254,8.843338966369629,0.491536,0.3271563697738955
2018-09-13,8.843338966369629,8.843338966369629,8.843338966369629,8.843338966369629,0.0,0.0
2018-09-16,8.843338966369629,8.843338966369629,8.458846092224121,8.641480445861816,1.012615,-2.2826052611514824
2018-09-17,8.631868362426758,8.631868362426758,8.55496883392334,8.55496883392334,0.218469,-1.0011202649877535
2018-09-18,8.50690746307373,8.516519546508789,8.324273109436035,8.458846092224121,0.330591,-1.123589618679377
2018-09-19,8.46845817565918,8.46845817565918,8.362723350524902,8.458846092224121,0.098358,0.0
2018-09-20,8.50690746307373,8.55496883392334,8.458846092224121,8.55496883392334,0.280793,1.1363576148711418
2018-09-23,8.55496883392334,8.55496883392334,8.55496883392334,8.55496883392334,0.0,0.0
2018-09-24,8.55496883392334,8.55496883392334,8.458846092224121,8.458846092224121,0.116517,-1.123589618679377
2018-09-25,8.458846092224121,8.46845817565918,8.458846092224121,8.458846092224121,0.2141,0.0
2018-09-26,8.50690746307373,8.651091575622559,8.50690746307373,8.603031158447266,0.938608,1.7045476965905415
2018-09-27,8.641480445861816,9.227831840515137,8.641480445861816,9.131709098815918,5.844712,6.145251954010966
2018-09-30,9.179770469665527,9.323954582214355,9.083646774291992,9.227831840515137,1.423184,1.0526259724116915
2018-10-01,9.131709098815918,9.208606719970703,9.131709098815918,9.208606719970703,0.560465,-0.2083384361213136
2018-10-02,9.352791786193848,9.352791786193848,9.218218803405762,9.227831840515137,1.263481,0.20877339133986705
2018-10-03,9.275893211364746,9.275893211364746,9.035585403442383,9.035585403442383,0.537633,-2.0833326874107994
2018-10-04,9.035585403442383,9.035585403442383,8.766440391540527,9.016361236572266,0.156212,-0.21276061275224967
2018-10-07,8.795276641845703,9.131709098815918,8.785664558410645,9.035585403442383,0.962743,0.213214248694249
2018-10-08,8.987524032592773,8.997136116027832,8.891400337219238,8.891400337219238,0.341228,-1.595746814237542
2018-10-09,8.939461708068848,8.987524032592773,8.891400337219238,8.891400337219238,0.367757,0.0
2018-10-10,8.939461708068848,9.112483978271484,8.939461708068848,9.112483978271484,0.919724,2.486488434524703
2018-10-11,8.939461708068848,8.939461708068848,8.843338966369629,8.891400337219238,0.653848,-2.426162192212522
2018-10-14,8.891400337219238,8.891400337219238,8.651091575622559,8.74721622467041,0.963518,-1.6216130989544553
2018-10-15,8.843338966369629,8.843338966369629,8.74721622467041,8.74721622467041,0.167117,0.0
2018-10-16,8.74721622467041,8.756828308105469,8.651091575622559,8.651091575622559,0.726418,-1.098917033475677
2018-10-17,8.699153900146484,8.74721622467041,8.651091575622559,8.651091575622559,0.097834,0.0
2018-10-18,8.660704612731934,8.660704612731934,8.651091575622559,8.651091575622559,0.49906,0.0
2018-10-21,8.651091575622559,8.651091575622559,8.651091575622559,8.651091575622559,0.018204,0.0
2018-10-22,8.651091575622559,8.833725929260254,8.651091575622559,8.74721622467041,0.166129,1.111127401757206
2018-10-23,8.651091575622559,8.795276641845703,8.651091575622559,8.795276641845703,0.078024,0.5494367115305154
2018-10-24,8.651091575622559,8.785664558410645,8.651091575622559,8.785664558410645,0.369317,-0.10928688006612841
2018-10-25,8.651091575622559,8.651091575622559,8.651091575622559,8.651091575622559,0.036411,-1.5317336769847145
2018-10-28,8.651091575622559,8.651091575622559,8.651091575622559,8.651091575622559,0.940593,0.0
2018-10-29,8.641480445861816,8.651091575622559,8.622255325317383,8.651091575622559,0.468532,0.0
2018-10-30,8.814501762390137,8.843338966369629,8.814501762390137,8.843338966369629,1.047509,2.222232756023468
2018-10-31,8.872176170349121,8.939461708068848,8.843338966369629,8.920236587524414,1.257911,0.8695541519692984
2018-11-01,8.939461708068848,8.939461708068848,8.891400337219238,8.891400337219238,0.170354,-0.323267774595859
2018-11-04,8.891400337219238,8.891400337219238,8.891400337219238,8.891400337219238,0.0,0.0
2018-11-05,8.74721622467041,8.929849624633789,8.74721622467041,8.756828308105469,0.235861,-1.5135077041852796
2018-11-06,8.843338966369629,8.987524032592773,8.843338966369629,8.939461708068848,0.79342,2.0856112914116487
2018-11-07,8.891400337219238,8.939461708068848,8.88178825378418,8.939461708068848,0.260662,0.0
2018-11-08,8.852951049804688,8.852951049804688,8.74721622467041,8.74721622467041,0.201824,-2.150526392712382
2018-11-11,8.756828308105469,8.939461708068848,8.737603187561035,8.824113845825195,0.71661,0.879109641052489
2018-11-12,8.939461708068848,8.939461708068848,8.929849624633789,8.939461708068848,0.234074,1.3071891892943333
2018-11-13,8.74721622467041,8.74721622467041,8.651091575622559,8.689541816711426,0.602378,-2.7956928450383334
2018-11-14,8.689541816711426,8.929849624633789,8.689541816711426,8.929849624633789,0.061379,2.7654830713883083
2018-11-15,8.843338966369629,8.939461708068848,8.833725929260254,8.929849624633789,0.209123,0.0
2018-11-18,8.929849624633789,8.929849624633789,8.929849624633789,8.929849624633789,0.0,0.0
2018-11-19,8.929849624633789,8.929849624633789,8.929849624633789,8.929849624633789,0.0,0.0
2018-11-20,8.929849624633789,8.929849624633789,8.929849624633789,8.929849624633789,0.0,0.0
2018-11-21,8.74721622467041,8.74721622467041,8.699153900146484,8.74721622467041,0.275642,-2.0452012927470564
2018-11-22,8.74721622467041,8.74721622467041,8.74721622467041,8.74721622467041,0.056001,0.0
2018-11-25,8.74721622467041,8.74721622467041,8.651091575622559,8.651091575622559,0.147518,-1.098917033475677
2018-11-26,8.74721622467041,8.843338966369629,8.74721622467041,8.843338966369629,0.764643,2.222232756023468
2018-11-27,8.74721622467041,8.824113845825195,8.651091575622559,8.651091575622559,0.671013,-2.173923124265265
2018-11-28,8.651091575622559,8.833725929260254,8.651091575622559,8.651091575622559,0.015604,0.0
2018-11-29,8.651091575622559,8.833725929260254,8.651091575622559,8.824113845825195,0.741409,2.000005070922928
2018-12-02,8.824113845825195,8.824113845825195,8.824113845825195,8.824113845825195,0.0,0.0
2018-12-03,8.824113845825195,8.824113845825195,8.824113845825195,8.824113845825195,0.0,0.0
2018-12-04,8.939461708068848,8.939461708068848,8.651091575622559,8.843338966369629,0.395187,0.2178702686789213
2018-12-05,8.651091575622559,8.651091575622559,8.651091575622559,8.651091575622559,0.131081,-2.173923124265265
2018-12-06,8.583806037902832,8.651091575622559,8.574193954467773,8.651091575622559,0.325365,0.0
2018-12-09,8.55496883392334,8.55496883392334,8.55496883392334,8.55496883392334,0.00052,-1.1111053542662508
2018-12-10,8.55496883392334,8.55496883392334,8.55496883392334,8.55496883392334,0.623912,0.0
2018-12-11,8.55496883392334,8.651091575622559,8.55496883392334,8.55496883392334,0.454544,0.0
2018-12-12,8.55496883392334,8.55496883392334,8.55496883392334,8.55496883392334,0.02554,0.0
2018-12-13,8.55496883392334,8.55496883392334,8.458846092224121,8.55496883392334,0.398123,0.0
2018-12-16,8.55496883392334,8.55496883392334,8.55496883392334,8.55496883392334,0.053056,0.0
2018-12-17,8.458846092224121,8.55496883392334,8.362723350524902,8.362723350524902,1.355908,-2.247179237358754
2018-12-18,8.362723350524902,8.362723350524902,7.978229999542236,7.978229999542236,0.852455,-4.597705016255649
2018-12-19,8.55496883392334,8.55496883392334,8.170475959777832,8.401171684265137,0.643471,5.301196941516695
2018-12-20,8.401171684265137,8.401171684265137,8.401171684265137,8.401171684265137,0.0,0.0
2018-12-23,8.401171684265137,8.401171684265137,8.401171684265137,8.401171684265137,0.0,0.0
2018-12-24,8.035902976989746,8.074353218078613,7.930168151855469,7.930168151855469,0.312099,-5.606402893680029
2018-12-25,7.930168151855469,8.26659870147705,7.930168151855469,8.26659870147705,0.18033,4.242413819975122
2018-12-26,8.26659870147705,8.26659870147705,8.26659870147705,8.26659870147705,0.0,0.0
2018-12-27,7.978229999542236,8.26659870147705,7.978229999542236,8.05512809753418,0.255921,-2.558133176406474
2018-12-30,8.05512809753418,8.26659870147705,8.05512809753418,8.074353218078613,0.12692,0.23866933351834874
2018-12-31,8.26659870147705,8.55496883392334,8.26659870147705,8.545356750488281,1.137081,5.833328313592756
2019-01-01,8.545356750488281,8.545356750488281,8.545356750488281,8.545356750488281,0.0,0.0
2019-01-02,8.651091575622559,8.651091575622559,8.55496883392334,8.55496883392334,0.059194,0.11248311469862493
2019-01-03,8.50690746307373,8.50690746307373,8.50690746307373,8.50690746307373,0.023927,-0.5617948093396885
2019-01-06,8.55496883392334,8.55496883392334,8.50690746307373,8.55496883392334,0.244581,0.5649687745897136
2019-01-07,8.55496883392334,8.74721622467041,8.55496883392334,8.737603187561035,1.25967,2.1348336526193723
2019-01-08,8.737603187561035,8.737603187561035,8.727991104125977,8.737603187561035,0.187571,0.0
2019-01-09,8.737603187561035,8.737603187561035,8.699153900146484,8.699153900146484,0.155099,-0.4400438723205835
2019-01-10,8.718379020690918,8.833725929260254,8.699153900146484,8.74721622467041,0.263797,0.5524942434127489
2019-01-13,8.67992877960205,8.74721622467041,8.651091575622559,8.74721622467041,0.12563,0.0
2019-01-14,8.708765983581543,8.833725929260254,8.699153900146484,8.833725929260254,0.736843,0.988996983358592
2019-01-15,8.833725929260254,8.833725929260254,8.651091575622559,8.651091575622559,0.42034,-2.067466832231568
2019-01-16,8.651091575622559,8.891400337219238,8.651091575622559,8.74721622467041,0.793652,1.111127401757206
2019-01-17,8.795276641845703,8.891400337219238,8.766440391540527,8.843338966369629,2.183092,1.0988952282683595
2019-01-20,8.891400337219238,8.891400337219238,8.843338966369629,8.88178825378418,0.041613,0.43478246803350107
2019-01-21,8.804888725280762,8.843338966369629,8.795276641845703,8.814501762390137,0.603907,-0.7575781978969687
2019-01-22,8.843338966369629,8.843338966369629,8.660704612731934,8.660704612731934,0.733433,-1.7448195462893556
2019-01-23,8.795276641845703,8.843338966369629,8.651091575622559,8.843338966369629,0.768948,2.108770149823691
2019-01-24,8.795276641845703,8.862563133239746,8.795276641845703,8.862563133239746,0.663731,0.2173858419678875
2019-01-27,8.862563133239746,9.035585403442383,8.862563133239746,9.035585403442383,0.848477,1.952282512422432
2019-01-28,8.891400337219238,9.112483978271484,8.891400337219238,9.102871894836426,1.100451,0.7446832539307113
2019-01-29,8.987524032592773,9.122096061706545,8.843338966369629,9.122096061706545,0.232377,0.2111879315913611
2019-01-30,9.035585403442385,9.035585403442385,9.035585403442385,9.035585403442385,0.146284,-0.9483638154976436
2019-01-31,9.035585403442383,9.170158386230469,9.035585403442383,9.170158386230469,0.465784,1.4893665078614227
2019-02-03,9.179770469665527,9.18938159942627,9.179770469665527,9.179770469665527,0.418733,0.1048191648411522
2019-02-04,9.179770469665527,9.237443923950195,9.131709098815918,9.227831840515137,0.686824,0.5235574354329309
2019-02-05,9.323954582214355,9.429691314697266,9.323954582214355,9.42007827758789,0.465789,2.0833326874108105
2019-02-06,9.612324714660645,9.612324714660645,9.60271167755127,9.612324714660645,1.040159,2.0408157067032473
2019-02-07,9.612324714660645,9.900694847106934,9.612324714660645,9.900694847106934,1.888156,3.0000040677617745
2019-02-10,9.804571151733398,9.948756217956545,9.70844841003418,9.900694847106934,0.389928,0.0
2019-02-11,9.852633476257324,9.996817588806152,9.612324714660645,9.756509780883787,1.229415,-1.456312596739373
2019-02-12,9.756509780883789,9.804571151733398,9.756509780883789,9.804571151733398,0.34747,0.4926082372589624
2019-02-13,9.70844841003418,9.900694847106934,9.70844841003418,9.900694847106934,2.539697,0.9803967341961872
2019-02-14,9.852633476257324,9.900694847106934,9.804571151733398,9.852633476257324,0.803187,-0.4854343214471757
2019-02-17,9.852633476257324,9.996817588806152,9.852633476257324,9.900694847106934,0.437459,0.48780228114064794
2019-02-18,9.852633476257324,9.948756217956543,9.852633476257324,9.948756217956543,0.16378,0.4854343214471868
2019-02-19,9.948756217956543,9.948756217956543,9.900694847106934,9.900694847106934,0.074799,-0.4830892404707132
2019-02-20,9.996817588806152,10.044878959655762,9.996817588806152,9.996817588806152,2.276874,0.9708686428943514
2019-02-21,9.900694847106934,10.044878959655762,9.612324714660645,9.900694847106934,1.02752,-0.9615334164629674
2019-02-24,9.756509780883787,9.804571151733398,9.756509780883787,9.804571151733398,0.062419,-0.9708782752921974
2019-02-25,9.804571151733398,9.852633476257324,9.70844841003418,9.804571151733398,1.977659,0.0
2019-02-26,9.660386085510254,9.756509780883787,9.612324714660645,9.612324714660645,1.368199,-1.9607837415588136
2019-02-27,9.612324714660645,9.660386085510254,9.535426139831543,9.535426139831543,2.496156,-0.7999997618871157
2019-02-28,9.275893211364746,9.275893211364746,9.035585403442383,9.131709098815918,1.615646,-4.233864696714617
2019-03-03,9.131709098815918,9.131709098815918,9.131709098815918,9.131709098815918,0.072772,0.0
2019-03-04,9.131709098815918,9.227831840515137,9.131709098815918,9.131709098815918,0.26184,0.0
2019-03-05,9.131709098815918,9.131709098815918,9.131709098815918,9.131709098815918,1.513373,0.0
2019-03-06,9.035585403442383,9.035585403442383,9.035585403442383,9.035585403442383,0.288821,-1.05263641595853
2019-03-07,8.997136116027832,8.997136116027832,8.891400337219238,8.891400337219238,0.850886,-1.595746814237542
2019-03-10,8.852951049804688,8.852951049804688,8.843338966369629,8.843338966369629,0.026008,-0.5405376996514888
2019-03-11,8.891400337219238,8.939461708068848,8.891400337219238,8.939461708068848,0.218273,1.086950778034912
2019-03-12,8.939461708068848,9.131709098815918,8.891400337219238,9.035585403442385,0.958165,1.0752738644964843
2019-03-13,9.131709098815918,9.131709098815918,9.0548095703125,9.0548095703125,0.573257,0.21276061275226077
2019-03-14,9.131709098815918,9.275893211364746,9.131709098815918,9.18938159942627,0.993934,1.4861939179260375
2019-03-17,9.227831840515137,9.323954582214355,9.227831840515137,9.323954582214355,0.284404,1.4644400314868689
2019-03-18,9.323954582214355,9.391241073608398,9.323954582214355,9.37201690673828,0.760126,0.5154714568816665
2019-03-19,9.391241073608398,9.525814056396484,9.391241073608398,9.516201972961426,2.031766,1.5384635736143348
2019-03-20,9.516201972961426,9.516201972961426,9.516201972961426,9.516201972961426,0.789679,0.0
2019-03-21,9.583488464355469,9.660386085510254,9.583488464355469,9.612324714660645,0.532571,1.0100956450097789
2019-03-24,9.448914527893066,9.564263343811035,9.42007827758789,9.554651260375977,0.460091,-0.5999948607302574
2019-03-25,9.439303398132324,9.564263343811035,9.439303398132324,9.564263343811035,0.805091,0.1006010912708132
2019-03-26,9.448914527893066,9.564263343811035,9.448914527893066,9.564263343811035,0.47335,0.0
2019-03-27,9.612324714660645,9.70844841003418,9.564263343811035,9.70844841003418,2.605159,1.5075396927087592
2019-03-28,9.612324714660645,9.756509780883787,9.612324714660645,9.756509780883787,0.283995,0.4950468789630236
2019-03-31,9.70844841003418,9.70844841003418,9.660386085510254,9.660386085510254,0.082507,-0.9852262492666464
2019-04-01,9.70844841003418,10.237126350402832,9.70844841003418,10.092941284179688,3.593716,4.4776181287229155
2019-04-02,10.189064025878906,10.33324909210205,10.141002655029297,10.33324909210205,2.796658,2.380949231311158
2019-04-03,10.62161922454834,11.294482231140137,10.62161922454834,10.958049774169922,9.143096,6.046507506970111
2019-04-04,10.958049774169922,11.390604972839355,10.861927032470703,11.390604972839355,8.445896,3.9473739176568046
2019-04-07,11.34254264831543,11.58285140991211,11.34254264831543,11.5347900390625,6.752751,1.265824480499056
2019-04-08,11.438667297363281,11.58285140991211,11.438667297363281,11.5347900390625,2.084921,0.0
2019-04-09,11.63091278076172,11.63091278076172,11.5347900390625,11.5347900390625,0.902944,0.0
2019-04-10,11.5347900390625,11.58285140991211,11.5347900390625,11.5347900390625,1.53765,0.0
2019-04-11,11.5347900390625,11.5347900390625,11.294482231140137,11.34254264831543,0.436794,-1.6666743832876474
2019-04-14,11.486727714538574,11.5347900390625,11.486727714538574,11.5347900390625,0.398914,1.694923234656054
2019-04-15,11.486727714538574,11.5347900390625,11.486727714538574,11.5347900390625,1.294582,0.0
2019-04-16,11.5347900390625,11.5347900390625,11.5347900390625,11.5347900390625,0.069025,0.0
2019-04-17,11.486727714538574,11.486727714538574,11.438667297363281,11.486727714538574,0.294283,-0.41667272972600866
2019-04-18,11.486727714538574,11.5347900390625,11.34254264831543,11.5347900390625,2.546152,0.41841615574376156
2019-04-21,11.486727714538574,11.5347900390625,11.486727714538574,11.486727714538574,0.333203,-0.4166727297260086
2019-04-22,11.486727714538574,11.486727714538574,11.43866729736328,11.43866729736328,0.667358,-0.4183995509396743
2019-04-23,11.438667297363281,11.438667297363281,11.294482231140137,11.294482231140137,1.241418,-1.2605058130887414
2019-04-24,11.390604972839355,11.390604972839355,11.34254264831543,11.390604972839355,0.945351,0.8510593025167434
2019-04-25,11.43866729736328,11.43866729736328,11.390604972839355,11.43866729736328,0.371122,0.4219470751424481
2019-04-28,11.438667297363281,11.438667297363281,11.438667297363281,11.438667297363281,0.139336,0.0
2019-04-29,11.390604972839355,11.5347900390625,11.390604972839355,11.5347900390625,1.135583,0.8403316505356972
2019-04-30,11.486727714538574,11.486727714538574,11.486727714538574,11.486727714538574,1.255129,-0.41667272972600866
2019-05-01,11.486727714538574,11.5347900390625,11.486727714538574,11.5347900390625,4.506078,0.4184161557437615
2019-05-02,11.43866729736328,11.5347900390625,11.43866729736328,11.5347900390625,0.078544,0.0
2019-05-05,11.486727714538574,11.486727714538574,11.43866729736328,11.43866729736328,0.062419,-0.8333289238356301
2019-05-06,11.294482231140137,11.486727714538574,11.294482231140137,11.486727714538574,2.003915,0.4201574879826308
2019-05-07,11.390604972839355,11.390604972839355,11.390604972839355,11.390604972839355,0.052016,-0.836815706683447
2019-05-08,11.390604972839355,11.390604972839355,11.34254264831543,11.34254264831543,0.062419,-0.4219470751424481
2019-05-09,11.294482231140137,11.294482231140137,11.054174423217773,11.054174423217773,1.158881,-2.5423596281604843
2019-05-12,10.958049774169922,11.054174423217773,10.66968059539795,10.66968059539795,1.031054,-3.4782681464863408
2019-05-13,10.765804290771484,10.765804290771484,10.285187721252441,10.285187721252441,2.210568,-3.6036024762666985
2019-05-14,10.42937183380127,10.813864707946777,10.42937183380127,10.62161922454834,0.77815,3.271029293910943
2019-05-15,10.62161922454834,10.66968059539795,10.573556900024414,10.62161922454834,0.470352,0.0
2019-05-16,10.573556900024414,10.66968059539795,10.573556900024414,10.62161922454834,1.057839,0.0
2019-05-19,10.62161922454834,10.62161922454834,10.381311416625977,10.381311416625977,0.933383,-2.2624404324998904
2019-05-20,10.381311416625977,10.381311416625977,10.381311416625977,10.381311416625977,0.052016,0.0
2019-05-21,10.381311416625977,10.381311416625977,10.381311416625977,10.381311416625977,1.006832,0.0
2019-05-22,10.477434158325195,10.66968059539795,10.477434158325195,10.66968059539795,1.066185,2.777772163834147
2019-05-23,10.477434158325195,10.573556900024414,10.42937183380127,10.573556900024414,1.31997,-0.9009050881522708
2019-05-26,10.477434158325195,10.62161922454834,10.477434158325195,10.62161922454834,3.398014,0.4545520961240168
2019-05-27,10.62161922454834,10.62161922454834,10.525495529174805,10.573556900024414,2.453875,-0.45249526939212803
2019-05-28,10.573556900024414,10.62161922454834,10.573556900024414,10.62161922454834,0.634206,0.4545520961240168
2019-05-29,10.62161922454834,10.62161922454834,10.62161922454834,10.62161922454834,0.0,0.0
2019-05-30,10.573556900024414,10.66968059539795,10.525495529174805,10.66968059539795,1.796597,0.45248629077694336
2019-06-02,10.66968059539795,10.66968059539795,10.66968059539795,10.66968059539795,0.0,0.0
2019-06-03,10.66968059539795,10.66968059539795,10.66968059539795,10.66968059539795,0.0,0.0
2019-06-04,10.66968059539795,10.66968059539795,10.66968059539795,10.66968059539795,0.0,0.0
2019-06-05,10.66968059539795,10.66968059539795,10.66968059539795,10.66968059539795,0.0,0.0
2019-06-06,10.66968059539795,10.66968059539795,10.66968059539795,10.66968059539795,0.0,0.0
2019-06-09,10.909989356994627,10.958049774169922,10.909989356994627,10.958049774169922,0.417536,2.702697388114439
2019-06-10,10.958049774169922,10.958049774169922,10.909989356994629,10.958049774169922,0.078024,0.0
2019-06-11,10.958049774169922,10.958049774169922,10.861927032470703,10.958049774169922,1.139721,0.0
2019-06-12,10.861927032470703,10.958049774169922,10.861927032470703,10.958049774169922,0.341946,0.0
2019-06-13,10.958049774169922,11.054174423217773,10.66968059539795,10.909989356994629,0.909838,-0.4385854980197279
2019-06-16,10.861927032470703,10.909989356994629,10.813864707946777,10.813864707946777,0.168914,-0.8810700533472438
2019-06-17,10.813864707946777,10.813864707946777,10.66968059539795,10.765804290771484,0.759587,-0.44443331291147414
2019-06-18,10.71774196624756,10.909989356994627,10.71774196624756,10.909989356994627,0.914969,1.3392874543218358
2019-06-19,10.909989356994627,10.909989356994627,10.66968059539795,10.765804290771484,3.37199,-1.3215875974315616
2019-06-20,10.765804290771484,10.813864707946777,10.765804290771484,10.765804290771484,1.933581,0.0
2019-06-23,10.66968059539795,10.765804290771484,10.62161922454834,10.717741966247559,0.444637,-0.44643505701775776
2019-06-24,10.66968059539795,10.66968059539795,10.573556900024414,10.573556900024414,0.757821,-1.345293315301055
2019-06-25,10.573556900024414,10.573556900024414,10.477434158325195,10.477434158325195,1.373236,-0.9090861533926797
2019-06-26,10.477434158325195,10.525495529174805,10.477434158325195,10.477434158325195,9.709167,0.0
2019-06-27,10.66968059539795,10.66968059539795,10.477434158325195,10.477434158325195,2.883607,0.0
2019-06-30,10.909989356994629,11.102234840393066,10.909989356994629,10.909989356994629,1.696618,4.128445878380749
2019-07-01,10.861927032470703,11.006112098693848,10.813864707946777,11.006112098693848,2.760015,0.8810525707579453
2019-07-02,10.909989356994627,11.006112098693848,10.909989356994627,11.006112098693848,1.022851,0.0
2019-07-03,10.958049774169922,11.006112098693848,10.958049774169922,10.958049774169922,0.526411,-0.4366875795280167
2019-07-04,10.958049774169922,11.006112098693848,10.909989356994627,10.909989356994627,0.392868,-0.4385854980197279
2019-07-07,10.958049774169922,10.958049774169922,10.71774196624756,10.71774196624756,0.661339,-1.762122624105189
2019-07-08,10.717741966247559,10.717741966247559,10.66968059539795,10.66968059539795,2.19998,-0.44842813907037815
2019-07-09,10.62161922454834,10.62161922454834,10.62161922454834,10.62161922454834,0.61921,-0.4504480749905393
2019-07-10,10.66968059539795,10.66968059539795,10.66968059539795,10.66968059539795,0.185913,0.4524862907769433
2019-07-11,10.813864707946776,10.813864707946776,10.66968059539795,10.71774196624756,0.300465,0.4504480749905504
2019-07-14,10.909989356994627,10.909989356994627,10.765804290771484,10.813864707946776,0.097792,0.8968562781407563
2019-07-15,10.861927032470703,10.861927032470703,10.861927032470703,10.861927032470703,0.285621,0.444450950903863
2019-07-16,10.861927032470703,10.958049774169922,10.861927032470703,10.861927032470703,0.702223,0.0
2019-07-17,11.054174423217772,11.054174423217772,10.861927032470703,10.861927032470703,0.901444,0.0
2019-07-18,11.006112098693848,11.34254264831543,11.006112098693848,11.150297164916992,2.13666,2.6548708307856828
2019-07-21,11.054174423217773,11.054174423217773,11.006112098693848,11.006112098693848,0.019725,-1.2931051441104624
2019-07-22,11.006112098693848,11.102234840393066,11.006112098693848,11.102234840393066,0.406123,0.873357829152277
2019-07-23,11.150297164916992,11.294482231140137,11.150297164916992,11.294482231140137,1.025766,1.7316098381167322
2019-07-24,11.294482231140137,11.34254264831543,11.294482231140137,11.34254264831543,1.039269,0.4255212075396031
2019-07-25,11.34254264831543,11.390604972839355,11.246419906616213,11.246419906616213,0.154653,-0.8474532093868281
2019-07-28,11.294482231140137,11.294482231140137,11.198357582092283,11.198357582092283,0.156022,-0.4273566603684386
2019-07-29,11.198357582092285,11.198357582092285,11.102234840393066,11.150297164916992,0.610951,-0.42917380359551727
2019-07-30,11.150297164916992,11.390604972839355,11.150297164916992,11.246419906616213,0.872532,0.8620643941370076
2019-07-31,11.34254264831543,11.43866729736328,11.34254264831543,11.43866729736328,0.554456,1.7094096818665916
2019-08-01,11.34254264831543,11.43866729736328,11.34254264831543,11.390604972839355,1.629539,-0.4201741625530553
2019-08-04,11.34254264831543,11.34254264831543,11.246419906616213,11.294482231140137,0.40388,-0.8438774053566189
2019-08-05,11.150297164916992,11.150297164916992,11.102234840393066,11.102234840393066,0.469325,-1.7021354924710352
2019-08-06,11.102234840393066,11.102234840393066,10.909989356994627,11.006112098693848,2.368395,-0.865796329127333
2019-08-07,11.006112098693848,11.198357582092283,10.958049774169922,11.198357582092283,2.018446,1.746715658304554
2019-08-08,11.102234840393066,11.294482231140137,11.102234840393066,11.246419906616213,0.274439,0.4291908359917329
2019-08-11,11.246419906616213,11.246419906616213,11.246419906616213,11.246419906616213,0.0,0.0
2019-08-12,11.246419906616213,11.246419906616213,11.246419906616213,11.246419906616213,0.0,0.0
2019-08-13,11.246419906616213,11.246419906616213,11.246419906616213,11.246419906616213,0.0,0.0
2019-08-14,11.006112098693848,11.246419906616213,11.006112098693848,11.246419906616213,0.285885,0.0
2019-08-15,11.006112098693848,11.150297164916992,11.006112098693848,11.150297164916992,0.846781,-0.8546963611297365
2019-08-18,11.150297164916992,11.150297164916992,11.102234840393066,11.102234840393066,0.11314,-0.43104074997344366
2019-08-19,11.102234840393066,11.102234840393066,11.102234840393066,11.102234840393066,0.286091,0.0
2019-08-20,11.102234840393066,11.102234840393066,11.102234840393066,11.102234840393066,0.21694,0.0
2019-08-21,11.246419906616213,11.246419906616213,11.246419906616213,11.246419906616213,0.254241,1.2987030836220326
2019-08-22,11.294482231140137,11.294482231140137,11.102234840393066,11.102234840393066,0.501852,-1.282053021498164
2019-08-25,11.054174423217773,11.054174423217773,11.006112098693848,11.006112098693848,0.522558,-0.865796329127333
2019-08-26,11.006112098693848,11.006112098693848,11.006112098693848,11.006112098693848,1.280389,0.0
2019-08-27,11.054174423217773,11.054174423217773,11.006112098693848,11.006112098693848,0.2639,0.0
2019-08-28,11.054174423217773,11.054174423217773,11.054174423217773,11.054174423217773,0.74642,0.43668757952801673
2019-08-29,11.054174423217773,11.102234840393066,11.054174423217773,11.102234840393066,1.593398,0.43477165580405597
2019-09-01,11.102234840393066,11.102234840393066,11.102234840393066,11.102234840393066,0.0,0.0
2019-09-02,12.49602222442627,12.640207290649414,12.44796085357666,12.640207290649414,25.805404,13.852818575416626
2019-09-03,13.36113166809082,13.889809608459473,12.976638793945312,12.976638793945312,20.865796,2.661597990918807
2019-09-04,12.784392356872559,13.072761535644531,12.688268661499023,13.072761535644531,3.62487,0.7407368211872267
2019-09-05,13.072761535644531,13.313070297241211,13.072761535644531,13.265007972717285,10.809038,1.4705878061691102
2019-09-08,13.168885231018066,13.216946601867676,12.784392356872559,12.880515098571777,4.919204,-2.898549891084201
2019-09-09,12.880515098571777,12.928577423095703,12.832453727722168,12.832453727722168,1.962351,-0.3731323668487385
2019-09-10,12.832453727722168,12.928577423095703,12.832453727722168,12.880515098571777,6.015858,0.3745298589760804
2019-09-11,12.832453727722168,12.928577423095703,12.832453727722168,12.928577423095703,3.822838,0.37313977085633443
2019-09-12,12.880515098571777,12.928577423095703,12.880515098571777,12.880515098571777,3.730448,-0.3717526140042837
2019-09-15,12.880515098571777,12.928577423095703,12.640207290649414,12.832453727722168,1.891944,-0.3731323668487385
2019-09-16,12.592145919799805,12.928577423095703,12.592145919799805,12.928577423095703,1.77144,0.7490671496899859
2019-09-17,12.880515098571777,12.928577423095703,12.832453727722168,12.880515098571777,9.108185,-0.3717526140042837
2019-09-18,12.880515098571777,12.928577423095703,12.73633098602295,12.73633098602295,1.306435,-1.1193971005462044
2019-09-19,12.688268661499023,12.688268661499023,12.544083595275879,12.592145919799805,8.358916,-1.1320769410073872
2019-09-22,12.592145919799805,12.832453727722168,12.592145919799805,12.73633098602295,1.200008,1.1450396710891653
2019-09-23,12.73633098602295,12.928577423095703,12.73633098602295,12.784392356872559,4.645804,0.3773564843937649
2019-09-24,12.688268661499023,12.73633098602295,12.399898529052734,12.49602222442627,2.420682,-2.2556420703974123
2019-09-25,12.49602222442627,12.544083595275879,12.44796085357666,12.49602222442627,0.509948,0.0
2019-09-26,12.544083595275879,12.544083595275879,12.44796085357666,12.49602222442627,2.432926,0.0
2019-09-29,12.399898529052734,12.49602222442627,12.399898529052734,12.49602222442627,0.135496,0.0
2019-09-30,12.49602222442627,12.49602222442627,12.44796085357666,12.44796085357666,0.500463,-0.3846133592469325
2019-10-01,12.399898529052734,12.49602222442627,12.35183811187744,12.44796085357666,4.017024,0.0
2019-10-02,12.44796085357666,12.54408359527588,12.399898529052734,12.399898529052734,1.55488,-0.386106006351361
2019-10-03,12.44796085357666,12.44796085357666,12.399898529052734,12.44796085357666,1.023228,0.3876025631283752
2019-10-06,12.35183811187744,12.54408359527588,12.35183811187744,12.54408359527588,1.592908,0.7721966901237387
2019-10-07,12.49602222442627,12.54408359527588,12.49602222442627,12.54408359527588,1.103194,0.0
2019-10-08,12.54408359527588,12.592145919799805,12.54408359527588,12.592145919799805,0.585983,0.3831473551565434
2019-10-09,12.54408359527588,12.688268661499023,12.54408359527588,12.688268661499023,1.689102,0.7633547316829858
2019-10-10,12.640207290649414,12.688268661499023,12.640207290649414,12.640207290649414,2.149556,-0.3787858858588455
2019-10-13,12.640207290649414,12.640207290649414,12.592145919799805,12.640207290649414,0.56398,0.0
2019-10-14,12.592145919799805,12.640207290649414,12.54408359527588,12.640207290649414,9.904215,0.0
2019-10-15,12.640207290649414,12.688268661499023,12.592145919799805,12.640207290649414,1.794465,0.0
2019-10-16,12.54408359527588,12.640207290649414,12.54408359527588,12.640207290649414,0.183205,0.0
2019-10-17,12.399898529052734,12.399898529052734,12.063467979431152,12.159590721130371,4.159626,-3.802283921993743
2019-10-20,12.159590721130371,12.159590721130371,12.015405654907227,12.015405654907227,0.914202,-1.1857723629841166
2019-10-21,11.871220588684082,11.967345237731934,11.823160171508789,11.919282913208008,1.075213,-0.7999958092131609
2019-10-22,11.919282913208008,12.111529350280762,11.919282913208008,12.015405654907227,1.604217,0.8064473542506834
2019-10-23,11.967345237731934,12.015405654907227,11.967345237731934,12.015405654907227,0.833364,0.0
2019-10-24,12.015405654907227,12.063467979431152,11.919282913208008,12.015405654907227,2.929894,0.0
2019-10-27,12.015405654907227,12.063467979431152,12.015405654907227,12.015405654907227,0.89728,0.0
2019-10-28,12.063467979431152,12.159590721130371,12.063467979431152,12.063467979431152,5.47605,0.40000584170287734
2019-10-29,12.063467979431152,12.111529350280762,12.015405654907227,12.063467979431152,5.311901,0.0
2019-10-30,12.100000381469727,12.100000381469727,12.0,12.050000190734863,1.49849,-0.11164110286736584
2019-10-31,12.050000190734863,12.050000190734863,11.949999809265137,12.0,0.410141,-0.41493933563011565
2019-11-03,11.699999809265137,11.699999809265137,11.399999618530273,11.399999618530273,0.386012,-5.000003178914392
2019-11-04,11.399999618530273,11.449999809265137,11.0,11.399999618530273,9.441196,0.0
2019-11-05,11.300000190734863,11.449999809265137,11.199999809265137,11.300000190734863,3.460904,-0.8771879924703185
2019-11-06,11.399999618530273,11.399999618530273,11.300000190734863,11.399999618530273,1.758035,0.8849506735177037
2019-11-07,11.300000190734863,11.449999809265137,11.199999809265137,11.449999809265137,3.928075,0.43859817901739095
2019-11-10,11.449999809265137,11.449999809265137,11.199999809265137,11.199999809265137,0.707107,-2.18340614990844
2019-11-11,11.449999809265137,11.449999809265137,11.199999809265137,11.300000190734863,1.058402,0.8928605640421639
2019-11-12,11.25,11.25,11.050000190734863,11.050000190734863,3.873282,-2.2123893431876263
2019-11-13,11.050000190734863,11.199999809265137,10.949999809265137,11.050000190734863,5.053099,0.0
2019-11-14,11.050000190734863,11.899999618530272,11.050000190734863,11.699999809265137,10.159513,5.882349387426089
2019-11-17,11.800000190734863,12.350000381469727,11.800000190734863,12.25,3.964153,4.700856407701148
2019-11-18,12.350000381469728,12.399999618530272,12.050000190734863,12.050000190734863,1.788248,-1.632651504205196
2019-11-19,11.949999809265137,12.199999809265137,11.949999809265137,12.100000381469728,1.786372,0.4149393356301267
2019-11-20,12.050000190734863,12.149999618530273,12.050000190734863,12.149999618530273,0.746591,0.4132168221838928
2019-11-21,12.199999809265137,12.199999809265137,11.899999618530272,12.050000190734863,1.700941,-0.8230405838276611
2019-11-24,12.0,12.100000381469728,12.0,12.100000381469728,0.593064,0.4149393356301267
2019-11-25,11.850000381469727,12.149999618530273,11.850000381469727,12.100000381469727,3.577253,0.0
2019-11-26,12.100000381469727,12.100000381469727,12.0,12.100000381469727,2.472016,0.0
2019-11-27,12.050000190734863,12.100000381469727,12.0,12.0,0.86744,-0.8264494075791107
2019-11-28,11.899999618530273,12.050000190734863,11.699999809265137,11.699999809265137,2.175396,-2.5000015894571903
2019-12-01,11.699999809265137,11.699999809265137,11.699999809265137,11.699999809265137,0.0,0.0
2019-12-02,11.699999809265137,11.699999809265137,11.699999809265137,11.699999809265137,0.0,0.0
2019-12-03,11.699999809265137,11.699999809265137,11.699999809265137,11.699999809265137,0.0,0.0
2019-12-04,11.699999809265137,11.699999809265137,11.699999809265137,11.699999809265137,0.0,0.0
2019-12-05,11.899999618530273,12.0,11.899999618530273,11.949999809265137,0.53343,2.136752171585732
2019-12-08,11.949999809265137,11.949999809265137,11.699999809265137,11.699999809265137,0.908681,-2.0920502425963994
2019-12-09,11.699999809265137,11.699999809265137,11.699999809265137,11.699999809265137,0.0,0.0
2019-12-10,11.699999809265137,11.699999809265137,11.699999809265137,11.699999809265137,0.0,0.0
2019-12-11,11.699999809265137,11.699999809265137,11.699999809265137,11.699999809265137,0.0,0.0
2019-12-12,11.699999809265137,11.699999809265137,11.699999809265137,11.699999809265137,0.0,0.0
2019-12-15,11.699999809265137,11.699999809265137,11.699999809265137,11.699999809265137,0.0,0.0
2019-12-16,12.550000190734863,12.800000190734863,12.550000190734863,12.699999809265137,7.694107,8.547008686342949
2019-12-17,12.699999809265137,12.850000381469728,12.699999809265137,12.75,3.740705,0.3937022951637114
2019-12-18,12.800000190734863,12.899999618530273,12.800000190734863,12.899999618530273,2.147262,1.1764675963158666
2019-12-19,12.800000190734863,12.949999809265137,12.800000190734863,12.899999618530272,1.62291,0.0
2019-12-22,12.899999618530273,12.949999809265137,12.800000190734863,12.800000190734863,1.090089,-0.7751893856784764
2019-12-23,12.850000381469727,13.0,12.850000381469727,13.0,1.638808,1.5624984866008385
2019-12-24,13.0,13.149999618530272,13.0,13.100000381469728,2.871011,0.7692337036132812
2019-12-25,13.100000381469728,13.100000381469728,13.050000190734863,13.050000190734863,0.141124,-0.3816808341898237
2019-12-26,13.050000190734863,13.050000190734863,13.050000190734863,13.050000190734863,0.258213,0.0
2019-12-29,13.0,13.199999809265137,10.949999809265137,13.149999618530272,156.382023,0.7662791289950066
2019-12-30,13.149999618530272,13.149999618530272,13.0,13.050000190734863,2.818871,-0.7604519444585844
2019-12-31,13.0,13.100000381469727,13.0,13.0,3.875936,-0.3831432184220329
2020-01-01,13.0,13.0,13.0,13.0,0.0,0.0
2020-01-02,13.100000381469728,13.100000381469728,13.0,13.0,0.383774,0.0
2020-01-05,12.800000190734863,12.800000190734863,12.600000381469728,12.600000381469728,1.5847,-3.0769201425405623
2020-01-06,12.600000381469728,12.800000190734863,12.600000381469728,12.649999618530272,1.113277,0.3968193297365197
2020-01-07,12.699999809265137,12.949999809265137,12.699999809265137,12.949999809265137,2.297676,2.3715430812773386
2020-01-08,12.850000381469728,12.850000381469728,12.649999618530272,12.649999618530272,2.488887,-2.3166038235786446
2020-01-09,12.949999809265137,12.949999809265137,12.75,12.800000190734863,2.039489,1.1857753101024882
2020-01-13,13.0,13.25,13.0,13.199999809265137,5.00213,3.124996973201677
2020-01-14,13.199999809265137,13.350000381469728,13.149999618530272,13.25,3.498442,0.3787893292223288
2020-01-15,13.300000190734863,13.399999618530272,13.25,13.350000381469728,1.285948,0.754719860148878
2020-01-16,13.399999618530272,13.649999618530272,13.399999618530272,13.600000381469728,5.949836,1.8726591225196376
2020-01-19,13.699999809265137,13.899999618530273,13.649999618530273,13.899999618530273,12.039577,2.2058766812190767
2020-01-20,13.850000381469727,13.899999618530273,13.75,13.75,2.078875,-1.0791339758765672
2020-01-21,13.75,13.800000190734863,13.75,13.800000190734863,0.529316,0.3636377507989952
2020-01-22,13.850000381469727,13.899999618530273,13.75,13.899999618530273,2.782607,0.7246335247339308
2020-01-23,13.800000190734863,13.899999618530272,13.800000190734863,13.850000381469728,2.288737,-0.3597067513145258
2020-01-26,13.800000190734863,13.850000381469728,13.75,13.75,1.325322,-0.722024395057197
2020-01-27,13.600000381469728,13.699999809265137,13.300000190734863,13.600000381469728,3.273652,-1.0909063165838062
2020-01-28,13.600000381469728,13.600000381469728,13.5,13.600000381469728,2.062723,0.0
2020-01-29,13.550000190734863,13.75,13.550000190734863,13.75,1.05505,1.1029383406095494
2020-01-30,13.75,13.850000381469728,13.649999618530272,13.75,2.452919,0.0
2020-02-02,13.75,13.75,13.75,13.75,0.0,0.0
2020-02-03,13.600000381469728,13.699999809265137,13.550000190734863,13.600000381469728,1.314649,-1.0909063165838062
2020-02-04,13.550000190734863,13.600000381469728,13.5,13.5,2.03791,-0.7352969019469913
2020-02-05,13.5,13.5,13.5,13.5,0.0,0.0
2020-02-06,13.550000190734863,13.550000190734863,13.350000381469728,13.399999618530272,2.342414,-0.7407435664424145
2020-02-09,13.300000190734863,13.399999618530273,13.300000190734863,13.399999618530273,0.264747,0.0
2020-02-10,13.399999618530273,13.399999618530273,13.300000190734863,13.300000190734863,1.056092,-0.746264407777486
2020-02-11,13.300000190734863,13.300000190734863,13.149999618530273,13.149999618530273,0.959461,-1.1278238349882397
2020-02-12,13.300000190734863,13.300000190734863,13.149999618530273,13.149999618530273,1.990119,0.0
2020-02-13,13.149999618530273,13.25,13.100000381469727,13.149999618530273,2.053596,0.0
2020-02-16,13.100000381469727,13.100000381469727,13.100000381469727,13.100000381469727,0.361794,-0.38022234609110805
2020-02-17,13.100000381469727,13.100000381469727,12.899999618530273,12.899999618530273,2.674583,-1.5267233367592836
2020-02-18,12.899999618530272,12.899999618530272,12.699999809265137,12.800000190734863,1.248865,-0.7751893856784764
2020-02-19,12.800000190734863,12.800000190734863,12.800000190734863,12.800000190734863,0.0,0.0
2020-02-20,12.699999809265137,12.949999809265137,12.699999809265137,12.949999809265137,3.336525,1.1718720023055074
2020-02-23,12.949999809265137,12.949999809265137,12.649999618530273,12.649999618530273,0.945211,-2.3166038235786446
2020-02-24,12.75,13.100000381469727,12.75,12.899999618530273,5.051465,1.9762846445765092
2020-02-25,13.0,13.100000381469727,12.949999809265137,13.050000190734863,4.996541,1.1627951677542825
2020-02-26,13.0,13.0,12.800000190734863,12.800000190734863,5.568766,-1.9157087842611165
2020-02-27,12.800000190734863,12.899999618530272,12.399999618530272,12.550000190734863,2.5999,-1.953124970896169
2020-03-01,11.949999809265137,11.949999809265137,11.300000190734863,11.699999809265137,6.341135,-6.772911303198592
2020-03-02,11.899999618530272,12.149999618530272,11.75,12.0,3.474526,2.5641042361154165
2020-03-03,12.0,12.0,12.0,12.0,0.0,0.0
2020-03-04,12.050000190734863,12.050000190734863,11.5,11.800000190734863,2.034251,-1.6666650772094729
2020-03-05,11.649999618530273,11.649999618530273,11.300000190734863,11.449999809265137,1.424519,-2.9661048797655076
2020-03-08,11.100000381469728,11.100000381469728,10.350000381469728,10.350000381469728,2.886699,-9.606982062177073
2020-03-09,9.319999694824219,9.319999694824219,9.319999694824219,9.319999694824219,2.904381,-9.951697088722666
2020-03-10,8.470000267028809,9.739999771118164,8.470000267028809,9.619999885559082,12.519823,3.218886272082888
2020-03-11,10.350000381469727,10.5,9.600000381469727,9.699999809265137,5.43059,0.8316000484173136
2020-03-12,8.729999542236328,8.930000305175781,8.729999542236328,8.729999542236328,5.289061,-10.000002949508255
2020-03-15,8.890000343322754,8.899999618530273,7.860000133514404,7.860000133514404,7.447387,-9.96562948844164
2020-03-16,7.119999885559082,7.809999942779541,7.119999885559082,7.590000152587891,8.496593,-3.435114202800782
2020-03-17,7.25,7.690000057220459,6.889999866485596,7.179999828338623,6.390771,-5.401848695740452
2020-03-18,7.400000095367432,7.599999904632568,7.110000133514404,7.329999923706055,7.449512,2.0891378684355866
2020-03-19,6.96999979019165,7.369999885559082,6.96999979019165,7.369999885559082,6.439722,0.5457020773446786
2020-03-22,7.300000190734863,7.300000190734863,7.010000228881836,7.059999942779541,1.847456,-4.206240808591611
2020-03-23,6.989999771118164,6.989999771118164,6.710000038146973,6.710000038146973,2.011624,-4.957505771519488
2020-03-24,6.900000095367432,6.900000095367432,6.599999904632568,6.820000171661377,3.71116,1.6393462427577221
2020-03-25,7.190000057220459,7.5,7.099999904632568,7.380000114440918,7.253537,8.211142649328163
2020-03-26,7.199999809265137,7.400000095367432,7.190000057220459,7.400000095367432,0.807893,0.2710024473763672
2020-03-29,7.199999809265137,7.400000095367432,7.099999904632568,7.400000095367432,0.310867,0.0
2020-03-30,7.320000171661377,7.380000114440918,7.150000095367432,7.230000019073486,0.699492,-2.2972982986901425
2020-03-31,7.25,7.460000038146973,7.199999809265137,7.230000019073486,2.393499,0.0
2020-04-01,7.230000019073486,7.230000019073486,6.869999885559082,6.900000095367432,4.030324,-4.564314285414673
2020-04-02,6.849999904632568,6.909999847412109,6.800000190734863,6.900000095367432,3.080956,0.0
2020-04-05,6.809999942779541,6.809999942779541,6.559999942779541,6.559999942779541,1.892609,-4.927538375197448
2020-04-06,6.329999923706055,6.800000190734863,6.329999923706055,6.559999942779541,4.069276,0.0
2020-04-07,6.71999979019165,7.539999961853027,6.71999979019165,7.53000020980835,2.149624,14.786589565392738
2020-04-08,7.599999904632568,8.0,7.599999904632568,7.800000190734863,2.661946,3.5856570173108397
2020-04-09,8.0,8.430000305175781,7.949999809265137,8.399999618530273,4.67879,7.692300168250155
2020-04-12,8.550000190734863,9.020000457763672,8.550000190734863,8.800000190734863,4.450734,4.761911790117157
2020-04-13,8.899999618530273,8.949999809265137,8.470000267028809,8.5,4.79921,-3.409093002642438
2020-04-14,8.350000381469727,8.930000305175781,8.350000381469727,8.800000190734863,3.772013,3.5294140086454595
2020-04-15,8.800000190734863,8.800000190734863,8.369999885559082,8.390000343322754,2.917618,-4.659089074154565
2020-04-16,8.369999885559082,8.369999885559082,7.980000019073486,8.050000190734863,1.984545,-4.052445037841768
2020-04-19,8.329999923706055,8.529999732971191,8.149999618530273,8.350000381469727,1.403715,3.7267103556115178
2020-04-20,8.390000343322754,8.390000343322754,8.079999923706055,8.300000190734863,3.755334,-0.5988046521030466
2020-04-21,8.100000381469727,8.229999542236328,7.889999866485596,7.900000095367432,2.042727,-4.819278146691419
2020-04-22,7.880000114440918,8.020000457763672,7.800000190734863,8.020000457763672,1.995052,1.5189919107293282
2020-04-23,8.199999809265137,8.25,8.0,8.100000381469727,1.804025,0.9975052261825157
2020-04-26,8.300000190734863,8.300000190734863,8.180000305175781,8.239999771118164,1.986086,1.7283874451254675
2020-04-27,8.350000381469727,8.350000381469727,8.170000076293945,8.25,2.334325,0.12136200436421163
2020-04-28,8.300000190734863,8.300000190734863,8.170000076293945,8.170000076293945,3.621663,-0.969696044921875
2020-04-29,8.319999694824219,8.329999923706055,8.149999618530273,8.199999809265137,2.186455,0.3671937905880718
2020-04-30,8.300000190734863,8.609999656677246,8.25,8.600000381469727,2.827632,4.8780558720578515
2020-05-03,8.600000381469727,8.600000381469727,8.600000381469727,8.600000381469727,0.0,0.0
2020-05-04,8.100000381469727,8.300000190734863,7.920000076293945,8.199999809265137,4.841744,-4.651169237927755
2020-05-05,8.399999618530273,8.399999618530273,8.25,8.289999961853027,4.406502,1.0975628619673827
2020-05-06,8.270000457763672,8.59000015258789,8.199999809265137,8.4399995803833,5.320101,1.8094043331785992
2020-05-07,8.380000114440918,8.670000076293945,8.380000114440918,8.65999984741211,3.681544,2.6066383645343416
2020-05-10,8.680000305175781,8.800000190734863,8.229999542236328,8.569999694824219,3.465448,-1.0392627502734397
2020-05-11,8.569999694824219,8.569999694824219,8.300000190734863,8.489999771118164,3.635747,-0.9334880578160344
2020-05-12,8.350000381469727,8.649999618530273,8.350000381469727,8.449999809265137,2.826796,-0.4711420839974778
2020-05-13,8.800000190734863,8.850000381469727,8.5,8.800000190734863,14.400474,4.142016442248475
2020-05-14,8.609999656677246,8.84000015258789,8.5,8.5,5.470393,-3.409093002642438
2020-05-17,8.550000190734863,8.550000190734863,8.460000038146973,8.5,2.090436,0.0
2020-05-18,8.5,8.800000190734863,8.5,8.770000457763672,4.854076,3.1764759736902626
2020-05-19,8.800000190734863,8.930000305175781,8.800000190734863,8.90999984741211,7.66259,1.5963441544008417
2020-05-20,8.90999984741211,8.960000038146973,8.890000343322754,8.949999809265137,5.416787,0.4489333618186819
2020-05-21,8.899999618530273,9.020000457763672,8.850000381469727,9.0,6.970882,0.5586613608986157
2020-05-24,9.0,9.0,9.0,9.0,0.0,0.0
2020-05-25,9.0,9.0,9.0,9.0,0.0,0.0
2020-05-26,9.0,9.0,9.0,9.0,0.0,0.0
2020-05-27,9.0,9.010000228881836,8.800000190734863,8.930000305175781,9.434708,-0.777774386935759
2020-05-28,8.930000305175781,8.930000305175781,8.489999771118164,8.640000343322754,101.731408,-3.247479864977665
2020-05-31,8.819999694824219,8.819999694824219,8.399999618530273,8.5600004196167,1.580436,-0.9259250061012025
2020-06-01,8.59000015258789,8.800000190734863,8.59000015258789,8.800000190734863,8.20891,2.8037355064628677
2020-06-02,8.8100004196167,8.8100004196167,8.6899995803833,8.800000190734863,0.923063,0.0
2020-06-03,8.800000190734863,8.850000381469727,8.630000114440918,8.850000381469727,3.130958,0.5681839733084004
2020-06-04,8.779999732971191,8.979999542236328,8.75,8.979999542236328,5.12628,1.4689170074929647
2020-06-07,9.0,9.359999656677246,9.0,9.329999923706055,5.555491,3.8975545580324678
2020-06-08,9.449999809265137,9.600000381469727,9.210000038146973,9.399999618530273,4.289227,0.7502646880667152
2020-06-09,9.470000267028809,9.470000267028809,9.25,9.350000381469727,1.692558,-0.5319067988256432
2020-06-10,9.350000381469727,9.350000381469727,9.119999885559082,9.149999618530273,1.855002,-2.1390455056646163
2020-06-11,9.100000381469727,9.119999885559082,8.960000038146973,9.0,0.938468,-1.6393401615722336
2020-06-14,8.850000381469727,8.899999618530273,8.8100004196167,8.890000343322754,0.561534,-1.2222184075249554
2020-06-15,8.949999809265137,8.949999809265137,8.649999618530273,8.789999961853027,2.652575,-1.1248636401328893
2020-06-16,8.789999961853027,8.930000305175781,8.789999961853027,8.8100004196167,2.266168,0.2275364943170599
2020-06-17,8.949999809265137,8.949999809265137,8.739999771118164,8.930000305175781,4.911843,1.362087171890325
2020-06-18,8.989999771118164,9.199999809265137,8.930000305175781,9.199999809265137,5.393324,3.0235105807652207
2020-06-21,9.18000030517578,9.260000228881836,8.84000015258789,8.84000015258789,1.507395,-3.913039827617149
2020-06-22,8.949999809265137,9.029999732971191,8.920000076293945,9.0,2.035042,1.8099529937821268
2020-06-23,9.069999694824219,9.130000114440918,9.0,9.100000381469727,2.968976,1.1111153496636383
2020-06-24,9.149999618530272,9.229999542236328,8.920000076293945,9.0,3.846032,-1.0989052448102776
2020-06-25,8.90999984741211,8.989999771118164,8.850000381469727,8.899999618530273,3.656921,-1.1111153496636272
2020-06-28,8.850000381469727,8.989999771118164,8.850000381469727,8.899999618530273,2.119005,0.0
2020-06-29,8.899999618530273,9.079999923706056,8.850000381469727,8.859999656677246,1.937419,-0.4494377928932147
2020-06-30,8.859999656677246,8.970000267028809,8.84000015258789,8.859999656677246,4.056498,0.0
2020-07-01,8.930000305175781,8.9399995803833,8.859999656677246,8.899999618530273,2.154244,0.4514668555645196
2020-07-02,8.949999809265137,8.949999809265137,8.880000114440918,8.899999618530273,2.057161,0.0
2020-07-05,8.899999618530273,8.899999618530273,8.8100004196167,8.8100004196167,0.220941,-1.011226997428083
2020-07-06,8.899999618530273,8.930000305175781,8.84000015258789,8.859999656677246,1.450064,0.5675282029410145
2020-07-07,8.989999771118164,8.989999771118164,8.899999618530273,8.899999618530273,1.415876,0.4514668555645196
2020-07-08,8.989999771118164,8.989999771118164,8.829999923706055,8.880000114440918,1.823419,-0.22471353872549615
2020-07-09,8.8100004196167,8.890000343322754,8.8100004196167,8.890000343322754,2.333621,0.1126151886594373
2020-07-12,8.850000381469727,8.90999984741211,8.850000381469727,8.880000114440918,1.098625,-0.11248850951223188
2020-07-13,8.920000076293945,8.920000076293945,8.760000228881836,8.760000228881836,1.265141,-1.351350045186761
2020-07-14,8.760000228881836,8.779999732971191,8.5600004196167,8.619999885559082,3.613938,-1.598177393433975
2020-07-15,8.609999656677246,8.670000076293945,8.390000343322754,8.5,2.265404,-1.3921100597706015
2020-07-16,8.5,8.649999618530273,8.5,8.550000190734863,1.948966,0.5882375380572125
2020-07-19,8.649999618530273,8.800000190734863,8.619999885559082,8.800000190734863,0.94501,2.923976542958573
2020-07-20,8.739999771118164,8.850000381469727,8.619999885559082,8.630000114440918,2.741846,-1.931819006923785
2020-07-21,8.899999618530273,9.140000343322754,8.899999618530273,9.140000343322754,6.777983,5.909620186776499
2020-07-22,9.130000114440918,9.130000114440918,8.960000038146973,9.0,3.686847,-1.5317323639383873
2020-07-23,8.960000038146973,9.010000228881836,8.850000381469727,8.890000343322754,3.165477,-1.2222184075249554
2020-07-26,8.949999809265137,8.949999809265137,8.930000305175781,8.930000305175781,0.136933,0.44994331055421277
2020-07-27,9.0,9.0,8.880000114440918,9.0,2.446842,0.7838711358570505
2020-07-28,8.989999771118164,8.989999771118164,8.859999656677246,8.869999885559082,2.842942,-1.4444457160102009
2020-07-29,8.949999809265137,8.949999809265137,8.819999694824219,8.84000015258789,1.121808,-0.3382157086612047
2020-07-30,8.84000015258789,8.84000015258789,8.84000015258789,8.84000015258789,0.0,0.0
2020-08-02,8.84000015258789,8.84000015258789,8.84000015258789,8.84000015258789,0.0,0.0
2020-08-03,9.079999923706056,9.079999923706056,8.989999771118164,9.039999961853027,1.987469,2.262441242227653
2020-08-04,9.0600004196167,9.119999885559082,9.039999961853027,9.119999885559082,9.913576,0.8849549119871458
2020-08-05,9.119999885559082,9.239999771118164,9.109999656677246,9.199999809265137,3.718147,0.8771921569070251
2020-08-06,9.260000228881836,9.390000343322754,9.229999542236328,9.350000381469727,3.15315,1.6304410360261867
2020-08-09,9.149999618530272,9.399999618530272,9.010000228881836,9.25,2.269619,-1.069522752832308
2020-08-10,9.229999542236328,9.380000114440918,9.199999809265137,9.199999809265137,2.847101,-0.5405426025390625
2020-08-11,9.350000381469727,9.369999885559082,9.199999809265137,9.25,1.845482,0.5434803453420622
2020-08-12,9.260000228881836,9.5,9.260000228881836,9.5,2.667897,2.7027027027026973
2020-08-13,9.5,9.9399995803833,9.3100004196167,9.75,12.88245,2.631578947368429
2020-08-16,9.930000305175781,10.100000381469727,9.850000381469727,10.050000190734863,4.650048,3.0769250331780906
2020-08-17,10.050000190734863,10.5,10.050000190734863,10.5,8.472215,4.477609957460427
2020-08-18,10.5,10.699999809265137,10.25,10.449999809265137,6.332132,-0.4761922927129847
2020-08-19,10.5,10.800000190734863,10.399999618530272,10.75,6.784957,2.8708152747417115
2020-08-20,10.75,10.75,10.75,10.75,0.0,0.0
2020-08-23,10.75,10.75,10.75,10.75,0.0,0.0
2020-08-24,10.699999809265137,11.399999618530273,10.699999809265137,11.300000190734863,13.049142,5.116280844045229
2020-08-25,11.199999809265137,11.25,11.0,11.199999809265137,8.17832,-0.8849591131132817
2020-08-26,11.0,11.350000381469727,11.0,11.350000381469727,8.033152,1.3392908460632569
2020-08-27,11.199999809265137,11.350000381469727,11.100000381469727,11.100000381469727,11.631407,-2.202643097776069
2020-08-30,11.25,11.25,10.800000190734863,11.0,7.666418,-0.9009043066040444
2020-08-31,10.949999809265137,10.949999809265137,10.5,10.800000190734863,102.338024,-1.818180084228516
2020-09-01,10.75,10.899999618530273,10.699999809265137,10.899999618530273,6.391318,0.9259206113829244
2020-09-02,10.850000381469728,10.949999809265137,10.75,10.899999618530272,6.639554,0.0
2020-09-03,10.899999618530272,10.899999618530272,10.649999618530272,10.800000190734863,4.834285,-0.917425975184516
2020-09-06,10.800000190734863,10.800000190734863,10.699999809265137,10.699999809265137,0.976527,-0.9259294417005236
2020-09-07,10.649999618530273,10.800000190734863,10.600000381469727,10.800000190734863,4.139925,0.934583021049562
2020-09-08,10.800000190734863,11.0,10.699999809265137,11.0,6.393481,1.8518500530834592
2020-09-09,10.899999618530272,10.949999809265137,10.649999618530272,10.699999809265137,3.028829,-2.727274461226026
2020-09-10,10.75,10.800000190734863,10.649999618530273,10.699999809265137,3.567427,0.0
2020-09-13,10.75,10.850000381469727,10.75,10.850000381469727,0.629952,1.4018745315743208
2020-09-14,10.899999618530273,10.949999809265137,10.699999809265137,10.850000381469727,8.155852,0.0
2020-09-15,10.850000381469728,10.899999618530272,10.649999618530272,10.850000381469728,4.420596,0.0
2020-09-16,10.850000381469728,10.899999618530272,10.600000381469728,10.800000190734863,6.576857,-0.4608312348104326
2020-09-17,10.75,11.0,10.699999809265137,11.0,100.209691,1.8518500530834592
2020-09-20,10.800000190734863,10.899999618530272,10.75,10.899999618530272,1.094669,-0.9090943769975102
2020-09-21,10.800000190734863,10.850000381469728,10.75,10.75,1.502845,-1.3761433374297585
2020-09-22,10.699999809265137,10.699999809265137,10.449999809265137,10.5,1.886773,-2.3255813953488413
2020-09-23,10.649999618530272,10.699999809265137,10.550000190734863,10.600000381469728,1.4863,0.9523845854259694
2020-09-24,10.649999618530273,10.649999618530273,10.300000190734863,10.449999809265137,3.356047,-1.4150996868529497
2020-09-27,10.399999618530273,10.399999618530273,10.300000190734863,10.300000190734863,0.353237,-1.4354030743357615
2020-09-28,10.350000381469727,10.550000190734863,10.350000381469727,10.5,2.587458,1.9417456850636006
2020-09-29,10.449999809265137,10.550000190734863,10.300000190734863,10.300000190734863,0.960294,-1.904760088239399
2020-09-30,10.399999618530272,10.649999618530272,10.399999618530272,10.649999618530272,2.594461,3.398052634117854
2020-10-01,10.600000381469728,10.600000381469728,10.449999809265137,10.5,0.789432,-1.4084471727988102
2020-10-04,10.5,10.5,10.5,10.5,0.0,0.0
2020-10-05,10.600000381469728,10.600000381469728,10.350000381469728,10.399999618530272,1.365812,-0.9523845854259694
2020-10-06,10.600000381469727,10.600000381469727,10.399999618530273,10.5,1.371648,0.9615421647857669
2020-10-07,10.5,10.550000190734863,10.399999618530273,10.550000190734863,1.060595,0.4761922927129847
2020-10-08,10.550000190734863,10.550000190734863,10.399999618530273,10.5,1.405603,-0.47393544863415515
2020-10-11,10.399999618530273,10.449999809265137,10.350000381469727,10.350000381469727,0.422883,-1.4285677955264142
2020-10-12,10.449999809265137,10.449999809265137,10.300000190734863,10.449999809265137,1.286252,0.966178010722074
2020-10-13,10.5,10.5,10.399999618530272,10.449999809265137,1.764599,0.0
2020-10-14,10.449999809265137,10.449999809265137,10.25,10.350000381469728,8.527055,-0.9569323408671226
2020-10-15,10.350000381469728,10.350000381469728,10.0,10.050000190734863,2.76308,-2.898552460654713
2020-10-18,10.050000190734863,10.050000190734863,10.050000190734863,10.050000190734863,0.0,0.0
2020-10-19,10.050000190734863,10.050000190734863,10.050000190734863,10.050000190734863,0.0,0.0
2020-10-20,10.050000190734863,10.050000190734863,10.050000190734863,10.050000190734863,0.0,0.0
2020-10-21,10.050000190734863,10.050000190734863,10.050000190734863,10.050000190734863,0.0,0.0
2020-10-22,9.399999618530273,9.699999809265137,9.399999618530273,9.699999809265137,1.99195,-3.4825907943006107
2020-10-25,9.699999809265137,9.899999618530273,9.699999809265137,9.699999809265137,1.264644,0.0
2020-10-26,9.779999732971191,9.779999732971191,9.5,9.510000228881836,1.179497,-1.9587585991684198
2020-10-27,9.59000015258789,9.59000015258789,9.369999885559082,9.420000076293945,3.058103,-0.94637382147017
2020-10-28,9.550000190734863,9.550000190734863,9.359999656677246,9.5,2.194425,0.8492560834195695
2020-10-29,9.5,9.5,9.5,9.5,0.0,0.0
2020-11-01,9.399999618530273,9.399999618530273,9.300000190734863,9.34000015258789,0.109802,-1.6842089201274724
2020-11-02,9.300000190734863,9.600000381469727,9.300000190734863,9.460000038146973,1.227145,1.2847953276085677
2020-11-03,9.5,9.569999694824219,9.329999923706055,9.329999923706055,1.094293,-1.3742083923541148
2020-11-04,9.460000038146973,9.460000038146973,9.31999969482422,9.420000076293944,0.624105,0.964631868422794
2020-11-05,9.550000190734863,9.630000114440918,9.300000190734863,9.619999885559082,5.761049,2.123140208548935
2020-11-08,9.710000038146973,9.75,9.600000381469728,9.600000381469728,0.285528,-0.2078950553770497
2020-11-09,9.699999809265137,9.899999618530272,9.5,9.899999618530272,1.923389,3.1249919285380123
2020-11-10,9.9399995803833,10.100000381469728,9.9399995803833,10.0,3.351388,1.01010490225224
2020-11-11,10.050000190734863,10.300000190734863,10.0,10.199999809265137,2.99423,1.9999980926513672
2020-11-12,10.0,10.149999618530272,10.0,10.050000190734863,2.199098,-1.470584522894025
2020-11-15,10.149999618530272,10.25,10.050000190734863,10.199999809265137,0.770565,1.4925334893879816
2020-11-16,10.25,10.399999618530272,10.25,10.350000381469728,2.362194,1.4705938726424117
2020-11-17,10.350000381469728,10.449999809265137,10.25,10.399999618530272,2.994454,0.4830843982388977
2020-11-18,10.25,10.399999618530272,10.25,10.399999618530272,3.114139,0.0
2020-11-19,10.350000381469727,10.399999618530273,10.25,10.300000190734863,2.051709,-0.9615329948400753
2020-11-22,10.399999618530273,10.399999618530273,10.25,10.25,0.626945,-0.48543873600934706
2020-11-23,10.300000190734863,10.5,10.300000190734863,10.5,2.89084,2.4390243902439046
2020-11-24,10.449999809265137,10.600000381469727,10.449999809265137,10.550000190734863,3.173626,0.4761922927129847
2020-11-25,10.600000381469728,10.600000381469728,10.449999809265137,10.550000190734863,2.865411,0.0
2020-11-26,10.5,10.600000381469728,10.399999618530272,10.550000190734863,2.165444,0.0
2020-11-29,10.5,10.5,10.25,10.350000381469728,2.615861,-1.895732754969792
2020-11-30,10.399999618530273,10.949999809265137,10.399999618530273,10.949999809265137,14.724149,5.79709570706517
2020-12-01,10.949999809265137,10.949999809265137,10.949999809265137,10.949999809265137,0.0,0.0
2020-12-02,10.949999809265137,10.949999809265137,10.949999809265137,10.949999809265137,0.0,0.0
2020-12-03,10.949999809265137,10.949999809265137,10.949999809265137,10.949999809265137,0.0,0.0
2020-12-06,10.949999809265137,11.0,10.649999618530272,10.699999809265137,3.156781,-2.2831050625997884
2020-12-07,10.699999809265137,10.899999618530273,10.699999809265137,10.899999618530273,6.001473,1.8691571292548614
2020-12-08,10.899999618530273,10.899999618530273,10.550000190734863,10.800000190734863,1.959969,-0.917425975184516
2020-12-09,10.800000190734863,10.949999809265137,10.75,10.949999809265137,1.361071,1.3888853322332029
2020-12-10,10.949999809265137,11.0,10.850000381469727,10.899999618530273,1.194963,-0.4566227543908896
2020-12-13,10.949999809265137,10.949999809265137,10.75,10.800000190734863,0.269992,-0.917425975184516
2020-12-14,10.850000381469727,10.949999809265137,10.75,10.899999618530273,1.819949,0.9259206113829244
2020-12-15,10.800000190734863,10.850000381469728,10.649999618530272,10.649999618530272,2.101449,-2.293578061920243
2020-12-16,10.699999809265137,10.800000190734863,10.699999809265137,10.75,0.507982,0.9389707516583634
2020-12-17,10.800000190734863,10.899999618530273,10.75,10.850000381469727,2.445808,0.930236106695137
2020-12-20,10.850000381469727,10.899999618530273,10.75,10.75,0.253796,-0.9216624696208542
2020-12-21,10.699999809265137,10.699999809265137,10.25,10.449999809265137,4.248036,-2.7906994486963987
2020-12-22,10.350000381469727,10.550000190734863,10.350000381469727,10.449999809265137,5.014457,0.0
2020-12-23,10.449999809265137,10.75,10.449999809265137,10.600000381469728,1.669065,1.43541220040595
2020-12-24,10.600000381469727,10.75,10.600000381469727,10.600000381469727,0.12245,0.0
2020-12-27,10.5,10.550000190734863,10.5,10.5,0.115055,-0.9433997912352998
2020-12-28,10.449999809265137,10.649999618530272,10.449999809265137,10.550000190734863,0.969356,0.4761922927129847
2020-12-29,10.550000190734863,10.75,10.550000190734863,10.75,2.442518,1.8957327549697922
2020-12-30,10.699999809265137,10.75,10.600000381469727,10.75,0.795209,0.0
2020-12-31,10.649999618530272,10.649999618530272,10.300000190734863,10.300000190734863,3.437928,-4.186044737350114
2021-01-03,10.350000381469728,10.5,10.350000381469728,10.5,0.146753,1.9417456850636008
2021-01-04,10.449999809265137,10.949999809265137,10.449999809265137,10.949999809265137,4.59612,4.285712469191783
2021-01-05,10.949999809265137,11.0,10.899999618530273,11.0,3.036434,0.4566227543908896
2021-01-06,10.899999618530272,10.899999618530272,10.800000190734863,10.899999618530272,1.525379,-0.9090943769975102
2021-01-07,10.899999618530272,11.0,10.699999809265137,11.0,2.469873,0.9174347244904846
2021-01-10,11.0,11.25,11.0,11.0,1.417785,0.0
2021-01-11,10.899999618530272,11.25,10.899999618530272,11.199999809265137,3.449121,1.818180084228516
2021-01-12,11.199999809265137,11.300000190734863,11.149999618530272,11.300000190734863,1.311891,0.8928605640421639
2021-01-13,11.300000190734863,11.449999809265137,11.25,11.449999809265137,3.697055,1.3274302300743557
2021-01-14,11.449999809265137,11.449999809265137,11.300000190734863,11.449999809265137,1.089946,0.0
2021-01-17,11.149999618530273,11.449999809265137,11.149999618530273,11.449999809265137,0.218797,0.0
2021-01-18,11.449999809265137,11.550000190734863,11.399999618530273,11.550000190734863,4.251124,0.8733657915767745
2021-01-19,11.5,11.649999618530273,11.449999809265137,11.449999809265137,2.600045,-0.8658041542713102
2021-01-20,11.600000381469727,11.949999809265137,11.5,11.949999809265137,3.311571,4.36681229981688
2021-01-21,11.949999809265137,12.050000190734863,11.600000381469727,11.600000381469727,2.060449,-2.9288655513119433
2021-01-24,11.550000190734863,11.600000381469727,11.449999809265137,11.550000190734863,1.36583,-0.43103611284992516
2021-01-25,11.5,11.949999809265137,11.5,11.75,2.500588,1.731600051622273
2021-01-26,11.699999809265137,11.75,11.550000190734863,11.600000381469727,1.546417,-1.2765924981299914
2021-01-27,11.649999618530272,11.899999618530272,11.649999618530272,11.899999618530272,2.683721,2.586200234439451
2021-01-28,11.600000381469728,11.850000381469728,11.550000190734863,11.800000190734863,2.927419,-0.8403313529497414
2021-01-31,11.75,11.75,11.5,11.600000381469728,0.891423,-1.694913610443605
2021-02-01,11.699999809265137,11.850000381469728,11.649999618530272,11.649999618530272,1.184317,0.4310278915198751
2021-02-02,11.699999809265137,11.850000381469728,11.699999809265137,11.850000381469728,1.395753,1.7167448024748122
2021-02-03,11.800000190734863,11.850000381469728,11.649999618530272,11.699999809265137,5.000228,-1.265827572791911
2021-02-04,11.699999809265137,11.699999809265137,11.600000381469728,11.600000381469728,0.86428,-0.8546959779967
2021-02-07,11.550000190734863,11.649999618530272,11.550000190734863,11.600000381469728,0.154446,0.0
2021-02-08,11.649999618530272,11.649999618530272,11.350000381469728,11.350000381469728,1.326994,-2.1551723429195646
2021-02-09,11.600000381469728,11.699999809265137,11.600000381469728,11.600000381469728,1.860633,2.202643097776069
2021-02-10,11.649999618530272,11.649999618530272,11.449999809265137,11.600000381469728,0.89933,0.0
2021-02-11,11.449999809265137,11.649999618530272,11.449999809265137,11.649999618530272,1.263623,0.4310278915198751
2021-02-14,11.649999618530272,11.649999618530272,11.600000381469728,11.600000381469728,0.342501,-0.4291780145727952
2021-02-15,11.350000381469728,11.75,11.350000381469728,11.75,0.288013,1.2931001172197254
2021-02-16,11.649999618530272,11.699999809265137,11.649999618530272,11.649999618530272,1.065572,-0.8510670763380968
2021-02-17,11.699999809265137,11.699999809265137,11.649999618530272,11.699999809265137,1.713942,0.4291862006186919
2021-02-18,11.649999618530272,11.699999809265137,11.449999809265137,11.449999809265137,1.623424,-2.136752171585743
2021-02-21,11.5,11.5,11.449999809265137,11.5,0.568532,0.43668289578837616
2021-02-22,11.449999809265137,11.5,11.350000381469727,11.350000381469727,1.387188,-1.304344508958899
2021-02-23,11.449999809265137,11.75,11.350000381469728,11.350000381469728,2.546505,0.0
2021-02-24,11.399999618530272,11.5,10.949999809265137,10.949999809265137,2.35826,-3.524233997891668
2021-02-25,11.050000190734863,11.350000381469727,11.050000190734863,11.199999809265137,4.48416,2.2831050625997884
2021-02-28,11.199999809265137,11.25,11.149999618530273,11.149999618530273,1.48891,-0.4464302820210819
2021-03-01,11.449999809265137,11.449999809265137,11.100000381469728,11.149999618530272,3.414384,0.0
2021-03-02,11.199999809265137,11.25,11.100000381469727,11.199999809265137,2.602403,0.44843221924211196
2021-03-03,11.199999809265137,11.350000381469728,11.199999809265137,11.350000381469728,1.122339,1.3392908460632569
2021-03-04,11.100000381469728,11.149999618530272,11.0,11.100000381469728,2.951005,-2.202643097776069
2021-03-07,11.199999809265137,11.199999809265137,10.800000190734863,10.800000190734863,0.646356,-2.702704328151928
2021-03-08,10.949999809265137,11.100000381469728,10.800000190734863,11.050000190734863,1.335976,2.3148147739337155
2021-03-09,11.0,11.199999809265137,10.899999618530273,11.199999809265137,1.209546,1.3574625877024404
2021-03-10,11.149999618530273,11.350000381469727,11.050000190734863,11.350000381469727,1.656223,1.3392908460632569
2021-03-11,11.399999618530273,11.649999618530273,11.350000381469727,11.649999618530273,1.395775,2.6431649953980063
2021-03-14,11.600000381469727,11.649999618530273,11.550000190734863,11.600000381469727,0.076247,-0.42917801457279525
2021-03-15,11.350000381469727,11.75,11.350000381469727,11.550000190734863,2.262101,-0.43103611284992516
2021-03-16,11.399999618530272,11.699999809265137,11.399999618530272,11.699999809265137,1.11071,1.2986979744866067
2021-03-17,11.399999618530272,11.600000381469728,11.399999618530272,11.600000381469728,0.937081,-0.8546959779967
2021-03-18,11.649999618530272,11.800000190734863,11.600000381469728,11.800000190734863,5.181566,1.7241362300696397
2021-03-21,11.75,11.75,11.550000190734863,11.600000381469727,0.358563,-1.6949136104436047
2021-03-22,11.600000381469727,11.600000381469727,11.199999809265137,11.199999809265137,21.696906,-3.44828068146934
2021-03-23,11.199999809265137,11.399999618530273,10.949999809265137,10.949999809265137,2.781846,-2.2321428951560196
2021-03-24,10.899999618530273,11.050000190734863,10.75,10.800000190734863,1.560244,-1.3698595538180203
2021-03-25,11.0,11.0,10.75,10.899999618530273,2.597359,0.9259206113829244
2021-03-28,10.899999618530273,11.050000190734863,10.899999618530273,11.0,0.241829,0.9174347244904846
2021-03-29,10.899999618530272,11.350000381469728,10.899999618530272,11.300000190734863,2.406156,2.727274461226026
2021-03-30,11.300000190734863,11.5,11.300000190734863,11.5,1.807832,1.7699097866309854
2021-03-31,11.550000190734863,11.550000190734863,11.5,11.5,3.242399,0.0
2021-04-01,11.300000190734863,11.449999809265137,11.300000190734863,11.449999809265137,0.233575,-0.4347842672596802
2021-04-04,11.199999809265137,11.449999809265137,11.199999809265137,11.449999809265137,0.010003,0.0
2021-04-05,11.449999809265137,11.550000190734863,11.449999809265137,11.5,0.371422,0.4366828957883761
2021-04-06,11.5,11.550000190734863,11.25,11.5,0.21173,0.0
2021-04-07,11.300000190734863,11.5,11.300000190734863,11.399999618530272,2.411593,-0.8695685345193604
2021-04-08,11.25,11.649999618530272,11.25,11.649999618530272,1.322051,2.1929825295224914
2021-04-11,11.5,11.699999809265137,11.5,11.649999618530272,0.500838,0.0
2021-04-12,11.449999809265137,11.75,11.449999809265137,11.649999618530273,0.918055,0.0
2021-04-13,11.300000190734863,11.75,11.300000190734863,11.449999809265137,0.803083,-1.7167366164289044
2021-04-14,11.600000381469727,11.699999809265137,11.449999809265137,11.699999809265137,1.662099,2.18340614990844
2021-04-15,11.399999618530273,11.949999809265137,11.399999618530273,11.949999809265137,1.997002,2.136752171585732
2021-04-18,11.949999809265137,11.949999809265137,11.649999618530273,11.699999809265137,0.000203,-2.0920502425963994
2021-04-19,11.600000381469727,11.949999809265137,11.5,11.949999809265137,1.69709,2.136752171585732
2021-04-20,12.0,12.100000381469727,12.0,12.050000190734863,2.223748,0.8368232892538963
2021-04-21,12.050000190734863,12.050000190734863,11.800000190734863,11.899999618530272,1.385586,-1.244818006890358
2021-04-22,12.0,12.050000190734863,11.850000381469728,12.0,2.278439,0.8403393670198822
2021-04-25,12.0,12.100000381469728,12.0,12.100000381469728,0.161873,0.8333365122477288
2021-04-26,12.050000190734863,12.350000381469728,12.0,12.350000381469728,1.642934,2.066115637342092
2021-04-27,12.050000190734863,12.350000381469728,12.050000190734863,12.350000381469728,1.61147,0.0
2021-04-28,12.149999618530272,12.5,12.0,12.5,1.430392,1.2145717724457494
2021-04-29,12.5,12.600000381469728,12.449999809265137,12.449999809265137,1.186269,-0.4000015258789013
2021-05-02,12.449999809265137,12.449999809265137,12.300000190734863,12.350000381469728,0.0,-0.8032082676900254
2021-05-03,12.350000381469728,12.399999618530272,12.25,12.399999618530272,0.374521,0.4048521094425883
2021-05-04,12.350000381469728,12.350000381469728,12.100000381469728,12.300000190734863,0.953104,-0.8064470231593623
2021-05-05,12.199999809265137,12.399999618530272,12.149999618530272,12.199999809265137,0.147972,-0.8130112188539096
2021-05-06,12.300000190734863,12.449999809265137,12.300000190734863,12.449999809265137,0.7507,2.049180359905756
2021-05-09,12.25,12.449999809265137,12.25,12.449999809265137,0.016016,0.0
2021-05-10,12.449999809265137,12.600000381469728,12.399999618530272,12.600000381469728,0.504461,1.2048238915872256
2021-05-11,12.600000381469727,12.600000381469727,12.600000381469727,12.600000381469727,0.0,0.0
2021-05-12,12.600000381469727,12.600000381469727,12.600000381469727,12.600000381469727,0.0,0.0
2021-05-13,12.600000381469728,12.600000381469728,12.600000381469728,12.600000381469728,0.0,0.0
2021-05-16,12.600000381469727,12.649999618530273,12.350000381469727,12.350000381469727,0.510836,-1.984126924056795
2021-05-17,12.449999809265137,12.600000381469727,12.350000381469727,12.600000381469727,1.110865,2.0242914354489105
2021-05-18,12.600000381469728,12.75,12.449999809265137,12.75,0.922924,1.1904731268966628
2021-05-19,12.699999809265137,12.699999809265137,12.399999618530273,12.649999618530273,0.584839,-0.7843167174096166
2021-05-20,12.600000381469728,12.850000381469728,12.600000381469728,12.850000381469728,2.207456,1.5810337468032951
2021-05-23,12.800000190734863,12.899999618530272,12.800000190734863,12.800000190734863,0.756833,-0.3891065311325992
2021-05-24,12.850000381469727,12.899999618530273,12.800000190734863,12.899999618530273,1.246003,0.7812455180101763
2021-05-25,12.899999618530273,13.0,12.850000381469727,13.0,2.366354,0.7751967785028402
2021-05-26,13.0,13.649999618530272,13.0,13.600000381469728,2.421308,4.615387549767136
2021-05-27,13.600000381469728,13.949999809265137,13.350000381469728,13.5,9.063754,-0.7352969019469913
2021-05-30,13.350000381469728,13.75,13.350000381469728,13.550000190734863,0.597512,0.3703717832212128
2021-05-31,13.550000190734863,13.800000190734863,13.5,13.800000190734863,1.45739,1.8450184242133405
2021-06-01,13.800000190734863,14.0,13.75,14.0,1.249478,1.4492739601511984
2021-06-02,13.949999809265137,14.0,13.800000190734863,14.0,0.782509,0.0
2021-06-03,13.949999809265137,14.0,13.75,13.800000190734863,1.244027,-1.4285700661795464
2021-06-06,13.899999618530273,13.899999618530273,13.449999809265137,13.649999618530273,0.241571,-1.0869606531259235
2021-06-07,13.649999618530273,13.75,13.600000381469727,13.649999618530273,0.410101,0.0
2021-06-08,13.649999618530273,13.649999618530273,13.5,13.5,2.215952,-1.0988983349614512
2021-06-09,13.699999809265137,13.699999809265137,13.550000190734863,13.550000190734863,0.438429,0.3703717832212128
2021-06-10,13.550000190734863,13.699999809265137,13.550000190734863,13.699999809265137,0.404046,1.1070082392533154
2021-06-13,13.699999809265137,13.699999809265137,13.550000190734863,13.550000190734863,0.259064,-1.0948877417416458
2021-06-14,13.649999618530273,13.800000190734863,13.600000381469727,13.800000190734863,1.111811,1.8450184242133405
2021-06-15,13.800000190734863,13.800000190734863,13.600000381469727,13.800000190734863,0.771558,0.0
2021-06-16,13.800000190734863,13.800000190734863,13.649999618530273,13.75,0.315018,-0.36232021770864486
2021-06-17,13.649999618530273,14.0,13.600000381469727,14.0,5.19651,1.8181818181818077
2021-06-20,13.949999809265137,14.0,13.949999809265137,13.949999809265137,0.408799,-0.3571442195347329
2021-06-21,13.899999618530273,13.949999809265137,13.75,13.899999618530273,0.717665,-0.3584243112437546
2021-06-22,13.899999618530272,13.899999618530272,13.850000381469728,13.899999618530272,1.280019,0.0
2021-06-23,13.850000381469728,13.899999618530272,13.75,13.850000381469728,0.836736,-0.3597067513145258
2021-06-24,13.850000381469727,13.850000381469727,13.75,13.800000190734863,1.062165,-0.3610121975285985
2021-06-27,13.899999618530273,13.899999618530273,13.699999809265137,13.800000190734863,0.090668,0.0
2021-06-28,13.699999809265137,13.699999809265137,13.550000190734863,13.550000190734863,0.59909,-1.8115941778598432
2021-06-29,13.550000190734863,13.550000190734863,13.399999618530273,13.399999618530273,2.626361,-1.1070152774400377
2021-06-30,13.399999618530273,13.5,13.25,13.25,2.995642,-1.1194001701525846
2021-07-01,13.399999618530273,13.449999809265137,13.350000381469727,13.399999618530273,1.562242,1.1320725926813102
2021-07-04,13.300000190734863,13.350000381469727,13.25,13.25,0.49135,-1.1194001701525846
2021-07-05,13.25,13.25,13.050000190734863,13.25,1.540522,0.0
2021-07-06,13.25,13.25,13.100000381469727,13.100000381469727,2.204857,-1.1320725926813102
2021-07-07,13.199999809265137,13.399999618530273,13.199999809265137,13.399999618530273,1.287579,2.290070445226111
2021-07-08,13.399999618530273,13.399999618530273,13.199999809265137,13.399999618530273,0.817862,0.0
2021-07-11,13.399999618530273,13.449999809265137,13.100000381469727,13.100000381469727,0.871258,-2.2388003403051693
2021-07-12,13.050000190734863,13.350000381469728,13.050000190734863,13.100000381469728,0.971479,0.0
2021-07-13,13.100000381469728,13.149999618530272,13.050000190734863,13.050000190734863,1.355448,-0.3816808341898237
2021-07-14,13.100000381469727,13.25,13.050000190734863,13.25,0.832844,1.5325655658390724
2021-07-15,13.25,13.449999809265137,13.25,13.25,0.49549,0.0
2021-07-18,13.25,13.350000381469727,13.100000381469727,13.100000381469727,0.410427,-1.1320725926813102
2021-07-19,13.100000381469728,13.100000381469728,13.100000381469728,13.100000381469728,0.0,0.0
2021-07-20,13.100000381469728,13.100000381469728,13.100000381469728,13.100000381469728,0.0,0.0
2021-07-21,13.100000381469728,13.100000381469728,13.100000381469728,13.100000381469728,0.0,0.0
2021-07-22,13.1,13.1,13.1,13.1,0.0,
2021-07-25,13.300000190734863,13.5,13.300000190734863,13.5,0.599479,3.0534321136057585
2021-07-26,13.449999809265137,13.449999809265137,13.199999809265137,13.350000381469728,0.521254,-1.1111082854094343
2021-07-27,13.25,13.5,13.25,13.5,0.980238,1.1235926160607423
2021-07-28,13.300000190734863,13.5,13.199999809265137,13.399999618530272,0.658467,-0.7407435664424145
2021-07-29,13.449999809265137,13.550000190734863,13.25,13.399999618530272,1.30244,0.0
2021-08-01,13.399999618530272,13.449999809265137,13.300000190734863,13.300000190734863,0.579966,-0.746264407777486
2021-08-02,13.300000190734863,13.5,13.199999809265137,13.5,0.66654,1.503757942834172
2021-08-03,13.5,13.5,13.300000190734863,13.399999618530272,0.788148,-0.7407435664424145
2021-08-04,13.449999809265137,13.449999809265137,13.25,13.25,0.383873,-1.1194001701525846
2021-08-05,13.449999809265137,13.449999809265137,13.199999809265137,13.399999618530272,0.86115,1.1320725926813102
2021-08-08,13.449999809265137,13.449999809265137,13.350000381469727,13.350000381469727,0.050154,-0.37312864540238744
2021-08-09,13.399999618530272,13.600000381469728,13.300000190734863,13.600000381469728,0.670876,1.8726591225196376
2021-08-10,13.550000190734863,13.600000381469728,13.550000190734863,13.600000381469728,0.484551,0.0
2021-08-11,13.600000381469728,13.600000381469728,13.25,13.399999618530272,0.830651,-1.4705938038939936
2021-08-12,13.399999618530273,13.399999618530273,13.399999618530273,13.399999618530273,0.0,0.0
2021-08-15,13.449999809265137,13.5,13.25,13.399999618530273,0.276342,0.0
2021-08-16,13.399999618530272,13.699999809265137,13.399999618530272,13.699999809265137,0.937989,2.2388074572778693
2021-08-17,13.649999618530273,13.699999809265137,13.550000190734863,13.699999809265137,0.984959,0.0
2021-08-18,13.699999809265137,13.850000381469728,13.5,13.850000381469728,1.382422,1.0948947028681433
2021-08-19,13.75,13.75,13.5,13.5,1.000159,-2.527078496965252
2021-08-22,13.5,13.649999618530273,13.5,13.649999618530273,0.157305,1.1111082854094345
2021-08-23,13.649999618530272,13.649999618530272,13.5,13.600000381469728,0.675167,-0.3662947872369981
2021-08-24,13.600000381469727,13.800000190734863,13.600000381469727,13.800000190734863,0.791551,1.4705867915830284
2021-08-25,13.75,13.899999618530272,13.600000381469728,13.899999618530272,1.543319,0.7246335247339308
2021-08-26,13.899999618530272,13.899999618530272,13.75,13.899999618530272,0.525081,0.0
2021-08-29,13.800000190734863,13.949999809265137,13.800000190734863,13.899999618530273,0.344638,0.0
2021-08-30,13.899999618530272,13.899999618530272,13.800000190734863,13.899999618530272,0.922361,0.0
2021-08-31,13.800000190734863,13.850000381469727,13.600000381469727,13.850000381469727,2.02057,-0.3597067513145258
2021-09-01,13.850000381469728,13.899999618530272,13.699999809265137,13.899999618530272,0.345954,0.3610053117936607
2021-09-02,13.699999809265137,13.899999618530273,13.649999618530273,13.899999618530273,0.699448,0.0
2021-09-05,13.899999618530272,13.899999618530272,13.800000190734863,13.899999618530272,0.410527,0.0
2021-09-06,13.850000381469727,13.899999618530273,13.800000190734863,13.899999618530273,0.43409,0.0
2021-09-07,13.899999618530273,13.899999618530273,13.800000190734863,13.899999618530273,0.488115,0.0
2021-09-08,13.850000381469727,13.949999809265137,13.850000381469727,13.949999809265137,0.725675,0.3597136122810207
2021-09-09,13.850000381469728,14.050000190734863,13.850000381469728,14.0,1.67185,0.3584243112437546
2021-09-12,14.0,14.050000190734863,14.0,14.050000190734863,0.378597,0.35714421953474407
2021-09-13,14.0,14.100000381469727,13.949999809265137,14.100000381469727,1.274123,0.35587323883337074
2021-09-14,14.050000190734863,14.100000381469728,14.0,14.050000190734863,3.105236,-0.3546112722136785
2021-09-15,14.0,14.0,13.800000190734863,13.899999618530272,1.046517,-1.067619716500123
2021-09-16,13.899999618530273,14.25,13.800000190734863,14.25,8.424538,2.517988425000639
2021-09-19,14.199999809265137,14.350000381469727,14.199999809265137,14.350000381469727,1.565144,0.7017570629454406
2021-09-20,14.25,14.300000190734863,14.149999618530273,14.149999618530273,0.677503,-1.3937335025977826
2021-09-21,14.100000381469728,14.149999618530272,13.899999618530272,13.899999618530272,1.087552,-1.7667844999275428
2021-09-22,13.899999618530273,14.050000190734863,13.899999618530273,14.0,0.410411,0.7194272245620414
2021-09-23,14.0,14.050000190734863,13.949999809265137,14.0,0.752233,0.0
2021-09-26,14.0,14.050000190734863,13.949999809265137,14.050000190734863,0.121726,0.357144219534744
2021-09-27,13.949999809265137,13.949999809265137,13.800000190734863,13.800000190734863,0.863913,-1.779359406449399
2021-09-28,13.800000190734863,14.050000190734863,13.800000190734863,14.050000190734863,1.129518,1.8115941778598321
2021-09-29,13.949999809265137,14.100000381469727,13.949999809265137,14.050000190734863,0.8127,0.0
2021-09-30,14.0,14.199999809265137,13.949999809265137,14.199999809265137,2.138546,1.0676129287826575
2021-10-03,14.149999618530272,14.25,14.100000381469728,14.25,1.978933,0.3521140239892029
2021-10-04,14.199999809265137,14.199999809265137,13.949999809265137,13.949999809265137,1.575577,-2.1052644963850065
2021-10-05,13.899999618530272,13.899999618530272,13.25,13.399999618530272,8.975168,-3.942653750931024
2021-10-06,13.0,13.199999809265137,12.850000381469727,12.899999618530273,4.333447,-3.7313433898055637
2021-10-07,13.050000190734863,13.149999618530273,12.850000381469727,12.850000381469727,2.318475,-0.3875909964270452
2021-10-10,12.949999809265137,13.0,12.850000381469727,13.0,0.665596,1.1673121718080326
2021-10-11,13.100000381469727,13.199999809265137,13.050000190734863,13.100000381469727,2.34325,0.7692337036132812
2021-10-12,13.100000381469728,13.399999618530272,13.100000381469728,13.399999618530272,1.457001,2.290070445226111
2021-10-13,13.5,13.6,13.35,13.45,1.89888,0.373136
2021-10-14,13.449999809265137,13.699999809265137,13.449999809265137,13.699999809265137,1.683662,1.8587360858383528
2021-10-17,13.600000381469727,13.75,13.600000381469727,13.75,1.042624,0.36496490095605516
2021-10-18,13.699999809265137,13.800000190734863,13.550000190734863,13.800000190734863,1.383657,0.3636377507989952
2021-10-19,13.800000190734863,13.850000381469727,13.649999618530273,13.699999809265137,3.974863,-0.7246404354172786
2021-10-20,13.699999809265137,13.850000381469728,13.699999809265137,13.800000190734863,2.169004,0.7299298019120881
2021-10-21,13.800000190734863,13.800000190734863,13.800000190734863,13.800000190734863,0.0,0.0
2021-10-24,13.899999618530272,13.899999618530272,13.75,13.899999618530272,0.395961,0.7246335247339308
2021-10-25,13.800000190734863,13.800000190734863,13.649999618530272,13.699999809265137,1.512922,-1.438847588157588
2021-10-26,13.699999809265137,13.899999618530272,13.699999809265137,13.800000190734863,3.357735,0.7299298019120881
2021-10-27,13.800000190734863,13.899999618530272,13.800000190734863,13.850000381469728,0.836653,0.3623202177086337
2021-10-28,13.699999809265137,13.949999809265137,13.699999809265137,13.949999809265137,1.135652,0.7220175093222592
2021-10-31,13.899999618530273,13.899999618530273,13.699999809265137,13.75,0.183089,-1.4336904085998858
2021-11-01,13.850000381469727,13.899999618530273,13.75,13.850000381469727,1.599658,0.7272755015980126
2021-11-02,13.850000381469728,14.0,13.850000381469728,14.0,2.770801,1.0830297068508576
2021-11-03,14.0,14.100000381469727,13.850000381469727,13.949999809265137,3.489178,-0.35714421953473297
2021-11-04,13.949999809265137,14.149999618530272,13.949999809265137,14.050000190734863,1.74536,0.7168486224875092
2021-11-07,14.149999618530273,14.199999809265137,14.050000190734863,14.199999809265137,0.796786,1.0676129287826575
2021-11-08,14.149999618530273,14.25,14.149999618530273,14.199999809265137,1.774268,0.0
2021-11-09,14.199999809265137,14.199999809265137,14.100000381469727,14.149999618530273,0.875897,-0.3521140239892029
2021-11-10,14.149999618530273,14.149999618530273,13.850000381469727,13.899999618530273,0.90956,-1.7667844999275428
2021-11-11,13.949999809265137,14.25,13.899999618530273,14.25,1.262337,2.517988425000639
2021-11-14,14.199999809265137,14.199999809265137,14.050000190734863,14.199999809265137,0.725213,-0.3508785314727203
2021-11-15,14.199999809265137,14.199999809265137,13.949999809265137,14.199999809265137,1.02895,0.0
2021-11-16,14.199999809265137,14.199999809265137,13.850000381469728,14.199999809265137,1.605624,0.0
2021-11-17,13.949999809265137,14.199999809265137,13.949999809265137,14.199999809265137,1.967816,0.0
2021-11-18,14.199999809265137,14.25,13.949999809265137,14.199999809265137,1.521914,0.0
2021-11-21,14.199999809265137,14.199999809265137,14.149999618530272,14.149999618530272,1.409677,-0.3521140239892029
2021-11-22,14.149999618530272,14.149999618530272,13.649999618530272,13.649999618530272,3.179282,-3.5335689998550968
2021-11-23,13.649999618530273,13.850000381469727,13.399999618530273,13.399999618530273,1.611824,-1.8315018826859042
2021-11-24,13.449999809265137,13.449999809265137,13.25,13.300000190734863,2.191184,-0.746264407777486
2021-11-25,13.350000381469728,13.399999618530272,13.100000381469728,13.149999618530272,3.429129,-1.1278238349882397
2021-11-28,13.149999618530272,13.149999618530272,13.149999618530272,13.149999618530272,0.0,0.0
2021-11-29,13.149999618530272,13.149999618530272,13.149999618530272,13.149999618530272,0.0,0.0
2021-11-30,13.149999618530272,13.300000190734863,12.75,13.199999809265137,7.991657,0.3802295983674764
2021-12-01,13.199999809265137,13.199999809265137,13.199999809265137,13.199999809265137,0.0,0.0
2021-12-02,13.199999809265137,13.199999809265137,13.199999809265137,13.199999809265137,0.0,0.0
2021-12-05,13.149999618530273,13.399999618530273,13.149999618530273,13.350000381469727,1.50608,1.1363679876669641
2021-12-06,13.350000381469727,13.75,13.25,13.600000381469727,3.953482,1.8726591225196376
2021-12-07,13.699999809265137,13.800000190734863,13.449999809265137,13.449999809265137,1.741204,-1.1029453529204925
2021-12-08,13.449999809265137,13.850000381469728,13.449999809265137,13.75,2.825534,2.230484721109116
2021-12-09,13.75,13.899999618530272,13.600000381469728,13.899999618530272,1.999538,1.090906316583817
2021-12-12,13.75,13.899999618530273,13.75,13.850000381469727,0.806064,-0.3597067513145258
2021-12-13,13.800000190734863,14.0,13.699999809265137,13.899999618530273,2.355777,0.3610053117936607
2021-12-14,13.85,14.15,13.7,14.15,2.931538,1.798561
2021-12-15,14.050000190734863,14.100000381469728,13.850000381469728,14.0,1.370432,-1.060068004057324
2021-12-16,14.050000190734863,14.149999618530272,13.949999809265137,14.149999618530272,5.44217,1.0714258466448134
2021-12-19,13.949999809265137,14.050000190734863,13.550000190734863,13.550000190734863,1.246649,-4.240278755977311
2021-12-20,13.600000381469728,13.899999618530272,13.449999809265137,13.899999618530272,2.085244,2.583021570986621
2021-12-21,13.899999618530273,13.899999618530273,13.399999618530273,13.449999809265137,1.257414,-3.2374087885961966
2021-12-22,13.649999618530273,13.649999618530273,13.050000190734863,13.100000381469727,1.918715,-2.6022262658644046
2021-12-23,13.199999809265137,13.550000190734863,13.100000381469727,13.550000190734863,2.948262,3.435112947795571
2021-12-26,13.550000190734863,13.699999809265137,13.550000190734863,13.550000190734863,0.128727,0.0
2021-12-27,13.699999809265137,13.699999809265137,13.5,13.649999618530273,0.486588,0.7380031467732806
2021-12-28,13.800000190734863,13.800000190734863,13.550000190734863,13.600000381469727,0.718258,-0.36629478723699815
2021-12-29,13.5,13.600000381469728,13.399999618530272,13.449999809265137,1.797691,-1.1029453529204925
2021-12-30,13.5,13.550000190734863,13.25,13.550000190734863,1.411734,0.7434972705415266
2022-01-02,13.550000190734863,13.550000190734863,13.550000190734863,13.550000190734863,0.0,0.0
2022-01-03,13.600000381469728,13.699999809265137,13.399999618530272,13.600000381469728,7.568903,0.3690050924800125
2022-01-04,13.600000381469727,13.75,13.550000190734863,13.75,1.648682,1.1029383406095494
2022-01-05,13.649999618530272,13.75,13.550000190734863,13.75,1.479204,0.0
2022-01-06,13.449999809265137,13.649999618530273,13.449999809265137,13.5,3.025722,-1.8181818181818188
2022-01-09,13.399999618530273,13.399999618530273,13.399999618530273,13.399999618530273,0.0,-0.7407435664424145
2022-01-10,13.399999618530273,13.399999618530273,13.399999618530273,13.399999618530273,0.0,0.0
2022-01-11,13.449999809265137,13.5,13.100000381469727,13.25,3.00046,-1.1194001701525846
2022-01-12,13.300000190734863,13.399999618530272,13.0,13.149999618530272,3.997724,-0.754719860148878
2022-01-13,13.149999618530273,13.300000190734863,13.0,13.300000190734863,2.762247,1.1406887951024514
2022-01-17,13.199999809265137,13.300000190734863,12.850000381469728,12.850000381469728,2.355489,-3.383457163997772
2022-01-18,13.0,13.1,12.85,12.95,1.929706,0.778206
2022-01-19,12.949999809265137,13.0,12.800000190734863,12.800000190734863,3.338757,-1.1582982296490465
2022-01-20,12.800000190734863,12.850000381469727,12.649999618530273,12.699999809265137,2.723887,-0.7812529685906622
2022-01-24,13.199999809265137,13.449999809265137,13.199999809265137,13.25,2.437868,4.330710228307377
2022-01-25,13.449999809265137,13.5,13.350000381469728,13.5,1.956931,1.8867924528301885
2022-01-26,13.649999618530272,13.649999618530272,13.350000381469728,13.5,2.52339,0.0
2022-01-27,13.5,13.5,13.5,13.5,0.0,0.0
2022-01-31,13.399999618530273,13.5,13.199999809265137,13.350000381469727,9.737095,-1.1111082854094345
2022-02-01,13.399999618530272,13.399999618530272,13.050000190734863,13.149999618530272,3.369525,-1.498133012917824
2022-02-02,13.399999618530273,13.399999618530273,13.100000381469727,13.149999618530273,1.535547,0.0
2022-02-03,13.149999618530273,13.199999809265137,13.100000381469727,13.149999618530273,0.973162,0.0
2022-02-07,13.199999809265137,13.5,13.199999809265137,13.5,2.38569,2.6615999362959997
2022-02-08,13.5,13.699999809265137,13.5,13.699999809265137,1.551258,1.4814800686306473
2022-02-09,13.600000381469727,13.600000381469727,13.5,13.5,2.302826,-1.459852642697701
2022-02-10,13.5,13.75,13.5,13.699999809265137,1.99612,1.4814800686306473
2022-02-14,13.5,13.899999618530273,13.5,13.899999618530273,2.184964,1.459852642697701
2022-02-15,13.800000190734863,13.949999809265137,13.800000190734863,13.850000381469727,2.013142,-0.3597067513145258
2022-02-16,13.899999618530272,14.0,13.800000190734863,14.0,3.831442,1.0830297068508576
2022-02-17,13.949999809265137,14.050000190734863,13.800000190734863,14.0,4.023002,0.0
2022-02-21,13.75,13.949999809265137,13.649999618530272,13.850000381469728,3.099413,-1.0714258466448134
2022-02-22,13.800000190734863,13.899999618530273,13.699999809265137,13.800000190734863,1.476093,-0.3610121975285985
2022-02-23,13.850000381469728,14.0,13.850000381469728,14.0,1.091301,1.4492739601511984
2022-02-24,13.699999809265137,13.949999809265137,13.600000381469728,13.949999809265137,3.582383,-0.3571442195347329
2022-02-28,13.850000381469728,14.300000190734863,13.699999809265137,14.300000190734863,9.445234,2.5089633423311497
2022-03-01,14.300000190734863,14.5,14.100000381469727,14.5,5.043064,1.3986000461365
2022-03-02,14.5,15.199999809265137,14.449999809265137,15.149999618530273,7.156212,4.482755989863962
2022-03-03,15.149999618530273,15.5,15.149999618530273,15.5,6.290268,2.3102335992248646
2022-03-07,15.0,15.0,14.75,14.949999809265137,1.642419,-3.5483883273216943
2022-03-08,14.550000190734863,15.100000381469727,14.550000190734863,14.949999809265137,3.214277,0.0
2022-03-09,15.0,15.050000190734863,14.550000190734863,14.550000190734863,2.263467,-2.675582766779549
2022-03-10,14.600000381469728,15.0,14.550000190734863,14.75,2.755583,1.374569117823743
2022-03-14,14.850000381469727,14.850000381469727,14.25,14.25,3.054858,-3.3898305084745783
2022-03-15,14.399999618530273,14.399999618530273,13.899999618530273,14.0,2.167215,-1.7543859649122862
2022-03-16,14.100000381469727,14.649999618530273,14.050000190734863,14.649999618530273,2.719299,4.642854418073372
2022-03-17,14.600000381469728,14.800000190734863,14.399999618530272,14.699999809265137,1.988183,0.3412982391591379
2022-03-21,14.199999809265137,14.25,13.800000190734863,14.100000381469727,8.477671,-4.081628813472782
2022-03-22,13.949999809265137,14.100000381469728,13.850000381469728,13.949999809265137,4.840941,-1.0638338166410355
2022-03-23,14.050000190734863,14.100000381469728,13.949999809265137,14.050000190734863,2.506727,0.7168486224875092
2022-03-24,14.050000190734863,14.300000190734863,14.0,14.300000190734863,2.308586,1.779359406449399
2022-03-28,14.399999618530272,14.800000190734863,14.399999618530272,14.699999809265137,3.549112,2.797200092273
2022-03-29,14.75,14.899999618530272,14.699999809265137,14.800000190734863,4.662943,0.6802747127023556
2022-03-30,14.850000381469727,15.0,14.800000190734863,14.949999809265137,2.698054,1.013510922953742
2022-03-31,14.949999809265137,15.0,14.850000381469728,15.0,2.283572,0.3344494406205767
2022-04-04,14.949999809265137,15.050000190734863,14.649999618530272,14.899999618530272,2.868756,-0.6666692097981763
2022-04-05,14.949999809265137,14.949999809265137,14.649999618530272,14.800000190734863,1.657741,-0.6711371164805024
2022-04-06,14.899999618530273,14.899999618530273,14.600000381469727,14.800000190734863,3.061123,0.0
2022-04-07,14.649999618530272,14.800000190734863,14.649999618530272,14.649999618530272,3.492027,-1.013517366699046
2022-04-11,14.6,14.85,14.6,14.7,1.94256,0.341298
2022-04-12,14.699999809265137,15.050000190734863,14.699999809265137,14.899999618530272,4.643501,1.3605429378242606
2022-04-13,14.949999809265137,15.100000381469728,14.899999618530272,15.050000190734863,1.109928,1.006715275469161
2022-04-14,15.050000190734863,15.100000381469727,14.800000190734863,14.800000190734863,2.783399,-1.6611295470541299
2022-04-18,14.949999809265137,15.050000190734863,14.800000190734863,14.800000190734863,1.611841,0.0
2022-04-19,15.050000190734863,15.100000381469727,14.75,15.050000190734863,2.445587,1.68918916741978
2022-04-20,15.0,15.100000381469727,14.75,14.800000190734863,2.926948,-1.6611295470541299
2022-04-21,14.850000381469728,15.100000381469728,14.850000381469728,15.0,3.273068,1.351350045186761
2022-04-25,15.149999618530273,15.199999809265137,14.850000381469727,15.100000381469727,2.245027,0.6666692097981874
2022-04-26,15.100000381469728,15.25,15.050000190734863,15.149999618530272,2.953045,0.3311207668703408
2022-04-27,15.199999809265137,15.25,15.0,15.25,0.95076,0.6600685411728646
2022-04-28,15.25,15.300000190734863,15.100000381469728,15.25,3.507977,0.0
2022-05-02,15.25,15.25,15.25,15.25,0.0,0.0
2022-05-03,15.25,15.25,15.25,15.25,0.0,0.0
2022-05-04,15.25,15.25,15.25,15.25,0.0,0.0
2022-05-05,15.300000190734863,15.300000190734863,15.149999618530272,15.25,2.847556,0.0
2022-05-09,15.0,15.100000381469727,14.699999809265137,14.699999809265137,1.70506,-3.606558627769596
2022-05-10,14.699999809265137,14.699999809265137,14.25,14.25,3.932563,-3.06122323199971
2022-05-11,14.199999809265137,14.649999618530273,13.75,13.75,6.662439,-3.508771929824561
2022-05-12,13.850000381469727,13.899999618530273,13.149999618530273,13.199999809265137,6.286018,-4.000001387162644
2022-05-15,13.649999618530272,13.649999618530272,13.649999618530272,13.649999618530272,0.0,3.4090895133898518
2022-05-16,13.649999618530273,13.649999618530273,13.649999618530273,13.649999618530273,0.0,0.0
2022-05-17,13.649999618530273,13.850000381469727,13.350000381469727,13.350000381469727,6.706531,-2.1977966699229023
2022-05-18,13.5,13.550000190734863,13.25,13.25,5.297903,-0.7490665064589064
2022-05-19,13.25,13.449999809265137,13.0,13.350000381469727,3.705409,0.754719860148878
2022-05-23,13.100000381469728,13.199999809265137,12.5,12.600000381469728,6.798448,-5.617977367558935
2022-05-24,12.649999618530273,12.899999618530273,12.600000381469727,12.75,2.870958,1.1904731268966628
2022-05-25,13.0,13.199999809265137,12.800000190734863,12.800000190734863,2.153217,0.3921583587048083
2022-05-26,13.100000381469728,13.199999809265137,12.850000381469728,13.199999809265137,3.393223,3.124996973201677
2022-05-30,13.149999618530273,13.399999618530273,12.949999809265137,13.350000381469727,5.50426,1.1363679876669641
2022-05-31,13.25,13.399999618530272,13.149999618530272,13.149999618530272,61.896787,-1.498133012917824
2022-06-01,13.5,13.949999809265137,13.300000190734863,13.699999809265137,9.554359,4.182511077489548
2022-06-02,13.649999618530273,13.850000381469727,13.649999618530273,13.800000190734863,5.887888,0.7299298019120881
2022-06-06,13.800000190734863,14.0,13.75,13.899999618530272,2.191094,0.7246335247339308
2022-06-07,13.800000190734863,13.850000381469728,13.649999618530272,13.699999809265137,1.847576,-1.438847588157588
2022-06-08,13.699999809265137,13.899999618530272,13.649999618530272,13.699999809265137,4.57243,0.0
2022-06-09,13.699999809265137,13.800000190734863,13.550000190734863,13.550000190734863,2.951113,-1.0948877417416458
2022-06-13,13.449999809265137,13.449999809265137,13.149999618530272,13.149999618530272,4.09249,-2.952033701653378
2022-06-14,13.149999618530272,13.350000381469728,13.149999618530272,13.350000381469728,1.29784,1.5209183934699275
2022-06-15,13.300000190734863,13.699999809265137,13.25,13.649999618530273,3.118841,2.2471852321214625
2022-06-16,13.75,13.800000190734863,13.350000381469727,13.550000190734863,4.057954,-0.7325965610992302
2022-06-20,13.300000190734863,13.449999809265137,13.050000190734863,13.300000190734863,3.819817,-1.8450184242133292
2022-06-21,13.350000381469727,13.850000381469727,13.350000381469727,13.550000190734863,2.043094,1.8796992211635999
2022-06-22,13.600000381469728,13.699999809265137,13.300000190734863,13.5,3.681827,-0.3690050924800125
2022-06-23,13.399999618530273,13.449999809265137,13.149999618530273,13.25,2.518431,-1.851851851851849
2022-06-27,13.25,13.399999618530272,13.25,13.350000381469728,1.834098,0.754719860148878
2022-06-28,13.199999809265137,13.600000381469727,13.199999809265137,13.600000381469727,3.605305,1.8726591225196376
2022-06-29,13.399999618530272,13.550000190734863,13.350000381469728,13.399999618530272,1.426676,-1.4705938038939936
2022-06-30,13.300000190734863,13.399999618530273,13.050000190734863,13.199999809265137,4.228467,-1.4925359325276832
2022-07-04,13.0,13.0,12.5,12.5,4.375514,-5.303028934695919
2022-07-05,12.550000190734863,12.600000381469727,12.149999618530273,12.149999618530273,2.424758,-2.8000030517578156
2022-07-06,12.199999809265137,12.300000190734863,11.800000190734863,11.800000190734863,2.980841,-2.8806538171541773
2022-07-07,12.050000190734863,12.100000381469727,11.850000381469727,11.850000381469727,2.646177,0.4237304231073047
2022-07-10,11.850000381469728,11.850000381469728,11.850000381469728,11.850000381469728,0.0,0.0
2022-07-11,11.850000381469728,11.850000381469728,11.850000381469728,11.850000381469728,0.0,0.0
2022-07-12,12.199999809265137,12.199999809265137,11.800000190734863,11.949999809265137,1.512135,0.843877000643678
2022-07-13,11.949999809265137,12.199999809265137,11.850000381469727,11.949999809265137,1.356248,0.0
2022-07-14,11.949999809265137,12.5,11.949999809265137,12.350000381469728,3.691856,3.347285176477244
2022-07-18,12.149999618530272,12.449999809265137,12.149999618530272,12.300000190734863,0.649633,-0.4048598315015805
2022-07-19,12.300000190734863,12.449999809265137,12.25,12.449999809265137,0.850706,1.2195090748312598
2022-07-20,12.449999809265137,12.949999809265137,12.399999618530273,12.699999809265137,2.493561,2.008032159277251
2022-07-21,12.600000381469727,12.949999809265137,12.600000381469727,12.949999809265137,1.939602,1.968503966571844
2022-07-25,12.800000190734863,12.850000381469727,12.649999618530273,12.649999618530273,1.2424,-2.3166038235786446
2022-07-26,12.75,12.850000381469727,12.600000381469727,12.699999809265137,0.920996,0.3952584367008294
2022-07-27,12.75,12.75,12.600000381469727,12.75,2.025104,0.39370229516371147
2022-07-28,13.0,13.25,12.95,13.25,4.378913,3.921569
2022-08-01,13.75,14.100000381469728,13.699999809265137,14.100000381469728,2.199184,6.415097218639443
2022-08-02,14.0,14.0,13.75,13.949999809265137,1.125205,-1.0638338166410355
2022-08-03,13.949999809265137,14.0,13.800000190734863,13.949999809265137,1.11913,0.0
2022-08-04,13.899999618530272,13.899999618530272,13.600000381469728,13.649999618530272,1.460223,-2.150539031087395
2022-08-08,13.600000381469727,13.75,13.550000190734863,13.75,0.964508,0.7326035477244419
2022-08-09,13.800000190734863,13.800000190734863,13.699999809265137,13.75,1.348988,0.0
2022-08-10,13.699999809265137,13.850000381469728,13.550000190734863,13.75,2.044478,0.0
2022-08-11,13.850000381469727,13.899999618530273,13.75,13.800000190734863,1.579075,0.3636377507989952
2022-08-15,13.800000190734863,14.050000190734863,13.75,14.0,1.659185,1.4492739601511984
2022-08-16,14.0,14.0,13.75,13.899999618530273,1.702593,-0.714288439069477
2022-08-17,13.899999618530272,13.949999809265137,13.800000190734863,13.899999618530272,2.177916,0.0
2022-08-18,13.850000381469728,13.899999618530272,13.649999618530272,13.850000381469728,1.303906,-0.3597067513145258
2022-08-22,13.800000190734863,13.800000190734863,13.550000190734863,13.600000381469727,1.140351,-1.8050541019080546
2022-08-23,13.550000190734863,13.75,13.550000190734863,13.600000381469727,0.865304,0.0
2022-08-24,13.649999618530273,13.75,13.5,13.5,2.235865,-0.7352969019469913
2022-08-25,13.649999618530273,13.699999809265137,13.399999618530273,13.5,0.966291,0.0
2022-08-29,13.600000381469728,13.75,13.550000190734863,13.550000190734863,1.087631,0.3703717832212128
2022-08-30,13.600000381469728,13.75,13.550000190734863,13.649999618530272,1.096426,0.7380031467732806
2022-08-31,13.649999618530272,13.75,13.350000381469728,13.350000381469728,3.169273,-2.1977966699229023
2022-09-01,13.550000190734863,13.600000381469727,13.050000190734863,13.050000190734863,3.032325,-2.2471923757490964
2022-09-05,12.949999809265137,12.949999809265137,12.699999809265137,12.75,1.818193,-2.2988520026831494
2022-09-06,12.75,13.100000381469728,12.75,13.0,1.987143,1.9607843137254832
2022-09-07,12.949999809265137,13.399999618530272,12.899999618530272,13.25,1.869153,1.923076923076916
2022-09-08,13.300000190734863,13.350000381469727,12.949999809265137,12.949999809265137,1.328338,-2.2641523829046273
2022-09-12,13.0,13.199999809265137,12.899999618530273,13.0,1.623726,0.38610186464320684
2022-09-13,13.0,13.25,13.0,13.25,0.805014,1.9230769230769162
2022-09-14,13.149999618530272,13.149999618530272,12.899999618530272,12.899999618530272,2.578126,-2.6415123129790663
2022-09-15,13.050000190734863,13.050000190734863,12.850000381469728,12.899999618530272,15.798535,0.0
2022-09-19,13.050000190734863,13.100000381469727,12.899999618530273,13.050000190734863,1.690401,1.1627951677542825
2022-09-20,12.949999809265137,13.149999618530273,12.899999618530273,12.949999809265137,2.240914,-0.7662864368440658
2022-09-21,13.0,13.050000190734863,12.850000381469728,12.850000381469728,1.573146,-0.7721963650058505
2022-09-22,12.850000381469727,12.949999809265137,12.649999618530273,12.699999809265137,2.599439,-1.1673195933978087
2022-09-26,12.600000381469727,12.850000381469727,12.399999618530273,12.550000190734863,1.972962,-1.181099376244421
2022-09-27,12.550000190734863,13.25,12.550000190734863,13.199999809265137,4.730967,5.179279750211796
2022-09-28,13.199999809265137,13.25,12.899999618530273,13.0,1.432391,-1.5151500920837613
2022-09-29,13.199999809265137,13.199999809265137,12.899999618530273,12.949999809265137,0.826555,-0.3846168518066406
2022-10-03,13.0,13.149999618530272,12.800000190734863,12.850000381469728,2.445284,-0.7721963650058505
2022-10-04,13.0,13.300000190734863,13.0,13.300000190734863,1.697831,3.5019439370138628
2022-10-05,13.300000190734863,13.300000190734863,12.850000381469728,12.850000381469728,1.730191,-3.383457163997772
2022-10-06,13.050000190734863,13.199999809265137,12.899999618530273,13.0,3.080329,1.1673121718080326
2022-10-10,13.100000381469727,13.25,13.0,13.149999618530273,0.862473,1.153843219463635
2022-10-11,13.199999809265137,13.25,13.0,13.100000381469728,1.856261,-0.380222346091108
2022-10-12,13.050000190734863,13.050000190734863,12.850000381469727,13.0,1.753929,-0.7633616683796363
2022-10-13,12.899999618530273,13.300000190734863,12.850000381469727,12.850000381469727,2.486893,-1.153843219463646
2022-10-17,12.949999809265137,13.149999618530273,12.949999809265137,13.100000381469727,0.871543,1.945525234073231
2022-10-18,13.149999618530273,13.25,13.100000381469727,13.199999809265137,1.059802,0.7633543884232319
2022-10-19,13.199999809265137,13.25,12.899999618530273,12.949999809265137,1.464828,-1.893939421306079
2022-10-20,13.100000381469727,13.100000381469727,12.899999618530273,13.100000381469727,1.189319,1.1583055939295983
2022-10-24,13.050000190734863,13.050000190734863,12.949999809265137,12.949999809265137,0.478197,-1.14504250256946
2022-10-25,12.949999809265137,13.149999618530273,12.949999809265137,13.149999618530273,3.159619,1.544400094292242
2022-10-26,12.949999809265137,13.149999618530273,12.949999809265137,13.149999618530273,0.963676,0.0
2022-10-27,13.149999618530273,13.300000190734863,13.149999618530273,13.300000190734863,2.158716,1.1406887951024514
2022-10-31,13.149999618530273,13.25,13.100000381469727,13.25,2.035782,-0.37594127832941693
2022-11-01,13.149999618530273,13.300000190734863,13.149999618530273,13.25,1.658857,0.0
2022-11-02,13.199999809265137,13.25,13.100000381469727,13.199999809265137,2.308855,-0.377359930074439
2022-11-03,13.100000381469727,13.199999809265137,13.0,13.0,2.466568,-1.5151500920837613
2022-11-07,13.199999809265137,13.199999809265137,13.0,13.199999809265137,1.528926,1.5384600712702756
2022-11-08,13.149999618530272,13.199999809265137,13.050000190734863,13.199999809265137,1.218261,0.0
2022-11-09,13.25,13.25,13.0,13.2,1.24122,0.0
2022-11-10,13.149999618530272,13.199999809265137,13.100000381469728,13.149999618530272,0.643054,-0.3787893292223176
2022-11-14,13.100000381469728,13.25,13.0,13.149999618530272,1.854202,0.0
2022-11-15,13.149999618530272,13.199999809265137,13.100000381469728,13.199999809265137,0.504944,0.3802295983674764
2022-11-16,13.050000190734863,13.199999809265137,13.050000190734863,13.199999809265137,1.578149,0.0
2022-11-17,13.199999809265137,13.199999809265137,13.100000381469728,13.149999618530272,1.076277,-0.3787893292223176
2022-11-21,13.100000381469728,13.149999618530272,13.050000190734863,13.149999618530272,0.876261,0.0
2022-11-22,13.050000190734863,13.199999809265137,13.050000190734863,13.199999809265137,0.743128,0.3802295983674764
2022-11-23,13.199999809265137,13.25,13.100000381469728,13.25,1.678584,0.3787893292223288
2022-11-24,13.100000381469727,13.300000190734863,13.100000381469727,13.25,1.425696,0.0
2022-11-28,13.199999809265137,13.25,12.949999809265137,13.0,1.555719,-1.8867924528301883
2022-11-29,13.0,13.149999618530273,12.899999618530273,12.899999618530273,3.763077,-0.7692337036132812
2022-11-30,12.899999618530273,13.25,12.850000381469727,13.25,4.209097,2.713181331935588
2022-12-01,13.25,13.25,13.25,13.25,0.0,0.0
2022-12-05,13.050000190734863,13.149999618530273,13.0,13.0,2.620953,-1.8867924528301883
2022-12-06,13.100000381469727,13.100000381469727,12.850000381469727,12.899999618530273,1.867142,-0.7692337036132812
2022-12-07,13.0,13.050000190734863,12.850000381469727,13.050000190734863,1.473947,1.1627951677542825
2022-12-08,13.050000190734863,13.050000190734863,12.850000381469727,12.899999618530273,1.144673,-1.1494296552661099
2022-12-12,12.850000381469727,13.0,12.75,13.0,2.032601,0.7751967785028402
2022-12-13,12.850000381469727,13.0,12.699999809265137,12.75,1.967785,-1.9230769230769273
2022-12-14,12.800000190734863,13.0,12.75,13.0,0.945093,1.9607843137254832
2022-12-15,13.0,13.100000381469727,12.850000381469727,13.100000381469727,1.216262,0.7692337036132812
2022-12-19,13.0,13.25,12.899999618530272,13.149999618530272,0.766496,0.3816735542334193
2022-12-20,13.199999809265137,13.25,13.0,13.199999809265137,0.527403,0.3802295983674764
2022-12-21,13.199999809265137,13.25,13.100000381469727,13.25,0.92842,0.3787893292223288
2022-12-22,13.149999618530272,13.199999809265137,12.949999809265137,13.100000381469728,1.439824,-1.1320725926813102
2022-12-26,13.100000381469727,13.100000381469727,13.100000381469727,13.100000381469727,0.0,0.0
2022-12-27,13.100000381469727,13.100000381469727,13.100000381469727,13.100000381469727,0.0,0.0
2022-12-28,13.100000381469727,13.100000381469727,13.100000381469727,13.100000381469727,0.0,0.0
2022-12-29,13.100000381469728,13.100000381469728,13.100000381469728,13.100000381469728,0.0,0.0
2023-01-02,13.100000381469727,13.100000381469727,13.100000381469727,13.100000381469727,0.0,0.0
2023-01-03,13.100000381469727,13.100000381469727,13.100000381469727,13.100000381469727,0.0,0.0
2023-01-04,13.100000381469728,13.100000381469728,13.100000381469728,13.100000381469728,0.0,0.0
2023-01-05,13.050000190734863,13.149999618530273,12.949999809265137,13.100000381469727,2.100283,0.0
2023-01-09,12.949999809265137,13.050000190734863,12.850000381469728,12.949999809265137,2.727007,-1.14504250256946
2023-01-10,12.949999809265137,13.0,12.850000381469728,12.949999809265137,2.616101,0.0
2023-01-11,12.850000381469727,12.949999809265137,12.75,12.75,4.398243,-1.5444000942922531
2023-01-12,12.899999618530273,12.899999618530273,12.699999809265137,12.800000190734863,2.510461,0.3921583587048083
2023-01-16,12.800000190734863,12.949999809265137,12.699999809265137,12.949999809265137,2.282598,1.1718720023055074
2023-01-17,12.800000190734863,13.0,12.75,12.899999618530272,2.637338,-0.3861018646431957
2023-01-18,12.899999618530273,12.899999618530273,12.75,12.800000190734863,2.522502,-0.7751893856784764
2023-01-19,12.850000381469727,12.850000381469727,12.649999618530273,12.699999809265137,3.282517,-0.7812529685906622
2023-01-23,12.850000381469727,12.899999618530273,12.75,12.850000381469727,2.475846,1.1811068854911122
2023-01-24,12.899999618530272,13.0,12.800000190734863,12.949999809265137,1.382272,0.7782056406754112
2023-01-25,12.949999809265137,13.0,12.850000381469728,12.949999809265137,0.621238,0.0
2023-01-26,13.050000190734863,13.149999618530272,12.899999618530272,13.0,3.721276,0.3861018646432068
2023-01-30,12.850000381469727,13.050000190734863,12.699999809265137,12.850000381469727,4.868898,-1.153843219463646
2023-01-31,13.050000190734863,13.050000190734863,12.800000190734863,12.949999809265137,4.005718,0.7782056406754112
2023-02-01,12.949999809265137,13.25,12.850000381469727,13.25,4.030551,2.3166038235786335
2023-02-02,13.300000190734863,13.350000381469728,13.100000381469728,13.300000190734863,3.480192,0.377359930074439
2023-02-06,13.600000381469727,13.649999618530273,13.399999618530273,13.600000381469727,2.29322,2.2556404994930057
2023-02-07,13.649999618530272,13.75,13.5,13.649999618530272,2.839326,0.367641438662547
2023-02-08,13.7,13.7,13.45,13.55,1.021412,-0.732597
2023-02-09,13.600000381469728,13.75,13.550000190734863,13.699999809265137,1.134398,1.1070082392533154
2023-02-13,13.75,13.75,13.600000381469727,13.600000381469727,0.65698,-0.7299228407856018
2023-02-14,13.600000381469727,13.699999809265137,13.550000190734863,13.600000381469727,1.665884,0.0
2023-02-15,13.600000381469727,13.600000381469727,13.350000381469727,13.550000190734863,3.15909,-0.3676484509735012
2023-02-16,13.550000190734863,13.600000381469727,13.350000381469727,13.399999618530273,2.343844,-1.1070152774400377
2023-02-20,13.25,13.25,13.25,13.25,0.0,-1.1194001701525846
2023-02-21,13.399999618530272,13.699999809265137,13.399999618530272,13.5,2.239112,1.8867924528301885
2023-02-22,13.449999809265137,13.649999618530272,13.399999618530272,13.600000381469728,1.906241,0.7407435664424256
2023-02-23,13.600000381469728,13.600000381469728,13.350000381469728,13.350000381469728,1.748631,-1.8382352425565407
2023-02-27,13.55,13.65,13.4,13.4,3.879548,0.374526
2023-02-28,13.449999809265137,13.600000381469728,13.449999809265137,13.600000381469728,2.815341,1.4925430495003944
2023-03-01,13.449999809265137,13.649999618530273,13.449999809265137,13.600000381469727,3.032071,0.0
2023-03-02,13.600000381469727,13.699999809265137,13.449999809265137,13.550000190734863,3.580534,-0.3676484509735012
2023-03-06,13.0,13.100000381469727,12.850000381469727,13.0,1.588222,-4.059041940906683
2023-03-07,13.100000381469728,13.100000381469728,12.850000381469728,12.899999618530272,1.890478,-0.7692337036132812
2023-03-08,12.949999809265137,13.100000381469728,12.850000381469728,13.100000381469728,1.720346,1.5503935570057026
2023-03-09,13.199999809265137,13.199999809265137,12.800000190734863,12.800000190734863,4.21489,-2.2900777251825155
2023-03-13,12.899999618530273,12.899999618530273,12.600000381469727,12.899999618530273,2.610737,0.7812455180101763
2023-03-14,12.899999618530272,12.899999618530272,12.5,12.5,2.249317,-3.1007723283626443
2023-03-15,12.550000190734863,13.0,12.550000190734863,12.800000190734863,2.409355,2.4000015258789142
2023-03-16,12.649999618530272,12.850000381469728,12.5,12.800000190734863,1.436986,0.0
2023-03-20,12.649999618530273,12.699999809265137,12.5,12.699999809265137,1.099824,-0.7812529685906622
2023-03-21,12.649999618530273,12.850000381469727,12.649999618530273,12.800000190734863,1.4071,0.7874045903274229
2023-03-22,12.75,12.949999809265137,12.75,12.899999618530272,1.488393,0.7812455180101763
2023-03-23,12.949999809265137,12.949999809265137,12.75,12.850000381469728,0.73639,-0.3875909964270452
2023-03-27,12.649999618530273,12.899999618530273,12.600000381469727,12.649999618530273,1.653448,-1.556426124530419
2023-03-28,12.649999618530272,13.100000381469728,12.649999618530272,13.0,8.994464,2.7668015179781458
2023-03-29,12.949999809265137,13.5,12.899999618530273,13.300000190734863,5.047125,2.307693774883557
2023-03-30,13.350000381469728,13.350000381469728,13.149999618530272,13.199999809265137,0.794967,-0.7518825566588339
2023-04-03,13.100000381469728,13.399999618530272,13.100000381469728,13.350000381469728,3.241626,1.136367987666964
2023-04-04,13.350000381469728,13.399999618530272,13.199999809265137,13.399999618530272,0.561983,0.3745261096018248
2023-04-05,13.300000190734863,13.350000381469728,13.149999618530272,13.350000381469728,0.704127,-0.3731286454023874
2023-04-06,13.149999618530272,13.350000381469728,13.149999618530272,13.300000190734863,1.356715,-0.3745332532294587
2023-04-10,13.300000190734863,13.300000190734863,13.100000381469727,13.149999618530273,0.235703,-1.1278238349882397
2023-04-11,13.100000381469727,13.300000190734863,13.100000381469727,13.300000190734863,1.061932,1.1406887951024514
2023-04-12,13.25,13.300000190734863,13.100000381469727,13.300000190734863,2.611405,0.0
2023-04-13,13.350000381469728,13.350000381469728,13.0,13.0,4.129246,-2.2556404994930057
2023-04-17,13.0,13.149999618530273,13.0,13.100000381469727,1.899373,0.7692337036132812
2023-04-18,13.149999618530272,13.25,13.100000381469728,13.25,3.002742,1.145035222613067
2023-04-19,13.25,13.25,13.100000381469728,13.199999809265137,1.853579,-0.377359930074439
2023-04-20,13.199999809265137,13.199999809265137,13.199999809265137,13.199999809265137,0.0,0.0
2023-04-24,13.149999618530272,13.350000381469728,13.149999618530272,13.300000190734863,1.902196,0.7575786584446353
2023-04-25,13.3,13.3,13.2,13.3,0.944835,0.0
2023-04-26,13.15,13.4,13.15,13.4,2.863406,0.751875
2023-04-27,13.550000190734863,13.949999809265137,13.550000190734863,13.899999618530272,7.271443,3.731343389805564
2023-05-01,14.100000381469728,14.149999618530272,13.949999809265137,13.949999809265137,2.413326,0.3597136122810207
2023-05-02,14.0,14.0,13.899999618530273,14.0,1.999886,0.3584243112437546
2023-05-03,14.0,14.0,13.850000381469727,14.0,1.542975,0.0
2023-05-04,14.0,14.050000190734863,13.899999618530273,14.050000190734863,1.587528,0.35714421953474407
2023-05-08,14.100000381469727,14.149999618530273,13.949999809265137,14.050000190734863,2.157965,0.0
2023-05-09,14.100000381469727,14.149999618530273,14.0,14.100000381469727,1.535805,0.35587323883337074
2023-05-10,14.100000381469727,14.149999618530273,14.0,14.149999618530273,2.347023,0.3546045085662364
2023-05-11,14.199999809265137,14.199999809265137,13.949999809265137,14.0,2.405916,-1.060068004057324
2023-05-15,14.0,14.050000190734863,13.649999618530273,13.649999618530273,2.544059,-2.5000027247837564
2023-05-16,13.8,13.95,13.75,13.9,2.355764,1.831502
2023-05-17,14.0,14.050000190734863,13.899999618530272,13.949999809265137,2.829473,0.3597136122810207
2023-05-18,14.0,14.0,13.850000381469728,14.0,3.095441,0.3584243112437546
2023-05-22,13.949999809265137,14.0,13.850000381469728,13.850000381469728,0.621772,-1.0714258466448134
2023-05-23,14.0,14.0,13.75,13.75,1.134211,-0.722024395057197
2023-05-24,13.850000381469728,13.899999618530272,13.699999809265137,13.699999809265137,1.990457,-0.3636377507990063
2023-05-25,13.800000190734863,13.800000190734863,13.600000381469728,13.600000381469728,1.06081,-0.7299228407856018
2023-05-29,13.649999618530272,13.800000190734863,13.649999618530272,13.699999809265137,1.967151,0.7352898896360482
2023-05-30,13.75,13.850000381469728,13.699999809265137,13.75,2.432456,0.3649649009560551
2023-05-31,13.75,13.899999618530272,13.649999618530272,13.649999618530272,9.078921,-0.7272755015980126
2023-06-01,13.800000190734863,13.800000190734863,13.649999618530272,13.649999618530272,1.213392,0.0
2023-06-05,13.850000381469728,13.949999809265137,13.800000190734863,13.899999618530272,1.895186,1.831501882685904
2023-06-06,13.949999809265137,13.949999809265137,13.800000190734863,13.800000190734863,1.293683,-0.7194203635955465
2023-06-07,13.8,13.9,13.7,13.85,1.651675,0.36232
2023-06-08,13.899999618530272,14.100000381469728,13.850000381469728,14.0,4.337259,1.0830297068508576
2023-06-12,14.1,14.35,14.1,14.25,4.23073,1.785714
2023-06-13,14.149999618530272,14.399999618530272,14.149999618530272,14.350000381469728,3.507527,0.7017570629454406
2023-06-14,14.4,14.55,14.35,14.55,4.79987,1.393727
2023-06-15,14.600000381469728,15.0,14.449999809265137,14.75,7.278696,1.374569117823743
2023-06-19,14.9,14.95,14.8,14.9,1.464024,1.016947
2023-06-20,14.899999618530272,14.949999809265137,14.699999809265137,14.800000190734863,1.84585,-0.6711371164805024
2023-06-21,14.850000381469728,14.899999618530272,14.75,14.899999618530272,2.588189,0.675671800720723
2023-06-22,14.899999618530272,14.899999618530272,14.800000190734863,14.800000190734863,0.575717,-0.6711371164805024
2023-06-26,14.899999618530272,15.149999618530272,14.850000381469728,14.850000381469728,2.738062,0.337839122233019
2023-06-27,14.85,14.85,14.85,14.85,0.0,0.0
2023-06-28,14.85,14.85,14.85,14.85,0.0,0.0
2023-06-29,14.850000381469728,14.850000381469728,14.850000381469728,14.850000381469728,0.0,0.0
2023-07-03,14.85,15.3,14.85,15.3,3.774431,3.030302
2023-07-04,15.300000190734863,16.299999237060547,15.199999809265137,15.899999618530272,6.215805,3.921564838664171
2023-07-05,16.0,16.0,15.350000381469728,15.550000190734863,1.335435,-2.201254315676282
2023-07-06,15.550000190734863,16.200000762939453,15.550000190734863,16.149999618530273,5.253704,3.8585171732210544
2023-07-10,15.850000381469727,16.299999237060547,15.850000381469727,16.200000762939453,5.195888,0.30960461665776595
2023-07-11,16.299999237060547,16.299999237060547,16.049999237060547,16.299999237060547,2.75546,0.6172745025411208
2023-07-12,16.299999237060547,16.5,16.200000762939453,16.200000762939453,3.758509,-0.6134876000100209
2023-07-13,16.399999618530273,16.399999618530273,16.200000762939453,16.200000762939453,1.467564,0.0
2023-07-17,16.350000381469727,16.450000762939453,16.200000762939453,16.399999618530273,1.081553,1.2345607788387003
2023-07-18,16.450000762939453,16.450000762939453,16.299999237060547,16.399999618530273,0.820714,0.0
2023-07-19,16.450000762939453,16.5,16.299999237060547,16.350000381469727,2.781942,-0.3048734038021083
2023-07-20,16.350000381469727,16.5,16.25,16.350000381469727,1.308492,0.0
2023-07-24,16.350000381469727,16.549999237060547,16.200000762939453,16.200000762939453,2.441731,-0.9174288381074036
2023-07-25,16.450001,16.5,16.15,16.25,3.576379,0.308637
2023-07-26,16.399999618530273,16.549999237060547,16.25,16.350000381469727,3.313519,0.6153869628906294
2023-07-27,16.600000381469727,16.799999237060547,16.549999237060547,16.649999618530273,6.301776,1.8348576762148072
2023-07-31,16.5,17.049999237060547,16.450000762939453,17.0,6.049578,2.102104441373087
2023-08-01,17.0,17.149999618530273,16.850000381469727,17.100000381469727,3.481512,0.5882375380572125
2023-08-02,17.100000381469727,17.100000381469727,16.799999237060547,17.049999237060547,1.208366,-0.2924043467470549
2023-08-03,16.850000381469727,17.049999237060547,16.5,16.5,1.875476,-3.225802121240262
2023-08-07,17.0,17.149999618530273,16.799999237060547,17.049999237060547,1.570877,3.333328709457861
2023-08-08,17.100000381469727,17.100000381469727,16.649999618530273,16.700000762939453,2.878101,-2.0527770661732503
2023-08-09,16.899999618530273,16.899999618530273,16.549999237060547,16.600000381469727,2.179869,-0.5988046521030466
2023-08-10,16.600000381469727,16.75,16.25,16.299999237060547,3.342304,-1.8072357681633844
2023-08-14,16.549999237060547,17.0,16.549999237060547,17.0,3.375568,4.294483409225536
2023-08-15,16.899999618530273,17.0,16.850000381469727,16.899999618530273,1.015789,-0.5882375380572125
2023-08-16,16.899999618530273,17.049999237060547,16.799999237060547,16.799999237060547,2.751325,-0.5917182469050486
2023-08-17,16.75,17.100000381469727,16.75,16.950000762939453,2.413423,0.892866266017478
2023-08-21,16.899999618530273,17.200000762939453,16.899999618530273,17.100000381469727,5.996639,0.8849534618207366
2023-08-22,17.100000381469727,17.299999237060547,17.100000381469727,17.100000381469727,2.761147,0.0
2023-08-23,17.049999237060547,17.600000381469727,17.049999237060547,17.299999237060547,7.487514,1.1695839247322315
2023-08-24,17.450000762939453,17.549999237060547,17.299999237060547,17.299999237060547,2.686413,0.0
2023-08-28,17.399999618530273,17.549999237060547,17.299999237060547,17.450000762939453,2.253495,0.8670608814685288
2023-08-29,17.450000762939453,17.450000762939453,16.549999237060547,16.850000381469727,7.717312,-3.4383974512139592
2023-08-30,16.899999618530273,16.899999618530273,16.5,16.549999237060547,3.407051,-1.7804221817056876
2023-08-31,16.549999237060547,16.700000762939453,16.350000381469727,16.350000381469727,6.243186,-1.2084523553509419
2023-09-04,16.75,16.75,16.399999618530273,16.649999618530273,2.24902,1.8348576762148072
2023-09-05,16.649999618530273,16.649999618530273,16.350000381469727,16.450000762939453,2.586178,-1.2011943553934756
2023-09-06,16.399999618530273,16.75,16.399999618530273,16.549999237060547,4.616792,0.6078934315090212
2023-09-07,16.450000762939453,16.950000762939453,16.450000762939453,16.600000381469727,6.963487,0.30212173241199736
2023-09-11,16.75,17.100000381469727,16.75,16.899999618530273,3.5983,1.807224278111641
2023-09-12,16.899999618530273,17.149999618530273,16.799999237060547,17.100000381469727,3.449216,1.1834364938100972
2023-09-13,17.149999618530273,17.299999237060547,17.049999237060547,17.049999237060547,5.856113,-0.29240434674705496
2023-09-14,17.100000381469727,17.299999237060547,16.899999618530273,16.899999618530273,6.327027,-0.8797631979022502
2023-09-18,17.149999618530273,17.299999237060547,17.049999237060547,17.299999237060547,3.962698,2.3668617015333293
2023-09-19,17.299999237060547,17.899999618530273,17.299999237060547,17.799999237060547,7.008814,2.89017353786285
2023-09-20,17.75,19.0,17.75,18.5,6.771415,3.932588724397323
2023-09-21,18.5,18.75,17.700000762939453,18.100000381469727,3.546226,-2.162160100163635
2023-09-25,18.399999618530273,18.399999618530273,18.049999237060547,18.399999618530273,3.288501,1.6574543134688424
2023-09-26,18.399999618530273,18.399999618530273,18.100000381469727,18.200000762939453,3.077601,-1.0869503246587309
2023-09-27,18.299999237060547,18.299999237060547,17.899999618530273,17.899999618530273,1.627932,-1.648357867215422
2023-09-28,18.149999618530273,18.25,17.799999237060547,17.799999237060547,1.913646,-0.5586613608986046
2023-10-02,17.799999237060547,17.799999237060547,17.799999237060547,17.799999237060547,0.0,0.0
2023-10-03,17.600000381469727,18.100000381469727,17.600000381469727,18.049999237060547,2.649572,1.4044944422215933
2023-10-04,18.149999618530273,18.149999618530273,17.899999618530273,18.149999618530273,2.039857,0.5540187573216393
2023-10-05,18.149999618530273,18.149999618530273,17.700000762939453,17.75,1.703983,-2.203854693869489
2023-10-09,17.799999237060547,18.049999237060547,17.549999237060547,17.700000762939453,2.890642,-0.2816858425946256
2023-10-10,17.700000762939453,17.899999618530273,17.299999237060547,17.299999237060547,4.840671,-2.2598955290241363
2023-10-11,17.5,18.049999237060547,17.399999618530273,17.700000762939453,3.145434,2.312147650399954
2023-10-12,17.950000762939453,17.950000762939453,17.5,17.899999618530273,1.923164,1.1299369885315658
2023-10-16,17.450000762939453,17.899999618530273,17.450000762939453,17.75,3.377113,-0.8379867135583141
2023-10-17,17.549999237060547,17.899999618530273,17.549999237060547,17.799999237060547,2.171261,0.2816858425946256
2023-10-18,17.649999618530273,17.75,17.350000381469727,17.350000381469727,3.319473,-2.528083566733519
2023-10-19,17.5,17.700000762939453,17.299999237060547,17.299999237060547,2.915638,-0.28819102772229543
2023-10-23,16.450000762939453,16.75,16.299999237060547,16.299999237060547,1.407241,-5.780347075725711
2023-10-24,16.5,16.5,15.600000381469727,16.0,2.525071,-1.8404862030818592
2023-10-25,16.100000381469727,16.549999237060547,15.850000381469727,16.549999237060547,5.346239,3.437495231628418
2023-10-26,16.799999237060547,16.799999237060547,15.899999618530272,16.0,2.701512,-3.3232583831721785
2023-10-30,16.450000762939453,17.0,16.149999618530273,16.950000762939453,2.049903,5.937504768371582
2023-10-31,16.950000762939453,17.149999618530273,16.75,16.950000762939453,1.751619,0.0
2023-11-01,16.700000762939453,17.549999237060547,16.600000381469727,17.25,2.234097,1.7699069236414733
2023-11-02,17.049999237060547,17.350000381469727,17.049999237060547,17.149999618530273,1.117361,-0.5797123563462403
2023-11-06,17.299999237060547,17.600000381469727,17.299999237060547,17.600000381469727,2.487583,2.623911212529917
2023-11-07,17.350000381469727,17.799999237060547,17.350000381469727,17.799999237060547,1.842959,1.1363571094088698
2023-11-08,17.799999237060547,17.799999237060547,17.600000381469727,17.700000762939453,2.081444,-0.5617892045348571
2023-11-09,17.350000381469727,17.799999237060547,17.350000381469727,17.799999237060547,1.442199,0.5649631062755178
2023-11-13,17.600000381469727,17.75,17.549999237060547,17.600000381469727,1.529188,-1.1235891245119367
2023-11-14,17.75,17.799999237060547,17.600000381469727,17.700000762939453,1.295166,0.5681839733084004
2023-11-15,17.649999618530273,17.899999618530273,17.600000381469727,17.799999237060547,2.804892,0.5649631062755178
2023-11-16,17.649999618530273,17.950000762939453,17.649999618530273,17.950000762939453,2.950839,0.842705237686725
2023-11-20,17.899999618530273,18.100000381469727,17.75,18.049999237060547,1.835428,0.5570945396701887
2023-11-21,18.100000381469727,18.100000381469727,17.799999237060547,17.950000762939453,3.446168,-0.554008190292743
2023-11-22,17.899999618530273,17.950000762939453,17.850000381469727,17.899999618530273,2.510181,-0.27855789573232315
2023-11-23,17.75,18.0,17.75,17.899999618530273,1.809796,0.0
2023-11-27,17.950000762939453,18.0,17.549999237060547,17.649999618530273,2.347903,-1.3966480744569298
2023-11-28,17.600000381469727,17.899999618530273,17.600000381469727,17.850000381469727,3.319669,1.1331488230145847
2023-11-29,17.75,17.850000381469727,17.600000381469727,17.75,1.590661,-0.5602262147486492
2023-11-30,17.600000381469727,17.75,17.549999237060547,17.600000381469727,5.471801,-0.8450682734099879
2023-12-04,17.600000381469727,17.600000381469727,17.600000381469727,17.600000381469727,0.0,0.0
2023-12-05,17.5,17.799999237060547,17.350000381469727,17.799999237060547,2.554374,1.1363571094088698
2023-12-06,17.700000762939453,17.899999618530273,17.700000762939453,17.850000381469727,1.212945,0.2809053177096565
2023-12-07,17.549999237060547,17.799999237060547,17.549999237060547,17.600000381469727,0.952314,-1.4005601941584733
2023-12-11,17.549999237060547,17.549999237060547,17.399999618530273,17.399999618530273,1.68444,-1.1363679466167786
2023-12-12,17.299999237060547,17.450000762939453,16.899999618530273,17.25,3.423356,-0.862066792062055
2023-12-13,17.25,17.299999237060547,16.950000762939453,16.950000762939453,0.941566,-1.7391260119452023
2023-12-14,17.0,17.149999618530273,16.799999237060547,16.850000381469727,4.475932,-0.589972725478416
2023-12-18,17.100000381469727,17.100000381469727,16.850000381469727,16.850000381469727,3.501198,0.0
2023-12-19,16.850000381469727,17.049999237060547,16.850000381469727,17.049999237060547,1.323679,1.1869368015609227
2023-12-20,17.1,17.299999,17.0,17.200001,1.801888,0.879774
2023-12-21,17.299999237060547,17.299999237060547,16.899999618530273,16.899999618530273,1.432947,-1.7441926226863136
2023-12-25,17.0,17.100000381469727,16.950000762939453,16.950000762939453,0.596349,0.2958647664959457
2023-12-26,17.100000381469727,17.100000381469727,16.950000762939453,17.100000381469727,0.469953,0.8849534618207366
2023-12-27,17.0,17.200000762939453,16.950000762939453,17.200000762939453,1.350992,0.5847975394087879
2023-12-28,17.200000762939453,17.25,16.950000762939453,17.100000381469727,1.085717,-0.5813975408954342
2024-01-01,17.299999237060547,17.299999237060547,17.299999237060547,17.299999237060547,0.0,1.1695839247322315
2024-01-02,17.200000762939453,17.25,17.049999237060547,17.200000762939453,1.9036,-0.5780258874628963
2024-01-03,17.200000762939453,17.399999618530273,17.200000762939453,17.350000381469727,2.10266,0.8720907667252753
2024-01-04,17.399999618530273,17.600000381469727,17.350000381469727,17.5,3.711811,0.8645510964396141
2024-01-08,17.600000381469727,17.649999618530273,17.399999618530273,17.5,1.707355,0.0
2024-01-09,17.549999237060547,17.75,17.5,17.549999237060547,1.445006,0.2857099260602735
2024-01-10,17.600000381469727,17.649999618530273,17.450000762939453,17.549999237060547,1.253742,0.0
2024-01-11,17.700000762939453,17.700000762939453,17.299999237060547,17.450000762939453,2.464676,-0.5697919001040552
2024-01-15,17.5,17.549999237060547,17.399999618530273,17.5,1.316558,0.2865285666160844
2024-01-16,17.5,17.549999237060547,17.399999618530273,17.399999618530273,2.35372,-0.571430751255575
2024-01-17,17.399999618530273,17.450000762939453,17.350000381469727,17.450000762939453,1.571067,0.28736290520334773
2024-01-18,17.350000381469727,17.5,17.149999618530273,17.200000762939453,1.921666,-1.432664693808805
2024-01-22,17.5,17.75,17.450000762939453,17.5,4.024641,1.7441815334505728
2024-01-23,17.600000381469727,17.75,17.5,17.700000762939453,0.883437,1.14286150251115
2024-01-24,17.75,18.899999618530277,17.600000381469727,18.549999237060547,9.389333,4.8022510592250045
2024-01-25,19.200000762939453,19.5,18.39999961853028,18.39999961853028,9.211493,-0.808623313744361
2024-01-29,18.100000381469727,18.299999237060547,18.0,18.200000762939453,1.623829,-1.0869503246587309
2024-01-30,18.200000762939453,18.5,18.049999237060547,18.049999237060547,2.554984,-0.824184173576259
2024-01-31,18.200000762939453,18.200000762939453,17.649999618530273,17.700000762939453,7.315193,-1.939049800082382
2024-02-01,17.899999618530273,17.899999618530273,17.75,17.799999237060547,6.507043,0.5649631062755178
2024-02-05,18.0,18.200000762939453,17.700000762939453,17.75,3.449716,-0.2808946022674341
2024-02-06,17.950000762939453,17.950000762939453,17.549999237060547,17.700000762939453,4.269718,-0.2816858425946256
2024-02-07,17.700000762939453,17.700000762939453,17.700000762939453,17.700000762939453,0.0,0.0
2024-02-08,17.399999618530273,17.549999237060547,17.149999618530273,17.25,11.470129,-2.542377082161895
2024-02-12,17.399999618530273,17.450000762939453,17.25,17.450000762939453,1.983765,1.1594247126924806
2024-02-13,17.450000762939453,17.5,17.299999237060547,17.399999618530273,2.16747,-0.2865394969802648
2024-02-14,17.350000381469727,18.200000762939453,17.350000381469727,17.899999618530273,3.674419,2.873563281389502
2024-02-15,17.950000762939453,18.0,17.799999237060547,17.899999618530273,1.076778,0.0
2024-02-19,18.25,18.5,18.200000762939453,18.5,2.378948,3.351957509812453
2024-02-20,18.5,18.700000762939453,18.350000381469727,18.600000381469727,3.084155,0.5405426025390625
2024-02-21,18.600000381469727,18.600000381469727,18.600000381469727,18.600000381469727,0.0,0.0
2024-02-22,18.399999618530273,18.399999618530273,18.0,18.0,3.043608,-3.225808436366906
2024-02-26,17.700000762939453,17.850000381469727,17.399999618530273,17.700000762939453,2.313611,-1.6666624281141518
2024-02-27,17.799999237060547,18.399999618530273,17.75,18.399999618530273,3.353733,3.9547956238312088
2024-02-28,18.399999618530277,18.450000762939453,18.200000762939453,18.299999237060547,1.846876,-0.5434803453420622
2024-02-29,18.350000381469727,18.350000381469727,18.049999237060547,18.299999237060547,4.687675,0.0
2024-03-04,17.399999618530273,17.549999237060547,17.25,17.399999618530273,1.086412,-4.918030907387272
2024-03-05,17.299999237060547,17.5,16.899999618530273,17.049999237060547,2.076667,-2.011496489327458
2024-03-06,17.049999237060547,17.299999237060547,17.049999237060547,17.049999237060547,1.258158,0.0
2024-03-07,17.0,17.299999237060547,17.0,17.299999237060547,1.145362,1.4662757254357617
2024-03-11,17.100000381469727,17.149999618530273,16.950000762939453,16.950000762939453,1.241349,-2.0231126563943214
2024-03-12,16.950000762939453,17.149999618530273,16.850000381469727,16.950000762939453,1.745305,0.0
2024-03-13,17.100000381469727,17.25,17.0,17.200000762939453,0.825629,1.4749261872991415
2024-03-14,17.200000762939453,17.600000381469727,17.200000762939453,17.549999237060547,2.401753,2.034874759280414
2024-03-18,17.799999237060547,17.799999237060547,17.549999237060547,17.600000381469727,0.796403,0.284906818135866
2024-03-19,17.75,17.75,17.25,17.600000381469727,2.41092,0.0
2024-03-20,17.649999618530273,17.799999237060547,17.450000762939453,17.799999237060547,2.763728,1.1363571094088698
2024-03-21,17.799999237060547,17.799999237060547,17.549999237060547,17.600000381469727,0.857601,-1.1235891245119367
2024-03-25,17.649999618530273,17.700000762939453,17.5,17.649999618530273,1.013365,0.2840865680502347
2024-03-26,17.600000381469727,17.700000762939453,17.5,17.5,2.222916,-0.8498562140068944
2024-03-27,17.5,17.600000381469727,17.25,17.25,5.734933,-1.4285714285714235
2024-03-28,17.25,17.549999237060547,17.149999618530273,17.299999237060547,2.58065,0.2898506496263664
2024-04-01,17.299999237060547,17.299999237060547,17.299999237060547,17.299999237060547,0.0,0.0
2024-04-02,17.450000762939453,17.450000762939453,17.299999237060547,17.450000762939453,1.734368,0.8670608814685288
2024-04-03,17.5,17.549999237060547,17.25,17.350000381469727,1.772831,-0.5730680635963603
2024-04-04,17.450000762939453,17.450000762939453,17.049999237060547,17.149999618530273,0.961357,-1.1527421241619096
2024-04-15,17.399999618530273,17.5,17.200000762939453,17.25,3.432465,0.583092616291836
2024-04-16,17.299999237060547,17.299999237060547,17.0,17.0,2.21268,-1.449275362318836
2024-04-17,17.0,17.149999618530273,16.850000381469727,16.850000381469727,2.784953,-0.8823506972369
2024-04-18,17.0,17.0,16.75,16.75,2.733265,-0.5934740605685662
2024-04-22,16.649999618530273,16.75,16.25,16.25,2.604935,-2.985074626865669
2024-04-23,16.25,16.450000762939453,15.649999618530273,15.649999618530273,3.375459,-3.6923100398137065
2024-04-24,16.399999618530273,16.600000381469727,15.949999809265137,16.25,3.358715,3.8338683456535128
2024-04-25,16.5,16.649999618530273,16.399999618530273,16.549999237060547,4.308892,1.846149151141829
2024-04-29,16.75,16.850000381469727,16.5,16.799999237060547,2.264723,1.5105740877629392
2024-04-30,16.850000381469727,17.049999237060547,16.600000381469727,17.0,2.56186,1.1904807858458266
2024-05-01,16.950000762939453,17.0,16.850000381469727,16.899999618530273,1.161305,-0.5882375380572125
2024-05-02,16.899999618530273,17.049999237060547,16.799999237060547,16.799999237060547,1.020596,-0.5917182469050486
2024-05-06,16.700000762939453,16.950000762939453,16.700000762939453,16.899999618530273,0.895791,0.5952403929229133
2024-05-07,16.950000762939453,16.950000762939453,16.700000762939453,16.850000381469727,2.090282,-0.2958534804091028
2024-05-08,16.850000381469727,16.950000762939453,16.799999237060547,16.950000762939453,2.103743,0.5934740605685551
2024-05-09,16.899999618530273,17.0,16.700000762939453,16.700000762939453,2.340195,-1.4749261872991526
2024-05-13,16.75,16.75,16.549999237060547,16.700000762939453,1.03246,0.0
2024-05-14,16.850000381469727,16.850000381469727,16.600000381469727,16.600000381469727,0.918195,-0.5988046521030466
2024-05-15,16.600000381469727,16.75,16.5,16.5,1.521116,-0.6024119227211244
2024-05-16,16.600000381469727,16.700000762939453,16.5,16.600000381469727,1.243276,0.6060629179983401
2024-05-20,16.600000381469727,16.649999618530273,16.450000762939453,16.5,0.857641,-0.6024119227211244
2024-05-21,16.549999237060547,16.600000381469727,16.450000762939453,16.5,1.583394,0.0
2024-05-22,16.600000381469727,16.649999618530273,16.25,16.25,3.564563,-1.5151515151515138
2024-05-23,16.200000762939453,16.399999618530273,15.949999809265137,15.949999809265137,2.338199,-1.846155019906848
2024-05-27,15.850000381469728,15.949999809265137,15.649999618530272,15.850000381469728,2.066107,-0.6269556676566368
2024-05-28,16.0,16.0,15.600000381469728,15.600000381469728,3.218066,-1.577287028284713
2024-05-29,15.600000381469728,15.699999809265137,15.449999809265137,15.449999809265137,4.285992,-0.961542106003832
2024-05-30,15.600000381469728,15.699999809265137,15.5,15.699999809265137,3.580454,1.6181229973224909
2024-06-03,15.550000190734863,15.75,15.5,15.699999809265137,3.566198,0.0
2024-06-04,15.699999809265137,15.850000381469727,15.649999618530273,15.800000190734863,1.589041,0.6369451126407855
2024-06-05,15.850000381469727,16.0,15.800000190734863,15.899999618530273,2.799926,0.6329077632166724
2024-06-06,15.899999618530273,16.0,15.850000381469727,15.899999618530273,2.0171,0.0
2024-06-10,16.100000381469727,16.350000381469727,16.049999237060547,16.049999237060547,2.558683,0.943393849868146
2024-06-11,16.200000762939453,16.5,16.200000762939453,16.350000381469727,2.317888,1.8691660976310587
2024-06-12,16.5,16.5,16.100000381469727,16.100000381469727,1.922979,-1.5290519520925416
2024-06-13,16.100000381469727,16.200000762939453,15.949999809265137,16.200000762939453,1.737453,0.6211203670828613
2024-06-20,16.450000762939453,16.5,16.25,16.5,5.985764,1.8518470551362576
2024-06-24,16.399999618530273,16.450000762939453,16.25,16.25,1.045922,-1.5151515151515138
2024-06-25,16.399999618530273,16.399999618530273,16.299999237060547,16.399999618530273,1.830759,0.9230745755709036
2024-06-26,16.450000762939453,16.450000762939453,16.25,16.450000762939453,3.253524,0.30488503397696487
2024-06-27,16.450000762939453,16.450000762939453,16.299999237060547,16.450000762939453,3.913208,0.0
2024-07-01,16.549999237060547,16.549999237060547,16.399999618530273,16.399999618530273,3.225769,-0.3039583105784893
2024-07-02,16.399999618530273,16.600000381469727,16.399999618530273,16.549999237060547,3.325449,0.9146318415812038
2024-07-03,16.399999618530273,16.600000381469727,16.399999618530273,16.549999237060547,3.325449,0.0
2024-07-04,16.700000762939453,16.75,16.600000381469727,16.600000381469727,3.525805,0.3021217324119973
2024-07-08,16.5,16.75,16.5,16.649999618530273,0.938883,0.3012002163346849
2024-07-09,16.649999618530273,16.75,16.600000381469727,16.75,2.666367,0.6006029054705486
2024-07-10,16.75,16.799999237060547,16.649999618530273,16.649999618530273,3.334473,-0.5970172028043397
2024-07-11,16.649999618530273,16.75,16.649999618530273,16.700000762939453,1.177646,0.3003071805090629
2024-07-15,16.850000381469727,17.100000381469727,16.850000381469727,17.0,3.546857,1.7964025350603707
2024-07-16,16.950000762939453,17.149999618530273,16.950000762939453,17.0,4.563549,0.0
2024-07-17,16.950000762939453,17.200000762939453,16.899999618530273,17.200000762939453,3.237686,1.176475076114425
2024-07-18,17.200000762939453,17.5,17.200000762939453,17.5,4.217104,1.7441815334505728
2024-07-22,17.549999237060547,17.649999618530273,17.399999618530273,17.5,4.223773,0.0
2024-07-23,17.5,17.850000381469727,17.399999618530273,17.850000381469727,5.606566,2.0000021798270096
2024-07-24,17.850000381469727,17.899999618530273,17.649999618530273,17.649999618530273,4.784943,-1.1204524294972873
2024-07-25,17.649999618530273,17.899999618530273,17.5,17.899999618530273,3.987621,1.4164306255141978
2024-07-29,18.399999618530273,18.799999237060547,18.25,18.75,4.396082,4.748605584269372
2024-07-30,18.600000381469727,18.75,18.549999237060547,18.75,3.406011,0.0
2024-07-31,18.600000381469727,19.100000381469727,18.549999237060547,19.100000381469727,8.205801,1.8666687011718697
2024-08-01,19.0,19.350000381469727,19.0,19.299999237060547,3.264289,1.0471144062638604
2024-08-05,18.799999237060547,18.799999237060547,18.0,18.350000381469727,2.899773,-4.922274057745035
2024-08-06,18.39999961853028,19.0,18.39999961853028,18.950000762939453,7.162657,3.269756779272992
2024-08-07,18.850000381469727,19.89999961853028,18.850000381469727,19.450000762939453,3.662994,2.638522321212
2024-08-08,19.15,19.6,19.15,19.450001,3.030694,0.0
2024-08-12,19.450000762939453,19.64999961853028,19.25,19.25,1.143952,-1.028281517194285
2024-08-13,19.450000762939453,19.450000762939453,18.950000762939453,19.14999961853028,2.426184,-0.5194825011414328
2024-08-14,19.049999237060547,19.549999237060547,19.049999237060547,19.549999237060547,1.135523,2.088770895552483
2024-08-15,19.25,19.75,19.25,19.75,0.746491,1.0230218452403683
2024-08-19,19.799999237060547,19.799999237060547,19.39999961853028,19.600000381469727,0.953647,-0.7594917393937917
2024-08-20,19.549999237060547,19.75,19.399999618530273,19.75,2.102628,0.765304161279956
2024-08-21,19.700000762939453,19.700000762939453,19.39999961853028,19.450000762939453,2.633178,-1.518983478787583
2024-08-22,19.5,19.850000381469727,19.39999961853028,19.850000381469727,1.708874,2.056553227969249
2024-08-26,19.75,19.850000381469727,19.5,19.75,1.165861,-0.5037802496118737
2024-08-27,19.700000762939453,20.0,19.649999618530273,19.75,1.231742,0.0
2024-08-28,19.850000381469727,19.850000381469727,19.549999237060547,19.600000381469727,1.040101,-0.7594917393937917
2024-08-29,19.549999237060547,19.899999618530273,19.5,19.899999618530273,1.062874,1.5306083225598899
2024-09-02,19.700000762939453,20.100000381469727,19.600000381469727,20.0,1.995979,0.5025144893802347
2024-09-03,20.0,20.299999237060547,20.0,20.299999237060547,0.858513,1.4999961853027433
2024-09-04,20.25,20.39999961853028,20.0,20.25,1.708937,-0.2463016696535924
2024-09-05,20.200000762939453,20.450000762939453,20.200000762939453,20.25,0.846424,0.0
2024-09-09,20.299999237060547,20.299999237060547,19.850000381469727,19.89999961853028,1.405273,-1.728396945529509
2024-09-10,20.0,20.450000762939453,20.0,20.350000381469727,2.036732,2.261310409877737
2024-09-11,20.399999618530273,20.399999618530273,19.799999237060547,19.799999237060547,2.058799,-2.7027082756715726
2024-09-12,19.899999618530273,20.25,19.5,19.649999618530273,1.764514,-0.7575738601520388
2024-09-16,19.850000381469727,20.100000381469727,19.75,19.75,1.209273,0.5089078036186079
2024-09-17,20.049999237060547,20.049999237060547,19.700000762939453,19.75,3.05495,0.0
2024-09-18,19.75,19.899999618530273,19.450000762939453,19.899999618530273,2.006748,0.7594917393937806
2024-09-19,19.850000381469727,20.25,19.799999237060547,20.25,1.72369,1.75879592049748
2024-09-23,20.350000381469727,20.39999961853028,20.14999961853028,20.299999237060547,0.754563,0.24690981264468
2024-09-24,20.299999,20.4,20.1,20.4,1.935502,0.492613
2024-09-25,20.299999237060547,20.850000381469727,20.299999237060547,20.850000381469727,3.073394,2.205886134089408
2024-09-26,20.850000381469727,21.25,20.799999237060547,20.899999618530273,3.023527,0.23980448990774672
2024-09-30,20.799999237060547,20.799999237060547,20.299999237060547,20.299999237060547,2.875553,-2.8708152747417115
2024-10-01,20.299999237060547,20.5,20.200000762939453,20.200000762939453,1.836182,-0.4926033393071849
2024-10-02,20.149999618530277,20.200000762939453,19.850000381469727,20.0,2.904381,-0.990102749433508
2024-10-03,20.0,20.100000381469727,19.700000762939453,19.700000762939453,3.054479,-1.4999961853027322
2024-10-07,19.950000762939453,19.950000762939453,19.950000762939453,19.950000762939453,0.0,1.2690354838478468
2024-10-08,20.299999,20.299999,19.950001,20.200001,1.982466,1.253133
2024-10-09,20.200000762939453,20.299999237060547,19.799999237060547,20.0,1.469756,-0.990102749433508
2024-10-10,19.9,20.049999,19.799999,19.799999,1.916724,-1.000004
2024-10-14,19.649999618530277,20.100000381469727,19.649999618530277,20.100000381469727,1.33969,1.5151573533783491
2024-10-15,20.100000381469727,20.200000762939453,19.75,20.200000762939453,2.472249,0.4975143262281545
2024-10-16,20.200000762939453,20.200000762939453,20.200000762939453,20.200000762939453,0.0,0.0
2024-10-17,20.549999237060547,20.549999237060547,19.75,19.75,2.200539,-2.2277264650655937
2024-10-21,19.950000762939453,20.25,19.799999237060547,19.899999618530273,2.249975,0.7594917393937806
2024-10-22,19.89999961853028,19.89999961853028,19.64999961853028,19.64999961853028,2.784417,-1.2562814311172563
2024-10-23,19.75,19.75,19.5,19.5,2.829181,-0.763356852123398
2024-10-24,19.5,19.549999237060547,19.049999237060547,19.049999237060547,3.638076,-2.3076962202023266
2024-10-28,19.15,19.5,19.049999,19.049999,1.98396,0.0
2024-10-29,19.100000381469727,19.25,19.0,19.0,2.048114,-0.2624631971810065
2024-10-30,19.049999237060547,19.299999237060547,19.0,19.0,3.454025,0.0
2024-10-31,19.0,19.25,19.0,19.0,3.528546,0.0
2024-11-04,19.4,19.700001,19.4,19.65,1.129035,3.421051
2024-11-05,19.64999961853028,19.850000381469727,19.39999961853028,19.700000762939453,1.2868,0.2544587551138066
2024-11-06,19.700000762939453,19.700000762939453,19.700000762939453,19.700000762939453,0.0,0.0
2024-11-07,19.700000762939453,19.700000762939453,18.899999618530273,19.100000381469727,4.403996,-3.045687097629335
2024-11-11,19.350000381469727,19.5,19.25,19.399999618530277,2.695217,1.5706766024549346
2024-11-12,19.399999618530273,19.549999237060547,19.350000381469727,19.399999618530273,4.393152,0.0
2024-11-13,19.450000762939453,19.549999237060547,19.350000381469727,19.5,2.591978,0.5154658940003776
2024-11-14,19.5,19.5,19.200000762939453,19.299999237060547,2.881405,-1.025644938151038
2024-11-18,19.299999237060547,19.39999961853028,19.25,19.39999961853028,1.100457,0.518136712035222
2024-11-19,19.399999618530273,19.549999237060547,19.200000762939453,19.399999618530273,1.722182,0.0
2024-11-20,19.39999961853028,19.549999237060547,19.200000762939453,19.39999961853028,1.722182,0.0
2024-11-21,19.950000762939453,20.049999237060547,19.649999618530273,19.700000762939453,3.019411,1.5463976820011327
2024-11-25,19.75,20.25,19.600000381469727,19.850000381469727,7.550068,0.7614193539142278
2024-11-26,19.950000762939453,20.5,19.89999961853028,20.5,2.737807,3.2745572092636177
2024-11-27,20.450000762939453,20.5,19.799999237060547,19.799999237060547,3.059442,-3.414637867997328
2024-11-28,19.950000762939453,20.14999961853028,19.64999961853028,19.64999961853028,2.224389,-0.7575738601520388
2024-12-02,20.0,20.0,20.0,20.0,0.0,1.7811724593606026
2024-12-03,20.0,20.0,20.0,20.0,0.0,0.0
2024-12-04,20.0,20.049999237060547,19.39999961853028,19.450000762939453,4.937506,-2.749996185302739
2024-12-05,19.450000762939453,19.649999618530273,19.450000762939453,19.450000762939453,1.058784,0.0
2024-12-09,19.649999618530277,19.75,19.450000762939453,19.600000381469727,1.701941,0.7712062346860504
2024-12-10,19.649999618530273,19.649999618530273,19.25,19.399999618530273,2.662712,-1.0204120359535218
2024-12-11,19.399999618530273,19.549999237060547,19.350000381469727,19.5,0.941359,0.5154658940003776
2024-12-12,19.600000381469727,19.700000762939453,19.350000381469727,19.700000762939453,1.073033,1.025644938151049
2024-12-16,19.850000381469727,21.850000381469727,19.850000381469727,21.649999618530273,10.282783,9.898470964829853
2024-12-17,21.649999618530273,21.649999618530273,20.649999618530273,21.100000381469727,4.313244,-2.540412225179911
2024-12-18,21.100000381469727,21.100000381469727,20.149999618530273,20.149999618530273,5.81337,-4.502373202674226
2024-12-19,20.399999618530273,20.549999237060547,20.149999618530273,20.549999237060547,3.533853,1.9851098069621154
2024-12-23,20.399999618530273,21.200000762939453,20.399999618530273,21.149999618530273,1.480247,2.919709993894637
2024-12-24,21.149999618530273,21.549999237060547,20.850000381469727,21.350000381469727,1.243366,0.9456301018758717
2024-12-25,21.450000762939453,21.600000381469727,21.350000381469727,21.600000381469727,0.244408,1.1709601664315672
2024-12-26,21.600000381469727,21.600000381469727,21.39999961853028,21.549999237060547,0.452048,-0.2314867755839222
2024-12-30,21.450000762939453,21.5,21.200000762939453,21.200000762939453,0.915458,-1.624122907249037
2024-12-31,21.450000762939453,21.450000762939453,21.200000762939453,21.450000762939453,1.155204,1.1792452405805287
2025-01-02,21.299999237060547,21.399999618530273,20.899999618530273,21.0,0.950041,-2.097905580110504
2025-01-06,20.649999618530277,21.5,20.450000762939453,21.5,1.619097,2.3809523809523725
2025-01-07,21.5,22.0,21.5,21.850000381469727,2.578467,1.6279087510219892
2025-01-08,21.850000381469727,21.950000762939453,21.649999618530273,21.75,2.13071,-0.4576676417568093
2025-01-09,21.75,21.950000762939453,21.600000381469727,21.600000381469727,1.42238,-0.6896534185299896
2025-01-13,21.700000762939453,21.899999618530273,21.549999237060547,21.799999237060547,1.464319,0.9259206113829244
2025-01-14,21.799999237060547,21.799999237060547,21.64999961853028,21.799999237060547,2.196155,0.0
2025-01-15,21.700000762939453,21.89999961853028,21.700000762939453,21.89999961853028,3.495617,0.4587173622452312
2025-01-16,21.89999961853028,22.100000381469727,21.850000381469727,22.100000381469727,3.270528,0.9132455087817792
2025-01-20,22.200000762939453,22.350000381469727,22.149999618530277,22.299999237060547,1.513618,0.904972181622732
2025-01-21,22.25,22.450000762939453,21.850000381469727,21.899999618530277,3.388233,-1.7937203238353017
2025-01-22,22.100000381469727,22.25,21.950000762939453,22.200000762939453,2.001318,1.3698682631726689
2025-01-23,22.200001,22.549999,22.1,22.450001,1.973397,1.126126
2025-01-27,22.549999237060547,22.799999237060547,22.5,22.64999961853028,1.740845,0.8908634690159012
2025-01-28,22.64999961853028,22.850000381469727,22.450000762939453,22.600000381469727,1.176283,-0.2207471872080812
2025-01-29,21.25,21.25,20.450000762939453,20.5,7.396557,-9.292036929307157
2025-01-30,20.75,20.850000381469727,20.200000762939453,20.700000762939453,7.032469,0.9756134777534342
2025-02-03,20.799999237060547,20.850000381469727,20.5,20.649999618530277,3.959352,-0.2415514133637164
2025-02-04,20.64999961853028,20.799999237060547,20.549999237060547,20.799999237060547,2.921514,0.7263904179236391
2025-02-05,20.899999618530273,20.899999618530273,20.549999237060547,20.799999237060547,2.159253,0.0
2025-02-06,20.700000762939453,20.950000762939453,20.700000762939453,20.950000762939453,1.768453,0.7211612085621599
2025-02-10,21.25,21.850000381469727,21.100000381469727,21.299999237060547,4.370885,1.670637047136725
2025-02-11,21.5,21.700000762939453,21.25,21.700000762939453,2.290468,1.8779415033167268
2025-02-12,21.700000762939453,21.850000381469727,21.5,21.5,2.428497,-0.9216624696208542
2025-02-13,21.600000381469727,21.700000762939453,21.350000381469727,21.350000381469727,1.314081,-0.6976726443268522
2025-02-17,21.200000762939453,21.5,20.899999618530273,21.0,4.046869,-1.6393460197476228
2025-02-18,21.350000381469727,21.350000381469727,20.899999618530273,21.299999237060547,1.234674,1.4285677955264031
2025-02-19,21.100000381469727,21.450000762939453,20.950000762939453,21.39999961853028,3.297493,0.4694853758291817
2025-02-20,21.399999618530273,21.5,21.149999618530273,21.149999618530273,1.292661,-1.1682243198898212
2025-02-24,21.0,21.100000381469727,20.75,20.799999237060547,2.932237,-1.6548481691842643
2025-02-25,20.950000762939453,21.149999618530273,20.549999237060547,21.149999618530273,1.590243,1.6826942034022352
2025-02-26,21.200000762939453,21.600000381469727,21.049999237060547,21.600000381469727,2.565456,2.127663220122189
2025-02-27,21.700000762939453,22.100000381469727,21.549999237060547,22.0,3.630655,1.8518500530834592
2025-03-03,22.100000381469727,22.149999618530273,21.600000381469727,21.649999618530273,2.062369,-1.5909108248623904
2025-03-04,21.799999237060547,21.799999237060547,21.450000762939453,21.549999237060547,2.949328,-0.4618955345575881
2025-03-05,20.899999618530277,21.0,20.5,20.75,2.699486,-3.712293574863568
2025-03-06,20.950000762939453,20.950000762939453,20.600000381469727,20.75,2.327346,0.0
2025-03-10,20.850000381469727,21.049999237060547,20.600000381469727,21.049999237060547,2.697896,1.4457794557134696
2025-03-11,20.950000762939453,21.149999618530273,20.200000762939453,20.600000381469727,3.397387,-2.1377618617608007
2025-03-12,20.600000381469727,20.600000381469727,19.899999618530277,20.049999237060547,3.076698,-2.669908418564504
2025-03-13,20.299999237060547,20.299999237060547,19.75,20.149999618530273,1.673724,0.49875503877767624
2025-03-17,20.299999237060547,20.399999618530277,20.049999237060547,20.350000381469727,0.870419,0.9925596363561606
2025-03-18,20.450000762939453,20.450000762939453,19.899999618530277,20.200000762939453,1.158829,-0.7370988487393815
2025-03-19,20.25,20.299999237060547,19.450000762939453,19.450000762939453,3.781105,-3.712871146896246
2025-03-20,19.549999237060547,19.850000381469727,19.25,19.549999237060547,3.399534,0.514130952177827
2025-03-24,20.0,20.0,19.549999237060547,19.600000381469727,1.588617,0.25576033943977006
2025-03-25,19.649999618530277,19.850000381469727,19.5,19.799999237060547,2.398495,1.0204023045831343
2025-03-26,19.799999,20.35,19.799999,20.299999,1.398067,2.525253
2025-03-27,20.299999237060547,20.350000381469727,20.14999961853028,20.299999237060547,0.919333,0.0
2025-03-31,20.200001,20.200001,20.200001,20.200001,0.0,-0.492603
2025-04-01,20.200000762939453,20.200000762939453,20.200000762939453,20.200000762939453,0.0,0.0
2025-04-02,20.299999237060547,20.299999237060547,19.649999618530273,19.850000381469727,2.14163,-1.7326750903488342
2025-04-03,19.850000381469727,19.950000762939453,19.5,19.700000762939453,1.91919,-0.7556655700132864
2025-04-07,18.950000762939453,19.25,18.25,19.0,5.330897,-3.553303227562954
2025-04-08,19.299999237060547,19.450000762939453,19.049999237060547,19.049999237060547,2.164561,0.2631538792660315
2025-04-09,19.0,19.399999618530273,18.950000762939453,19.049999237060547,1.949907,0.0
2025-04-10,19.600000381469727,19.799999237060547,19.14999961853028,19.14999961853028,2.04892,0.524936406691201
2025-04-14,19.399999618530273,20.149999618530273,19.200000762939453,20.149999618530273,2.475527,5.2219322189038575
2025-04-15,19.950000762939453,20.100000381469727,19.600000381469727,19.850000381469727,1.896202,-1.488829988784035
2025-04-16,19.799999237060547,19.850000381469727,19.299999237060547,19.450000762939453,2.277173,-2.0151113896384576
2025-04-17,19.5,19.600000381469727,19.149999618530273,19.299999237060547,2.609506,-0.7712160411053715
2025-04-21,19.700000762939453,19.850000381469727,19.450000762939453,19.549999237060547,0.643635,1.2953368387701447
2025-04-22,19.549999237060547,19.549999237060547,19.549999237060547,19.549999237060547,0.0,0.0
2025-04-23,20.0,20.399999618530273,19.899999618530273,20.399999618530273,2.553983,4.347828207882465
2025-04-24,20.450000762939453,21.100000381469727,20.350000381469727,20.450000762939453,4.337056,0.2451036536479156
2025-04-28,20.299999237060547,20.5,20.149999618530273,20.25,3.786705,-0.9779988042929788
2025-04-29,20.25,20.549999237060547,20.200000762939453,20.399999618530277,2.498353,0.7407388569396156
2025-04-30,20.5,20.649999618530277,20.350000381469727,20.549999237060547,3.363256,0.7352922614470181
2025-05-01,20.549999237060547,20.850000381469727,20.5,20.549999237060547,2.325232,0.0
2025-05-05,20.700000762939453,21.350000381469727,20.649999618530273,21.350000381469727,2.174052,3.8929497523602308
2025-05-06,21.149999618530273,21.549999237060547,21.149999618530273,21.549999237060547,1.792234,0.9367627729150119
2025-05-07,21.549999237060547,21.75,21.450000762939453,21.649999618530273,1.898628,0.46403890955946103
2025-05-08,21.64999961853028,21.799999237060547,21.299999237060547,21.5,1.73028,-0.6928388968741039
2025-05-12,21.25,21.450000762939453,21.149999618530273,21.299999237060547,0.919901,-0.9302361066951259
2025-05-13,21.399999618530273,21.5,21.200000762939453,21.5,1.279788,0.9389707516583634
2025-05-14,21.5,21.649999618530277,21.049999237060547,21.25,1.601986,-1.162790697674421
2025-05-15,21.25,21.899999618530273,21.25,21.899999618530273,2.04792,3.0588217342601087
2025-05-19,22.600000381469727,22.600000381469727,22.600000381469727,22.600000381469727,0.0,3.1963505713815676
2025-05-20,23.100000381469727,23.450000762939453,22.899999618530273,23.049999237060547,3.989031,1.9911453451115113
2025-05-21,22.799999237060547,22.899999618530273,22.350000381469727,22.450000762939453,2.193217,-2.603030342649193
2025-05-22,22.649999618530277,22.850000381469727,22.450000762939453,22.700000762939453,2.02439,1.1135857082584133
2025-05-26,23.0,23.600000381469727,23.0,23.399999618530277,3.864643,3.083695295436528
2025-05-27,23.399999618530277,23.5,23.149999618530277,23.299999237060547,2.263214,-0.4273520645296846
2025-05-28,23.399999618530273,23.5,23.100000381469727,23.399999618530273,1.820833,0.42918620061869195
2025-05-29,23.5,23.5,22.799999237060547,22.950000762939453,3.004295,-1.923072063789566
2025-06-02,22.399999618530273,22.549999237060547,21.950000762939453,22.100000381469727,3.685943,-3.7037052427568495
2025-06-03,22.100000381469727,22.450000762939453,22.049999237060547,22.049999237060547,1.594503,-0.22624951830817475
2025-06-04,22.049999237060547,22.299999237060547,21.950000762939453,22.100000381469727,2.891303,0.2267625675248963
2025-06-05,22.100000381469727,22.100000381469727,22.100000381469727,22.100000381469727,0.0,0.0
2025-06-09,22.25,22.25,21.75,22.0,1.966843,-0.4524904060796975
2025-06-10,22.100000381469727,22.399999618530273,21.850000381469727,22.399999618530273,2.711046,1.8181800842285156
2025-06-11,22.399999618530273,22.450000762939453,21.950000762939453,21.950000762939453,2.464489,-2.008923496670778
2025-06-12,21.950000762939453,21.950000762939453,21.399999618530273,21.649999618530273,4.978248,-1.3667477630146752
2025-06-16,21.100000381469727,21.399999618530277,21.0,21.25,2.070279,-1.8475733283058071
2025-06-17,21.350000381469727,21.600000381469727,21.0,21.0,1.957352,-1.17647058823529
2025-06-18,21.100000381469727,21.25,20.75,20.850000381469727,2.528702,-0.7142838977632016
2025-06-19,20.850000381469727,21.200000762939453,20.75,21.100000381469727,1.444909,1.199040745448543
2025-06-23,21.049999237060547,21.700000762939453,21.049999237060547,21.350000381469727,1.756926,1.184834101801968
2025-06-24,21.899999618530277,22.649999618530277,21.700000762939453,22.450000762939453,4.210371,5.152226519042347
2025-06-25,21.899999618530277,22.649999618530277,21.700000762939453,22.450000762939453,4.210371,0.0
2025-06-26,22.75,23.0,22.75,23.0,3.015648,2.449885159774645
2025-06-30,23.0,23.25,22.799999237060547,22.799999237060547,4.871364,-0.8695685345193604
2025-07-01,23.0,23.100000381469727,22.799999237060547,23.049999237060547,1.213266,1.0964912647612568
2025-07-02,23.100000381469727,23.149999618530277,22.850000381469727,23.049999237060547,1.834469,0.0
2025-07-03,23.100000381469727,23.39999961853028,23.0,23.299999237060547,2.484139,1.084598734381048
2025-07-07,23.649999618530273,24.350000381469727,23.649999618530273,24.25,1.820882,4.077256626808801
2025-07-08,24.25,24.450001,24.1,24.450001,1.777665,0.824745
2025-07-09,24.5,24.5,24.049999,24.35,1.565011,-0.409
2025-07-10,24.39999961853028,24.39999961853028,24.0,24.200000762939453,1.387024,-0.6160148508433827
2025-07-14,24.100000381469727,24.350000381469727,24.049999237060547,24.200000762939453,1.827882,0.0
2025-07-15,24.25,25.450000762939453,24.25,25.450000762939453,3.060675,5.165289093355252
2025-07-16,25.399999618530273,26.600000381469727,25.350000381469727,26.399999618530273,4.47273,3.7328048216572762
2025-07-17,26.299999237060547,27.600000381469727,26.149999618530273,27.450000762939453,4.159184,3.977277119626099
2025-07-21,27.049999237060547,27.049999237060547,25.600000381469727,25.799999237060547,1.964036,-6.010934353439401
2025-07-22,25.799999237060547,26.149999618530273,25.600000381469727,25.75,2.26956,-0.1937954982135226
2025-07-23,25.799999237060547,26.5,25.549999237060547,26.5,2.77594,2.9126213592232997
2025-07-24,26.450000762939453,26.450000762939453,25.75,25.950000762939453,3.536765,-2.0754688190964043
2025-07-28,26.299999237060547,27.350000381469727,26.25,26.700000762939453,1.896169,2.8901733254324657
2025-07-29,26.799999237060547,27.0,26.649999618530277,26.899999618530277,1.725872,0.7490593628312725
2025-07-30,27.0,27.149999618530277,26.75,27.049999237060547,2.360542,0.557619407648402
2025-07-31,27.0,27.0,26.450000762939453,26.75,5.13079,-1.109054512095975
2025-08-04,26.299999237060547,26.549999237060547,25.899999618530277,26.149999618530277,3.229573,-2.242992080260664
2025-08-05,26.450000762939453,26.950000762939453,26.25,26.649999618530273,2.044491,1.9120459169937876
2025-08-06,26.700000762939453,27.100000381469727,26.700000762939453,27.0,1.449988,1.3133222757210294
2025-08-07,26.75,27.0,26.700000762939453,26.89999961853028,1.240689,-0.3703717832212128
2025-08-11,26.700000762939453,26.700000762939453,26.25,26.350000381469727,0.546662,-2.0446068582159915
2025-08-12,26.25,26.39999961853028,26.100000381469727,26.100000381469727,1.447096,-0.9487665896802387
2025-08-13,26.399999618530277,26.399999618530277,25.899999618530277,26.049999237060547,1.317155,-0.191575263135546
2025-08-14,26.0,26.350000381469727,26.0,26.200000762939453,3.744842,0.5758216133284977
2025-08-18,26.200000762939453,26.649999618530273,26.149999618530273,26.450000762939453,1.193632,0.954198445496357
2025-08-19,26.450000762939453,26.450000762939453,25.950000762939453,26.299999237060547,1.659135,-0.5671135030327901
2025-08-20,26.299999237060547,26.299999237060547,25.899999618530273,25.950000762939453,0.770279,-1.3307927158716204
2025-08-21,26.0,26.200000762939453,25.799999237060547,26.200000762939453,1.103425,0.963391108477496
2025-08-25,25.899999618530277,26.200000762939453,25.600000381469727,25.600000381469727,1.489498,-2.2900777251825155
2025-08-26,25.850000381469727,25.850000381469727,25.100000381469727,25.100000381469727,4.515299,-1.953124970896169
2025-08-27,25.200000762939453,25.600000381469727,25.200000762939453,25.549999237060547,2.050737,1.7928240986125
2025-08-28,25.549999237060547,25.549999237060547,25.299999237060547,25.399999618530273,0.992503,-0.5870826732264578
2025-09-01,25.200000762939453,25.25,24.5,24.5,1.529306,-3.543305637979965
2025-09-02,24.799999237060547,25.0,24.100000381469727,25.0,1.878702,2.0408163265306145
2025-09-03,25.0,25.5,24.600000381469727,24.64999961853028,1.730031,-1.4000015258789025
2025-09-04,25.0,25.049999237060547,24.649999618530277,24.950000762939453,1.094062,1.217043201021628
2025-09-08,24.950000762939453,25.0,24.100000381469727,24.25,2.509879,-2.805614194526318
2025-09-09,24.200000762939453,24.799999237060547,24.200000762939453,24.75,2.063416,2.0618556701030855
2025-09-10,24.75,24.75,24.200000762939453,24.25,1.428305,-2.020202020202022
2025-09-11,24.299999237060547,24.899999618530273,24.299999237060547,24.899999618530273,1.460504,2.680410798062982
2025-09-15,25.25,26.0,25.25,26.0,2.148176,4.417672282416896
2025-09-16,25.75,26.149999618530273,25.700000762939453,26.049999237060547,2.048229,0.19230475792517687
2025-09-17,26.049999237060547,26.100000381469727,25.700000762939453,26.049999237060547,3.424011,0.0
2025-09-18,25.700000762939453,26.350000381469727,25.700000762939453,26.049999237060547,1.391769,0.0
2025-09-22,26.0,26.0,25.299999237060547,25.399999618530277,1.978162,-2.4952001442116734
2025-09-23,25.399999618530273,25.5,24.799999237060547,24.799999237060547,1.775372,-2.3622062617355444
2025-09-24,24.799999,24.799999,24.299999,24.450001,2.70477,-1.411284
2025-09-25,24.700000762939453,24.950000762939453,24.14999961853028,24.14999961853028,2.622833,-1.2269985073534715
2025-09-29,24.799999237060547,24.799999237060547,24.100000381469727,24.299999237060547,1.859065,0.6211164426486393
2025-09-30,24.5,24.5,24.0,24.299999237060547,2.579155,0.0
2025-10-01,24.299999237060547,25.0,24.299999237060547,25.0,1.14882,2.8806616663257456
2025-10-02,25.0,25.0,24.549999237060547,24.64999961853028,1.442138,-1.4000015258789025
2025-10-06,24.600000381469727,25.100000381469727,24.600000381469727,24.75,1.074335,0.40568106700720197
2025-10-07,24.75,25.399999618530273,24.649999618530273,25.399999618530273,1.949704,2.6262610849707935
2025-10-08,25.399999618530273,26.0,25.25,25.850000381469727,1.555331,1.7716565736133338
2025-10-09,25.89999961853028,25.89999961853028,25.0,25.25,2.05433,-2.3210846135995777
2025-10-13,25.100000381469727,25.149999618530273,24.649999618530273,24.75,1.385986,-1.980198019801982
2025-10-14,25.39999961853028,25.799999237060547,25.14999961853028,25.700000762939453,3.876609,3.838386920967496
2025-10-15,25.799999,26.049999,25.6,25.799999,2.447575,0.389099
2025-10-16,25.700000762939453,27.5,25.700000762939453,27.100000381469727,4.211398,5.038764274619778
2025-10-20,26.799999237060547,26.850000381469727,26.049999237060547,26.049999237060547,2.152982,-3.8745429137600373
2025-10-21,26.100000381469727,26.850000381469727,26.100000381469727,26.799999237060547,2.34307,2.8790787791386885
2025-10-22,26.799999237060547,27.299999237060547,26.75,27.299999237060547,3.263512,1.8656716949027707
2025-10-23,27.600000381469727,27.850000381469727,27.100000381469727,27.799999237060547,7.49786,1.8315018826859042
2025-10-27,27.799999,27.799999,27.25,27.35,1.42406,-1.618701
2025-10-28,27.35,27.35,27.35,27.35,0.0,0.0
2025-10-29,27.39999961853028,27.89999961853028,27.39999961853028,27.89999961853028,0.815134,2.0109661038000715
2025-10-30,27.89999961853028,28.450000762939453,27.799999237060547,28.14999961853028,3.786466,0.8960573599218202
2025-11-03,28.149999618530273,28.5,27.350000381469727,28.299999237060547,2.148518,0.5328583323728875
2025-11-04,27.75,28.25,27.299999237060547,27.549999237060547,1.608681,-2.65017674989132
2025-11-05,27.899999618530277,27.899999618530277,26.5,26.850000381469727,1.876459,-2.540830762162693
2025-11-06,26.9,27.700001,26.75,27.549999,1.585404,2.607072
2025-11-10,27.799999,27.799999,27.200001,27.200001,1.450755,-1.270412
2025-11-11,27.200000762939453,27.799999237060547,26.799999237060547,27.799999237060547,1.238459,2.2058766812190767
2025-11-12,27.75,27.75,27.149999618530273,27.5,1.469608,-1.0791339758765672
2025-11-13,27.5,27.5,26.200000762939453,26.200000762939453,2.597674,-4.727269952947443
2025-11-17,25.799999237060547,26.25,25.649999618530273,25.899999618530273,1.908454,-1.14504250256946
2025-11-18,25.89999961853028,25.950000762939453,25.600000381469727,25.64999961853028,1.178896,-0.9652509794677244
2025-11-19,25.700000762939453,25.799999237060547,25.549999237060547,25.549999237060547,2.256586,-0.3898650407678117
2025-11-20,25.64999961853028,25.89999961853028,25.600000381469727,25.700000762939453,0.900685,0.5870901383876692
2025-11-24,24.5,24.5,24.5,24.5,0.0,-4.669263530411671
2025-11-25,24.950000762939453,24.950000762939453,24.649999618530277,24.75,1.170757,1.0204081632652962
2025-11-26,24.75,24.799999237060547,24.450000762939453,24.700000762939453,1.48517,-0.20201711943654832
2025-11-27,24.700000762939453,24.799999237060547,24.450000762939453,24.549999237060547,1.029301,-0.6072936082818781
2025-12-01,24.399999618530273,24.399999618530273,24.399999618530273,24.399999618530273,0.0,-0.6109964284798597
2025-12-02,24.399999618530273,24.399999618530273,24.399999618530273,24.399999618530273,0.0,0.0
2025-12-03,27.75,28.25,27.299999237060547,27.549999237060547,1.608681,12.909834704005686
2025-12-04,25.25,26.149999618530277,25.25,26.149999618530277,2.148731,-5.081668447551091
2025-12-08,24.75,25.25,24.600000381469727,25.25,4.965071,-3.4416811918135615
2025-12-09,26.799999237060547,26.799999237060547,26.100000381469727,26.399999618530277,2.178734,4.5544539347733615
2025-12-10,26.39999961853028,27.100000381469727,26.200000762939453,27.100000381469727,2.558718,2.6515180797507254
2025-12-11,27.200000762939453,28.049999237060547,27.200000762939453,27.799999237060547,3.152053,2.583021570986621
2025-12-15,28.25,28.25,27.950000762939453,28.049999237060547,0.790949,0.8992806002193099
2025-12-16,27.950000762939453,28.299999237060547,27.75,28.299999237060547,0.869993,0.8912656213897252
2025-12-17,28.200000762939453,28.799999237060547,28.0,28.799999237060547,2.593512,1.766784499927554
2025-12-18,28.700000762939453,29.100000381469727,28.600000381469727,28.600000381469727,1.527996,-0.6944404891978451
2025-12-22,27.75,28.950000762939453,27.75,28.950000762939453,1.156117,1.2237775412635932
2025-12-23,28.799999237060547,29.100000381469727,28.299999237060547,29.100000381469727,3.637966,0.5181333836864477
2025-12-24,28.950000762939453,29.450000762939453,28.899999618530277,29.100000381469727,1.877968,0.0
2025-12-25,29.100000381469727,29.100000381469727,28.950000762939453,28.950000762939453,0.321061,-0.515462599876082
2025-12-29,29.0,29.200000762939453,28.649999618530273,28.700000762939453,1.03898,-0.8635578356185669
2025-12-30,28.549999237060547,28.899999618530273,27.799999237060547,28.299999237060547,2.429823,-1.3937335025977826
2025-12-31,27.850000381469727,28.600000381469727,27.850000381469727,27.850000381469727,1.645304,-1.5901020060859916
2026-01-05,28.299999,29.299999,28.15,29.200001,1.515292,4.847398
2026-01-06,29.100000381469727,29.649999618530277,29.049999237060547,29.25,3.646391,0.1712302594320647
2026-01-07,29.049999237060547,29.399999618530277,29.049999237060547,29.399999618530277,1.906571,0.5128192086505168
2026-01-08,29.25,29.450000762939453,28.899999618530273,29.450000762939453,1.969316,0.17007192196583087
2026-01-12,29.200000762939453,29.75,29.100000381469727,29.75,1.174653,1.0186731045456199
2026-01-13,29.799999237060547,30.299999237060547,29.700000762939453,30.25,5.762053,1.680672268907557
2026-01-14,30.299999237060547,30.350000381469727,29.799999237060547,29.799999237060547,2.343373,-1.487605827899019
2026-01-15,29.799999237060547,30.100000381469727,29.549999237060547,30.100000381469727,1.077188,1.006715275469161
2026-01-19,30.5,30.700000762939453,29.950000762939453,30.14999961853028,0.865055,0.1661104200228802
2026-01-20,30.14999961853028,30.200000762939453,29.89999961853028,30.14999961853028,3.516787,0.0
2026-01-21,30.149999618530273,30.649999618530273,30.049999237060547,30.600000381469727,1.539837,1.4925398627961606
2026-01-22,30.600000381469727,31.149999618530273,30.450000762939453,31.149999618530273,5.037979,1.7973831052420675
2026-01-26,30.899999618530273,31.049999237060547,30.25,31.049999237060547,1.462492,-0.3210285158727233
2026-01-27,30.600000381469727,31.049999237060547,30.25,30.850000381469727,6.455579,-0.6441187133818249
2026-01-28,30.850000381469727,31.14999961853028,30.450000762939453,31.14999961853028,5.143167,0.9724448406838392
2026-01-29,31.15,31.15,30.700001,31.0,2.138577,-0.48154
2026-02-02,31.100000381469727,33.0,30.850000381469727,33.0,5.280218,6.451612903225801
2026-02-03,33.0,33.20000076293945,32.04999923706055,32.5,2.754979,-1.5151515151515138
2026-02-04,32.54999923706055,33.54999923706055,32.54999923706055,33.5,3.557662,3.076923076923066
2026-02-05,33.5,34.45000076293945,33.29999923706055,34.0,3.042595,1.4925373134328401
2026-02-09,33.75,33.79999923706055,33.04999923706055,33.599998474121094,7.10074,-1.176475076114425
2026-02-10,33.599998474121094,34.099998474121094,33.54999923706055,34.0,4.875375,1.1904807858458266
2026-02-11,33.900001525878906,34.95000076293945,33.70000076293945,34.650001525878906,2.543388,1.9117691937614807
2026-02-12,34.650001525878906,35.5,34.29999923706055,35.5,3.61961,2.4530979413846854
2026-02-16,35.79999923706055,37.09999847412109,35.45000076293945,36.75,2.45824,3.521126760563376
2026-02-17,36.5,36.75,35.79999923706055,36.5,2.055367,-0.6802721088435382
2026-02-18,36.45000076293945,36.900001525878906,36.0,36.900001525878906,1.872653,1.0958945914490537
2026-02-19,36.900001525878906,36.900001525878906,35.29999923706055,36.20000076293945,2.801214,-1.897020959331197
2026-02-23,35.900001525878906,37.400001525878906,35.70000076293945,37.0,2.748421,2.209942597237635
2026-02-24,37.0,37.20000076293945,35.5,35.5,3.365349,-4.054054054054057
2026-02-25,36.0,36.54999923706055,35.599998474121094,36.29999923706055,4.228303,2.2535189776353493
2026-02-26,35.25,35.79999923706055,34.79999923706055,34.79999923706055,2.694723,-4.132231491808335
2026-03-02,33.0,33.0,33.0,33.0,0.0,-5.172411714146308
2026-03-03,33.0,33.0,33.0,33.0,0.0,0.0
2026-03-04,31.350000381469727,31.350000381469727,31.350000381469727,31.350000381469727,1.380315,-4.999998844031128
2026-03-05,29.799999237060547,29.799999237060547,29.799999237060547,29.799999237060547,9.645571,-4.94418221865589
2026-03-09,28.0,29.0,28.0,28.950000762939453,5.763764,-2.85234394591527
2026-03-10,28.950000762939453,31.350000381469727,28.950000762939453,31.350000381469727,8.235887,8.290153904253605
2026-03-11,31.0,31.5,29.799999237060547,29.799999237060547,3.429848,-4.94418221865589
2026-03-12,29.049999237060547,29.5,28.350000381469727,28.350000381469727,2.990437,-4.86576809635465
2026-03-16,26.799999237060547,27.200000762939453,25.64999961853028,26.5,5.25064,-6.525574450005767
2026-03-17,26.5,27.950000762939453,26.25,27.799999237060547,4.927652,4.905657498341687
2026-03-18,27.950000762939453,30.350000381469727,27.549999237060547,27.549999237060547,9.474674,-0.8992806002192988
2026-03-19,27.549999237060547,27.549999237060547,27.549999237060547,27.549999237060547,0.0,0.0
2026-03-24,27.399999618530273,28.100000381469727,26.549999237060547,28.100000381469727,5.994507,1.996374445155391
2026-03-25,28.5,30.200000762939453,28.5,30.0,6.353502,6.761564386964247
2026-03-26,29.799999237060547,29.799999237060547,28.5,28.5,3.55644,-5.000000000000004
2026-03-30,27.600000381469727,28.0,26.399999618530273,26.899999618530273,3.517797,-5.614036426209568
2026-03-31,27.0,27.799999237060547,26.450000762939453,26.75,4.113242,-0.5576194076484131
2026-04-01,27.350000381469727,28.600000381469727,27.350000381469727,28.049999237060547,3.474445,4.8598102320020375
2026-04-02,27.899999618530277,28.299999237060547,27.700000762939453,28.299999237060547,2.506659,0.8912656213897252
2026-04-06,27.89999961853028,28.600000381469727,27.84000015258789,28.26000022888184,0.883187,-0.1413392553252457
2026-04-07,28.26000022888184,28.39999961853028,27.739999771118164,27.739999771118164,1.557819,-1.840058222052765
2026-04-08,30.600000381469727,31.8799991607666,29.799999237060547,30.700000762939453,6.317552,10.670515559640092
2026-04-09,30.579999923706055,30.579999923706055,29.68000030517578,29.68000030517578,2.887571,-3.322476978551092
2026-04-13,30.079999923706055,30.34000015258789,29.600000381469727,29.920000076293945,2.267245,0.8086245574475681
2026-04-14,30.200000762939453,30.600000381469727,30.0,30.0,1.354822,0.2673794234694604
2026-04-15,30.36000061035156,31.0,30.36000061035156,30.76000022888184,2.889528,2.533334096272788
2026-04-16,30.799999237060547,31.200000762939453,30.299999237060547,30.299999237060547,2.61445,-1.4954518478493828
2026-04-20,30.8799991607666,30.8799991607666,30.200000762939453,30.200000762939453,1.491758,-0.3300279757062929
2026-04-21,30.219999313354492,30.760000228881836,30.200000762939453,30.200000762939453,2.572097,0.0
2026-04-22,30.059999465942383,30.559999465942383,29.65999984741211,29.65999984741211,3.821924,-1.788082456574036
2026-04-23,29.8799991607666,30.299999237060547,29.6200008392334,29.6200008392334,3.872256,-0.13485842341365295
2026-04-27,30.200000762939453,30.700000762939453,30.100000381469727,30.360000610351562,1.928581,2.498311107871376
2026-04-28,30.3799991607666,30.84000015258789,29.68000030517578,29.739999771118164,3.748388,-2.0421634610310324
2026-04-29,29.739999771118164,30.13999938964844,29.5,29.5,2.281612,-0.8069931841466871
2026-04-30,30.0,30.0,29.0,29.0,2.864423,-1.6949152542372836
2026-05-04,29.36000061035156,29.81999969482422,28.459999084472656,28.459999084472656,0.955176,-1.862072122508085
2026-05-05,28.0,29.15999984741211,27.8799991607666,28.719999313354492,1.259778,0.9135637289028775
2026-05-06,28.799999237060547,29.780000686645508,28.799999237060547,29.719999313354492,1.806501,3.481894233663896
2026-05-07,29.780000686645508,30.200000762939453,29.420000076293945,29.899999618530273,2.295017,0.6056537999141076
2026-05-11,29.479999542236328,29.71999931335449,29.020000457763672,29.020000457763672,1.140435,-2.943141043457509
2026-05-12,29.02,29.219999,28.16,28.24,2.759844,-2.687804
2026-05-13,28.799999237060547,29.239999771118164,27.920000076293945,28.0,3.124634,-0.8498575533404162
2026-05-14,28.479999542236328,28.479999542236328,27.799999237060547,27.799999237060547,1.836464,-0.714288439069477
2026-05-18,27.65999984741211,27.65999984741211,26.5,27.219999313354492,2.482112,-2.0863307180701285
2026-05-19,27.21999931335449,28.100000381469727,27.21999931335449,27.68000030517578,2.512389,1.6899375585053944
2026-05-20,27.81999969482422,27.81999969482422,27.299999237060547,27.5,2.62827,-0.650290112685159
2026-05-21,27.600000381469727,27.719999313354492,27.420000076293945,27.600000381469727,1.87256,0.3636377507989952
2026-05-25,27.979999542236328,28.719999313354492,27.6200008392334,27.6200008392334,5.706603,0.07246542567840297
2026-05-26,27.6200008392334,27.6200008392334,27.6200008392334,27.6200008392334,0.0,0.0
2026-05-27,27.6200008392334,27.6200008392334,27.6200008392334,27.6200008392334,0.0,0.0
2026-05-28,27.6200008392334,27.6200008392334,27.6200008392334,27.6200008392334,0.0,0.0
2026-06-01,27.600000381469727,27.89999961853028,26.920000076293945,27.39999961853028,6.541889,-0.7965286532164773
2026-06-02,27.040000915527344,27.5,26.84000015258789,26.940000534057617,1.719929,-1.6788287988207309
2026-06-03,26.899999618530273,27.0,26.020000457763672,27.0,2.565738,0.2227151624088819
2026-06-04,27.0,27.260000228881836,26.6200008392334,26.65999984741211,3.521541,-1.2592598243995945
2026-06-08,26.700000762939453,27.100000381469727,26.100000381469727,26.459999084472656,1.964894,-0.7501904129188053
2026-06-09,26.780000686645508,27.1200008392334,26.600000381469727,26.979999542236328,2.815095,1.965232334678424
2026-06-10,26.959999084472656,27.0,26.540000915527344,26.6200008392334,2.754676,-1.334316935177715
2026-06-11,26.6200008392334,26.6200008392334,26.200000762939453,26.57999992370605,3.512915,-0.1502663946891691
2026-06-16,29.200000762939453,30.559999465942383,29.200000762939453,29.959999084472656,8.348848,12.716324945328772
2026-06-17,29.940000534057617,30.21999931335449,29.65999984741211,30.21999931335449,4.661249,0.8678245554973429
2026-06-18,30.239999771118164,32.400001525878906,30.219999313354492,32.400001525878906,4.532523,7.213773203366847
2026-06-22,31.020000457763672,31.6200008392334,31.020000457763672,31.57999992370605,1.004921,-2.5308690233174502
2026-06-23,31.5,31.5,30.280000686645508,30.81999969482422,2.314702,-2.406587177700814
2026-06-24,30.920000076293945,31.100000381469727,30.459999084472656,30.799999237060547,2.540241,-0.0648944125947847
2026-06-25,30.81999969482422,31.100000381469727,30.040000915527344,30.399999618530273,2.521935,-1.298700092333016
2026-06-29,30.440000534057617,30.440000534057617,29.959999084472656,30.100000381469727,1.184421,-0.986839607977108
2026-06-30,30.059999465942383,30.200000762939453,28.940000534057617,29.559999465942383,4.44027,-1.7940229524375018
2026-07-01,29.299999237060547,30.76000022888184,29.299999237060547,30.020000457763672,1.566826,1.5561603522736167
2026-07-02,30.0,30.459999084472656,29.81999969482422,30.200000762939453,1.337998,0.5996012739208023
2026-07-06,30.63999938964844,31.0,30.420000076293945,31.0,1.178977,2.6490040293054573
2026-07-07,31.0,31.26,30.620001,30.98,1.889011,-0.064518
2026-07-08,30.200000762939453,31.0,30.200000762939453,31.0,3.639824,0.0645592577766418
2026-07-09,30.92,31.459999,30.66,30.9,2.010107,-0.322582
2026-07-13,31.200001,31.200001,30.120001,30.66,4.599212,-0.776698
2026-07-14,30.399999618530277,30.5,29.84000015258789,29.84000015258789,2.025542,-2.6744934732719217
2026-07-15,29.920000076293945,30.399999618530277,29.6200008392334,29.940000534057617,1.362206,0.3351219201017885
2026-07-16,29.940000534057617,30.100000381469727,29.6200008392334,30.100000381469727,1.275008,0.5344016184305245
2026-07-20,29.299999237060547,29.899999618530277,28.6200008392334,29.899999618530277,1.140259,-0.6644543535041847
2026-07-21,29.58,29.98,29.559999,29.799999,0.910386,-0.334449
2026-07-22,29.81999969482422,29.81999969482422,29.13999938964844,29.299999237060547,1.276981,-1.6778523919496524
2026-07-23,29.459999084472656,30.26000022888184,29.459999084472656,30.18000030517578,2.040466,3.0034166929334027
2026-07-24,29.760000228881836,30.219999313354492,29.760000228881836,30.219999313354492,1.064478,0.13253481701207548
