Date,Open,High,Low,Close,Volume,Change_Pct
2016-07-24,61.902652740478516,61.902652740478516,61.902652740478516,61.902652740478516,0.0,
2016-07-25,61.902652740478516,61.902652740478516,61.902652740478516,61.902652740478516,0.0,0.0
2016-07-26,61.902652740478516,61.902652740478516,61.902652740478516,61.902652740478516,0.0,0.0
2016-07-27,58.495574951171875,58.495574951171875,58.495574951171875,58.495574951171875,0.000226,-5.503928569249716
2016-07-28,58.495574951171875,58.495574951171875,58.495574951171875,58.495574951171875,0.0,0.0
2016-07-31,58.495574951171875,58.495574951171875,58.495574951171875,58.495574951171875,0.0,0.0
2016-08-01,58.40707778930664,58.40707778930664,58.40707778930664,58.40707778930664,0.000674,-0.15128864352407234
2016-08-02,58.40707778930664,58.40707778930664,58.40707778930664,58.40707778930664,0.0,0.0
2016-08-03,58.40707778930664,58.40707778930664,58.40707778930664,58.40707778930664,0.0,0.0
2016-08-04,58.40707778930664,58.40707778930664,58.40707778930664,58.40707778930664,0.0,0.0
2016-08-07,58.40707778930664,58.40707778930664,58.40707778930664,58.40707778930664,0.509098,0.0
2016-08-08,58.40707778930664,58.40707778930664,58.40707778930664,58.40707778930664,0.0,0.0
2016-08-09,58.40707778930664,58.40707778930664,58.40707778930664,58.40707778930664,0.0,0.0
2016-08-10,58.40707778930664,58.40707778930664,58.40707778930664,58.40707778930664,0.0,0.0
2016-08-11,58.40707778930664,58.40707778930664,58.40707778930664,58.40707778930664,0.0,0.0
2016-08-14,58.40707778930664,58.40707778930664,58.40707778930664,58.40707778930664,0.0,0.0
2016-08-15,58.40707778930664,58.40707778930664,58.40707778930664,58.40707778930664,0.0,0.0
2016-08-16,57.52212142944336,57.52212142944336,57.52212142944336,57.52212142944336,0.00339,-1.5151526036888963
2016-08-17,57.52212142944336,57.52212142944336,57.52212142944336,57.52212142944336,0.0,0.0
2016-08-18,57.52212142944336,57.52212142944336,57.52212142944336,57.52212142944336,0.0,0.0
2016-08-21,57.52212142944336,57.52212142944336,57.52212142944336,57.52212142944336,0.0,0.0
2016-08-22,57.52212142944336,57.52212142944336,57.52212142944336,57.52212142944336,0.0,0.0
2016-08-23,57.52212142944336,57.52212142944336,57.52212142944336,57.52212142944336,0.0,0.0
2016-08-24,57.52212142944336,57.52212142944336,57.52212142944336,57.52212142944336,0.0,0.0
2016-08-25,57.52212142944336,57.52212142944336,57.52212142944336,57.52212142944336,0.0,0.0
2016-08-28,57.52212142944336,57.52212142944336,57.52212142944336,57.52212142944336,0.0,0.0
2016-08-29,57.52212142944336,57.52212142944336,57.52212142944336,57.52212142944336,0.0,0.0
2016-08-30,57.52212142944336,57.52212142944336,57.52212142944336,57.52212142944336,0.0,0.0
2016-08-31,61.946903228759766,61.946903228759766,58.495574951171875,58.495574951171875,0.014356,1.6923115795069554
2016-09-01,58.495574951171875,58.495574951171875,58.495574951171875,58.495574951171875,0.0,0.0
2016-09-04,63.71681213378906,63.71681213378906,63.71681213378906,63.71681213378906,0.00113,8.925866934337368
2016-09-05,63.71681213378906,63.71681213378906,63.71681213378906,63.71681213378906,0.0,0.0
2016-09-06,63.67256546020508,63.67256546020508,63.67256546020508,63.67256546020508,0.025454,-0.06944269824905591
2016-09-07,63.67256546020508,63.67256546020508,63.67256546020508,63.67256546020508,0.0,0.0
2016-09-08,63.67256546020508,63.67256546020508,63.67256546020508,63.67256546020508,0.001695,0.0
2016-09-11,63.67256546020508,63.67256546020508,63.67256546020508,63.67256546020508,0.0,0.0
2016-09-18,63.67256546020508,63.67256546020508,63.67256546020508,63.67256546020508,0.0,0.0
2016-09-19,63.67256546020508,63.67256546020508,63.67256546020508,63.67256546020508,0.0,0.0
2016-09-20,57.345130920410156,57.389381408691406,57.345130920410156,57.345130920410156,0.003183,-9.937458140821299
2016-09-21,63.31858444213867,63.495574951171875,63.31858444213867,63.495574951171875,0.002392,10.725311690887885
2016-09-22,63.495574951171875,63.495574951171875,63.495574951171875,63.495574951171875,0.0,0.0
2016-09-25,63.495574951171875,63.495574951171875,63.495574951171875,63.495574951171875,0.0,0.0
2016-09-26,63.495574951171875,63.495574951171875,63.495574951171875,63.495574951171875,0.0,0.0
2016-09-27,63.00885009765625,63.053096771240234,63.00885009765625,63.053096771240234,0.002542,-0.6968645929608552
2016-09-28,63.053096771240234,63.053096771240234,63.053096771240234,63.053096771240234,0.0,0.0
2016-09-29,63.053096771240234,63.053096771240234,63.053096771240234,63.053096771240234,0.0,0.0
2016-10-02,63.053096771240234,63.053096771240234,63.053096771240234,63.053096771240234,0.0,0.0
2016-10-04,63.053096771240234,63.053096771240234,63.053096771240234,63.053096771240234,0.0,0.0
2016-10-05,58.40707778930664,62.74336242675781,58.40707778930664,61.81415939331055,0.009492,-1.964911227793642
2016-10-06,61.81415939331055,61.81415939331055,61.81415939331055,61.81415939331055,0.0,0.0
2016-10-09,57.52212142944336,60.97344970703125,56.637168884277344,60.97344970703125,0.03228,-1.3600600485886072
2016-10-10,60.97344970703125,60.97344970703125,60.97344970703125,60.97344970703125,0.0,0.0
2016-10-11,60.97344970703125,60.97344970703125,60.97344970703125,60.97344970703125,0.0,0.0
2016-10-12,60.97344970703125,60.97344970703125,60.97344970703125,60.97344970703125,0.0,0.0
2016-10-13,55.75221252441406,57.52212142944336,55.75221252441406,57.477874755859375,0.002599,-5.732946008414508
2016-10-16,57.477874755859375,57.477874755859375,57.477874755859375,57.477874755859375,0.393327,0.0
2016-10-17,57.477874755859375,57.477874755859375,57.477874755859375,57.477874755859375,0.0,0.0
2016-10-18,57.477874755859375,57.477874755859375,57.477874755859375,57.477874755859375,0.0,0.0
2016-10-19,57.477874755859375,57.477874755859375,57.477874755859375,57.477874755859375,0.0,0.0
2016-10-20,57.477874755859375,57.477874755859375,57.477874755859375,57.477874755859375,0.0,0.0
2016-10-23,57.477874755859375,57.477874755859375,57.477874755859375,57.477874755859375,0.0,0.0
2016-10-24,57.477874755859375,57.477874755859375,57.477874755859375,57.477874755859375,0.0,0.0
2016-10-25,53.628318786621094,57.30088424682617,53.628318786621094,55.75221252441406,0.001469,-3.002306955111278
2016-10-26,55.75221252441406,55.75221252441406,55.75221252441406,55.75221252441406,0.0,0.0
2016-10-27,53.09734344482422,53.09734344482422,53.09734344482422,53.09734344482422,0.422795,-4.761908020111793
2016-10-30,53.09734344482422,53.09734344482422,53.09734344482422,53.09734344482422,0.0,0.0
2016-10-31,53.09734344482422,53.09734344482422,53.09734344482422,53.09734344482422,0.0,0.0
2016-11-01,59.29203414916992,59.29203414916992,53.27433776855469,53.27433776855469,0.001017,0.3333393202889612
2016-11-02,55.75221252441406,55.75221252441406,55.75221252441406,55.75221252441406,0.000565,4.651160126333753
2016-11-03,61.0177001953125,61.0177001953125,59.20354080200195,59.20354080200195,0.000904,6.190477689251428
2016-11-06,58.40707778930664,58.40707778930664,58.40707778930664,58.40707778930664,0.000536,-1.3452962473291419
2016-11-07,58.40707778930664,58.40707778930664,58.40707778930664,58.40707778930664,0.0,0.0
2016-11-08,58.40707778930664,58.40707778930664,58.40707778930664,58.40707778930664,0.0,0.0
2016-11-09,53.053096771240234,57.52212142944336,53.053096771240234,57.52212142944336,0.002876,-1.5151526036888963
2016-11-10,57.52212142944336,57.52212142944336,57.52212142944336,57.52212142944336,0.0,0.0
2016-11-13,57.52212142944336,57.52212142944336,57.52212142944336,57.52212142944336,0.0,0.0
2016-11-14,57.52212142944336,57.52212142944336,57.52212142944336,57.52212142944336,0.0,0.0
2016-11-15,57.52212142944336,57.52212142944336,57.52212142944336,57.52212142944336,0.0,0.0
2016-11-16,57.52212142944336,57.52212142944336,57.52212142944336,57.52212142944336,0.0,0.0
2016-11-17,59.29203414916992,59.29203414916992,59.29203414916992,59.29203414916992,0.000565,3.076925321500079
2016-11-20,59.29203414916992,59.29203414916992,59.29203414916992,59.29203414916992,0.0,0.0
2016-11-21,58.31858444213867,58.31858444213867,58.31858444213867,58.31858444213867,0.009573,-1.6417883464449834
2016-11-22,58.31858444213867,58.31858444213867,58.31858444213867,58.31858444213867,0.00121,0.0
2016-11-23,58.31858444213867,58.31858444213867,58.31858444213867,58.31858444213867,0.0,0.0
2016-11-24,58.31858444213867,58.31858444213867,58.31858444213867,58.31858444213867,0.0,0.0
2016-11-27,59.29203414916992,60.1769905090332,59.29203414916992,60.1769905090332,0.003277,3.1866446771155132
2016-11-28,59.29203414916992,59.29203414916992,59.20354080200195,59.29203414916992,0.024125,-1.4705892607415172
2016-11-29,59.29203414916992,59.29203414916992,59.29203414916992,59.29203414916992,0.0,0.0
2016-11-30,59.29203414916992,59.29203414916992,59.29203414916992,59.29203414916992,0.0,0.0
2016-12-01,59.29203414916992,59.29203414916992,59.29203414916992,59.29203414916992,0.0,0.0
2016-12-04,59.29203414916992,59.29203414916992,59.29203414916992,59.29203414916992,0.0,0.0
2016-12-05,59.29203414916992,59.29203414916992,59.29203414916992,59.29203414916992,0.0,0.0
2016-12-06,57.52212142944336,57.52212142944336,57.52212142944336,57.52212142944336,0.00113,-2.9850767394380973
2016-12-07,57.52212142944336,57.52212142944336,57.52212142944336,57.52212142944336,0.0,0.0
2016-12-08,57.52212142944336,57.52212142944336,57.52212142944336,57.52212142944336,0.0,0.0
2016-12-11,57.52212142944336,57.52212142944336,57.52212142944336,57.52212142944336,0.0,0.0
2016-12-13,57.52212142944336,57.52212142944336,57.52212142944336,57.52212142944336,0.000565,0.0
2016-12-14,57.52212142944336,57.52212142944336,57.52212142944336,57.52212142944336,0.0,0.0
2016-12-15,57.52212142944336,57.52212142944336,57.52212142944336,57.52212142944336,0.0,0.0
2016-12-18,57.52212142944336,57.52212142944336,57.52212142944336,57.52212142944336,0.0,0.0
2016-12-19,57.52212142944336,57.52212142944336,57.52212142944336,57.52212142944336,0.0,0.0
2016-12-20,56.1946907043457,56.1946907043457,56.1946907043457,56.1946907043457,0.001186,-2.3076873594202962
2016-12-21,55.75221252441406,55.75221252441406,53.67256546020508,53.67256546020508,0.000904,-4.4881913442858075
2016-12-22,53.67256546020508,53.67256546020508,53.67256546020508,53.67256546020508,0.0,0.0
2016-12-25,53.67256546020508,53.67256546020508,53.67256546020508,53.67256546020508,0.0,0.0
2016-12-26,53.67256546020508,53.67256546020508,53.67256546020508,53.67256546020508,0.0,0.0
2016-12-27,57.477874755859375,57.52212142944336,57.477874755859375,57.52212142944336,0.009294,7.172297310983744
2016-12-28,57.52212142944336,57.52212142944336,57.52212142944336,57.52212142944336,0.0,0.0
2016-12-29,54.86725616455078,54.86725616455078,54.86725616455078,54.86725616455078,1.6e-05,-4.615381350545345
2017-01-02,54.86725616455078,54.86725616455078,54.86725616455078,54.86725616455078,0.0,0.0
2017-01-03,57.52212142944336,57.52212142944336,57.52212142944336,57.52212142944336,0.001525,4.838706088984024
2017-01-04,57.52212142944336,57.52212142944336,57.52212142944336,57.52212142944336,0.002966,0.0
2017-01-05,57.52212142944336,57.52212142944336,57.52212142944336,57.52212142944336,0.0,0.0
2017-01-08,61.061946868896484,61.061946868896484,61.061946868896484,61.061946868896484,0.000796,6.153850643000136
2017-01-09,61.061946868896484,61.061946868896484,61.061946868896484,61.061946868896484,0.0,0.0
2017-01-10,61.061946868896484,61.061946868896484,61.061946868896484,61.061946868896484,0.00226,0.0
2017-01-11,65.48672485351562,70.22123718261719,65.48672485351562,70.22123718261719,0.024023,14.999997188733971
2017-01-12,69.02655029296875,69.02655029296875,69.02655029296875,69.02655029296875,0.002823,-1.7013184865164566
2017-01-15,69.02655029296875,69.02655029296875,69.02655029296875,69.02655029296875,0.0,0.0
2017-01-16,68.14159393310547,68.14159393310547,68.14159393310547,68.14159393310547,0.000621,-1.2820521322697842
2017-01-17,69.02655029296875,69.02655029296875,69.02655029296875,69.02655029296875,0.00339,1.2987021711468039
2017-01-18,69.02655029296875,69.02655029296875,69.02655029296875,69.02655029296875,0.0,0.0
2017-01-19,69.02655029296875,69.02655029296875,69.02655029296875,69.02655029296875,0.0,0.0
2017-01-22,68.14159393310547,68.14159393310547,68.14159393310547,68.14159393310547,0.002918,-1.2820521322697842
2017-01-23,68.14159393310547,68.14159393310547,68.14159393310547,68.14159393310547,0.005989,0.0
2017-01-24,68.14159393310547,76.99114990234375,68.14159393310547,76.99114990234375,0.005501,12.987010515084041
2017-01-25,88.49557495117188,88.53982543945312,88.49557495117188,88.53982543945312,0.000939,15.00000396377741
2017-01-26,79.69026184082031,79.69026184082031,79.69026184082031,79.69026184082031,0.025573,-9.995009087390262
2017-01-29,79.69026184082031,79.69026184082031,79.69026184082031,79.69026184082031,0.0,0.0
2017-01-30,75.22123718261719,75.22123718261719,75.22123718261719,75.22123718261719,0.000226,-5.607993442322867
2017-01-31,75.22123718261719,75.22123718261719,75.22123718261719,75.22123718261719,0.0,0.0
2017-02-01,75.22123718261719,75.22123718261719,75.22123718261719,75.22123718261719,0.0,0.0
2017-02-02,75.22123718261719,75.22123718261719,75.13274383544922,75.13274383544922,0.608236,-0.11764409956875888
2017-02-05,75.13274383544922,75.13274383544922,75.13274383544922,75.13274383544922,0.0,0.0
2017-02-06,75.13274383544922,75.13274383544922,75.13274383544922,75.13274383544922,0.0,0.0
2017-02-07,75.13274383544922,75.13274383544922,75.13274383544922,75.13274383544922,0.0,0.0
2017-02-08,75.13274383544922,75.13274383544922,75.13274383544922,75.13274383544922,0.0,0.0
2017-02-09,75.13274383544922,75.13274383544922,75.13274383544922,75.13274383544922,0.0,0.0
2017-02-12,75.13274383544922,75.13274383544922,75.13274383544922,75.13274383544922,0.00565,0.0
2017-02-13,68.14159393310547,68.14159393310547,68.14159393310547,68.14159393310547,0.000565,-9.305064004657282
2017-02-14,68.14159393310547,68.14159393310547,68.14159393310547,68.14159393310547,0.0,0.0
2017-02-15,68.14159393310547,68.14159393310547,68.14159393310547,68.14159393310547,0.002825,0.0
2017-02-16,66.3716812133789,66.3716812133789,66.3716812133789,66.3716812133789,0.02257,-2.5974043422936077
2017-02-19,66.3716812133789,66.3716812133789,66.3716812133789,66.3716812133789,0.0,0.0
2017-02-20,66.3716812133789,66.3716812133789,66.3716812133789,66.3716812133789,0.004574,0.0
2017-02-21,66.3716812133789,66.3716812133789,66.3716812133789,66.3716812133789,0.0,0.0
2017-02-22,66.3716812133789,66.3716812133789,66.3716812133789,66.3716812133789,0.0,0.0
2017-02-23,66.3716812133789,66.3716812133789,66.3716812133789,66.3716812133789,0.0,0.0
2017-02-26,66.3716812133789,66.3716812133789,66.3716812133789,66.3716812133789,0.0,0.0
2017-02-27,66.3716812133789,66.3716812133789,66.3716812133789,66.3716812133789,0.0,0.0
2017-02-28,66.3716812133789,66.3716812133789,66.3716812133789,66.3716812133789,0.0,0.0
2017-03-01,66.3716812133789,66.3716812133789,66.3716812133789,66.3716812133789,0.0,0.0
2017-03-02,66.3716812133789,66.3716812133789,66.3716812133789,66.3716812133789,0.0,0.0
2017-03-05,66.3716812133789,66.3716812133789,66.3716812133789,66.3716812133789,0.0,0.0
2017-03-06,66.3716812133789,66.3716812133789,66.3716812133789,66.3716812133789,0.0,0.0
2017-03-07,66.3716812133789,66.3716812133789,66.3716812133789,66.3716812133789,0.0,0.0
2017-03-08,66.3716812133789,66.3716812133789,66.3716812133789,66.3716812133789,0.0,0.0
2017-03-09,68.14159393310547,68.14159393310547,68.14159393310547,68.14159393310547,0.012685,2.666668505859371
2017-03-12,68.14159393310547,68.14159393310547,68.14159393310547,68.14159393310547,0.0,0.0
2017-03-13,68.14159393310547,68.14159393310547,68.14159393310547,68.14159393310547,0.0,0.0
2017-03-14,70.79646301269531,70.79646301269531,70.79646301269531,70.79646301269531,0.006187,3.8961065134404116
2017-03-15,70.79646301269531,70.79646301269531,70.79646301269531,70.79646301269531,0.0,0.0
2017-03-16,70.79646301269531,70.79646301269531,70.79646301269531,70.79646301269531,0.0,0.0
2017-03-19,70.79646301269531,70.79646301269531,70.79646301269531,70.79646301269531,0.000339,0.0
2017-03-20,70.79646301269531,70.79646301269531,70.79646301269531,70.79646301269531,0.0,0.0
2017-03-21,70.79646301269531,70.79646301269531,70.79646301269531,70.79646301269531,0.000565,0.0
2017-03-22,70.79646301269531,70.79646301269531,70.79646301269531,70.79646301269531,0.000678,0.0
2017-03-23,70.79646301269531,70.79646301269531,70.79646301269531,70.79646301269531,0.000904,0.0
2017-03-26,70.79646301269531,70.79646301269531,70.79646301269531,70.79646301269531,0.000847,0.0
2017-03-27,70.79646301269531,70.79646301269531,70.79646301269531,70.79646301269531,0.00113,0.0
2017-03-28,70.79646301269531,70.79646301269531,70.3539810180664,70.3539810180664,0.001921,-0.6250057923791519
2017-03-29,70.79646301269531,70.79646301269531,70.79646301269531,70.79646301269531,0.002768,0.6289366830787957
2017-03-30,70.79646301269531,70.79646301269531,70.3539810180664,70.79646301269531,0.005175,0.0
2017-04-02,70.79646301269531,70.79646301269531,70.79646301269531,70.79646301269531,0.0,0.0
2017-04-03,70.79646301269531,70.79646301269531,70.79646301269531,70.79646301269531,0.00113,0.0
2017-04-04,70.79646301269531,70.79646301269531,70.79646301269531,70.79646301269531,0.004576,0.0
2017-04-05,70.79646301269531,70.79646301269531,70.79646301269531,70.79646301269531,0.00113,0.0
2017-04-06,70.79646301269531,70.79646301269531,70.79646301269531,70.79646301269531,0.000228,0.0
2017-04-09,70.79646301269531,70.79646301269531,70.79646301269531,70.79646301269531,0.0,0.0
2017-04-10,70.79646301269531,70.79646301269531,70.79646301269531,70.79646301269531,0.0,0.0
2017-04-11,70.79646301269531,70.79646301269531,70.79646301269531,70.79646301269531,0.0,0.0
2017-04-12,70.79646301269531,70.79646301269531,70.79646301269531,70.79646301269531,0.0,0.0
2017-04-13,70.79646301269531,70.79646301269531,70.79646301269531,70.79646301269531,0.0,0.0
2017-04-16,70.79646301269531,70.79646301269531,70.79646301269531,70.79646301269531,0.003955,0.0
2017-04-17,70.79646301269531,70.79646301269531,70.79646301269531,70.79646301269531,0.0,0.0
2017-04-18,70.79646301269531,70.79646301269531,70.79646301269531,70.79646301269531,0.0,0.0
2017-04-19,70.79646301269531,70.79646301269531,70.79646301269531,70.79646301269531,0.0,0.0
2017-04-20,63.71681213378906,63.71681213378906,63.71681213378906,63.71681213378906,0.00565,-10.000006465911603
2017-04-23,63.71681213378906,63.71681213378906,63.71681213378906,63.71681213378906,0.0,0.0
2017-04-24,63.71681213378906,63.71681213378906,63.71681213378906,63.71681213378906,0.0,0.0
2017-04-25,63.71681213378906,73.27433776855469,57.345130920410156,73.27433776855469,0.805874,15.00000598695561
2017-04-26,67.25663757324219,67.25663757324219,67.25663757324219,67.25663757324219,0.000339,-8.212561694272946
2017-04-27,67.25663757324219,67.25663757324219,67.25663757324219,67.25663757324219,0.0,0.0
2017-04-30,67.25663757324219,67.25663757324219,67.25663757324219,67.25663757324219,0.0,0.0
2017-05-01,67.25663757324219,67.25663757324219,67.25663757324219,67.25663757324219,0.0,0.0
2017-05-02,67.25663757324219,67.25663757324219,67.25663757324219,67.25663757324219,0.0,0.0
2017-05-03,67.25663757324219,67.25663757324219,67.25663757324219,67.25663757324219,0.0,0.0
2017-05-04,67.25663757324219,67.25663757324219,67.25663757324219,67.25663757324219,0.0,0.0
2017-05-07,67.25663757324219,67.25663757324219,67.25663757324219,67.25663757324219,0.0,0.0
2017-05-08,67.25663757324219,67.25663757324219,67.25663757324219,67.25663757324219,0.0,0.0
2017-05-09,67.25663757324219,67.25663757324219,67.25663757324219,67.25663757324219,0.0,0.0
2017-05-10,67.25663757324219,67.25663757324219,67.25663757324219,67.25663757324219,0.002166,0.0
2017-05-11,67.25663757324219,67.25663757324219,67.25663757324219,67.25663757324219,0.0,0.0
2017-05-14,67.25663757324219,67.25663757324219,67.25663757324219,67.25663757324219,0.0,0.0
2017-05-15,67.25663757324219,67.25663757324219,67.25663757324219,67.25663757324219,0.0,0.0
2017-05-16,67.25663757324219,67.25663757324219,67.25663757324219,67.25663757324219,0.0,0.0
2017-05-17,67.25663757324219,67.25663757324219,67.25663757324219,67.25663757324219,0.0,0.0
2017-05-18,67.25663757324219,67.25663757324219,67.25663757324219,67.25663757324219,0.000503,0.0
2017-05-21,67.25663757324219,67.25663757324219,67.25663757324219,67.25663757324219,0.0,0.0
2017-05-22,67.25663757324219,67.25663757324219,67.25663757324219,67.25663757324219,0.0,0.0
2017-05-23,67.25663757324219,67.25663757324219,67.25663757324219,67.25663757324219,0.0,0.0
2017-05-24,67.25663757324219,67.25663757324219,67.25663757324219,67.25663757324219,0.0,0.0
2017-05-28,67.25663757324219,67.25663757324219,67.25663757324219,67.25663757324219,0.0,0.0
2017-05-29,67.25663757324219,67.25663757324219,67.25663757324219,67.25663757324219,0.0,0.0
2017-05-30,67.25663757324219,67.25663757324219,67.25663757324219,67.25663757324219,0.0,0.0
2017-05-31,67.25663757324219,67.25663757324219,67.25663757324219,67.25663757324219,0.0,0.0
2017-06-01,67.25663757324219,67.25663757324219,67.25663757324219,67.25663757324219,0.0,0.0
2017-06-04,67.25663757324219,67.25663757324219,67.25663757324219,67.25663757324219,0.0,0.0
2017-06-05,67.25663757324219,67.25663757324219,67.25663757324219,67.25663757324219,0.0,0.0
2017-06-06,67.25663757324219,67.25663757324219,67.25663757324219,67.25663757324219,0.0,0.0
2017-06-07,67.25663757324219,67.25663757324219,67.25663757324219,67.25663757324219,0.0,0.0
2017-06-08,67.25663757324219,67.25663757324219,67.25663757324219,67.25663757324219,0.0,0.0
2017-06-11,67.25663757324219,67.25663757324219,67.25663757324219,67.25663757324219,0.0,0.0
2017-06-12,67.25663757324219,67.25663757324219,67.25663757324219,67.25663757324219,0.00565,0.0
2017-06-13,67.25663757324219,67.25663757324219,67.25663757324219,67.25663757324219,0.0,0.0
2017-06-14,67.25663757324219,67.25663757324219,67.25663757324219,67.25663757324219,0.0,0.0
2017-06-15,67.25663757324219,67.25663757324219,67.25663757324219,67.25663757324219,0.0,0.0
2017-06-18,67.25663757324219,67.25663757324219,67.25663757324219,67.25663757324219,0.0,0.0
2017-06-19,67.25663757324219,67.25663757324219,67.25663757324219,67.25663757324219,0.0,0.0
2017-06-20,67.25663757324219,67.25663757324219,67.25663757324219,67.25663757324219,0.0,0.0
2017-06-21,61.061946868896484,61.061946868896484,61.061946868896484,61.061946868896484,0.004176,-9.210526912826577
2017-06-22,61.061946868896484,61.061946868896484,61.061946868896484,61.061946868896484,0.0,0.0
2017-06-25,61.061946868896484,61.061946868896484,61.061946868896484,61.061946868896484,0.0,0.0
2017-06-26,61.061946868896484,61.061946868896484,61.061946868896484,61.061946868896484,0.0,0.0
2017-06-27,61.061946868896484,61.061946868896484,61.061946868896484,61.061946868896484,0.0,0.0
2017-06-28,61.061946868896484,61.061946868896484,61.061946868896484,61.061946868896484,0.0,0.0
2017-06-29,61.061946868896484,61.061946868896484,61.061946868896484,61.061946868896484,0.0,0.0
2017-07-02,61.061946868896484,61.061946868896484,61.061946868896484,61.061946868896484,0.0,0.0
2017-07-03,61.061946868896484,61.061946868896484,61.061946868896484,61.061946868896484,0.0,0.0
2017-07-04,61.061946868896484,61.061946868896484,61.061946868896484,61.061946868896484,0.0,0.0
2017-07-05,61.061946868896484,61.061946868896484,61.061946868896484,61.061946868896484,0.0,0.0
2017-07-06,61.061946868896484,61.061946868896484,61.061946868896484,61.061946868896484,0.0,0.0
2017-07-09,61.061946868896484,61.061946868896484,61.061946868896484,61.061946868896484,0.0,0.0
2017-07-10,61.061946868896484,61.061946868896484,61.061946868896484,61.061946868896484,0.0,0.0
2017-07-11,61.061946868896484,61.061946868896484,61.061946868896484,61.061946868896484,0.0,0.0
2017-07-12,61.061946868896484,61.061946868896484,61.061946868896484,61.061946868896484,0.0,0.0
2017-07-13,61.061946868896484,61.061946868896484,61.061946868896484,61.061946868896484,0.0,0.0
2017-07-16,61.061946868896484,61.061946868896484,61.061946868896484,61.061946868896484,0.0,0.0
2017-07-17,61.061946868896484,61.061946868896484,61.061946868896484,61.061946868896484,0.0,0.0
2017-07-18,61.061946868896484,61.061946868896484,61.061946868896484,61.061946868896484,0.0,0.0
2017-07-19,61.061946868896484,61.061946868896484,61.061946868896484,61.061946868896484,0.0,0.0
2017-07-20,65.48672485351562,65.48672485351562,62.83185958862305,62.83185958862305,0.011865,2.898552716517
2017-07-23,62.83185958862305,62.83185958862305,62.83185958862305,62.83185958862305,0.0,0.0
2017-07-24,62.83185958862305,62.83185958862305,62.83185958862305,62.83185958862305,0.0,0.0
2017-07-25,62.83185958862305,65.48672485351562,62.83185958862305,62.83185958862305,0.035022,0.0
2017-07-26,62.83185958862305,62.83185958862305,62.83185958862305,62.83185958862305,0.0,0.0
2017-07-27,62.83185958862305,62.83185958862305,62.83185958862305,62.83185958862305,0.0,0.0
2017-07-30,62.83185958862305,62.83185958862305,62.83185958862305,62.83185958862305,0.0,0.0
2017-07-31,62.83185958862305,62.83185958862305,62.83185958862305,62.83185958862305,0.0,0.0
2017-08-01,62.83185958862305,62.83185958862305,62.83185958862305,62.83185958862305,0.0,0.0
2017-08-02,64.60176849365234,64.60176849365234,56.54867172241211,61.946903228759766,0.080766,-1.4084516448459872
2017-08-03,61.946903228759766,63.27433776855469,55.75221252441406,61.946903228759766,0.160927,0.0
2017-08-06,61.946903228759766,61.946903228759766,61.946903228759766,61.946903228759766,0.00904,0.0
2017-08-07,65.48672485351562,65.48672485351562,65.48672485351562,65.48672485351562,0.000226,5.7142834270244025
2017-08-08,65.48672485351562,65.48672485351562,65.48672485351562,65.48672485351562,0.0,0.0
2017-08-09,65.48672485351562,65.48672485351562,65.48672485351562,65.48672485351562,0.0,0.0
2017-08-10,65.48672485351562,65.48672485351562,65.48672485351562,65.48672485351562,0.0,0.0
2017-08-13,65.48672485351562,65.48672485351562,65.48672485351562,65.48672485351562,0.0,0.0
2017-08-14,65.48672485351562,65.48672485351562,65.48672485351562,65.48672485351562,0.03051,0.0
2017-08-15,65.48672485351562,65.48672485351562,65.48672485351562,65.48672485351562,0.0,0.0
2017-08-16,65.48672485351562,65.48672485351562,65.48672485351562,65.48672485351562,0.0,0.0
2017-08-17,65.48672485351562,65.48672485351562,65.48672485351562,65.48672485351562,0.0,0.0
2017-08-20,65.48672485351562,65.48672485351562,65.48672485351562,65.48672485351562,0.0,0.0
2017-08-21,65.48672485351562,65.48672485351562,65.48672485351562,65.48672485351562,0.0,0.0
2017-08-22,65.48672485351562,65.48672485351562,65.48672485351562,65.48672485351562,0.0,0.0
2017-08-23,65.48672485351562,65.48672485351562,65.48672485351562,65.48672485351562,0.0,0.0
2017-08-24,65.48672485351562,65.48672485351562,65.48672485351562,65.48672485351562,0.0,0.0
2017-08-27,65.48672485351562,65.48672485351562,65.48672485351562,65.48672485351562,0.0,0.0
2017-08-28,65.48672485351562,65.48672485351562,65.48672485351562,65.48672485351562,0.0,0.0
2017-08-29,65.48672485351562,65.48672485351562,65.48672485351562,65.48672485351562,0.0,0.0
2017-08-30,65.48672485351562,65.48672485351562,65.48672485351562,65.48672485351562,0.0,0.0
2017-08-31,65.48672485351562,65.48672485351562,65.48672485351562,65.48672485351562,0.0,0.0
2017-09-03,65.48672485351562,65.48672485351562,65.48672485351562,65.48672485351562,0.0,0.0
2017-09-04,65.48672485351562,65.48672485351562,65.48672485351562,65.48672485351562,0.0,0.0
2017-09-05,65.48672485351562,65.48672485351562,65.48672485351562,65.48672485351562,0.0,0.0
2017-09-06,65.44247436523438,65.48672485351562,65.44247436523438,65.48672485351562,0.011692,0.0
2017-09-07,65.48672485351562,65.48672485351562,65.48672485351562,65.48672485351562,0.0,0.0
2017-09-10,65.48672485351562,65.48672485351562,65.48672485351562,65.48672485351562,0.0,0.0
2017-09-11,65.48672485351562,65.48672485351562,65.48672485351562,65.48672485351562,0.0,0.0
2017-09-12,65.48672485351562,65.48672485351562,65.48672485351562,65.48672485351562,0.0,0.0
2017-09-13,65.48672485351562,65.48672485351562,65.48672485351562,65.48672485351562,0.0,0.0
2017-09-14,70.79646301269531,70.79646301269531,70.79646301269531,70.79646301269531,0.0005,8.108113775817639
2017-09-17,70.79646301269531,70.79646301269531,70.79646301269531,70.79646301269531,0.0,0.0
2017-09-18,65.48672485351562,65.48672485351562,65.48672485351562,65.48672485351562,0.03164,-7.500004849433706
2017-09-19,65.48672485351562,65.48672485351562,65.48672485351562,65.48672485351562,0.0,0.0
2017-09-20,65.48672485351562,65.48672485351562,65.48672485351562,65.48672485351562,0.0,0.0
2017-09-21,65.48672485351562,65.48672485351562,65.48672485351562,65.48672485351562,0.0,0.0
2017-09-24,65.48672485351562,65.48672485351562,65.48672485351562,65.48672485351562,0.0,0.0
2017-09-25,65.48672485351562,65.48672485351562,65.48672485351562,65.48672485351562,0.0,0.0
2017-09-26,65.48672485351562,65.48672485351562,65.48672485351562,65.48672485351562,0.0,0.0
2017-09-27,65.48672485351562,65.48672485351562,65.48672485351562,65.48672485351562,0.0,0.0
2017-09-28,65.48672485351562,65.48672485351562,65.48672485351562,65.48672485351562,0.0,0.0
2017-10-01,65.48672485351562,65.48672485351562,65.48672485351562,65.48672485351562,0.0,0.0
2017-10-02,61.54867172241211,61.54867172241211,61.54867172241211,61.54867172241211,0.000226,-6.013513639462609
2017-10-03,61.54867172241211,61.54867172241211,61.54867172241211,61.54867172241211,0.0,0.0
2017-10-04,61.54867172241211,61.54867172241211,61.54867172241211,61.54867172241211,0.0,0.0
2017-10-05,64.60176849365234,64.60176849365234,64.60176849365234,64.60176849365234,0.35369,4.960459236244552
2017-10-08,64.60176849365234,64.60176849365234,64.60176849365234,64.60176849365234,0.0,0.0
2017-10-09,64.60176849365234,64.60176849365234,64.60176849365234,64.60176849365234,0.0,0.0
2017-10-10,64.60176849365234,64.60176849365234,64.60176849365234,64.60176849365234,0.0,0.0
2017-10-11,64.60176849365234,64.60176849365234,64.60176849365234,64.60176849365234,0.0,0.0
2017-10-12,64.60176849365234,64.60176849365234,64.60176849365234,64.60176849365234,0.0,0.0
2017-10-15,62.389381408691406,62.389381408691406,62.389381408691406,62.389381408691406,0.042593,-3.424654055992793
2017-10-16,65.44247436523438,65.44247436523438,65.39823150634766,65.39823150634766,0.000927,4.8226958333603465
2017-10-17,65.44247436523438,65.48672485351562,65.44247436523438,65.48672485351562,0.0255,0.13531458745850156
2017-10-18,65.48672485351562,65.48672485351562,65.48672485351562,65.48672485351562,0.0,0.0
2017-10-19,65.48672485351562,65.48672485351562,65.48672485351562,65.48672485351562,0.0,0.0
2017-10-22,65.48672485351562,65.48672485351562,65.48672485351562,65.48672485351562,0.0,0.0
2017-10-23,65.48672485351562,65.48672485351562,65.48672485351562,65.48672485351562,0.0,0.0
2017-10-24,65.48672485351562,65.48672485351562,65.48672485351562,65.48672485351562,0.0,0.0
2017-10-25,65.48672485351562,65.48672485351562,65.48672485351562,65.48672485351562,0.0,0.0
2017-10-26,65.48672485351562,65.48672485351562,65.48672485351562,65.48672485351562,0.0,0.0
2017-10-29,65.48672485351562,65.48672485351562,65.48672485351562,65.48672485351562,0.000226,0.0
2017-10-30,65.48672485351562,65.48672485351562,65.48672485351562,65.48672485351562,0.00113,0.0
2017-10-31,65.48672485351562,65.48672485351562,65.48672485351562,65.48672485351562,0.0,0.0
2017-11-01,61.946903228759766,61.946903228759766,59.026546478271484,61.946903228759766,0.025538,-5.405403358732519
2017-11-02,58.8053092956543,59.8230094909668,55.75221252441406,57.52212142944336,0.046558,-7.142861981294546
2017-11-05,57.52212142944336,57.52212142944336,57.52212142944336,57.52212142944336,0.0,0.0
2017-11-06,58.938053131103516,58.938053131103516,58.45132827758789,58.45132827758789,0.003729,1.615390435980868
2017-11-07,59.29203414916992,59.29203414916992,58.495574951171875,58.495574951171875,0.007232,0.07569832010292377
2017-11-08,58.495574951171875,58.495574951171875,58.495574951171875,58.495574951171875,0.0,0.0
2017-11-09,59.29203414916992,61.902652740478516,59.29203414916992,61.902652740478516,0.01811,5.824505173512073
2017-11-12,61.061946868896484,62.389381408691406,61.061946868896484,62.389381408691406,0.024754,0.7862807919613024
2017-11-13,61.946903228759766,61.946903228759766,61.946903228759766,61.946903228759766,0.008794,-0.709220335161076
2017-11-14,61.946903228759766,61.946903228759766,61.946903228759766,61.946903228759766,0.0,0.0
2017-11-15,61.946903228759766,61.946903228759766,61.946903228759766,61.946903228759766,0.0,0.0
2017-11-16,61.946903228759766,61.946903228759766,61.946903228759766,61.946903228759766,0.0,0.0
2017-11-19,61.946903228759766,61.946903228759766,61.946903228759766,61.946903228759766,0.0,0.0
2017-11-20,61.946903228759766,61.946903228759766,61.946903228759766,61.946903228759766,0.0,0.0
2017-11-21,61.946903228759766,61.946903228759766,61.946903228759766,61.946903228759766,0.001695,0.0
2017-11-22,62.345130920410156,65.13274383544922,62.345130920410156,65.13274383544922,0.000452,5.142856931725337
2017-11-23,65.13274383544922,65.13274383544922,65.13274383544922,65.13274383544922,0.0,0.0
2017-11-26,65.13274383544922,65.13274383544922,65.13274383544922,65.13274383544922,0.0,0.0
2017-11-27,65.13274383544922,65.13274383544922,65.13274383544922,65.13274383544922,0.0,0.0
2017-11-28,65.13274383544922,65.13274383544922,65.13274383544922,65.13274383544922,0.0,0.0
2017-11-29,65.13274383544922,65.13274383544922,65.13274383544922,65.13274383544922,0.0,0.0
2017-11-30,65.13274383544922,65.13274383544922,65.13274383544922,65.13274383544922,0.0,0.0
2017-12-03,65.13274383544922,65.13274383544922,65.13274383544922,65.13274383544922,0.0,0.0
2017-12-04,65.13274383544922,65.13274383544922,65.13274383544922,65.13274383544922,0.0,0.0
2017-12-05,65.13274383544922,65.13274383544922,65.13274383544922,65.13274383544922,0.0,0.0
2017-12-06,61.061946868896484,61.061946868896484,61.061946868896484,61.061946868896484,0.001695,-6.250000732100524
2017-12-07,61.061946868896484,61.061946868896484,61.061946868896484,61.061946868896484,0.0,0.0
2017-12-10,58.40707778930664,58.40707778930664,58.40707778930664,58.40707778930664,0.000339,-4.347829074775489
2017-12-11,61.061946868896484,61.061946868896484,61.061946868896484,61.061946868896484,0.00113,4.5454578110667
2017-12-12,64.15929412841797,70.22123718261719,64.15929412841797,64.15929412841797,0.0113,5.072467253904733
2017-12-13,64.15929412841797,64.15929412841797,64.15929412841797,64.15929412841797,0.0,0.0
2017-12-14,64.15929412841797,64.15929412841797,64.15929412841797,64.15929412841797,0.0,0.0
2017-12-17,64.15929412841797,64.15929412841797,64.15929412841797,64.15929412841797,0.0,0.0
2017-12-18,64.15929412841797,64.15929412841797,64.15929412841797,64.15929412841797,0.0,0.0
2017-12-19,60.66371536254883,60.66371536254883,60.66371536254883,60.66371536254883,0.00339,-5.448281209067806
2017-12-20,60.66371536254883,60.66371536254883,60.66371536254883,60.66371536254883,0.0,0.0
2017-12-21,60.619468688964844,61.061946868896484,60.619468688964844,61.061946868896484,0.00344,0.6564574951726465
2017-12-24,61.061946868896484,61.061946868896484,61.061946868896484,61.061946868896484,0.004237,0.0
2017-12-25,61.946903228759766,61.946903228759766,61.946903228759766,61.946903228759766,0.007062,1.4492763582584889
2017-12-26,61.946903228759766,61.946903228759766,61.946903228759766,61.946903228759766,0.0,0.0
2017-12-27,61.946903228759766,61.946903228759766,61.946903228759766,61.946903228759766,0.0,0.0
2017-12-28,61.946903228759766,61.946903228759766,61.946903228759766,61.946903228759766,0.0,0.0
2017-12-31,61.946903228759766,61.946903228759766,61.946903228759766,61.946903228759766,0.0,0.0
2018-01-01,61.946903228759766,61.946903228759766,61.946903228759766,61.946903228759766,0.0,0.0
2018-01-02,61.946903228759766,61.946903228759766,61.946903228759766,61.946903228759766,0.0,0.0
2018-01-03,61.946903228759766,61.946903228759766,61.946903228759766,61.946903228759766,0.0,0.0
2018-01-04,61.946903228759766,61.946903228759766,61.946903228759766,61.946903228759766,0.0,0.0
2018-01-07,61.946903228759766,61.946903228759766,61.946903228759766,61.946903228759766,0.0,0.0
2018-01-08,61.946903228759766,61.946903228759766,61.946903228759766,61.946903228759766,0.0,0.0
2018-01-09,61.946903228759766,61.946903228759766,61.946903228759766,61.946903228759766,0.0,0.0
2018-01-10,61.946903228759766,61.946903228759766,61.946903228759766,61.946903228759766,0.0,0.0
2018-01-11,63.71681213378906,68.09734344482422,62.12389373779297,68.09734344482422,0.003191,9.928567685380308
2018-01-14,66.3716812133789,66.3716812133789,66.28318786621094,66.28318786621094,0.035749,-2.6640621892735084
2018-01-15,66.28318786621094,66.28318786621094,66.28318786621094,66.28318786621094,0.0,0.0
2018-01-16,66.15044403076172,66.3716812133789,66.15044403076172,66.3716812133789,0.008475,0.13350798296936084
2018-01-17,66.3716812133789,66.3716812133789,66.3716812133789,66.3716812133789,0.0,0.0
2018-01-18,66.3716812133789,66.3716812133789,66.3716812133789,66.3716812133789,0.0,0.0
2018-01-21,66.3716812133789,66.3716812133789,66.3716812133789,66.3716812133789,0.0,0.0
2018-01-22,66.3716812133789,66.3716812133789,66.3716812133789,66.3716812133789,0.0,0.0
2018-01-23,66.3716812133789,66.3716812133789,66.3716812133789,66.3716812133789,0.0,0.0
2018-01-24,66.3716812133789,66.3716812133789,66.3716812133789,66.3716812133789,0.0,0.0
2018-01-25,65.6637191772461,66.3716812133789,65.6637191772461,66.3716812133789,0.005515,0.0
2018-01-28,66.3716812133789,66.3716812133789,66.3716812133789,66.3716812133789,0.0,0.0
2018-01-29,66.3716812133789,66.3716812133789,66.3716812133789,66.3716812133789,0.001459,0.0
2018-01-30,66.3716812133789,66.3716812133789,66.3716812133789,66.3716812133789,0.0,0.0
2018-01-31,66.3716812133789,66.3716812133789,66.3716812133789,66.3716812133789,0.000226,0.0
2018-02-01,66.3716812133789,66.3716812133789,66.3716812133789,66.3716812133789,0.0,0.0
2018-02-04,66.3716812133789,66.3716812133789,66.3716812133789,66.3716812133789,0.0,0.0
2018-02-05,66.3716812133789,66.3716812133789,66.3716812133789,66.3716812133789,0.0,0.0
2018-02-06,66.3716812133789,66.3716812133789,66.3716812133789,66.3716812133789,0.0,0.0
2018-02-07,66.3716812133789,66.3716812133789,66.3716812133789,66.3716812133789,0.0,0.0
2018-02-08,66.3716812133789,66.3716812133789,66.3716812133789,66.3716812133789,0.0,0.0
2018-02-11,66.3716812133789,66.3716812133789,66.3716812133789,66.3716812133789,0.0,0.0
2018-02-12,69.02655029296875,69.02655029296875,66.3716812133789,66.3716812133789,0.022148,0.0
2018-02-14,66.3716812133789,66.3716812133789,66.3716812133789,66.3716812133789,0.178332,0.0
2018-02-15,66.3716812133789,66.3716812133789,66.3716812133789,66.3716812133789,0.0,0.0
2018-02-18,66.3716812133789,66.3716812133789,66.3716812133789,66.3716812133789,0.0,0.0
2018-02-19,70.79646301269531,70.79646301269531,70.79646301269531,70.79646301269531,0.000847,6.6666712646484605
2018-02-20,70.79646301269531,70.79646301269531,70.79646301269531,70.79646301269531,0.0,0.0
2018-02-21,70.79646301269531,70.79646301269531,70.79646301269531,70.79646301269531,0.0,0.0
2018-02-22,70.79646301269531,70.79646301269531,70.79646301269531,70.79646301269531,0.0,0.0
2018-02-25,70.79646301269531,70.79646301269531,70.79646301269531,70.79646301269531,0.0,0.0
2018-02-26,70.79646301269531,70.79646301269531,70.79646301269531,70.79646301269531,0.0,0.0
2018-02-27,70.79646301269531,70.79646301269531,70.79646301269531,70.79646301269531,0.0,0.0
2018-02-28,70.79646301269531,70.79646301269531,70.79646301269531,70.79646301269531,0.0,0.0
2018-03-01,70.79646301269531,70.79646301269531,70.79646301269531,70.79646301269531,0.0,0.0
2018-03-04,70.79646301269531,70.79646301269531,70.79646301269531,70.79646301269531,0.0,0.0
2018-03-05,70.79646301269531,70.79646301269531,70.79646301269531,70.79646301269531,0.0,0.0
2018-03-06,70.79646301269531,70.79646301269531,70.79646301269531,70.79646301269531,0.0,0.0
2018-03-07,70.79646301269531,70.79646301269531,70.79646301269531,70.79646301269531,0.0,0.0
2018-03-08,70.79646301269531,70.79646301269531,70.79646301269531,70.79646301269531,0.0,0.0
2018-03-11,68.14159393310547,68.14159393310547,68.14159393310547,68.14159393310547,0.004105,-3.7500024247168473
2018-03-12,68.14159393310547,68.14159393310547,68.14159393310547,68.14159393310547,0.0,0.0
2018-03-13,68.14159393310547,68.14159393310547,68.14159393310547,68.14159393310547,0.0,0.0
2018-03-14,68.14159393310547,68.14159393310547,68.14159393310547,68.14159393310547,0.0,0.0
2018-03-15,68.14159393310547,68.14159393310547,68.14159393310547,68.14159393310547,0.0,0.0
2018-03-18,68.14159393310547,68.14159393310547,68.14159393310547,68.14159393310547,0.0,0.0
2018-03-19,68.14159393310547,68.14159393310547,68.14159393310547,68.14159393310547,0.0,0.0
2018-03-20,68.14159393310547,68.14159393310547,68.14159393310547,68.14159393310547,0.0,0.0
2018-03-21,68.14159393310547,68.14159393310547,68.14159393310547,68.14159393310547,0.0,0.0
2018-03-22,61.99114990234375,61.99114990234375,61.946903228759766,61.946903228759766,0.001171,-9.090909599835639
2018-03-25,61.946903228759766,61.946903228759766,61.946903228759766,61.946903228759766,0.0,0.0
2018-03-26,61.946903228759766,61.946903228759766,61.946903228759766,61.946903228759766,0.0,0.0
2018-03-27,61.946903228759766,61.946903228759766,61.946903228759766,61.946903228759766,0.0,0.0
2018-03-28,61.946903228759766,61.946903228759766,61.946903228759766,61.946903228759766,0.0,0.0
2018-03-29,61.946903228759766,61.946903228759766,61.946903228759766,61.946903228759766,0.0,0.0
2018-04-01,61.946903228759766,61.946903228759766,61.946903228759766,61.946903228759766,0.0,0.0
2018-04-02,61.946903228759766,61.946903228759766,61.946903228759766,61.946903228759766,0.0,0.0
2018-04-03,64.60176849365234,64.60176849365234,64.60176849365234,64.60176849365234,0.000254,4.285711030765493
2018-04-04,64.60176849365234,64.60176849365234,64.60176849365234,64.60176849365234,0.0,0.0
2018-04-05,64.60176849365234,64.60176849365234,64.60176849365234,64.60176849365234,0.0,0.0
2018-04-08,64.60176849365234,64.60176849365234,64.60176849365234,64.60176849365234,0.0,0.0
2018-04-09,64.60176849365234,64.60176849365234,64.60176849365234,64.60176849365234,0.0,0.0
2018-04-10,64.60176849365234,64.60176849365234,64.60176849365234,64.60176849365234,0.0,0.0
2018-04-11,64.60176849365234,64.60176849365234,64.60176849365234,64.60176849365234,0.0,0.0
2018-04-12,68.14159393310547,68.14159393310547,68.14159393310547,68.14159393310547,0.006537,5.479455937496414
2018-04-15,68.14159393310547,68.14159393310547,68.14159393310547,68.14159393310547,0.000522,0.0
2018-04-16,69.02655029296875,69.02655029296875,69.02655029296875,69.02655029296875,0.00339,1.2987021711468039
2018-04-17,69.02655029296875,69.02655029296875,69.02655029296875,69.02655029296875,0.0,0.0
2018-04-18,69.02655029296875,69.02655029296875,69.02655029296875,69.02655029296875,0.0,0.0
2018-04-19,69.02655029296875,69.02655029296875,69.02655029296875,69.02655029296875,0.0,0.0
2018-04-22,69.02655029296875,69.02655029296875,69.02655029296875,69.02655029296875,0.0,0.0
2018-04-23,69.02655029296875,69.02655029296875,69.02655029296875,69.02655029296875,0.0,0.0
2018-04-24,69.02655029296875,69.02655029296875,69.02655029296875,69.02655029296875,0.0,0.0
2018-04-25,69.02655029296875,69.02655029296875,69.02655029296875,69.02655029296875,0.0,0.0
2018-04-26,69.02655029296875,69.02655029296875,69.02655029296875,69.02655029296875,0.0,0.0
2018-04-29,69.02655029296875,69.02655029296875,69.02655029296875,69.02655029296875,0.0,0.0
2018-04-30,69.02655029296875,69.02655029296875,69.02655029296875,69.02655029296875,0.0,0.0
2018-05-01,69.02655029296875,69.02655029296875,69.02655029296875,69.02655029296875,0.0,0.0
2018-05-02,69.02655029296875,69.02655029296875,69.02655029296875,69.02655029296875,0.0,0.0
2018-05-03,69.02655029296875,69.02655029296875,69.02655029296875,69.02655029296875,0.0,0.0
2018-05-06,69.02655029296875,69.02655029296875,69.02655029296875,69.02655029296875,0.0,0.0
2018-05-07,70.79646301269531,70.79646301269531,70.79646301269531,70.79646301269531,0.059113,2.5641042645395684
2018-05-08,70.79646301269531,70.79646301269531,70.79646301269531,70.79646301269531,0.0,0.0
2018-05-09,70.79646301269531,70.79646301269531,70.79646301269531,70.79646301269531,0.0,0.0
2018-05-10,70.79646301269531,70.79646301269531,70.79646301269531,70.79646301269531,0.0,0.0
2018-05-13,70.79646301269531,70.79646301269531,70.79646301269531,70.79646301269531,0.0,0.0
2018-05-14,70.79646301269531,70.79646301269531,70.79646301269531,70.79646301269531,0.0,0.0
2018-05-15,70.79646301269531,70.79646301269531,70.79646301269531,70.79646301269531,0.0,0.0
2018-05-16,70.79646301269531,70.79646301269531,70.79646301269531,70.79646301269531,0.0,0.0
2018-05-17,70.79646301269531,70.79646301269531,70.79646301269531,70.79646301269531,0.0,0.0
2018-05-20,70.79646301269531,70.79646301269531,70.79646301269531,70.79646301269531,0.0226,0.0
2018-05-21,64.60176849365234,64.60176849365234,64.60176849365234,64.60176849365234,0.000355,-8.750005657672656
2018-05-22,64.60176849365234,64.60176849365234,64.60176849365234,64.60176849365234,0.0,0.0
2018-05-23,64.60176849365234,64.60176849365234,64.60176849365234,64.60176849365234,0.0,0.0
2018-05-24,64.60176849365234,64.60176849365234,64.60176849365234,64.60176849365234,0.0,0.0
2018-05-27,64.60176849365234,64.60176849365234,64.60176849365234,64.60176849365234,0.0,0.0
2018-05-28,64.60176849365234,64.60176849365234,64.60176849365234,64.60176849365234,0.0,0.0
2018-05-29,64.60176849365234,64.60176849365234,64.60176849365234,64.60176849365234,0.0,0.0
2018-05-30,64.60176849365234,64.60176849365234,64.60176849365234,64.60176849365234,0.00565,0.0
2018-05-31,65.48672485351562,65.48672485351562,65.48672485351562,65.48672485351562,0.00565,1.369863984374109
2018-06-03,65.48672485351562,65.48672485351562,65.48672485351562,65.48672485351562,0.0,0.0
2018-06-04,65.48672485351562,65.48672485351562,65.48672485351562,65.48672485351562,0.00565,0.0
2018-06-05,65.53097534179688,65.53097534179688,65.53097534179688,65.53097534179688,0.003197,0.06757169240061422
2018-06-06,65.48672485351562,65.48672485351562,65.48672485351562,65.48672485351562,0.012468,-0.06752606389641702
2018-06-07,65.48672485351562,65.48672485351562,65.48672485351562,65.48672485351562,0.0,0.0
2018-06-10,65.48672485351562,65.48672485351562,65.48672485351562,65.48672485351562,0.0,0.0
2018-06-11,65.48672485351562,65.48672485351562,65.48672485351562,65.48672485351562,0.0,0.0
2018-06-12,65.48672485351562,65.48672485351562,65.48672485351562,65.48672485351562,0.0,0.0
2018-06-13,65.48672485351562,65.48672485351562,65.48672485351562,65.48672485351562,0.0,0.0
2018-06-14,65.48672485351562,65.48672485351562,65.48672485351562,65.48672485351562,0.0,0.0
2018-06-17,65.48672485351562,65.48672485351562,65.48672485351562,65.48672485351562,0.0,0.0
2018-06-18,65.48672485351562,65.48672485351562,65.48672485351562,65.48672485351562,0.0,0.0
2018-06-19,65.48672485351562,65.48672485351562,65.48672485351562,65.48672485351562,0.0,0.0
2018-06-20,65.48672485351562,65.48672485351562,65.48672485351562,65.48672485351562,0.0,0.0
2018-06-21,66.15044403076172,66.15044403076172,65.92919921875,65.92919921875,0.011752,0.675670322838906
2018-06-24,65.92919921875,65.92919921875,65.92919921875,65.92919921875,0.0,0.0
2018-06-25,65.92919921875,65.92919921875,65.92919921875,65.92919921875,0.0,0.0
2018-06-26,65.92919921875,65.92919921875,65.92919921875,65.92919921875,0.001695,0.0
2018-06-27,65.92919921875,65.92919921875,65.92919921875,65.92919921875,0.0,0.0
2018-06-28,65.92919921875,65.92919921875,65.92919921875,65.92919921875,0.0,0.0
2018-07-01,65.92919921875,65.92919921875,65.92919921875,65.92919921875,0.0,0.0
2018-07-02,65.92919921875,65.92919921875,65.92919921875,65.92919921875,0.0,0.0
2018-07-03,65.92919921875,65.92919921875,65.92919921875,65.92919921875,0.0,0.0
2018-07-04,65.92919921875,65.92919921875,65.92919921875,65.92919921875,0.0,0.0
2018-07-05,65.92919921875,65.92919921875,65.92919921875,65.92919921875,0.0,0.0
2018-07-08,65.92919921875,65.92919921875,65.92919921875,65.92919921875,0.0,0.0
2018-07-09,65.92919921875,65.92919921875,65.92919921875,65.92919921875,0.0,0.0
2018-07-10,65.92919921875,65.92919921875,65.92919921875,65.92919921875,0.0,0.0
2018-07-11,65.92919921875,65.92919921875,65.92919921875,65.92919921875,0.0,0.0
2018-07-12,65.92919921875,65.92919921875,65.92919921875,65.92919921875,0.0,0.0
2018-07-15,65.92919921875,65.92919921875,65.92919921875,65.92919921875,0.0,0.0
2018-07-16,65.92919921875,65.92919921875,65.92919921875,65.92919921875,0.0,0.0
2018-07-17,65.92919921875,65.92919921875,65.92919921875,65.92919921875,0.0,0.0
2018-07-18,65.92919921875,65.92919921875,65.92919921875,65.92919921875,0.0,0.0
2018-07-19,65.92919921875,65.92919921875,65.92919921875,65.92919921875,0.0,0.0
2018-07-22,65.92919921875,65.92919921875,65.92919921875,65.92919921875,0.0,0.0
2018-07-23,65.92919921875,65.92919921875,65.92919921875,65.92919921875,0.0,0.0
2018-07-24,65.92919921875,65.92919921875,65.92919921875,65.92919921875,0.0,0.0
2018-07-25,65.92919921875,65.92919921875,65.92919921875,65.92919921875,0.0,0.0
2018-07-26,65.92919921875,65.92919921875,65.92919921875,65.92919921875,0.0,0.0
2018-07-29,70.79646301269531,70.79646301269531,70.79646301269531,70.79646301269531,0.000226,7.382561674677657
2018-07-30,66.3716812133789,66.3716812133789,66.3716812133789,66.3716812133789,0.003616,-6.250004041194757
2018-07-31,66.3716812133789,66.3716812133789,66.3716812133789,66.3716812133789,0.0,0.0
2018-08-01,66.3716812133789,66.3716812133789,66.3716812133789,66.3716812133789,0.0,0.0
2018-08-02,66.3716812133789,66.3716812133789,66.3716812133789,66.3716812133789,0.0,0.0
2018-08-05,66.3716812133789,66.3716812133789,66.3716812133789,66.3716812133789,0.0,0.0
2018-08-06,66.3716812133789,66.3716812133789,66.3716812133789,66.3716812133789,0.0,0.0
2018-08-07,66.3716812133789,66.3716812133789,66.3716812133789,66.3716812133789,0.0,0.0
2018-08-08,66.3716812133789,66.3716812133789,66.3716812133789,66.3716812133789,0.0,0.0
2018-08-09,66.3716812133789,66.3716812133789,66.3716812133789,66.3716812133789,0.0,0.0
2018-08-12,66.3716812133789,66.3716812133789,66.3716812133789,66.3716812133789,0.0,0.0
2018-08-13,66.3716812133789,66.3716812133789,66.3716812133789,66.3716812133789,0.0,0.0
2018-08-14,66.3716812133789,66.3716812133789,66.3716812133789,66.3716812133789,0.0,0.0
2018-08-15,66.3716812133789,66.3716812133789,66.3716812133789,66.3716812133789,0.0,0.0
2018-08-16,66.3716812133789,66.3716812133789,66.3716812133789,66.3716812133789,0.0,0.0
2018-08-19,66.3716812133789,66.3716812133789,66.3716812133789,66.3716812133789,0.0,0.0
2018-08-20,66.3716812133789,66.3716812133789,66.3716812133789,66.3716812133789,0.0,0.0
2018-08-21,66.3716812133789,66.3716812133789,66.3716812133789,66.3716812133789,0.0,0.0
2018-08-22,66.3716812133789,66.3716812133789,66.3716812133789,66.3716812133789,0.0,0.0
2018-08-23,66.3716812133789,66.3716812133789,66.3716812133789,66.3716812133789,0.0,0.0
2018-08-26,66.3716812133789,66.3716812133789,66.3716812133789,66.3716812133789,0.0,0.0
2018-08-27,61.946903228759766,61.946903228759766,61.946903228759766,61.946903228759766,0.012472,-6.6666655171712215
2018-08-28,60.22123718261719,60.22123718261719,60.22123718261719,60.22123718261719,0.000226,-2.785718020108252
2018-08-29,60.22123718261719,60.22123718261719,60.22123718261719,60.22123718261719,0.0,0.0
2018-08-30,60.22123718261719,60.22123718261719,60.22123718261719,60.22123718261719,0.0,0.0
2018-09-02,60.22123718261719,60.22123718261719,60.22123718261719,60.22123718261719,0.0,0.0
2018-09-03,60.22123718261719,60.22123718261719,60.22123718261719,60.22123718261719,0.0,0.0
2018-09-04,60.22123718261719,60.22123718261719,60.22123718261719,60.22123718261719,0.0,0.0
2018-09-05,60.22123718261719,60.22123718261719,60.22123718261719,60.22123718261719,0.0,0.0
2018-09-06,60.22123718261719,60.22123718261719,60.22123718261719,60.22123718261719,0.0,0.0
2018-09-09,60.22123718261719,60.22123718261719,60.22123718261719,60.22123718261719,0.0,0.0
2018-09-10,60.22123718261719,60.22123718261719,60.22123718261719,60.22123718261719,0.0,0.0
2018-09-11,60.22123718261719,60.22123718261719,60.22123718261719,60.22123718261719,0.0,0.0
2018-09-12,60.22123718261719,60.22123718261719,60.22123718261719,60.22123718261719,0.0,0.0
2018-09-13,60.22123718261719,60.22123718261719,60.22123718261719,60.22123718261719,0.0,0.0
2018-09-16,60.22123718261719,60.22123718261719,60.22123718261719,60.22123718261719,0.0,0.0
2018-09-17,60.22123718261719,60.22123718261719,60.22123718261719,60.22123718261719,0.0,0.0
2018-09-18,60.22123718261719,60.22123718261719,60.22123718261719,60.22123718261719,0.0,0.0
2018-09-19,60.22123718261719,60.22123718261719,60.22123718261719,60.22123718261719,0.0,0.0
2018-09-20,60.22123718261719,60.22123718261719,60.22123718261719,60.22123718261719,0.0,0.0
2018-09-23,60.22123718261719,60.22123718261719,60.22123718261719,60.22123718261719,0.0,0.0
2018-09-24,60.22123718261719,60.22123718261719,60.22123718261719,60.22123718261719,0.0,0.0
2018-09-25,60.22123718261719,60.22123718261719,60.22123718261719,60.22123718261719,0.0,0.0
2018-09-26,60.22123718261719,60.22123718261719,60.22123718261719,60.22123718261719,0.0,0.0
2018-09-27,60.22123718261719,60.22123718261719,60.22123718261719,60.22123718261719,0.0,0.0
2018-09-30,60.22123718261719,60.22123718261719,60.22123718261719,60.22123718261719,0.0,0.0
2018-10-01,60.22123718261719,60.22123718261719,60.22123718261719,60.22123718261719,0.0,0.0
2018-10-02,60.22123718261719,60.22123718261719,60.22123718261719,60.22123718261719,0.0,0.0
2018-10-03,60.22123718261719,60.22123718261719,60.22123718261719,60.22123718261719,0.0,0.0
2018-10-04,60.22123718261719,60.22123718261719,60.22123718261719,60.22123718261719,0.0,0.0
2018-10-07,60.22123718261719,60.22123718261719,60.22123718261719,60.22123718261719,0.0,0.0
2018-10-08,60.22123718261719,60.22123718261719,60.22123718261719,60.22123718261719,0.0,0.0
2018-10-09,60.22123718261719,60.22123718261719,60.22123718261719,60.22123718261719,0.0,0.0
2018-10-10,60.22123718261719,60.22123718261719,60.22123718261719,60.22123718261719,0.0,0.0
2018-10-11,60.22123718261719,60.22123718261719,60.22123718261719,60.22123718261719,0.0,0.0
2018-10-14,60.22123718261719,60.22123718261719,60.22123718261719,60.22123718261719,0.0,0.0
2018-10-15,60.22123718261719,60.22123718261719,60.22123718261719,60.22123718261719,0.0,0.0
2018-10-16,60.22123718261719,60.22123718261719,60.22123718261719,60.22123718261719,0.0,0.0
2018-10-17,60.22123718261719,60.22123718261719,60.22123718261719,60.22123718261719,0.0,0.0
2018-10-18,60.22123718261719,60.22123718261719,60.22123718261719,60.22123718261719,0.0,0.0
2018-10-21,60.22123718261719,60.22123718261719,60.22123718261719,60.22123718261719,0.0,0.0
2018-10-22,61.946903228759766,61.946903228759766,61.946903228759766,61.946903228759766,0.00113,2.865543995566888
2018-10-23,61.946903228759766,61.946903228759766,61.946903228759766,61.946903228759766,0.0,0.0
2018-10-24,61.946903228759766,61.946903228759766,61.946903228759766,61.946903228759766,0.0,0.0
2018-10-25,61.946903228759766,61.946903228759766,61.946903228759766,61.946903228759766,0.0,0.0
2018-10-28,61.946903228759766,61.946903228759766,61.946903228759766,61.946903228759766,0.0,0.0
2018-10-29,61.946903228759766,61.946903228759766,61.946903228759766,61.946903228759766,0.0,0.0
2018-10-30,61.946903228759766,61.946903228759766,61.946903228759766,61.946903228759766,0.0,0.0
2018-10-31,65.6637191772461,69.02655029296875,63.71681213378906,63.71681213378906,0.007119,2.857138634506584
2018-11-01,63.71681213378906,63.71681213378906,63.71681213378906,63.71681213378906,0.0,0.0
2018-11-04,63.71681213378906,63.71681213378906,63.71681213378906,63.71681213378906,0.0,0.0
2018-11-05,63.71681213378906,63.71681213378906,63.71681213378906,63.71681213378906,0.0,0.0
2018-11-06,64.15929412841797,64.15929412841797,63.71681213378906,63.71681213378906,0.011526,0.0
2018-11-07,64.15929412841797,64.15929412841797,63.71681213378906,63.71681213378906,0.002126,0.0
2018-11-08,63.71681213378906,63.71681213378906,63.71681213378906,63.71681213378906,0.00565,0.0
2018-11-11,63.71681213378906,63.71681213378906,63.71681213378906,63.71681213378906,0.0,0.0
2018-11-12,63.71681213378906,63.71681213378906,63.71681213378906,63.71681213378906,0.0,0.0
2018-11-13,65.48672485351562,65.48672485351562,65.48672485351562,65.48672485351562,0.003955,2.777779773429656
2018-11-14,65.48672485351562,65.48672485351562,65.48672485351562,65.48672485351562,0.004294,0.0
2018-11-15,65.48672485351562,65.48672485351562,65.48672485351562,65.48672485351562,0.003164,0.0
2018-11-18,65.48672485351562,65.48672485351562,65.48672485351562,65.48672485351562,0.0,0.0
2018-11-19,65.48672485351562,65.48672485351562,65.48672485351562,65.48672485351562,0.000226,0.0
2018-11-20,65.48672485351562,65.48672485351562,65.48672485351562,65.48672485351562,0.0,0.0
2018-11-21,65.48672485351562,65.48672485351562,65.48672485351562,65.48672485351562,0.0,0.0
2018-11-22,65.48672485351562,65.48672485351562,65.48672485351562,65.48672485351562,0.0,0.0
2018-11-25,65.48672485351562,65.48672485351562,65.48672485351562,65.48672485351562,0.001356,0.0
2018-11-26,65.48672485351562,65.48672485351562,65.48672485351562,65.48672485351562,0.011168,0.0
2018-11-27,65.48672485351562,65.48672485351562,65.48672485351562,65.48672485351562,0.0,0.0
2018-11-28,65.48672485351562,65.48672485351562,65.48672485351562,65.48672485351562,0.0,0.0
2018-11-29,65.48672485351562,65.48672485351562,65.48672485351562,65.48672485351562,0.0,0.0
2018-12-02,65.48672485351562,65.48672485351562,65.48672485351562,65.48672485351562,0.0,0.0
2018-12-03,65.48672485351562,65.48672485351562,65.48672485351562,65.48672485351562,0.0,0.0
2018-12-04,65.48672485351562,65.48672485351562,65.48672485351562,65.48672485351562,0.0,0.0
2018-12-05,65.48672485351562,65.48672485351562,65.48672485351562,65.48672485351562,0.0,0.0
2018-12-06,65.48672485351562,65.48672485351562,65.48672485351562,65.48672485351562,0.0,0.0
2018-12-09,65.48672485351562,65.48672485351562,65.48672485351562,65.48672485351562,0.0,0.0
2018-12-10,63.71681213378906,63.71681213378906,63.71681213378906,63.71681213378906,0.004407,-2.702704591939209
2018-12-11,63.71681213378906,63.71681213378906,63.71681213378906,63.71681213378906,0.0,0.0
2018-12-12,63.71681213378906,63.71681213378906,63.71681213378906,63.71681213378906,0.0,0.0
2018-12-13,63.71681213378906,63.71681213378906,63.71681213378906,63.71681213378906,0.0,0.0
2018-12-16,63.71681213378906,63.71681213378906,63.71681213378906,63.71681213378906,0.0,0.0
2018-12-17,63.71681213378906,63.71681213378906,63.71681213378906,63.71681213378906,0.0,0.0
2018-12-18,63.71681213378906,63.71681213378906,63.71681213378906,63.71681213378906,0.0,0.0
2018-12-19,63.71681213378906,63.71681213378906,63.71681213378906,63.71681213378906,0.0,0.0
2018-12-20,63.71681213378906,63.71681213378906,63.71681213378906,63.71681213378906,0.0,0.0
2018-12-23,63.71681213378906,63.71681213378906,63.71681213378906,63.71681213378906,0.0,0.0
2018-12-24,63.71681213378906,63.71681213378906,63.71681213378906,63.71681213378906,0.0,0.0
2018-12-25,67.25663757324219,69.02655029296875,67.25663757324219,69.02655029296875,0.037031,8.333339320288946
2018-12-26,69.02655029296875,69.02655029296875,69.02655029296875,69.02655029296875,0.0,0.0
2018-12-27,69.02655029296875,69.02655029296875,69.02655029296875,69.02655029296875,0.0,0.0
2018-12-30,69.02655029296875,69.02655029296875,69.02655029296875,69.02655029296875,0.0,0.0
2018-12-31,69.02655029296875,69.02655029296875,69.02655029296875,69.02655029296875,0.0,0.0
2019-01-01,69.02655029296875,69.02655029296875,69.02655029296875,69.02655029296875,0.0,0.0
2019-01-02,69.02655029296875,69.02655029296875,69.02655029296875,69.02655029296875,0.0,0.0
2019-01-03,69.02655029296875,69.02655029296875,69.02655029296875,69.02655029296875,0.0,0.0
2019-01-06,69.02655029296875,69.02655029296875,69.02655029296875,69.02655029296875,0.0,0.0
2019-01-07,69.02655029296875,69.02655029296875,69.02655029296875,69.02655029296875,0.0,0.0
2019-01-08,69.02655029296875,69.02655029296875,69.02655029296875,69.02655029296875,0.0,0.0
2019-01-09,69.02655029296875,69.02655029296875,69.02655029296875,69.02655029296875,0.0,0.0
2019-01-10,69.02655029296875,69.02655029296875,69.02655029296875,69.02655029296875,0.0,0.0
2019-01-13,69.02655029296875,69.02655029296875,69.02655029296875,69.02655029296875,0.0,0.0
2019-01-14,69.02655029296875,69.02655029296875,69.02655029296875,69.02655029296875,0.0,0.0
2019-01-15,69.02655029296875,69.02655029296875,69.02655029296875,69.02655029296875,0.0,0.0
2019-01-16,69.02655029296875,69.02655029296875,69.02655029296875,69.02655029296875,0.0,0.0
2019-01-17,69.02655029296875,69.02655029296875,69.02655029296875,69.02655029296875,0.0,0.0
2019-01-20,69.02655029296875,69.02655029296875,69.02655029296875,69.02655029296875,0.0,0.0
2019-01-21,69.02655029296875,69.02655029296875,69.02655029296875,69.02655029296875,0.0,0.0
2019-01-22,69.02655029296875,69.02655029296875,69.02655029296875,69.02655029296875,0.0,0.0
2019-01-23,69.02655029296875,69.02655029296875,69.02655029296875,69.02655029296875,0.0,0.0
2019-01-24,69.02655029296875,69.02655029296875,69.02655029296875,69.02655029296875,0.0,0.0
2019-01-27,69.02655029296875,69.02655029296875,69.02655029296875,69.02655029296875,0.0,0.0
2019-01-28,69.02655029296875,69.02655029296875,69.02655029296875,69.02655029296875,0.0,0.0
2019-01-29,62.12389373779297,62.12389373779297,62.12389373779297,62.12389373779297,0.014604,-10.000002210568104
2019-01-30,62.12389373779297,62.12389373779297,62.12389373779297,62.12389373779297,0.0,0.0
2019-01-31,62.12389373779297,62.12389373779297,62.12389373779297,62.12389373779297,0.0,0.0
2019-02-03,62.12389373779297,62.12389373779297,62.12389373779297,62.12389373779297,0.0,0.0
2019-02-04,62.12389373779297,62.12389373779297,62.12389373779297,62.12389373779297,0.0,0.0
2019-02-05,62.12389373779297,62.12389373779297,62.12389373779297,62.12389373779297,0.0,0.0
2019-02-06,62.12389373779297,62.12389373779297,62.12389373779297,62.12389373779297,0.0,0.0
2019-02-07,62.12389373779297,62.12389373779297,62.12389373779297,62.12389373779297,0.0,0.0
2019-02-10,66.3716812133789,66.3716812133789,66.3716812133789,66.3716812133789,0.00226,6.83760662767634
2019-02-11,66.3716812133789,66.3716812133789,66.3716812133789,66.3716812133789,0.0,0.0
2019-02-12,66.3716812133789,66.3716812133789,66.3716812133789,66.3716812133789,0.0,0.0
2019-02-13,66.3716812133789,66.3716812133789,66.3716812133789,66.3716812133789,0.0,0.0
2019-02-14,66.3716812133789,66.3716812133789,66.3716812133789,66.3716812133789,0.0,0.0
2019-02-17,70.79646301269531,70.79646301269531,70.79646301269531,70.79646301269531,0.056952,6.6666712646484605
2019-02-18,63.71681213378906,63.71681213378906,63.71681213378906,63.71681213378906,0.000424,-10.000006465911603
2019-02-19,63.71681213378906,63.71681213378906,63.71681213378906,63.71681213378906,0.0,0.0
2019-02-20,63.71681213378906,63.71681213378906,63.71681213378906,63.71681213378906,0.0,0.0
2019-02-21,63.71681213378906,63.71681213378906,63.71681213378906,63.71681213378906,0.0,0.0
2019-02-24,63.71681213378906,63.71681213378906,63.71681213378906,63.71681213378906,0.0,0.0
2019-02-25,63.71681213378906,63.71681213378906,63.71681213378906,63.71681213378906,0.0,0.0
2019-02-26,63.71681213378906,63.71681213378906,63.71681213378906,63.71681213378906,0.0,0.0
2019-02-27,63.00885009765625,63.00885009765625,63.00885009765625,63.00885009765625,0.039018,-1.111107119807364
2019-02-28,63.00885009765625,63.00885009765625,63.00885009765625,63.00885009765625,0.0,0.0
2019-03-03,63.00885009765625,63.00885009765625,63.00885009765625,63.00885009765625,0.0,0.0
2019-03-04,64.60176849365234,66.3716812133789,64.60176849365234,66.3716812133789,0.003475,5.3370774272354815
2019-03-05,70.79646301269531,70.79646301269531,70.79646301269531,70.79646301269531,0.05085,6.6666712646484605
2019-03-06,70.79646301269531,70.79646301269531,70.79646301269531,70.79646301269531,0.009795,0.0
2019-03-07,70.79646301269531,70.79646301269531,70.79646301269531,70.79646301269531,0.0,0.0
2019-03-10,70.79646301269531,70.79646301269531,70.79646301269531,70.79646301269531,0.0,0.0
2019-03-11,70.79646301269531,70.79646301269531,70.79646301269531,70.79646301269531,0.0,0.0
2019-03-12,70.79646301269531,70.79646301269531,70.79646301269531,70.79646301269531,0.0,0.0
2019-03-13,70.79646301269531,70.79646301269531,70.79646301269531,70.79646301269531,0.0,0.0
2019-03-14,70.79646301269531,70.79646301269531,70.79646301269531,70.79646301269531,0.0,0.0
2019-03-17,70.79646301269531,70.79646301269531,70.79646301269531,70.79646301269531,0.0,0.0
2019-03-18,70.79646301269531,70.79646301269531,70.79646301269531,70.79646301269531,0.26039,0.0
2019-03-19,70.79646301269531,70.79646301269531,70.79646301269531,70.79646301269531,0.0,0.0
2019-03-20,70.79646301269531,70.79646301269531,70.79646301269531,70.79646301269531,0.0,0.0
2019-03-21,70.79646301269531,70.79646301269531,70.79646301269531,70.79646301269531,0.0,0.0
2019-03-24,70.79646301269531,70.79646301269531,70.79646301269531,70.79646301269531,0.0,0.0
2019-03-25,70.79646301269531,70.79646301269531,70.79646301269531,70.79646301269531,0.0,0.0
2019-03-26,70.79646301269531,70.79646301269531,70.79646301269531,70.79646301269531,0.0,0.0
2019-03-27,70.79646301269531,70.79646301269531,70.79646301269531,70.79646301269531,0.0,0.0
2019-03-28,70.79646301269531,70.79646301269531,70.79646301269531,70.79646301269531,0.0,0.0
2019-03-31,70.79646301269531,70.79646301269531,70.79646301269531,70.79646301269531,0.0,0.0
2019-04-01,70.79646301269531,70.79646301269531,70.79646301269531,70.79646301269531,0.0,0.0
2019-04-02,70.79646301269531,70.79646301269531,70.79646301269531,70.79646301269531,0.0,0.0
2019-04-03,70.79646301269531,70.79646301269531,70.79646301269531,70.79646301269531,0.0,0.0
2019-04-04,67.25663757324219,67.25663757324219,67.25663757324219,67.25663757324219,0.084133,-5.000003232955807
2019-04-07,67.25663757324219,67.25663757324219,67.25663757324219,67.25663757324219,0.0,0.0
2019-04-08,67.25663757324219,67.25663757324219,67.25663757324219,67.25663757324219,0.0,0.0
2019-04-09,67.25663757324219,67.25663757324219,67.25663757324219,67.25663757324219,0.0,0.0
2019-04-10,70.75221252441406,70.79646301269531,70.75221252441406,70.79646301269531,0.03807,5.263161476959466
2019-04-11,66.06194305419922,66.06194305419922,66.0177001953125,66.0177001953125,0.018927,-6.7500022091864675
2019-04-14,66.0177001953125,66.0177001953125,66.0177001953125,66.0177001953125,0.0,0.0
2019-04-15,66.0177001953125,66.0177001953125,66.0177001953125,66.0177001953125,0.0,0.0
2019-04-16,67.25663757324219,67.25663757324219,67.25663757324219,67.25663757324219,0.04633,1.8766745498014936
2019-04-17,67.25663757324219,67.25663757324219,67.25663757324219,67.25663757324219,0.0,0.0
2019-04-18,67.25663757324219,67.25663757324219,67.25663757324219,67.25663757324219,0.02712,0.0
2019-04-21,67.25663757324219,67.25663757324219,67.25663757324219,67.25663757324219,0.040589,0.0
2019-04-22,67.25663757324219,67.25663757324219,67.25663757324219,67.25663757324219,0.0,0.0
2019-04-23,67.25663757324219,67.25663757324219,67.25663757324219,67.25663757324219,0.0,0.0
2019-04-24,67.25663757324219,67.25663757324219,67.25663757324219,67.25663757324219,0.0,0.0
2019-04-25,67.25663757324219,67.25663757324219,67.25663757324219,67.25663757324219,0.0,0.0
2019-04-28,67.25663757324219,67.25663757324219,67.25663757324219,67.25663757324219,0.0,0.0
2019-04-29,67.25663757324219,67.25663757324219,67.25663757324219,67.25663757324219,0.0,0.0
2019-04-30,67.25663757324219,67.25663757324219,67.25663757324219,67.25663757324219,0.0,0.0
2019-05-01,67.25663757324219,67.25663757324219,67.25663757324219,67.25663757324219,0.0113,0.0
2019-05-02,67.25663757324219,67.25663757324219,67.25663757324219,67.25663757324219,0.0,0.0
2019-05-05,67.25663757324219,67.25663757324219,67.25663757324219,67.25663757324219,0.0,0.0
2019-05-06,67.25663757324219,67.25663757324219,67.25663757324219,67.25663757324219,0.0,0.0
2019-05-07,67.25663757324219,67.25663757324219,67.25663757324219,67.25663757324219,0.0,0.0
2019-05-08,67.25663757324219,67.25663757324219,67.25663757324219,67.25663757324219,0.0,0.0
2019-05-09,70.79646301269531,70.79646301269531,70.79646301269531,70.79646301269531,0.051437,5.263161476959466
2019-05-12,67.3008804321289,70.79646301269531,67.3008804321289,70.79646301269531,0.01017,0.0
2019-05-13,67.52212524414062,67.56636810302734,67.47787475585938,67.56636810302734,0.02599,-4.5625088771578115
2019-05-14,67.65486907958984,67.65486907958984,67.6106185913086,67.6106185913086,0.015255,0.06549188527311678
2019-05-15,67.6106185913086,67.6106185913086,67.6106185913086,67.6106185913086,0.0,0.0
2019-05-16,67.6106185913086,67.6106185913086,67.6106185913086,67.6106185913086,0.018645,0.0
2019-05-19,67.6106185913086,67.6106185913086,67.6106185913086,67.6106185913086,0.0,0.0
2019-05-20,67.6106185913086,67.6106185913086,67.6106185913086,67.6106185913086,0.002825,0.0
2019-05-21,67.6106185913086,67.6106185913086,67.6106185913086,67.6106185913086,0.0,0.0
2019-05-22,67.6106185913086,67.6106185913086,67.6106185913086,67.6106185913086,0.0,0.0
2019-05-23,67.6106185913086,67.6106185913086,67.6106185913086,67.6106185913086,0.0226,0.0
2019-05-26,67.6106185913086,67.6106185913086,67.6106185913086,67.6106185913086,0.0,0.0
2019-05-27,67.6106185913086,67.6106185913086,67.6106185913086,67.6106185913086,0.0,0.0
2019-05-28,67.6106185913086,67.6106185913086,67.6106185913086,67.6106185913086,0.0,0.0
2019-05-29,67.6106185913086,67.6106185913086,67.6106185913086,67.6106185913086,0.0,0.0
2019-05-30,65.97344970703125,65.97344970703125,65.97344970703125,65.97344970703125,0.001007,-2.4214670984948006
2019-06-02,65.97344970703125,65.97344970703125,65.97344970703125,65.97344970703125,0.0,0.0
2019-06-03,65.97344970703125,65.97344970703125,65.97344970703125,65.97344970703125,0.0,0.0
2019-06-04,65.97344970703125,65.97344970703125,65.97344970703125,65.97344970703125,0.0,0.0
2019-06-05,65.97344970703125,65.97344970703125,65.97344970703125,65.97344970703125,0.0,0.0
2019-06-06,65.97344970703125,65.97344970703125,65.97344970703125,65.97344970703125,0.0,0.0
2019-06-09,65.97344970703125,65.97344970703125,65.97344970703125,65.97344970703125,0.0,0.0
2019-06-10,65.97344970703125,65.97344970703125,65.97344970703125,65.97344970703125,0.0,0.0
2019-06-11,65.97344970703125,65.97344970703125,65.97344970703125,65.97344970703125,0.0,0.0
2019-06-12,65.97344970703125,65.97344970703125,65.97344970703125,65.97344970703125,0.0,0.0
2019-06-13,65.97344970703125,65.97344970703125,65.97344970703125,65.97344970703125,0.0,0.0
2019-06-16,65.97344970703125,65.97344970703125,65.97344970703125,65.97344970703125,0.0,0.0
2019-06-17,67.25663757324219,67.25663757324219,67.25663757324219,67.25663757324219,0.005428,1.9450064714050752
2019-06-18,67.25663757324219,67.25663757324219,67.25663757324219,67.25663757324219,0.0,0.0
2019-06-19,67.25663757324219,67.25663757324219,67.25663757324219,67.25663757324219,0.0,0.0
2019-06-20,66.3716812133789,66.3716812133789,66.3716812133789,66.3716812133789,0.0113,-1.3157903692398665
2019-06-23,66.3716812133789,66.3716812133789,66.3716812133789,66.3716812133789,0.0,0.0
2019-06-24,60.57522201538086,66.3716812133789,59.73451232910156,66.3716812133789,0.0226,0.0
2019-06-25,66.3716812133789,66.3716812133789,66.3716812133789,66.3716812133789,0.0,0.0
2019-06-26,66.3716812133789,66.3716812133789,66.3716812133789,66.3716812133789,0.0,0.0
2019-06-27,66.3716812133789,66.3716812133789,66.3716812133789,66.3716812133789,0.0,0.0
2019-06-30,66.3716812133789,66.3716812133789,66.3716812133789,66.3716812133789,0.0,0.0
2019-07-01,66.3716812133789,66.3716812133789,66.3716812133789,66.3716812133789,0.0,0.0
2019-07-02,66.3716812133789,66.3716812133789,66.3716812133789,66.3716812133789,0.0,0.0
2019-07-03,66.3716812133789,66.3716812133789,66.3716812133789,66.3716812133789,0.0,0.0
2019-07-04,66.3716812133789,66.3716812133789,66.3716812133789,66.3716812133789,0.0,0.0
2019-07-07,66.3716812133789,66.3716812133789,66.3716812133789,66.3716812133789,0.0,0.0
2019-07-08,66.3716812133789,66.3716812133789,66.3716812133789,66.3716812133789,0.0,0.0
2019-07-09,66.3716812133789,66.3716812133789,66.3716812133789,66.3716812133789,0.0,0.0
2019-07-10,66.3716812133789,66.3716812133789,66.3716812133789,66.3716812133789,0.0,0.0
2019-07-11,66.3716812133789,66.3716812133789,66.3716812133789,66.3716812133789,0.01356,0.0
2019-07-14,66.3716812133789,66.3716812133789,66.3716812133789,66.3716812133789,0.0,0.0
2019-07-15,66.3716812133789,66.3716812133789,66.3716812133789,66.3716812133789,0.0,0.0
2019-07-16,66.3716812133789,66.3716812133789,66.3716812133789,66.3716812133789,0.0,0.0
2019-07-17,66.3716812133789,66.3716812133789,66.3716812133789,66.3716812133789,0.0113,0.0
2019-07-18,66.3716812133789,66.3716812133789,66.3716812133789,66.3716812133789,0.0,0.0
2019-07-21,66.3716812133789,66.3716812133789,66.3716812133789,66.3716812133789,0.0,0.0
2019-07-22,66.3716812133789,66.3716812133789,66.3716812133789,66.3716812133789,0.0,0.0
2019-07-23,66.3716812133789,66.3716812133789,66.3716812133789,66.3716812133789,0.023035,0.0
2019-07-24,66.3716812133789,66.3716812133789,66.3716812133789,66.3716812133789,0.0,0.0
2019-07-25,66.3716812133789,66.3716812133789,66.3716812133789,66.3716812133789,0.0,0.0
2019-07-28,66.3716812133789,66.3716812133789,66.3716812133789,66.3716812133789,0.0,0.0
2019-07-29,66.3716812133789,66.3716812133789,66.3716812133789,66.3716812133789,0.0,0.0
2019-07-30,66.3716812133789,66.3716812133789,66.3716812133789,66.3716812133789,0.0,0.0
2019-07-31,66.3716812133789,66.3716812133789,66.3716812133789,66.3716812133789,0.0,0.0
2019-08-01,66.3716812133789,66.3716812133789,66.3716812133789,66.3716812133789,0.00565,0.0
2019-08-04,66.3716812133789,70.79646301269531,66.3716812133789,70.79646301269531,0.005706,6.6666712646484605
2019-08-05,70.79646301269531,70.79646301269531,70.79646301269531,70.79646301269531,0.0,0.0
2019-08-06,70.79646301269531,70.79646301269531,70.79646301269531,70.79646301269531,0.0,0.0
2019-08-07,70.79646301269531,70.79646301269531,70.79646301269531,70.79646301269531,0.0,0.0
2019-08-08,70.79646301269531,70.79646301269531,70.79646301269531,70.79646301269531,0.0,0.0
2019-08-11,70.79646301269531,70.79646301269531,70.79646301269531,70.79646301269531,0.0,0.0
2019-08-12,70.79646301269531,70.79646301269531,70.79646301269531,70.79646301269531,0.0,0.0
2019-08-13,70.79646301269531,70.79646301269531,70.79646301269531,70.79646301269531,0.0,0.0
2019-08-14,70.79646301269531,70.79646301269531,70.79646301269531,70.79646301269531,0.0,0.0
2019-08-15,70.79646301269531,70.79646301269531,70.79646301269531,70.79646301269531,0.0,0.0
2019-08-18,70.79646301269531,70.79646301269531,70.79646301269531,70.79646301269531,0.0,0.0
2019-08-19,70.79646301269531,70.79646301269531,70.79646301269531,70.79646301269531,0.0,0.0
2019-08-20,63.76106262207031,66.3716812133789,63.71681213378906,66.3716812133789,0.011639,-6.250004041194757
2019-08-21,61.061946868896484,61.061946868896484,61.061946868896484,61.061946868896484,0.120351,-7.999999770100907
2019-08-22,62.83185958862305,64.60176849365234,62.83185958862305,64.60176849365234,0.000323,5.797099185776133
2019-08-25,64.60176849365234,64.60176849365234,64.60176849365234,64.60176849365234,0.0,0.0
2019-08-26,64.60176849365234,64.60176849365234,64.60176849365234,64.60176849365234,0.0,0.0
2019-08-27,64.60176849365234,64.60176849365234,64.60176849365234,64.60176849365234,0.020211,0.0
2019-08-28,64.60176849365234,64.60176849365234,64.60176849365234,64.60176849365234,0.0,0.0
2019-08-29,64.60176849365234,64.60176849365234,64.60176849365234,64.60176849365234,0.0,0.0
2019-09-01,64.60176849365234,64.60176849365234,64.60176849365234,64.60176849365234,0.0,0.0
2019-09-02,64.60176849365234,64.60176849365234,64.60176849365234,64.60176849365234,0.0,0.0
2019-09-03,64.60176849365234,64.60176849365234,64.60176849365234,64.60176849365234,0.0,0.0
2019-09-04,64.60176849365234,64.60176849365234,64.60176849365234,64.60176849365234,0.0,0.0
2019-09-05,64.60176849365234,64.60176849365234,64.60176849365234,64.60176849365234,0.0,0.0
2019-09-08,64.60176849365234,64.60176849365234,64.60176849365234,64.60176849365234,0.0,0.0
2019-09-09,64.60176849365234,64.60176849365234,64.60176849365234,64.60176849365234,0.0,0.0
2019-09-10,64.60176849365234,64.60176849365234,64.60176849365234,64.60176849365234,0.0,0.0
2019-09-11,64.60176849365234,64.60176849365234,64.60176849365234,64.60176849365234,0.0,0.0
2019-09-12,65.48672485351562,65.48672485351562,65.48672485351562,65.48672485351562,3.9e-05,1.369863984374109
2019-09-15,65.48672485351562,65.48672485351562,65.48672485351562,65.48672485351562,0.0,0.0
2019-09-16,65.48672485351562,65.48672485351562,65.48672485351562,65.48672485351562,0.0,0.0
2019-09-17,65.48672485351562,65.48672485351562,65.48672485351562,65.48672485351562,0.0,0.0
2019-09-18,65.48672485351562,65.48672485351562,65.48672485351562,65.48672485351562,0.0,0.0
2019-09-19,65.48672485351562,65.48672485351562,65.48672485351562,65.48672485351562,0.00459,0.0
2019-09-22,65.48672485351562,65.48672485351562,65.48672485351562,65.48672485351562,0.0,0.0
2019-09-23,65.48672485351562,65.48672485351562,65.48672485351562,65.48672485351562,0.0,0.0
2019-09-24,58.9822998046875,58.9822998046875,58.9822998046875,58.9822998046875,5.6e-05,-9.93243296771611
2019-09-25,58.40707778930664,58.40707778930664,58.40707778930664,58.40707778930664,0.000395,-0.975245145214132
2019-09-26,58.40707778930664,58.40707778930664,58.40707778930664,58.40707778930664,0.0,0.0
2019-09-29,58.40707778930664,58.40707778930664,58.40707778930664,58.40707778930664,0.0,0.0
2019-09-30,58.40707778930664,58.40707778930664,58.40707778930664,58.40707778930664,0.0,0.0
2019-10-01,58.40707778930664,58.40707778930664,58.40707778930664,58.40707778930664,0.0,0.0
2019-10-02,58.40707778930664,58.40707778930664,58.40707778930664,58.40707778930664,0.0,0.0
2019-10-03,58.40707778930664,58.40707778930664,58.40707778930664,58.40707778930664,0.0,0.0
2019-10-06,58.40707778930664,58.40707778930664,58.40707778930664,58.40707778930664,0.0,0.0
2019-10-07,66.3716812133789,66.3716812133789,66.3716812133789,66.3716812133789,0.034452,13.636366901975784
2019-10-08,66.3716812133789,66.3716812133789,66.3716812133789,66.3716812133789,0.0,0.0
2019-10-09,66.3716812133789,66.3716812133789,66.3716812133789,66.3716812133789,0.0,0.0
2019-10-10,66.3716812133789,66.3716812133789,66.3716812133789,66.3716812133789,0.0,0.0
2019-10-13,66.3716812133789,66.3716812133789,66.3716812133789,66.3716812133789,0.0565,0.0
2019-10-14,66.3716812133789,66.3716812133789,66.3716812133789,66.3716812133789,0.0,0.0
2019-10-15,66.3716812133789,66.3716812133789,66.3716812133789,66.3716812133789,0.0,0.0
2019-10-16,66.3716812133789,66.3716812133789,66.3716812133789,66.3716812133789,0.0,0.0
2019-10-17,66.3716812133789,66.3716812133789,66.3716812133789,66.3716812133789,0.0,0.0
2019-10-20,66.3716812133789,66.3716812133789,66.3716812133789,66.3716812133789,0.0,0.0
2019-10-21,66.3716812133789,66.3716812133789,66.3716812133789,66.3716812133789,0.0,0.0
2019-10-22,66.3716812133789,66.3716812133789,66.3716812133789,66.3716812133789,0.0,0.0
2019-10-23,66.3716812133789,66.3716812133789,66.3716812133789,66.3716812133789,0.0,0.0
2019-10-24,66.3716812133789,66.3716812133789,66.3716812133789,66.3716812133789,0.0,0.0
2019-10-27,66.3716812133789,66.3716812133789,66.3716812133789,66.3716812133789,0.0,0.0
2019-10-28,66.3716812133789,66.3716812133789,66.3716812133789,66.3716812133789,0.0,0.0
2019-10-29,66.3716812133789,66.3716812133789,66.3716812133789,66.3716812133789,0.0,0.0
2019-10-30,67.25663757324219,67.25663757324219,67.25663757324219,67.25663757324219,3.1e-05,1.3333342529296965
2019-10-31,67.25663757324219,67.25663757324219,67.25663757324219,67.25663757324219,0.0,0.0
2019-11-03,67.25663757324219,67.25663757324219,67.25663757324219,67.25663757324219,0.0,0.0
2019-11-04,70.79646301269531,70.79646301269531,70.79646301269531,70.79646301269531,6.8e-05,5.263161476959466
2019-11-05,70.79646301269531,70.79646301269531,70.79646301269531,70.79646301269531,0.0,0.0
2019-11-06,70.79646301269531,70.79646301269531,70.79646301269531,70.79646301269531,0.0,0.0
2019-11-07,70.79646301269531,70.79646301269531,70.79646301269531,70.79646301269531,0.0,0.0
2019-11-10,70.79646301269531,70.79646301269531,70.79646301269531,70.79646301269531,0.0,0.0
2019-11-11,70.79646301269531,70.79646301269531,70.79646301269531,70.79646301269531,0.0,0.0
2019-11-12,70.79646301269531,70.79646301269531,70.79646301269531,70.79646301269531,0.0,0.0
2019-11-13,70.79646301269531,70.79646301269531,70.79646301269531,70.79646301269531,0.0,0.0
2019-11-14,70.79646301269531,70.79646301269531,70.79646301269531,70.79646301269531,0.0,0.0
2019-11-17,70.79646301269531,70.79646301269531,70.79646301269531,70.79646301269531,0.0,0.0
2019-11-18,70.79646301269531,70.79646301269531,70.79646301269531,70.79646301269531,0.0,0.0
2019-11-19,70.79646301269531,70.79646301269531,70.79646301269531,70.79646301269531,0.0,0.0
2019-11-20,70.79646301269531,70.79646301269531,70.79646301269531,70.79646301269531,0.0,0.0
2019-11-21,70.79646301269531,70.79646301269531,70.79646301269531,70.79646301269531,0.0,0.0
2019-11-24,70.79646301269531,70.79646301269531,70.79646301269531,70.79646301269531,0.0,0.0
2019-11-25,70.79646301269531,70.79646301269531,70.79646301269531,70.79646301269531,0.0,0.0
2019-11-26,70.79646301269531,70.79646301269531,70.79646301269531,70.79646301269531,0.0,0.0
2019-11-27,63.71681213378906,63.71681213378906,63.71681213378906,63.71681213378906,0.178184,-10.000006465911603
2019-11-28,63.71681213378906,63.71681213378906,63.71681213378906,63.71681213378906,0.0,0.0
2019-12-01,63.71681213378906,63.71681213378906,63.71681213378906,63.71681213378906,0.0,0.0
2019-12-02,63.71681213378906,63.71681213378906,63.71681213378906,63.71681213378906,0.0,0.0
2019-12-03,63.71681213378906,63.71681213378906,63.71681213378906,63.71681213378906,0.0,0.0
2019-12-04,63.71681213378906,63.71681213378906,63.71681213378906,63.71681213378906,0.0,0.0
2019-12-05,63.71681213378906,63.71681213378906,63.71681213378906,63.71681213378906,0.0,0.0
2019-12-08,63.71681213378906,63.71681213378906,63.71681213378906,63.71681213378906,0.0,0.0
2019-12-09,63.71681213378906,63.71681213378906,63.71681213378906,63.71681213378906,0.0,0.0
2019-12-10,63.71681213378906,63.71681213378906,63.71681213378906,63.71681213378906,0.0,0.0
2019-12-11,63.71681213378906,63.71681213378906,63.71681213378906,63.71681213378906,0.0,0.0
2019-12-12,63.71681213378906,63.71681213378906,63.71681213378906,63.71681213378906,0.0,0.0
2019-12-15,63.71681213378906,63.71681213378906,63.71681213378906,63.71681213378906,0.0,0.0
2019-12-16,63.71681213378906,63.71681213378906,63.71681213378906,63.71681213378906,0.0,0.0
2019-12-17,63.71681213378906,63.71681213378906,63.71681213378906,63.71681213378906,0.0,0.0
2019-12-18,63.71681213378906,63.71681213378906,63.71681213378906,63.71681213378906,0.0,0.0
2019-12-19,63.71681213378906,63.71681213378906,63.71681213378906,63.71681213378906,0.0,0.0
2019-12-22,63.71681213378906,63.71681213378906,63.71681213378906,63.71681213378906,0.0,0.0
2019-12-23,70.79646301269531,76.81415557861328,70.79646301269531,76.81415557861328,0.178354,20.555553559903682
2019-12-24,70.79646301269531,70.79646301269531,70.79646301269531,70.79646301269531,0.000367,-7.834093235275274
2019-12-25,70.79646301269531,70.79646301269531,70.79646301269531,70.79646301269531,0.0,0.0
2019-12-26,68.14159393310547,69.02655029296875,68.14159393310547,69.02655029296875,0.282767,-2.500001616477898
2019-12-29,62.12389373779297,76.81415557861328,62.12389373779297,69.02655029296875,0.909894,0.0
2019-12-30,62.2123908996582,62.2123908996582,62.2123908996582,62.2123908996582,0.0339,-9.871794786773025
2019-12-31,62.2123908996582,62.2123908996582,62.2123908996582,62.2123908996582,0.0,0.0
2020-01-01,62.2123908996582,62.2123908996582,62.2123908996582,62.2123908996582,0.0,0.0
2020-01-02,62.2123908996582,62.2123908996582,62.2123908996582,62.2123908996582,0.0,0.0
2020-01-05,62.2123908996582,62.2123908996582,62.2123908996582,62.2123908996582,0.0,0.0
2020-01-06,62.2123908996582,62.2123908996582,62.2123908996582,62.2123908996582,0.0,0.0
2020-01-07,70.79646301269531,70.79646301269531,70.79646301269531,70.79646301269531,0.00113,13.798010314186904
2020-01-08,70.79646301269531,70.79646301269531,70.79646301269531,70.79646301269531,0.0,0.0
2020-01-09,70.79646301269531,70.79646301269531,70.79646301269531,70.79646301269531,0.0,0.0
2020-01-12,70.79646301269531,70.79646301269531,70.79646301269531,70.79646301269531,0.0,0.0
2020-01-13,70.79646301269531,70.79646301269531,70.79646301269531,70.79646301269531,0.0,0.0
2020-01-14,70.79646301269531,70.79646301269531,70.79646301269531,70.79646301269531,0.0,0.0
2020-01-15,68.14159393310547,68.14159393310547,68.14159393310547,68.14159393310547,0.00339,-3.7500024247168473
2020-01-16,68.14159393310547,68.14159393310547,68.14159393310547,68.14159393310547,0.0,0.0
2020-01-19,68.14159393310547,68.14159393310547,68.14159393310547,68.14159393310547,0.0,0.0
2020-01-20,68.14159393310547,68.14159393310547,68.14159393310547,68.14159393310547,0.0,0.0
2020-01-21,68.14159393310547,68.14159393310547,68.14159393310547,68.14159393310547,0.0,0.0
2020-01-22,66.46017456054688,66.46017456054688,62.30088424682617,62.30088424682617,0.00113,-8.571430970653715
2020-01-23,62.30088424682617,62.30088424682617,62.30088424682617,62.30088424682617,0.0,0.0
2020-01-26,62.30088424682617,62.30088424682617,62.30088424682617,62.30088424682617,0.0,0.0
2020-01-27,62.30088424682617,62.30088424682617,62.30088424682617,62.30088424682617,0.0,0.0
2020-01-28,62.30088424682617,62.30088424682617,62.30088424682617,62.30088424682617,0.0,0.0
2020-01-29,62.30088424682617,62.30088424682617,62.30088424682617,62.30088424682617,0.0,0.0
2020-01-30,62.30088424682617,62.30088424682617,62.30088424682617,62.30088424682617,0.0,0.0
2020-02-02,62.30088424682617,62.30088424682617,62.30088424682617,62.30088424682617,0.0,0.0
2020-02-03,62.30088424682617,62.30088424682617,62.30088424682617,62.30088424682617,0.0,0.0
2020-02-04,62.30088424682617,62.30088424682617,62.30088424682617,62.30088424682617,0.0,0.0
2020-02-05,62.30088424682617,62.30088424682617,62.30088424682617,62.30088424682617,0.0,0.0
2020-02-06,62.30088424682617,62.30088424682617,62.30088424682617,62.30088424682617,0.0,0.0
2020-02-09,62.30088424682617,62.30088424682617,62.30088424682617,62.30088424682617,0.0,0.0
2020-02-10,62.30088424682617,62.30088424682617,62.30088424682617,62.30088424682617,0.0,0.0
2020-02-11,62.30088424682617,62.30088424682617,62.30088424682617,62.30088424682617,0.0,0.0
2020-02-12,62.30088424682617,62.30088424682617,62.30088424682617,62.30088424682617,0.0,0.0
2020-02-13,62.30088424682617,62.30088424682617,62.30088424682617,62.30088424682617,0.0,0.0
2020-02-16,63.76106262207031,63.76106262207031,63.71681213378906,63.71681213378906,0.009753,2.272725185333191
2020-02-17,63.71681213378906,63.71681213378906,63.71681213378906,63.71681213378906,0.0,0.0
2020-02-18,63.71681213378906,63.71681213378906,63.71681213378906,63.71681213378906,0.0,0.0
2020-02-19,63.71681213378906,63.71681213378906,63.71681213378906,63.71681213378906,0.0,0.0
2020-02-20,63.71681213378906,63.71681213378906,63.71681213378906,63.71681213378906,0.0,0.0
2020-02-23,63.71681213378906,63.71681213378906,63.71681213378906,63.71681213378906,0.0,0.0
2020-02-24,63.71681213378906,63.71681213378906,63.71681213378906,63.71681213378906,0.0,0.0
2020-02-25,63.71681213378906,63.71681213378906,63.71681213378906,63.71681213378906,0.0,0.0
2020-02-26,63.71681213378906,63.71681213378906,63.71681213378906,63.71681213378906,0.0,0.0
2020-02-27,63.71681213378906,63.71681213378906,63.71681213378906,63.71681213378906,0.0,0.0
2020-03-01,63.71681213378906,63.71681213378906,63.71681213378906,63.71681213378906,0.0,0.0
2020-03-02,63.71681213378906,63.71681213378906,63.71681213378906,63.71681213378906,0.0,0.0
2020-03-03,63.71681213378906,63.71681213378906,63.71681213378906,63.71681213378906,0.0,0.0
2020-03-04,63.71681213378906,63.71681213378906,63.71681213378906,63.71681213378906,0.05085,0.0
2020-03-05,63.71681213378906,63.71681213378906,63.71681213378906,63.71681213378906,0.0,0.0
2020-03-08,63.71681213378906,63.71681213378906,63.71681213378906,63.71681213378906,0.0,0.0
2020-03-09,63.71681213378906,63.71681213378906,63.71681213378906,63.71681213378906,0.0,0.0
2020-03-10,63.71681213378906,63.71681213378906,63.71681213378906,63.71681213378906,0.0,0.0
2020-03-11,63.71681213378906,63.71681213378906,63.71681213378906,63.71681213378906,0.0,0.0
2020-03-12,63.71681213378906,63.71681213378906,63.71681213378906,63.71681213378906,0.0,0.0
2020-03-15,63.71681213378906,63.71681213378906,63.71681213378906,63.71681213378906,0.0,0.0
2020-03-16,63.71681213378906,63.71681213378906,63.71681213378906,63.71681213378906,0.0,0.0
2020-03-17,63.71681213378906,63.71681213378906,63.71681213378906,63.71681213378906,0.0,0.0
2020-03-18,63.71681213378906,63.71681213378906,63.71681213378906,63.71681213378906,0.0,0.0
2020-03-19,63.71681213378906,63.71681213378906,63.71681213378906,63.71681213378906,0.0,0.0
2020-03-22,63.71681213378906,63.71681213378906,63.71681213378906,63.71681213378906,0.0,0.0
2020-03-23,63.71681213378906,63.71681213378906,63.71681213378906,63.71681213378906,0.0,0.0
2020-03-24,63.71681213378906,63.71681213378906,63.71681213378906,63.71681213378906,0.0,0.0
2020-03-25,63.71681213378906,63.71681213378906,63.71681213378906,63.71681213378906,0.0,0.0
2020-03-26,63.71681213378906,63.71681213378906,63.71681213378906,63.71681213378906,0.0,0.0
2020-03-29,63.71681213378906,63.71681213378906,63.71681213378906,63.71681213378906,0.0,0.0
2020-03-30,63.71681213378906,63.71681213378906,63.71681213378906,63.71681213378906,0.0,0.0
2020-03-31,63.71681213378906,63.71681213378906,63.71681213378906,63.71681213378906,0.0,0.0
2020-04-01,63.71681213378906,63.71681213378906,63.71681213378906,63.71681213378906,0.0,0.0
2020-04-02,63.71681213378906,63.71681213378906,63.71681213378906,63.71681213378906,0.0,0.0
2020-04-05,63.71681213378906,63.71681213378906,63.71681213378906,63.71681213378906,0.0,0.0
2020-04-06,63.71681213378906,63.71681213378906,63.71681213378906,63.71681213378906,0.0,0.0
2020-04-07,63.71681213378906,63.71681213378906,63.71681213378906,63.71681213378906,0.0,0.0
2020-04-08,63.71681213378906,63.71681213378906,63.71681213378906,63.71681213378906,0.0,0.0
2020-04-09,63.71681213378906,63.71681213378906,63.71681213378906,63.71681213378906,0.0,0.0
2020-04-12,63.71681213378906,63.71681213378906,63.71681213378906,63.71681213378906,0.0,0.0
2020-04-13,60.53097152709961,60.53097152709961,60.53097152709961,60.53097152709961,0.001695,-5.000000000000004
2020-04-14,57.52212142944336,60.1769905090332,57.52212142944336,60.1769905090332,0.003006,-0.5847932209512408
2020-04-15,57.52212142944336,57.52212142944336,57.52212142944336,57.52212142944336,3.1e-05,-4.4117677822245405
2020-04-16,57.52212142944336,57.52212142944336,57.52212142944336,57.52212142944336,0.0,0.0
2020-04-19,57.52212142944336,57.52212142944336,57.52212142944336,57.52212142944336,0.0,0.0
2020-04-20,55.75221252441406,55.75221252441406,55.75221252441406,55.75221252441406,0.102368,-3.076918689795316
2020-04-21,55.75221252441406,55.75221252441406,55.75221252441406,55.75221252441406,0.0,0.0
2020-04-22,55.75221252441406,55.75221252441406,55.75221252441406,55.75221252441406,0.090398,0.0
2020-04-23,55.75221252441406,55.75221252441406,55.75221252441406,55.75221252441406,0.0,0.0
2020-04-26,55.75221252441406,55.75221252441406,55.75221252441406,55.75221252441406,0.0,0.0
2020-04-27,55.75221252441406,63.67256546020508,55.75221252441406,63.67256546020508,0.011413,14.206347294867738
2020-04-28,63.67256546020508,63.67256546020508,63.67256546020508,63.67256546020508,0.0,0.0
2020-04-29,63.67256546020508,63.67256546020508,63.67256546020508,63.67256546020508,0.0,0.0
2020-04-30,60.53097152709961,60.53097152709961,60.53097152709961,60.53097152709961,0.00113,-4.9339835930891525
2020-05-03,60.53097152709961,60.53097152709961,60.53097152709961,60.53097152709961,0.0,0.0
2020-05-04,60.53097152709961,60.53097152709961,60.53097152709961,60.53097152709961,0.0,0.0
2020-05-05,56.637168884277344,56.637168884277344,56.637168884277344,56.637168884277344,0.006429,-6.432744336639329
2020-05-06,56.637168884277344,56.637168884277344,56.637168884277344,56.637168884277344,0.0,0.0
2020-05-07,56.637168884277344,56.637168884277344,56.637168884277344,56.637168884277344,0.0,0.0
2020-05-10,57.52212142944336,57.52212142944336,57.52212142944336,57.52212142944336,0.000559,1.562494317069718
2020-05-11,57.52212142944336,57.52212142944336,57.52212142944336,57.52212142944336,0.0,0.0
2020-05-12,54.86725616455078,60.13274383544922,54.86725616455078,60.13274383544922,0.000725,4.538466838724031
2020-05-13,60.13274383544922,60.13274383544922,60.13274383544922,60.13274383544922,0.0,0.0
2020-05-14,60.13274383544922,60.13274383544922,60.13274383544922,60.13274383544922,0.0,0.0
2020-05-17,60.13274383544922,60.13274383544922,60.13274383544922,60.13274383544922,0.0,0.0
2020-05-18,60.13274383544922,60.13274383544922,60.13274383544922,60.13274383544922,0.0,0.0
2020-05-19,60.13274383544922,60.13274383544922,60.13274383544922,60.13274383544922,0.0,0.0
2020-05-20,60.13274383544922,60.13274383544922,60.13274383544922,60.13274383544922,0.0,0.0
2020-05-21,60.13274383544922,60.13274383544922,60.13274383544922,60.13274383544922,0.0,0.0
2020-05-24,60.13274383544922,60.13274383544922,60.13274383544922,60.13274383544922,0.0,0.0
2020-05-25,60.13274383544922,60.13274383544922,60.13274383544922,60.13274383544922,0.0,0.0
2020-05-26,60.13274383544922,60.13274383544922,60.13274383544922,60.13274383544922,0.0,0.0
2020-05-27,60.13274383544922,60.13274383544922,60.13274383544922,60.13274383544922,0.0,0.0
2020-05-28,60.13274383544922,60.13274383544922,60.13274383544922,60.13274383544922,0.0,0.0
2020-05-31,60.13274383544922,60.13274383544922,60.13274383544922,60.13274383544922,0.0,0.0
2020-06-01,60.13274383544922,60.13274383544922,60.13274383544922,60.13274383544922,0.0,0.0
2020-06-02,60.13274383544922,60.13274383544922,60.13274383544922,60.13274383544922,0.0,0.0
2020-06-03,60.13274383544922,60.13274383544922,60.13274383544922,60.13274383544922,0.0,0.0
2020-06-04,60.13274383544922,60.13274383544922,60.13274383544922,60.13274383544922,0.0,0.0
2020-06-07,60.13274383544922,60.13274383544922,60.13274383544922,60.13274383544922,0.0,0.0
2020-06-08,60.13274383544922,60.13274383544922,60.13274383544922,60.13274383544922,0.0,0.0
2020-06-09,59.20354080200195,59.20354080200195,59.20354080200195,59.20354080200195,0.000394,-1.5452530088931105
2020-06-10,59.20354080200195,59.20354080200195,59.20354080200195,59.20354080200195,0.0,0.0
2020-06-11,59.20354080200195,59.20354080200195,59.20354080200195,59.20354080200195,0.0,0.0
2020-06-14,59.20354080200195,59.20354080200195,59.20354080200195,59.20354080200195,0.0,0.0
2020-06-15,59.20354080200195,59.20354080200195,59.20354080200195,59.20354080200195,0.0,0.0
2020-06-16,59.20354080200195,59.20354080200195,59.20354080200195,59.20354080200195,0.0,0.0
2020-06-17,59.20354080200195,59.20354080200195,59.20354080200195,59.20354080200195,0.0,0.0
2020-06-18,59.20354080200195,59.20354080200195,59.20354080200195,59.20354080200195,0.0,0.0
2020-06-21,59.20354080200195,59.20354080200195,59.20354080200195,59.20354080200195,0.0,0.0
2020-06-22,59.20354080200195,59.20354080200195,59.20354080200195,59.20354080200195,0.0,0.0
2020-06-23,59.20354080200195,59.20354080200195,59.20354080200195,59.20354080200195,0.0,0.0
2020-06-24,59.20354080200195,59.20354080200195,59.20354080200195,59.20354080200195,0.0,0.0
2020-06-25,59.20354080200195,59.20354080200195,59.20354080200195,59.20354080200195,0.0,0.0
2020-06-28,59.20354080200195,59.20354080200195,59.20354080200195,59.20354080200195,0.0,0.0
2020-06-29,59.20354080200195,59.20354080200195,59.20354080200195,59.20354080200195,0.0,0.0
2020-06-30,59.20354080200195,59.20354080200195,59.20354080200195,59.20354080200195,0.0,0.0
2020-07-01,59.20354080200195,59.20354080200195,59.20354080200195,59.20354080200195,0.0,0.0
2020-07-02,59.20354080200195,59.20354080200195,59.20354080200195,59.20354080200195,0.0,0.0
2020-07-05,59.20354080200195,59.20354080200195,59.20354080200195,59.20354080200195,0.0,0.0
2020-07-06,59.20354080200195,59.20354080200195,59.20354080200195,59.20354080200195,0.0,0.0
2020-07-07,59.20354080200195,59.20354080200195,59.20354080200195,59.20354080200195,0.0,0.0
2020-07-08,59.20354080200195,59.20354080200195,59.20354080200195,59.20354080200195,0.0,0.0
2020-07-09,59.20354080200195,59.20354080200195,59.20354080200195,59.20354080200195,0.0,0.0
2020-07-12,59.20354080200195,59.20354080200195,59.20354080200195,59.20354080200195,0.0,0.0
2020-07-13,59.20354080200195,59.20354080200195,59.20354080200195,59.20354080200195,0.0,0.0
2020-07-14,59.20354080200195,59.20354080200195,59.20354080200195,59.20354080200195,0.0,0.0
2020-07-15,59.20354080200195,59.20354080200195,59.20354080200195,59.20354080200195,0.0,0.0
2020-07-16,59.20354080200195,59.20354080200195,59.20354080200195,59.20354080200195,0.0,0.0
2020-07-19,59.20354080200195,59.20354080200195,59.20354080200195,59.20354080200195,0.0,0.0
2020-07-20,59.20354080200195,59.20354080200195,59.20354080200195,59.20354080200195,0.0,0.0
2020-07-21,59.20354080200195,59.20354080200195,59.20354080200195,59.20354080200195,0.0,0.0
2020-07-22,59.20354080200195,59.20354080200195,59.20354080200195,59.20354080200195,0.0,0.0
2020-07-23,59.20354080200195,59.20354080200195,59.20354080200195,59.20354080200195,0.0,0.0
2020-07-26,59.20354080200195,59.20354080200195,59.20354080200195,59.20354080200195,0.0,0.0
2020-07-27,59.20354080200195,59.20354080200195,59.20354080200195,59.20354080200195,0.0,0.0
2020-07-28,59.20354080200195,59.20354080200195,59.20354080200195,59.20354080200195,0.0,0.0
2020-07-29,60.1769905090332,60.1769905090332,60.1769905090332,60.1769905090332,0.000163,1.644242377811178
2020-07-30,60.1769905090332,60.1769905090332,60.1769905090332,60.1769905090332,0.0,0.0
2020-08-02,60.1769905090332,60.1769905090332,60.1769905090332,60.1769905090332,0.0,0.0
2020-08-03,60.1769905090332,60.1769905090332,60.1769905090332,60.1769905090332,0.000339,0.0
2020-08-04,60.1769905090332,60.1769905090332,60.1769905090332,60.1769905090332,0.0,0.0
2020-08-05,60.1769905090332,60.1769905090332,60.1769905090332,60.1769905090332,0.0,0.0
2020-08-06,60.1769905090332,60.1769905090332,60.1769905090332,60.1769905090332,0.0,0.0
2020-08-09,60.1769905090332,60.1769905090332,60.1769905090332,60.1769905090332,0.0,0.0
2020-08-10,60.1769905090332,60.1769905090332,60.1769905090332,60.1769905090332,0.0,0.0
2020-08-11,60.1769905090332,60.1769905090332,60.1769905090332,60.1769905090332,0.0,0.0
2020-08-12,60.1769905090332,60.1769905090332,60.1769905090332,60.1769905090332,0.0,0.0
2020-08-13,60.1769905090332,60.1769905090332,60.1769905090332,60.1769905090332,0.0,0.0
2020-08-16,60.1769905090332,60.1769905090332,60.1769905090332,60.1769905090332,0.0,0.0
2020-08-17,60.1769905090332,60.1769905090332,60.1769905090332,60.1769905090332,0.0,0.0
2020-08-18,60.1769905090332,60.1769905090332,60.1769905090332,60.1769905090332,0.0,0.0
2020-08-19,60.1769905090332,60.1769905090332,60.1769905090332,60.1769905090332,0.0,0.0
2020-08-20,60.1769905090332,60.1769905090332,60.1769905090332,60.1769905090332,0.0,0.0
2020-08-23,60.1769905090332,60.1769905090332,60.1769905090332,60.1769905090332,0.0,0.0
2020-08-24,59.20354080200195,59.20354080200195,59.20354080200195,59.20354080200195,0.000847,-1.6176443833380572
2020-08-25,59.20354080200195,59.20354080200195,59.20354080200195,59.20354080200195,0.0,0.0
2020-08-26,59.20354080200195,59.20354080200195,59.20354080200195,59.20354080200195,0.0,0.0
2020-08-27,59.20354080200195,59.20354080200195,59.20354080200195,59.20354080200195,0.0,0.0
2020-08-30,59.20354080200195,59.20354080200195,59.20354080200195,59.20354080200195,0.0,0.0
2020-08-31,59.20354080200195,59.20354080200195,59.20354080200195,59.20354080200195,0.0,0.0
2020-09-01,59.20354080200195,59.20354080200195,59.20354080200195,59.20354080200195,0.0,0.0
2020-09-02,59.20354080200195,59.20354080200195,59.20354080200195,59.20354080200195,0.0,0.0
2020-09-03,59.20354080200195,59.20354080200195,59.20354080200195,59.20354080200195,0.0,0.0
2020-09-06,59.20354080200195,59.20354080200195,59.20354080200195,59.20354080200195,0.0,0.0
2020-09-07,59.20354080200195,59.20354080200195,59.20354080200195,59.20354080200195,0.0,0.0
2020-09-08,59.20354080200195,59.20354080200195,59.20354080200195,59.20354080200195,0.0,0.0
2020-09-09,59.20354080200195,59.20354080200195,59.20354080200195,59.20354080200195,0.0,0.0
2020-09-10,59.20354080200195,59.20354080200195,59.20354080200195,59.20354080200195,0.0,0.0
2020-09-13,59.20354080200195,59.20354080200195,59.20354080200195,59.20354080200195,0.0,0.0
2020-09-14,59.20354080200195,59.20354080200195,59.20354080200195,59.20354080200195,0.0,0.0
2020-09-15,59.20354080200195,59.20354080200195,59.20354080200195,59.20354080200195,0.0,0.0
2020-09-16,56.28318405151367,56.371681213378906,56.28318405151367,56.28318405151367,0.000565,-4.9327400201535365
2020-09-17,55.75221252441406,55.75221252441406,55.75221252441406,55.75221252441406,0.005989,-0.9433928375722878
2020-09-20,55.75221252441406,55.75221252441406,55.75221252441406,55.75221252441406,0.0,0.0
2020-09-21,55.75221252441406,55.75221252441406,55.75221252441406,55.75221252441406,0.0,0.0
2020-09-22,55.398231506347656,55.53097152709961,55.398231506347656,55.53097152709961,0.002843,-0.3968290894600268
2020-09-23,55.53097152709961,55.53097152709961,55.53097152709961,55.53097152709961,0.0,0.0
2020-09-24,55.53097152709961,55.53097152709961,55.53097152709961,55.53097152709961,0.0,0.0
2020-09-27,55.53097152709961,55.53097152709961,55.53097152709961,55.53097152709961,0.0,0.0
2020-09-28,55.53097152709961,55.53097152709961,55.53097152709961,55.53097152709961,0.0,0.0
2020-09-29,55.53097152709961,55.53097152709961,55.53097152709961,55.53097152709961,0.0,0.0
2020-09-30,55.53097152709961,55.53097152709961,55.53097152709961,55.53097152709961,0.0,0.0
2020-10-01,55.53097152709961,55.53097152709961,55.53097152709961,55.53097152709961,0.0,0.0
2020-10-04,55.53097152709961,55.53097152709961,55.53097152709961,55.53097152709961,0.0,0.0
2020-10-05,55.53097152709961,55.53097152709961,55.53097152709961,55.53097152709961,0.0,0.0
2020-10-06,55.53097152709961,55.53097152709961,55.53097152709961,55.53097152709961,0.0,0.0
2020-10-07,55.53097152709961,55.53097152709961,55.53097152709961,55.53097152709961,0.0,0.0
2020-10-08,55.53097152709961,55.53097152709961,55.53097152709961,55.53097152709961,0.0,0.0
2020-10-11,55.53097152709961,55.53097152709961,55.53097152709961,55.53097152709961,0.0,0.0
2020-10-12,55.53097152709961,55.53097152709961,55.53097152709961,55.53097152709961,0.0,0.0
2020-10-13,55.53097152709961,55.53097152709961,55.53097152709961,55.53097152709961,0.0,0.0
2020-10-14,55.53097152709961,55.53097152709961,55.53097152709961,55.53097152709961,0.0,0.0
2020-10-15,55.53097152709961,55.53097152709961,55.53097152709961,55.53097152709961,0.0,0.0
2020-10-18,55.53097152709961,55.53097152709961,55.53097152709961,55.53097152709961,0.0,0.0
2020-10-19,55.53097152709961,55.53097152709961,55.53097152709961,55.53097152709961,0.0,0.0
2020-10-20,55.53097152709961,55.53097152709961,55.53097152709961,55.53097152709961,0.0,0.0
2020-10-21,55.53097152709961,55.53097152709961,55.53097152709961,55.53097152709961,0.0,0.0
2020-10-22,55.53097152709961,55.53097152709961,55.53097152709961,55.53097152709961,0.0,0.0
2020-10-25,55.53097152709961,55.53097152709961,55.53097152709961,55.53097152709961,0.0,0.0
2020-10-26,55.53097152709961,55.53097152709961,55.53097152709961,55.53097152709961,0.0,0.0
2020-10-27,55.53097152709961,55.53097152709961,55.53097152709961,55.53097152709961,0.0,0.0
2020-10-28,55.53097152709961,55.53097152709961,55.53097152709961,55.53097152709961,0.0,0.0
2020-10-29,55.53097152709961,55.53097152709961,55.53097152709961,55.53097152709961,0.0,0.0
2020-11-01,55.53097152709961,55.53097152709961,55.53097152709961,55.53097152709961,0.0,0.0
2020-11-02,55.53097152709961,55.53097152709961,55.53097152709961,55.53097152709961,0.0,0.0
2020-11-03,55.53097152709961,55.53097152709961,55.53097152709961,55.53097152709961,0.0,0.0
2020-11-04,55.53097152709961,55.53097152709961,55.53097152709961,55.53097152709961,0.0,0.0
2020-11-05,55.53097152709961,55.53097152709961,55.53097152709961,55.53097152709961,0.0,0.0
2020-11-08,55.53097152709961,55.53097152709961,55.53097152709961,55.53097152709961,0.0,0.0
2020-11-09,60.08849334716797,60.08849334716797,60.08849334716797,60.08849334716797,0.000113,8.207171052003392
2020-11-10,60.08849334716797,60.08849334716797,60.08849334716797,60.08849334716797,0.0,0.0
2020-11-11,60.08849334716797,60.08849334716797,60.08849334716797,60.08849334716797,0.0,0.0
2020-11-12,60.08849334716797,60.08849334716797,60.08849334716797,60.08849334716797,8.4e-05,0.0
2020-11-15,60.08849334716797,60.08849334716797,60.08849334716797,60.08849334716797,0.0,0.0
2020-11-16,60.08849334716797,60.08849334716797,60.08849334716797,60.08849334716797,0.0,0.0
2020-11-17,60.08849334716797,60.08849334716797,60.08849334716797,60.08849334716797,0.0,0.0
2020-11-18,57.12389373779297,57.12389373779297,57.12389373779297,57.12389373779297,0.000237,-4.933722655095874
2020-11-19,57.12389373779297,57.12389373779297,57.12389373779297,57.12389373779297,0.0,0.0
2020-11-22,57.12389373779297,57.12389373779297,57.12389373779297,57.12389373779297,0.0,0.0
2020-11-23,57.12389373779297,57.12389373779297,57.12389373779297,57.12389373779297,0.0,0.0
2020-11-24,57.12389373779297,57.12389373779297,57.12389373779297,57.12389373779297,0.0,0.0
2020-11-25,59.73451232910156,59.73451232910156,59.73451232910156,59.73451232910156,0.00226,4.570099166019248
2020-11-26,60.08849334716797,60.08849334716797,60.08849334716797,60.08849334716797,0.000113,0.5925904544364258
2020-11-29,60.08849334716797,60.08849334716797,60.08849334716797,60.08849334716797,0.0,0.0
2020-11-30,60.08849334716797,60.08849334716797,60.08849334716797,60.08849334716797,0.0,0.0
2020-12-01,60.08849334716797,60.08849334716797,60.08849334716797,60.08849334716797,0.0,0.0
2020-12-02,60.08849334716797,60.08849334716797,60.08849334716797,60.08849334716797,0.0,0.0
2020-12-03,60.08849334716797,60.08849334716797,60.08849334716797,60.08849334716797,0.0,0.0
2020-12-06,60.08849334716797,60.08849334716797,60.08849334716797,60.08849334716797,0.0,0.0
2020-12-07,60.08849334716797,60.08849334716797,60.08849334716797,60.08849334716797,0.0,0.0
2020-12-08,60.08849334716797,60.08849334716797,60.08849334716797,60.08849334716797,0.0,0.0
2020-12-09,60.08849334716797,60.08849334716797,60.08849334716797,60.08849334716797,0.0,0.0
2020-12-10,60.08849334716797,60.08849334716797,60.08849334716797,60.08849334716797,0.0,0.0
2020-12-13,60.08849334716797,60.08849334716797,60.08849334716797,60.08849334716797,0.0,0.0
2020-12-14,60.08849334716797,60.08849334716797,60.08849334716797,60.08849334716797,0.0,0.0
2020-12-15,60.08849334716797,60.08849334716797,60.08849334716797,60.08849334716797,0.0,0.0
2020-12-16,60.08849334716797,60.08849334716797,60.08849334716797,60.08849334716797,0.0,0.0
2020-12-17,60.08849334716797,60.08849334716797,60.08849334716797,60.08849334716797,0.0,0.0
2020-12-20,60.08849334716797,60.08849334716797,60.08849334716797,60.08849334716797,0.0,0.0
2020-12-21,60.08849334716797,60.08849334716797,60.08849334716797,60.08849334716797,0.0,0.0
2020-12-22,60.08849334716797,60.08849334716797,60.08849334716797,60.08849334716797,0.0,0.0
2020-12-23,60.08849334716797,60.08849334716797,60.08849334716797,60.08849334716797,0.0,0.0
2020-12-24,60.08849334716797,60.08849334716797,60.08849334716797,60.08849334716797,0.0,0.0
2020-12-27,60.08849334716797,60.08849334716797,60.08849334716797,60.08849334716797,0.0,0.0
2020-12-28,60.08849334716797,60.08849334716797,60.08849334716797,60.08849334716797,0.0,0.0
2020-12-29,60.08849334716797,60.08849334716797,60.08849334716797,60.08849334716797,0.0,0.0
2020-12-30,60.08849334716797,60.08849334716797,60.08849334716797,60.08849334716797,0.0,0.0
2020-12-31,60.08849334716797,60.08849334716797,60.08849334716797,60.08849334716797,0.0,0.0
2021-01-03,60.08849334716797,60.08849334716797,60.08849334716797,60.08849334716797,0.0,0.0
2021-01-04,60.08849334716797,60.08849334716797,60.08849334716797,60.08849334716797,0.0,0.0
2021-01-05,60.08849334716797,60.08849334716797,60.08849334716797,60.08849334716797,0.0,0.0
2021-01-06,61.76991271972656,61.76991271972656,61.76991271972656,61.76991271972656,0.000113,2.798238529370356
2021-01-07,61.76991271972656,61.76991271972656,61.76991271972656,61.76991271972656,0.0,0.0
2021-01-10,61.76991271972656,61.76991271972656,61.76991271972656,61.76991271972656,0.0,0.0
2021-01-11,61.76991271972656,61.76991271972656,61.76991271972656,61.76991271972656,0.0,0.0
2021-01-12,61.76991271972656,61.76991271972656,61.76991271972656,61.76991271972656,0.0,0.0
2021-01-13,61.76991271972656,61.76991271972656,61.76991271972656,61.76991271972656,0.0,0.0
2021-01-14,61.76991271972656,61.76991271972656,61.76991271972656,61.76991271972656,0.0,0.0
2021-01-17,61.76991271972656,61.76991271972656,61.76991271972656,61.76991271972656,0.0,0.0
2021-01-18,61.76991271972656,62.83185958862305,61.76991271972656,62.83185958862305,0.000113,1.7191976192599379
2021-01-19,62.83185958862305,62.83185958862305,62.83185958862305,62.83185958862305,0.0,0.0
2021-01-20,59.69026565551758,59.69026565551758,59.69026565551758,59.69026565551758,0.00048,-5.000001517819664
2021-01-21,59.69026565551758,59.69026565551758,59.69026565551758,59.69026565551758,0.0,0.0
2021-01-24,59.69026565551758,59.69026565551758,59.69026565551758,59.69026565551758,0.0,0.0
2021-01-25,59.69026565551758,59.69026565551758,59.69026565551758,59.69026565551758,0.0,0.0
2021-01-26,59.69026565551758,59.69026565551758,59.69026565551758,59.69026565551758,0.0,0.0
2021-01-27,59.69026565551758,59.69026565551758,59.69026565551758,59.69026565551758,0.0,0.0
2021-01-28,59.69026565551758,59.69026565551758,59.69026565551758,59.69026565551758,0.0,0.0
2021-01-31,59.69026565551758,59.69026565551758,59.69026565551758,59.69026565551758,0.0,0.0
2021-02-01,59.69026565551758,59.69026565551758,59.69026565551758,59.69026565551758,0.0,0.0
2021-02-02,59.69026565551758,59.69026565551758,59.69026565551758,59.69026565551758,0.0,0.0
2021-02-03,59.69026565551758,59.69026565551758,59.69026565551758,59.69026565551758,0.0,0.0
2021-02-04,59.69026565551758,59.69026565551758,59.69026565551758,59.69026565551758,0.0,0.0
2021-02-07,59.69026565551758,59.69026565551758,59.69026565551758,59.69026565551758,0.0,0.0
2021-02-08,59.69026565551758,59.69026565551758,59.69026565551758,59.69026565551758,0.0,0.0
2021-02-09,59.69026565551758,59.69026565551758,59.69026565551758,59.69026565551758,0.0,0.0
2021-02-10,59.69026565551758,59.69026565551758,59.69026565551758,59.69026565551758,0.0,0.0
2021-02-11,59.69026565551758,59.69026565551758,59.69026565551758,59.69026565551758,0.0,0.0
2021-02-14,56.72566223144531,56.72566223144531,56.72566223144531,56.72566223144531,8.4e-05,-4.966644714200941
2021-02-15,56.72566223144531,56.72566223144531,56.72566223144531,56.72566223144531,0.0,0.0
2021-02-16,56.72566223144531,56.72566223144531,56.72566223144531,56.72566223144531,0.0,0.0
2021-02-17,57.52212142944336,57.52212142944336,57.52212142944336,57.52212142944336,0.011193,1.4040544731737548
2021-02-18,57.52212142944336,57.52212142944336,57.52212142944336,57.52212142944336,0.0,0.0
2021-02-21,57.52212142944336,57.52212142944336,57.52212142944336,57.52212142944336,0.0,0.0
2021-02-22,57.52212142944336,57.52212142944336,57.52212142944336,57.52212142944336,0.0,0.0
2021-02-23,57.52212142944336,57.52212142944336,57.52212142944336,57.52212142944336,0.0,0.0
2021-02-24,57.52212142944336,57.52212142944336,57.52212142944336,57.52212142944336,0.0,0.0
2021-02-25,57.52212142944336,57.52212142944336,57.52212142944336,57.52212142944336,0.00565,0.0
2021-02-28,57.52212142944336,57.52212142944336,57.52212142944336,57.52212142944336,0.0,0.0
2021-03-01,57.52212142944336,57.52212142944336,57.52212142944336,57.52212142944336,0.0,0.0
2021-03-02,57.52212142944336,57.52212142944336,57.52212142944336,57.52212142944336,0.0,0.0
2021-03-03,57.52212142944336,57.52212142944336,57.52212142944336,57.52212142944336,0.0,0.0
2021-03-04,57.52212142944336,57.52212142944336,57.52212142944336,57.52212142944336,0.005876,0.0
2021-03-07,57.52212142944336,57.52212142944336,57.52212142944336,57.52212142944336,0.0,0.0
2021-03-08,57.52212142944336,57.52212142944336,57.52212142944336,57.52212142944336,0.0,0.0
2021-03-09,57.52212142944336,57.52212142944336,57.52212142944336,57.52212142944336,0.0,0.0
2021-03-10,57.52212142944336,57.52212142944336,57.52212142944336,57.52212142944336,0.0,0.0
2021-03-11,57.52212142944336,57.52212142944336,57.52212142944336,57.52212142944336,0.0,0.0
2021-03-14,57.52212142944336,57.52212142944336,57.52212142944336,57.52212142944336,0.0,0.0
2021-03-15,57.52212142944336,57.52212142944336,57.52212142944336,57.52212142944336,0.0,0.0
2021-03-16,57.52212142944336,57.52212142944336,57.52212142944336,57.52212142944336,0.0,0.0
2021-03-17,57.52212142944336,57.52212142944336,57.52212142944336,57.52212142944336,0.0,0.0
2021-03-18,57.52212142944336,57.52212142944336,57.52212142944336,57.52212142944336,0.0,0.0
2021-03-21,57.52212142944336,57.52212142944336,57.52212142944336,57.52212142944336,0.0,0.0
2021-03-22,57.52212142944336,57.52212142944336,57.52212142944336,57.52212142944336,0.0,0.0
2021-03-23,57.52212142944336,57.52212142944336,57.52212142944336,57.52212142944336,0.0,0.0
2021-03-24,57.52212142944336,57.52212142944336,57.52212142944336,57.52212142944336,0.0,0.0
2021-03-25,57.52212142944336,57.52212142944336,57.52212142944336,57.52212142944336,0.0,0.0
2021-03-28,57.52212142944336,57.52212142944336,57.52212142944336,57.52212142944336,0.0,0.0
2021-03-29,57.52212142944336,57.52212142944336,57.52212142944336,57.52212142944336,0.0,0.0
2021-03-30,57.52212142944336,57.52212142944336,57.52212142944336,57.52212142944336,0.0,0.0
2021-03-31,57.52212142944336,57.52212142944336,57.52212142944336,57.52212142944336,0.0,0.0
2021-04-01,57.52212142944336,57.52212142944336,57.52212142944336,57.52212142944336,0.0,0.0
2021-04-04,57.52212142944336,57.52212142944336,57.52212142944336,57.52212142944336,0.0,0.0
2021-04-05,57.52212142944336,57.52212142944336,57.52212142944336,57.52212142944336,0.0,0.0
2021-04-06,57.52212142944336,57.52212142944336,57.52212142944336,57.52212142944336,0.0,0.0
2021-04-07,57.52212142944336,57.52212142944336,57.52212142944336,57.52212142944336,0.0,0.0
2021-04-08,57.52212142944336,57.52212142944336,57.52212142944336,57.52212142944336,0.0,0.0
2021-04-11,57.52212142944336,57.52212142944336,57.52212142944336,57.52212142944336,0.0,0.0
2021-04-12,57.52212142944336,57.52212142944336,57.52212142944336,57.52212142944336,0.0,0.0
2021-04-13,57.52212142944336,57.52212142944336,57.52212142944336,57.52212142944336,0.0,0.0
2021-04-14,57.52212142944336,57.52212142944336,57.52212142944336,57.52212142944336,0.0,0.0
2021-04-15,57.52212142944336,57.52212142944336,57.52212142944336,57.52212142944336,0.0,0.0
2021-04-18,57.52212142944336,57.52212142944336,57.52212142944336,57.52212142944336,0.0,0.0
2021-04-19,57.52212142944336,57.52212142944336,57.52212142944336,57.52212142944336,0.0,0.0
2021-04-20,57.52212142944336,57.52212142944336,57.52212142944336,57.52212142944336,0.0,0.0
2021-04-21,57.52212142944336,57.52212142944336,57.52212142944336,57.52212142944336,0.0,0.0
2021-04-22,57.52212142944336,57.52212142944336,57.52212142944336,57.52212142944336,0.0,0.0
2021-04-25,57.52212142944336,57.52212142944336,57.52212142944336,57.52212142944336,0.0,0.0
2021-04-26,57.52212142944336,57.52212142944336,57.52212142944336,57.52212142944336,0.0,0.0
2021-04-27,57.52212142944336,57.52212142944336,57.52212142944336,57.52212142944336,0.0,0.0
2021-04-28,57.52212142944336,57.52212142944336,57.52212142944336,57.52212142944336,0.0,0.0
2021-04-29,57.52212142944336,57.52212142944336,57.52212142944336,57.52212142944336,0.0,0.0
2021-05-02,57.52212142944336,57.52212142944336,57.52212142944336,57.52212142944336,0.0,0.0
2021-05-03,57.52212142944336,57.52212142944336,57.52212142944336,57.52212142944336,0.0,0.0
2021-05-04,57.52212142944336,57.52212142944336,57.52212142944336,57.52212142944336,0.0,0.0
2021-05-05,57.52212142944336,57.52212142944336,57.52212142944336,57.52212142944336,0.0,0.0
2021-05-06,57.52212142944336,57.52212142944336,57.52212142944336,57.52212142944336,0.0,0.0
2021-05-09,57.52212142944336,57.52212142944336,57.52212142944336,57.52212142944336,0.0,0.0
2021-05-10,57.52212142944336,57.52212142944336,57.52212142944336,57.52212142944336,0.0,0.0
2021-05-11,57.52212142944336,57.52212142944336,57.52212142944336,57.52212142944336,0.0,0.0
2021-05-12,57.52212142944336,57.52212142944336,57.52212142944336,57.52212142944336,0.0,0.0
2021-05-13,57.52212142944336,57.52212142944336,57.52212142944336,57.52212142944336,0.0,0.0
2021-05-16,57.52212142944336,57.52212142944336,57.52212142944336,57.52212142944336,0.0,0.0
2021-05-17,57.52212142944336,57.52212142944336,57.52212142944336,57.52212142944336,0.0,0.0
2021-05-18,57.52212142944336,57.52212142944336,57.52212142944336,57.52212142944336,0.0,0.0
2021-05-19,57.52212142944336,57.52212142944336,57.52212142944336,57.52212142944336,0.0,0.0
2021-05-20,57.52212142944336,57.52212142944336,57.52212142944336,57.52212142944336,0.0,0.0
2021-05-23,57.52212142944336,57.52212142944336,57.52212142944336,57.52212142944336,0.0,0.0
2021-05-24,57.52212142944336,57.52212142944336,57.52212142944336,57.52212142944336,0.0,0.0
2021-05-25,54.86725616455078,54.86725616455078,54.86725616455078,54.86725616455078,0.05876,-4.615381350545345
2021-05-26,54.86725616455078,54.86725616455078,54.86725616455078,54.86725616455078,0.0,0.0
2021-05-27,54.86725616455078,54.86725616455078,54.86725616455078,54.86725616455078,0.0,0.0
2021-05-30,53.9822998046875,53.9822998046875,53.9822998046875,53.9822998046875,0.05763,-1.6129043471924898
2021-05-31,53.9822998046875,53.9822998046875,53.9822998046875,53.9822998046875,0.0,0.0
2021-06-01,53.09734344482422,53.09734344482422,53.09734344482422,53.09734344482422,0.257064,-1.6393454207492608
2021-06-02,53.09734344482422,53.09734344482422,53.09734344482422,53.09734344482422,0.0,0.0
2021-06-03,53.09734344482422,53.09734344482422,53.09734344482422,53.09734344482422,0.0,0.0
2021-06-06,53.09734344482422,53.09734344482422,53.09734344482422,53.09734344482422,0.0,0.0
2021-06-07,53.09734344482422,53.09734344482422,53.09734344482422,53.09734344482422,0.0,0.0
2021-06-08,53.09734344482422,53.09734344482422,53.09734344482422,53.09734344482422,0.0,0.0
2021-06-09,53.09734344482422,53.09734344482422,53.09734344482422,53.09734344482422,0.0,0.0
2021-06-10,53.09734344482422,53.09734344482422,53.09734344482422,53.09734344482422,0.0,0.0
2021-06-13,53.09734344482422,53.09734344482422,53.09734344482422,53.09734344482422,0.0,0.0
2021-06-14,59.29203414916992,59.29203414916992,59.29203414916992,59.29203414916992,0.001695,11.66666786405779
2021-06-15,59.29203414916992,59.29203414916992,59.29203414916992,59.29203414916992,0.000565,0.0
2021-06-16,59.29203414916992,59.29203414916992,59.29203414916992,59.29203414916992,0.0,0.0
2021-06-17,59.29203414916992,59.29203414916992,59.29203414916992,59.29203414916992,0.0,0.0
2021-06-20,59.29203414916992,59.29203414916992,59.29203414916992,59.29203414916992,0.0,0.0
2021-06-21,59.29203414916992,59.29203414916992,59.29203414916992,59.29203414916992,0.0,0.0
2021-06-22,59.29203414916992,59.29203414916992,59.29203414916992,59.29203414916992,0.0,0.0
2021-06-23,59.29203414916992,59.29203414916992,59.29203414916992,59.29203414916992,0.0,0.0
2021-06-24,59.29203414916992,59.29203414916992,59.29203414916992,59.29203414916992,0.0,0.0
2021-06-27,59.29203414916992,59.29203414916992,59.29203414916992,59.29203414916992,0.0,0.0
2021-06-28,59.29203414916992,59.29203414916992,59.29203414916992,59.29203414916992,0.0,0.0
2021-06-29,59.29203414916992,59.29203414916992,59.29203414916992,59.29203414916992,0.0,0.0
2021-06-30,59.29203414916992,59.29203414916992,59.29203414916992,59.29203414916992,0.0,0.0
2021-07-01,59.29203414916992,59.29203414916992,59.29203414916992,59.29203414916992,0.0,0.0
2021-07-04,59.29203414916992,59.29203414916992,59.29203414916992,59.29203414916992,0.0,0.0
2021-07-05,59.29203414916992,59.29203414916992,59.29203414916992,59.29203414916992,0.0,0.0
2021-07-06,59.29203414916992,59.29203414916992,59.29203414916992,59.29203414916992,0.0,0.0
2021-07-07,54.86725616455078,54.86725616455078,54.86725616455078,54.86725616455078,0.001808,-7.4626854148519435
2021-07-08,54.86725616455078,54.86725616455078,54.86725616455078,54.86725616455078,0.0,0.0
2021-07-11,57.52212142944336,57.52212142944336,57.52212142944336,57.52212142944336,0.000226,4.838706088984024
2021-07-12,57.52212142944336,57.52212142944336,57.52212142944336,57.52212142944336,0.0,0.0
2021-07-13,53.27433776855469,53.27433776855469,53.27433776855469,53.27433776855469,0.000389,-7.384608834531603
2021-07-14,53.27433776855469,53.27433776855469,53.27433776855469,53.27433776855469,0.0,0.0
2021-07-15,53.27433776855469,53.27433776855469,53.27433776855469,53.27433776855469,0.0,0.0
2021-07-18,53.27433776855469,53.27433776855469,53.27433776855469,53.27433776855469,0.0,0.0
2021-07-19,53.27433776855469,53.27433776855469,53.27433776855469,53.27433776855469,0.0,0.0
2021-07-20,53.27433776855469,53.27433776855469,53.27433776855469,53.27433776855469,0.0,0.0
2021-07-21,53.27433776855469,53.27433776855469,53.27433776855469,53.27433776855469,0.0,0.0
2021-07-22,53.274338,53.274338,53.274338,53.274338,0.0,
2021-07-25,53.274338,53.274338,53.274338,53.274338,0.0,0.0
2021-07-26,53.274338,53.274338,53.274338,53.274338,0.0,0.0
2021-07-27,53.27433776855469,53.27433776855469,53.27433776855469,53.27433776855469,0.0,0.0
2021-07-28,53.274338,53.274338,53.274338,53.274338,0.0,0.0
2021-07-29,53.274338,53.274338,53.274338,53.274338,0.0,0.0
2021-08-01,53.274338,53.274338,53.274338,53.274338,0.0,0.0
2021-08-02,60.97345,60.97345,53.097343,53.097343,0.000522,-0.332232
2021-08-03,53.097343,53.097343,53.097343,53.097343,0.0,0.0
2021-08-04,53.09734344482422,53.09734344482422,53.09734344482422,53.09734344482422,0.0,0.0
2021-08-05,53.097343,53.097343,53.097343,53.097343,0.0,0.0
2021-08-08,53.097343,53.097343,53.097343,53.097343,0.0,0.0
2021-08-09,53.097343,53.097343,53.097343,53.097343,0.0,0.0
2021-08-10,53.097343,53.097343,53.097343,53.097343,0.0,0.0
2021-08-11,53.09734344482422,53.09734344482422,53.09734344482422,53.09734344482422,0.0,0.0
2021-08-12,53.09734344482422,53.09734344482422,53.09734344482422,53.09734344482422,0.0,0.0
2021-08-15,53.09734344482422,53.09734344482422,53.09734344482422,53.09734344482422,0.0,0.0
2021-08-16,53.09734344482422,53.09734344482422,53.09734344482422,53.09734344482422,0.0,0.0
2021-08-17,53.09734344482422,53.09734344482422,53.09734344482422,53.09734344482422,0.0,0.0
2021-08-18,53.097343,53.097343,53.097343,53.097343,0.0,0.0
2021-08-19,53.09734344482422,53.09734344482422,53.09734344482422,53.09734344482422,0.0,0.0
2021-08-22,53.09734344482422,53.09734344482422,53.09734344482422,53.09734344482422,0.0,0.0
2021-08-23,53.09734344482422,53.09734344482422,53.09734344482422,53.09734344482422,0.0,0.0
2021-08-24,53.09734344482422,53.09734344482422,53.09734344482422,53.09734344482422,0.0,0.0
2021-08-25,53.09734344482422,53.09734344482422,53.09734344482422,53.09734344482422,0.0,0.0
2021-08-26,53.09734344482422,53.09734344482422,53.09734344482422,53.09734344482422,0.0,0.0
2021-08-29,53.09734344482422,53.09734344482422,53.09734344482422,53.09734344482422,0.0,0.0
2021-08-30,53.09734344482422,53.09734344482422,53.09734344482422,53.09734344482422,0.0,0.0
2021-08-31,53.09734344482422,53.09734344482422,53.09734344482422,53.09734344482422,0.0,0.0
2021-09-01,53.9822998046875,53.9822998046875,53.9822998046875,53.9822998046875,0.000384,1.6666678640577803
2021-09-02,53.9823,53.9823,53.9823,53.9823,0.0,0.0
2021-09-05,55.30973434448242,55.30973434448242,55.30973434448242,55.30973434448242,0.001136,2.45901813112388
2021-09-06,55.309734,55.309734,55.309734,55.309734,0.0,0.0
2021-09-07,55.309734,55.309734,55.309734,55.309734,0.0,0.0
2021-09-08,59.292034,61.061947,59.292034,61.061947,0.323677,10.4
2021-09-09,61.061946868896484,61.061946868896484,61.061946868896484,61.061946868896484,0.0,0.0
2021-09-12,61.061946868896484,61.061946868896484,61.061946868896484,61.061946868896484,0.016243,0.0
2021-09-13,61.061946868896484,61.061946868896484,61.061946868896484,61.061946868896484,0.0,0.0
2021-09-14,61.061946868896484,61.061946868896484,61.061946868896484,61.061946868896484,0.0,0.0
2021-09-15,61.061946868896484,61.061946868896484,61.061946868896484,61.061946868896484,0.0,0.0
2021-09-16,61.061946868896484,61.061946868896484,61.061946868896484,61.061946868896484,0.0,0.0
2021-09-19,61.061946868896484,61.061946868896484,61.061946868896484,61.061946868896484,0.0,0.0
2021-09-20,61.061946868896484,61.061946868896484,61.061946868896484,61.061946868896484,0.0,0.0
2021-09-21,61.061946868896484,61.061946868896484,61.061946868896484,61.061946868896484,0.0,0.0
2021-09-22,61.061947,61.061947,61.061947,61.061947,0.0,0.0
2021-09-23,61.061947,61.061947,61.061947,61.061947,0.0,0.0
2021-09-26,61.061947,61.061947,61.061947,61.061947,0.0,0.0
2021-09-27,61.061946868896484,61.061946868896484,61.061946868896484,61.061946868896484,0.0,0.0
2021-09-28,61.061946868896484,61.061946868896484,61.061946868896484,61.061946868896484,0.0,0.0
2021-09-29,61.946903,61.946903,61.946903,61.946903,0.001808,1.449276
2021-09-30,61.946903,61.946903,61.946903,61.946903,0.000169,0.0
2021-10-03,61.946903,61.946903,61.946903,61.946903,0.0,0.0
2021-10-04,61.946903,61.946903,61.946903,61.946903,0.0,0.0
2021-10-05,61.946903,61.946903,61.946903,61.946903,0.0,0.0
2021-10-06,61.946903,61.946903,61.946903,61.946903,0.0,0.0
2021-10-07,61.946903,61.946903,61.946903,61.946903,0.0,0.0
2021-10-10,61.946903228759766,61.946903228759766,61.946903228759766,61.946903228759766,0.0,0.0
2021-10-11,61.946903,61.946903,61.946903,61.946903,0.0,0.0
2021-10-12,61.946903,61.946903,61.946903,61.946903,0.0,0.0
2021-10-13,61.946903,61.946903,61.946903,61.946903,0.0,0.0
2021-10-14,64.159294,64.159294,64.159294,64.159294,0.000847,3.571431
2021-10-17,64.15929412841797,64.15929412841797,64.15929412841797,64.15929412841797,0.0,0.0
2021-10-18,64.15929412841797,64.15929412841797,64.15929412841797,64.15929412841797,0.0,0.0
2021-10-19,64.159294,64.159294,64.159294,64.159294,0.0,0.0
2021-10-20,64.15929412841797,64.15929412841797,64.15929412841797,64.15929412841797,0.0,0.0
2021-10-21,64.15929412841797,64.15929412841797,64.15929412841797,64.15929412841797,0.0,0.0
2021-10-24,64.15929412841797,64.15929412841797,64.15929412841797,64.15929412841797,0.0,0.0
2021-10-25,64.15929412841797,64.15929412841797,64.15929412841797,64.15929412841797,0.0,0.0
2021-10-26,64.15929412841797,64.15929412841797,64.15929412841797,64.15929412841797,0.0,0.0
2021-10-27,64.159294,64.159294,64.159294,64.159294,0.0,0.0
2021-10-28,64.159294,64.159294,64.159294,64.159294,0.0,0.0
2021-10-31,64.15929412841797,64.15929412841797,64.15929412841797,64.15929412841797,0.0,0.0
2021-11-01,64.15929412841797,64.15929412841797,64.15929412841797,64.15929412841797,0.0,0.0
2021-11-02,64.15929412841797,64.15929412841797,64.15929412841797,64.15929412841797,0.0,0.0
2021-11-03,64.159294,64.159294,64.159294,64.159294,0.0,0.0
2021-11-04,64.15929412841797,64.15929412841797,64.15929412841797,64.15929412841797,0.0,0.0
2021-11-07,64.15929412841797,64.15929412841797,64.15929412841797,64.15929412841797,0.0,0.0
2021-11-08,64.159294,64.159294,64.159294,64.159294,0.0,0.0
2021-11-09,64.159294,64.159294,64.159294,64.159294,0.0,0.0
2021-11-10,70.796463,70.796463,70.796463,70.796463,0.000226,10.344828
2021-11-11,70.79646301269531,70.79646301269531,70.79646301269531,70.79646301269531,0.0,0.0
2021-11-14,70.79646301269531,70.79646301269531,70.79646301269531,70.79646301269531,0.0,0.0
2021-11-15,70.796463,70.796463,70.796463,70.796463,0.0,0.0
2021-11-16,66.371681,66.371681,66.371681,66.371681,0.000288,-6.250004
2021-11-17,66.371681,66.371681,66.371681,66.371681,0.000226,0.0
2021-11-18,66.3716812133789,66.3716812133789,66.3716812133789,66.3716812133789,0.0,0.0
2021-11-21,66.3716812133789,66.3716812133789,66.3716812133789,66.3716812133789,0.0,0.0
2021-11-22,66.371681,66.371681,66.371681,66.371681,0.0,0.0
2021-11-23,75.0,75.0,75.0,75.0,0.0002,13.000000344848628
2021-11-24,75.0,75.0,75.0,75.0,0.0,0.0
2021-11-25,75.0,75.0,75.0,75.0,0.0,0.0
2021-11-28,75.0,75.0,75.0,75.0,0.0,0.0
2021-11-29,75.0,75.0,75.0,75.0,0.0,0.0
2021-11-30,75.0,75.0,75.0,75.0,0.0,0.0
2021-12-01,75.0,75.0,75.0,75.0,0.0,0.0
2021-12-02,75.0,75.0,75.0,75.0,0.0,0.0
2021-12-05,75.0,75.0,75.0,75.0,0.0,0.0
2021-12-06,75.0,75.0,75.0,75.0,0.0,0.0
2021-12-07,75.0,75.0,75.0,75.0,0.0,0.0
2021-12-08,75.0,75.0,75.0,75.0,0.0,0.0
2021-12-09,79.5,79.5,79.5,79.5,0.000135,6.0
2021-12-12,79.5,79.5,79.5,79.5,0.0,0.0
2021-12-13,79.5,79.5,79.5,79.5,0.0,0.0
2021-12-14,79.5,79.5,79.5,79.5,0.0,0.0
2021-12-15,79.5,79.5,79.5,79.5,0.0,0.0
2021-12-16,79.5,79.5,79.5,79.5,0.0,0.0
2021-12-19,79.5,79.5,79.5,79.5,0.0,0.0
2021-12-20,79.5,79.5,79.5,79.5,0.0,0.0
2021-12-21,79.5,79.5,79.5,79.5,0.0,0.0
2021-12-22,79.5,79.5,79.5,79.5,0.0,0.0
2021-12-23,79.5,79.5,79.5,79.5,0.0,0.0
2021-12-26,79.5,79.5,79.5,79.5,0.0,0.0
2021-12-27,79.5,79.5,79.5,79.5,0.0,0.0
2021-12-28,79.5,79.5,79.5,79.5,0.0,0.0
2021-12-29,79.5,79.5,79.5,79.5,0.0,0.0
2021-12-30,79.5,79.5,79.5,79.5,0.0,0.0
2022-01-02,79.5,79.5,79.5,79.5,0.0,0.0
2022-01-03,79.5,79.5,79.5,79.5,0.0,0.0
2022-01-04,79.5,79.5,79.5,79.5,0.0,0.0
2022-01-05,76.0,76.0,76.0,76.0,0.0001,-4.402516
2022-01-06,76.0,76.0,76.0,76.0,0.0,0.0
2022-01-09,76.0,76.0,76.0,76.0,0.0,0.0
2022-01-10,76.0,76.0,76.0,76.0,0.0,0.0
2022-01-11,76.0,76.0,76.0,76.0,0.0,0.0
2022-01-12,76.0,76.0,76.0,76.0,0.0,0.0
2022-01-13,76.0,76.0,76.0,76.0,0.0,0.0
2022-01-16,76.0,76.0,76.0,76.0,0.0,0.0
2022-01-17,76.0,76.0,76.0,76.0,0.0,0.0
2022-01-18,76.0,76.0,76.0,76.0,0.0,0.0
2022-01-19,76.0,76.0,76.0,76.0,0.0,0.0
2022-01-20,76.0,76.0,76.0,76.0,0.0,0.0
2022-01-23,76.0,76.0,76.0,76.0,0.0,0.0
2022-01-24,76.0,76.0,76.0,76.0,0.0,0.0
2022-01-25,76.0,76.0,76.0,76.0,0.0,0.0
2022-01-26,76.0,76.0,76.0,76.0,0.0,0.0
2022-01-27,76.0,76.0,76.0,76.0,0.0,0.0
2022-01-30,76.0,76.0,76.0,76.0,0.0,0.0
2022-01-31,76.0,76.0,76.0,76.0,0.0,0.0
2022-02-01,76.0,76.0,76.0,76.0,0.0,0.0
2022-02-02,76.0,76.0,76.0,76.0,0.0,0.0
2022-02-03,76.0,76.0,76.0,76.0,0.0,0.0
2022-02-06,76.0,76.0,76.0,76.0,0.0,0.0
2022-02-07,76.0,76.0,76.0,76.0,0.0,0.0
2022-02-08,76.0,76.0,76.0,76.0,5e-05,0.0
2022-02-09,76.0,76.0,76.0,76.0,0.0,0.0
2022-02-10,76.0,76.0,76.0,76.0,0.0,0.0
2022-02-13,76.0,76.0,76.0,76.0,0.0,0.0
2022-02-14,76.0,76.0,76.0,76.0,0.0,0.0
2022-02-15,76.0,76.0,76.0,76.0,0.0,0.0
2022-02-16,76.0,76.0,76.0,76.0,0.0,0.0
2022-02-17,76.0,76.0,76.0,76.0,0.0,0.0
2022-02-20,76.0,76.0,76.0,76.0,0.0,0.0
2022-02-21,76.0,76.0,76.0,76.0,0.0,0.0
2022-02-22,76.0,76.0,76.0,76.0,0.0,0.0
2022-02-23,76.0,76.0,76.0,76.0,0.0,0.0
2022-02-24,76.0,76.0,76.0,76.0,0.0,0.0
2022-02-28,76.0,76.0,76.0,76.0,0.000797,0.0
2022-03-01,76.0,76.0,76.0,76.0,0.002613,0.0
2022-03-02,76.0,76.0,76.0,76.0,0.00159,0.0
2022-03-03,69.0,69.0,69.0,69.0,0.000387,-9.210526315789469
2022-03-06,62.099998474121094,62.099998474121094,62.099998474121094,62.099998474121094,0.0,-10.000002211418701
2022-03-07,62.099998474121094,62.099998474121094,62.099998474121094,62.099998474121094,0.0,0.0
2022-03-08,62.099998474121094,62.099998474121094,62.099998474121094,62.099998474121094,0.0,0.0
2022-03-09,62.099998474121094,62.099998474121094,62.099998474121094,62.099998474121094,0.0,0.0
2022-03-10,62.099998474121094,62.099998474121094,62.099998474121094,62.099998474121094,0.0,0.0
2022-03-13,71.0,71.0,71.0,71.0,0.0,14.331725836656496
2022-03-14,71.0,71.0,71.0,71.0,0.0,0.0
2022-03-15,71.0,71.0,71.0,71.0,0.0,0.0
2022-03-16,63.950001,79.949997,63.950001,78.800003,0.004669,10.98592
2022-03-17,70.94999694824219,78.94999694824219,70.94999694824219,78.94999694824219,0.000203,0.1903475769992724
2022-03-20,78.949997,78.949997,78.949997,78.949997,0.0,0.0
2022-03-21,78.949997,78.949997,78.949997,78.949997,0.0,0.0
2022-03-22,78.94999694824219,78.94999694824219,78.94999694824219,78.94999694824219,0.0,0.0
2022-03-23,78.94999694824219,78.94999694824219,78.94999694824219,78.94999694824219,0.0,0.0
2022-03-24,78.94999694824219,78.94999694824219,78.94999694824219,78.94999694824219,0.0,0.0
2022-03-27,78.949997,78.949997,78.949997,78.949997,0.0,0.0
2022-03-28,78.949997,78.949997,78.949997,78.949997,0.0,0.0
2022-03-29,78.94999694824219,78.94999694824219,78.94999694824219,78.94999694824219,0.0,0.0
2022-03-30,78.94999694824219,78.94999694824219,78.94999694824219,78.94999694824219,0.0,0.0
2022-03-31,78.94999694824219,78.94999694824219,78.94999694824219,78.94999694824219,0.0,0.0
2022-04-04,75.0,75.0,75.0,75.0,1.9e-05,-5.0031628890773945
2022-04-05,67.5,67.5,67.5,67.5,3.4e-05,-10.0
2022-04-06,67.5,67.5,67.5,67.5,0.0,0.0
2022-04-07,67.5,67.5,67.5,67.5,0.0,0.0
2022-04-10,67.5,67.5,67.5,67.5,0.0,0.0
2022-04-11,67.5,67.5,67.5,67.5,0.0,0.0
2022-04-12,67.5,67.5,67.5,67.5,0.0,0.0
2022-04-13,67.5,67.5,67.5,67.5,0.0,0.0
2022-04-14,67.5,67.5,67.5,67.5,0.0,0.0
2022-04-17,77.400002,77.400002,77.400002,77.400002,0.0,14.666669
2022-04-18,77.4000015258789,77.4000015258789,77.4000015258789,77.4000015258789,0.0,0.0
2022-04-19,77.4000015258789,77.4000015258789,77.4000015258789,77.4000015258789,0.0,0.0
2022-04-20,77.4000015258789,77.4000015258789,77.4000015258789,77.4000015258789,0.0,0.0
2022-04-21,77.5,77.5,76.5,76.5,0.001178,-1.162792646170674
2022-04-24,76.5,76.5,76.5,76.5,0.0,0.0
2022-04-25,76.5,76.5,76.5,76.5,0.0,0.0
2022-04-26,76.5,76.5,76.5,76.5,0.000922,0.0
2022-04-27,76.5,76.5,76.5,76.5,0.0035,0.0
2022-04-28,76.0,76.0,75.0,75.0,0.003446,-1.9607843137254943
2022-05-01,75.0,75.0,75.0,75.0,0.0,0.0
2022-05-02,75.0,75.0,75.0,75.0,0.0,0.0
2022-05-03,75.0,75.0,75.0,75.0,0.0,0.0
2022-05-04,75.0,75.0,75.0,75.0,0.0,0.0
2022-05-05,75.0,75.0,75.0,75.0,0.0,0.0
2022-05-08,75.0,75.0,75.0,75.0,0.0,0.0
2022-05-09,75.0,75.0,75.0,75.0,0.0,0.0
2022-05-10,74.9000015258789,76.5,74.5,76.5,0.010796,2.0000000000000018
2022-05-11,76.5,76.5,76.5,76.5,0.0,0.0
2022-05-12,73.5,73.5,73.5,73.5,0.0005,-3.9215686274509776
2022-05-15,73.5,73.5,73.5,73.5,0.0,0.0
2022-05-16,73.5,73.5,73.5,73.5,0.0,0.0
2022-05-17,73.5,73.5,73.5,73.5,0.0,0.0
2022-05-18,73.5,73.5,73.5,73.5,0.0,0.0
2022-05-19,73.5,73.5,73.5,73.5,0.0,0.0
2022-05-23,76.5,76.5,76.5,76.5,0.01308,4.081632653061229
2022-05-24,76.5,76.5,76.5,76.5,0.014,0.0
2022-05-25,76.5,76.5,76.5,76.5,0.0,0.0
2022-05-26,76.5,76.5,76.5,76.5,0.0,0.0
2022-05-29,76.5,76.5,76.5,76.5,0.0,0.0
2022-05-30,76.5,76.5,76.5,76.5,0.0,0.0
2022-05-31,76.5,76.5,76.5,76.5,0.0,0.0
2022-06-01,76.5,76.5,76.5,76.5,0.0,0.0
2022-06-02,76.5,76.5,76.5,76.5,0.0,0.0
2022-06-05,76.5,76.5,76.5,76.5,0.0,0.0
2022-06-06,76.5,76.5,76.5,76.5,0.0,0.0
2022-06-07,76.5,76.5,76.5,76.5,0.0,0.0
2022-06-08,76.5,76.5,76.5,76.5,0.0,0.0
2022-06-09,76.5,76.5,76.5,76.5,0.0,0.0
2022-06-12,80.0,80.0,80.0,80.0,0.0,4.575163398692816
2022-06-13,80.0,80.0,80.0,80.0,0.0,0.0
2022-06-14,80.0,80.0,80.0,80.0,0.012193,0.0
2022-06-15,80.0,81.0,80.0,80.0,1.1074,0.0
2022-06-16,80.0,80.0,80.0,80.0,0.0,0.0
2022-06-19,80.0,80.0,80.0,80.0,0.0,0.0
2022-06-20,80.0,80.0,80.0,80.0,0.0,0.0
2022-06-21,80.0,80.0,80.0,80.0,0.0,0.0
2022-06-22,80.0,80.0,80.0,80.0,0.0,0.0
2022-06-23,80.0,80.0,80.0,80.0,0.0,0.0
2022-06-26,80.0,80.0,80.0,80.0,0.0,0.0
2022-06-27,80.0,80.0,80.0,80.0,0.0,0.0
2022-06-28,80.0,80.0,80.0,80.0,0.0,0.0
2022-06-29,80.0,80.0,80.0,80.0,0.0,0.0
2022-06-30,80.0,80.0,80.0,80.0,0.0,0.0
2022-07-03,80.0,80.0,80.0,80.0,0.0,0.0
2022-07-04,80.0,80.0,80.0,80.0,0.0,0.0
2022-07-05,80.0,80.0,80.0,80.0,0.0,0.0
2022-07-06,80.0,80.0,80.0,80.0,0.0,0.0
2022-07-07,80.0,80.0,80.0,80.0,0.0,0.0
2022-07-10,80.0,80.0,80.0,80.0,0.0,0.0
2022-07-11,80.0,80.0,80.0,80.0,0.0,0.0
2022-07-12,80.0,80.0,80.0,80.0,0.0,0.0
2022-07-13,80.0,80.0,80.0,80.0,0.0,0.0
2022-07-14,80.0,80.0,80.0,80.0,0.0,0.0
2022-07-17,80.0,80.0,80.0,80.0,0.0,0.0
2022-07-18,80.0,80.0,80.0,80.0,0.0,0.0
2022-07-19,80.0,80.0,80.0,80.0,5e-05,0.0
2022-07-20,80.0,80.0,80.0,80.0,0.0,0.0
2022-07-21,81.0,81.0,81.0,81.0,0.0002,1.2499999999999956
2022-07-25,80.0,80.0,80.0,80.0,0.006814,-1.2345679012345734
2022-07-26,80.0,80.0,80.0,80.0,0.0,0.0
2022-07-27,80.0,80.0,80.0,80.0,0.0,0.0
2022-07-28,80.0,80.0,80.0,80.0,0.0,0.0
2022-08-01,80.0,80.0,80.0,80.0,0.0,0.0
2022-08-02,80.0,80.0,80.0,80.0,0.0,0.0
2022-08-03,84.5,84.5,84.5,84.5,7.5e-05,5.625
2022-08-04,84.5,84.5,84.5,84.5,0.0,0.0
2022-08-08,84.5,84.5,84.5,84.5,0.0,0.0
2022-08-09,85.0,85.0,85.0,85.0,0.0003,0.591716
2022-08-10,85.0,85.0,85.0,85.0,0.0,0.0
2022-08-11,85.0,85.0,85.0,85.0,0.0,0.0
2022-08-15,80.0,80.0,76.5,76.5,0.048672,-10.0
2022-08-16,76.5,76.5,75.0,75.0,0.000288,-1.960784
2022-08-17,77.0,77.0,77.0,77.0,2.9e-05,2.6666666666666616
2022-08-18,77.0,77.0,77.0,77.0,2.9e-05,0.0
2022-08-22,78.05000305175781,78.05000305175781,78.05000305175781,78.05000305175781,3.5e-05,1.3636403269581931
2022-08-23,79.050003,79.050003,79.050003,79.050003,2.4e-05,1.28123
2022-08-24,80.0,80.0,80.0,80.0,3e-05,1.201767
2022-08-25,80.0,80.0,80.0,80.0,0.0,0.0
2022-08-29,79.0,79.0,79.0,79.0,0.0,-1.2499999999999956
2022-08-30,79.0,79.0,79.0,79.0,0.0,0.0
2022-08-31,79.0,81.0,79.0,81.0,0.1025,2.531646
2022-09-01,81.0,81.0,81.0,81.0,0.0,0.0
2022-09-05,73.599998,73.599998,73.599998,73.599998,0.000296,-9.135804
2022-09-06,78.9000015258789,79.0,73.5,79.0,0.175839,7.336958747054356
2022-09-07,80.0,80.0,80.0,80.0,1.486027,1.2658227848101333
2022-09-08,80.0,80.0,80.0,80.0,0.0,0.0
2022-09-12,87.0,88.0,87.0,88.0,0.000649,10.000000000000009
2022-09-13,95.0,95.0,95.0,95.0,0.002,7.954545454545459
2022-09-14,95.0,95.0,95.0,95.0,0.0,0.0
2022-09-15,95.0,95.0,95.0,95.0,0.0,0.0
2022-09-19,100.0,100.0,100.0,100.0,2e-05,5.263157894736836
2022-09-20,100.0,100.0,100.0,100.0,0.0,0.0
2022-09-21,100.0,100.0,100.0,100.0,0.0,0.0
2022-09-22,100.0,100.0,100.0,100.0,8e-06,0.0
2022-09-26,100.0,100.0,100.0,100.0,0.0,0.0
2022-09-27,100.0,100.0,100.0,100.0,0.0,0.0
2022-09-28,100.0,100.0,100.0,100.0,0.0,0.0
2022-09-29,100.0,100.0,100.0,100.0,0.0,0.0
2022-10-03,105.0,105.0,103.5,103.5,0.000502,3.5
2022-10-04,103.5,103.5,103.5,103.5,2.4e-05,0.0
2022-10-05,103.5,103.5,103.5,103.5,0.0,0.0
2022-10-06,103.5,103.5,103.5,103.5,0.0,0.0
2022-10-10,103.5,103.5,103.5,103.5,0.0,0.0
2022-10-11,103.5,103.5,103.5,103.5,0.0001,0.0
2022-10-12,103.5,103.5,103.5,103.5,0.0,0.0
2022-10-13,103.5,103.5,103.5,103.5,0.0,0.0
2022-10-17,103.5,103.5,103.5,103.5,0.0,0.0
2022-10-18,103.5,103.5,103.5,103.5,0.0,0.0
2022-10-19,103.5,103.5,103.5,103.5,0.0,0.0
2022-10-20,103.5,103.5,103.5,103.5,0.0,0.0
2022-10-24,103.5,103.5,103.5,103.5,0.0,0.0
2022-10-25,103.5,103.5,103.5,103.5,0.0,0.0
2022-10-26,103.5,103.5,103.5,103.5,0.0,0.0
2022-10-27,103.5,103.5,103.5,103.5,0.0,0.0
2022-10-31,103.0,103.0,103.0,103.0,0.0,-0.48309178743961567
2022-11-01,103.0,103.0,103.0,103.0,0.0,0.0
2022-11-02,103.0,103.0,103.0,103.0,0.0,0.0
2022-11-03,103.0,103.0,103.0,103.0,0.0,0.0
2022-11-07,103.0,103.0,103.0,103.0,0.0,0.0
2022-11-08,103.0,103.0,103.0,103.0,0.0,0.0
2022-11-09,103.0,103.0,103.0,103.0,0.0,0.0
2022-11-10,103.0,103.0,103.0,103.0,0.0,0.0
2022-11-14,103.0,103.0,103.0,103.0,0.0,0.0
2022-11-15,103.0,103.0,103.0,103.0,0.0,0.0
2022-11-16,95.0,100.0,95.0,100.0,0.000402,-2.912621
2022-11-17,100.0,100.0,100.0,100.0,0.0,0.0
2022-11-21,100.0,100.0,100.0,100.0,0.0,0.0
2022-11-22,100.0,100.0,100.0,100.0,0.0,0.0
2022-11-23,100.0,100.0,100.0,100.0,0.0,0.0
2022-11-24,100.0,100.0,100.0,100.0,0.0,0.0
2022-11-28,97.5,97.5,97.5,97.5,0.0,-2.500000000000002
2022-11-29,97.5,97.5,97.5,97.5,0.069285,0.0
2022-11-30,97.5,97.5,97.5,97.5,0.0,0.0
2022-12-01,97.5,97.5,97.5,97.5,0.0,0.0
2022-12-05,97.5,97.5,97.5,97.5,0.0,0.0
2022-12-06,97.5,97.5,97.5,97.5,4.4e-05,0.0
2022-12-07,97.5,97.5,97.5,97.5,0.0,0.0
2022-12-08,97.5,97.5,97.5,97.5,0.0,0.0
2022-12-12,97.5,97.5,97.5,97.5,0.0,0.0
2022-12-13,97.5,97.5,97.5,97.5,0.0,0.0
2022-12-14,97.5,97.5,97.5,97.5,0.0,0.0
2022-12-15,97.5,97.5,97.5,97.5,0.0,0.0
2022-12-19,97.5,97.5,97.5,97.5,0.09547,0.0
2022-12-20,97.5,97.5,97.5,97.5,0.0,0.0
2022-12-21,97.5,97.5,97.5,97.5,0.0,0.0
2022-12-22,97.5,97.5,97.5,97.5,0.0005,0.0
2022-12-26,97.5,97.5,97.5,97.5,0.0,0.0
2022-12-27,97.5,97.5,97.5,97.5,0.0,0.0
2022-12-28,97.5,97.5,97.5,97.5,0.0,0.0
2022-12-29,97.5,97.5,97.5,97.5,0.0,0.0
2023-01-02,97.5,97.5,97.5,97.5,0.0,0.0
2023-01-03,97.5,97.5,97.5,97.5,0.0,0.0
2023-01-04,97.5,97.5,97.5,97.5,0.0,0.0
2023-01-05,97.5,97.5,97.5,97.5,0.0,0.0
2023-01-09,97.5,97.5,97.5,97.5,0.0,0.0
2023-01-10,97.5,97.5,97.5,97.5,0.0,0.0
2023-01-11,97.5,97.5,97.5,97.5,0.0,0.0
2023-01-12,97.0,97.0,97.0,97.0,0.0113,-0.512821
2023-01-16,97.0,97.0,97.0,97.0,0.0,0.0
2023-01-17,97.0,97.0,97.0,97.0,0.0,0.0
2023-01-18,97.0,97.0,97.0,97.0,0.002752,0.0
2023-01-19,97.0,97.0,97.0,97.0,0.0,0.0
2023-01-23,97.0,97.0,97.0,97.0,0.0,0.0
2023-01-24,100.0,100.0,100.0,100.0,0.005472,3.092784
2023-01-25,100.0,100.0,100.0,100.0,0.0,0.0
2023-01-26,100.0,100.0,100.0,100.0,0.0,0.0
2023-01-30,100.0,100.0,100.0,100.0,0.0,0.0
2023-01-31,100.0,100.0,100.0,100.0,0.0,0.0
2023-02-01,115.0,115.0,103.0,103.0,0.001157,3.0
2023-02-02,103.0,103.0,103.0,103.0,0.0,0.0
2023-02-06,119.0,120.0,119.0,120.0,9e-05,16.50485436893203
2023-02-07,120.0,120.0,120.0,120.0,0.0,0.0
2023-02-08,120.0,120.0,120.0,120.0,0.0,0.0
2023-02-09,119.0,126.19999694824219,119.0,126.19999694824219,0.01219,5.166664123535147
2023-02-13,125.0,125.0,125.0,125.0,0.168233,-0.9508692371318683
2023-02-14,125.0,125.0,125.0,125.0,0.0,0.0
2023-02-15,125.0,125.0,125.0,125.0,0.0,0.0
2023-02-16,125.0,125.0,125.0,125.0,0.0,0.0
2023-02-20,125.0,125.0,125.0,125.0,0.0,0.0
2023-02-21,125.0,125.0,125.0,125.0,0.0,0.0
2023-02-22,125.0,125.0,125.0,125.0,0.0,0.0
2023-02-23,135.0,135.0,132.0,132.0,0.00165,5.600000000000005
2023-02-27,132.0,132.0,132.0,132.0,0.0,0.0
2023-02-28,132.0,132.0,132.0,132.0,0.0,0.0
2023-03-01,132.0,132.0,132.0,132.0,0.0011,0.0
2023-03-02,132.0,132.0,132.0,132.0,0.0015,0.0
2023-03-06,117.5,117.5,115.0,115.0,0.0015,-12.878787878787879
2023-03-07,115.0,115.0,115.0,115.0,0.0,0.0
2023-03-08,115.0,115.0,115.0,115.0,0.0,0.0
2023-03-09,115.0,115.0,115.0,115.0,0.0,0.0
2023-03-13,115.0,115.0,115.0,115.0,0.0,0.0
2023-03-14,115.0,115.0,115.0,115.0,0.0,0.0
2023-03-15,115.0,115.0,115.0,115.0,0.0,0.0
2023-03-16,115.0,115.0,115.0,115.0,0.0,0.0
2023-03-20,115.0,115.0,115.0,115.0,0.0,0.0
2023-03-21,115.0,115.0,115.0,115.0,0.0,0.0
2023-03-22,115.0,115.0,115.0,115.0,0.0,0.0
2023-03-23,115.0,115.0,115.0,115.0,0.0,0.0
2023-03-27,115.0,115.0,115.0,115.0,0.0,0.0
2023-03-28,116.0,116.0,116.0,116.0,4.2e-05,0.869565
2023-03-29,116.0,116.0,116.0,116.0,0.0,0.0
2023-03-30,116.0,116.0,116.0,116.0,0.0,0.0
2023-04-03,120.0,120.0,120.0,120.0,0.0,3.4482758620689724
2023-04-04,120.0,120.0,120.0,120.0,0.0,0.0
2023-04-05,120.0,120.0,120.0,120.0,0.0,0.0
2023-04-06,120.0,120.0,120.0,120.0,0.0,0.0
2023-04-10,115.0,115.0,115.0,115.0,0.0,-4.166667
2023-04-11,115.0,115.0,115.0,115.0,0.0,0.0
2023-04-12,115.0,115.0,115.0,115.0,0.0,0.0
2023-04-13,115.0,115.0,115.0,115.0,0.0,0.0
2023-04-17,120.0,120.0,120.0,120.0,0.0,4.347826
2023-04-18,120.0,120.0,120.0,120.0,0.0,0.0
2023-04-19,120.0,120.0,120.0,120.0,0.0,0.0
2023-04-20,120.0,120.0,120.0,120.0,0.0,0.0
2023-04-24,120.0,120.0,120.0,120.0,0.000404,0.0
2023-04-25,120.0,120.0,120.0,120.0,0.0,0.0
2023-04-26,120.0,120.0,120.0,120.0,0.0,0.0
2023-04-27,120.0,120.0,120.0,120.0,0.0,0.0
2023-05-01,120.0,120.0,120.0,120.0,0.0,0.0
2023-05-02,120.0,120.0,120.0,120.0,0.0,0.0
2023-05-03,120.0,120.0,120.0,120.0,0.0,0.0
2023-05-04,120.0,120.0,120.0,120.0,0.0,0.0
2023-05-08,120.0,120.0,120.0,120.0,0.0,0.0
2023-05-09,120.0,120.0,120.0,120.0,0.0,0.0
2023-05-10,120.0,120.0,120.0,120.0,0.0,0.0
2023-05-11,120.0,120.0,120.0,120.0,0.0,0.0
2023-05-15,120.0,120.0,120.0,120.0,0.0,0.0
2023-05-16,120.0,120.0,120.0,120.0,0.0,0.0
2023-05-17,121.0,121.0,121.0,121.0,2.7e-05,0.8333333333333304
2023-05-18,121.0,121.0,121.0,121.0,0.0,0.0
2023-05-22,121.0,121.0,121.0,121.0,0.0,0.0
2023-05-23,121.0,121.0,121.0,121.0,0.0,0.0
2023-05-24,121.0,121.0,121.0,121.0,0.0,0.0
2023-05-25,121.0,121.0,121.0,121.0,0.0,0.0
2023-05-29,125.0,125.0,125.0,125.0,0.0,3.305785123966931
2023-05-30,125.0,125.0,125.0,125.0,0.0,0.0
2023-05-31,134.0,134.0,125.0,125.0,0.000122,0.0
2023-06-01,125.0,125.0,125.0,125.0,0.0,0.0
2023-06-05,129.0,140.0,129.0,140.0,3e-06,12.0
2023-06-06,140.0,140.0,140.0,140.0,1e-05,0.0
2023-06-07,140.0,140.0,140.0,140.0,0.0,0.0
2023-06-08,140.0,140.0,140.0,140.0,0.000257,0.0
2023-06-12,140.0,140.0,140.0,140.0,0.0,0.0
2023-06-13,140.0,140.0,140.0,140.0,3.6e-05,0.0
2023-06-14,140.0,140.0,140.0,140.0,3.5e-05,0.0
2023-06-15,140.0,140.0,140.0,140.0,0.0,0.0
2023-06-19,128.10000610351562,145.0,128.10000610351562,145.0,3.2e-05,3.571428571428581
2023-06-20,145.0,145.0,145.0,145.0,0.0,0.0
2023-06-21,145.0,145.0,145.0,145.0,1e-05,0.0
2023-06-22,140.0,140.0,140.0,140.0,2.2e-05,-3.4482758620689613
2023-06-26,140.0,140.0,140.0,140.0,0.0,0.0
2023-06-27,140.0,140.0,140.0,140.0,0.0,0.0
2023-06-28,140.0,140.0,140.0,140.0,0.0,0.0
2023-06-29,140.0,140.0,140.0,140.0,0.0,0.0
2023-07-03,140.0,140.0,140.0,140.0,0.0,0.0
2023-07-04,140.0,140.0,140.0,140.0,0.0,0.0
2023-07-05,150.0,150.0,150.0,150.0,2.6e-05,7.14285714285714
2023-07-06,150.0,170.0,136.0,157.5,9e-05,5.000000000000004
2023-07-10,156.0,156.0,156.0,156.0,0.000537,-0.952380952380949
2023-07-11,145.0,145.0,145.0,145.0,0.000246,-7.051282051282048
2023-07-12,145.0,145.0,145.0,145.0,7.4e-05,0.0
2023-07-13,145.0,145.0,145.0,145.0,6e-06,0.0
2023-07-17,145.0,145.0,145.0,145.0,0.000135,0.0
2023-07-18,157.89999389648438,157.89999389648438,130.5,144.0,0.000166,-0.6896551724137945
2023-07-19,157.89999389648438,157.89999389648438,144.0,144.0,6.6e-05,0.0
2023-07-20,144.0,144.0,143.60000610351562,143.60000610351562,2.7e-05,-0.2777735392252567
2023-07-24,144.0,144.0,140.0,140.0,0.002756,-2.5069679321047644
2023-07-25,144.0,144.0,144.0,144.0,2.7e-05,2.857142857142847
2023-07-26,144.0,144.0,144.0,144.0,9e-06,0.0
2023-07-27,144.0,144.0,135.25,144.0,8.6e-05,0.0
2023-07-31,144.0,144.0,144.0,144.0,0.0,0.0
2023-08-01,144.0,144.0,135.0,144.0,0.004119,0.0
2023-08-02,146.0,146.0,135.5,146.0,0.000273,1.388888888888884
2023-08-03,146.0,146.0,146.0,146.0,0.0,0.0
2023-08-07,140.0,155.0,140.0,154.0,0.000116,5.47945205479452
2023-08-08,155.0,155.0,152.0,154.0,4.8e-05,0.0
2023-08-09,155.0,155.0,155.0,155.0,2e-06,0.649351
2023-08-10,154.0,154.0,154.0,154.0,1.3e-05,-0.645161
2023-08-14,154.0,154.0,154.0,154.0,0.0,0.0
2023-08-15,155.0,155.0,145.0,145.0,0.000247,-5.844156
2023-08-16,145.0,145.0,145.0,145.0,0.0,0.0
2023-08-17,145.0,145.0,140.0,142.5,0.000989,-1.7241379310344862
2023-08-21,142.5,148.0,142.5,145.0,0.000314,1.7543859649122862
2023-08-22,145.0,150.0,145.0,150.0,0.000332,3.448276
2023-08-23,147.89999389648438,148.0,145.0,145.0,0.00014,-3.3333333333333326
2023-08-24,148.0,148.0,147.0,147.0,0.00422,1.379310344827589
2023-08-28,148.0,150.0,148.0,150.0,0.00067,2.0408163265306145
2023-08-29,149.0,149.0,148.5,148.5,0.0013,-1.0
2023-08-30,150.0,150.0,150.0,150.0,1e-05,1.0101010101010166
2023-08-31,150.0,150.0,150.0,150.0,0.0,0.0
2023-09-04,150.0,150.0,150.0,150.0,0.0,0.0
2023-09-05,149.0,150.0,149.0,150.0,0.003649,0.0
2023-09-06,150.0,150.0,150.0,150.0,0.0,0.0
2023-09-07,150.0,152.0,150.0,150.0,0.000364,0.0
2023-09-11,155.0,155.0,147.5,155.0,0.000157,3.3333333333333437
2023-09-12,155.0,155.0,155.0,155.0,0.0,0.0
2023-09-13,155.0,155.0,155.0,155.0,0.0,0.0
2023-09-14,151.0,151.0,151.0,151.0,0.000238,-2.580645161290318
2023-09-18,154.89999389648438,155.0,150.0,150.0,0.012042,-0.6622516556291425
2023-09-19,150.050003,160.0,150.050003,160.0,0.000214,6.666667
2023-09-20,159.0,159.0,159.0,159.0,2e-06,-0.625
2023-09-21,165.0,165.0,165.0,165.0,0.0004,3.7735849056603765
2023-09-25,160.0,160.0,160.0,160.0,4e-05,-3.030303
2023-09-26,160.0,160.0,151.0,160.0,9.7e-05,0.0
2023-09-27,160.0,160.0,160.0,160.0,0.0,0.0
2023-09-28,151.0,151.0,151.0,151.0,0.000135,-5.625
2023-10-02,151.0,151.0,151.0,151.0,0.0,0.0
2023-10-03,153.0,153.0,152.0,152.0,0.0006,0.662252
2023-10-04,153.0,153.0,152.0,152.0,0.0006,0.0
2023-10-05,153.0,153.0,152.0,152.0,0.0006,0.0
2023-10-09,151.0,151.0,150.0,150.0,0.00071,-1.3157894736842146
2023-10-10,150.0,150.0,150.0,150.0,0.000262,0.0
2023-10-11,150.0,150.0,150.0,150.0,0.000262,0.0
2023-10-12,150.0,150.0,150.0,150.0,0.000262,0.0
2023-10-16,144.0,155.0,144.0,149.0,0.000523,-0.666666666666671
2023-10-17,144.0,155.0,144.0,149.0,0.000523,0.0
2023-10-18,149.0,149.0,149.0,149.0,0.0001,0.0
2023-10-19,149.0,149.0,149.0,149.0,0.0001,0.0
2023-10-23,145.0,152.0,145.0,152.0,4.2e-05,2.0134228187919545
2023-10-24,145.0,152.0,145.0,152.0,4.2e-05,0.0
2023-10-25,145.0,152.0,145.0,152.0,4.2e-05,0.0
2023-10-26,145.0,152.0,145.0,152.0,4.2e-05,0.0
2023-10-30,160.0,160.0,150.0,159.0,0.000262,4.605263
2023-10-31,160.0,160.0,150.0,159.0,0.000262,0.0
2023-11-01,158.949997,159.0,158.949997,159.0,0.0001,0.0
2023-11-02,155.0,155.0500030517578,155.0,155.0,6e-05,-2.515723270440251
2023-11-06,159.0,160.0,155.0,155.0,0.0122,0.0
2023-11-07,155.0,163.0,155.0,163.0,0.003347,5.161290322580636
2023-11-08,162.949997,163.0,162.899994,163.0,0.004,0.0
2023-11-09,163.0,163.0,156.5,156.5,0.001501,-3.98773
2023-11-13,162.0,163.0,162.0,163.0,0.00011,4.153354632587858
2023-11-14,160.0,162.89999389648438,160.0,162.89999389648438,5e-06,-0.06135343773964186
2023-11-15,158.0,158.0,158.0,158.0,1e-06,-3.007977
2023-11-16,163.0,163.0,161.0,161.0,0.00021,1.8987341772152
2023-11-20,160.0,160.0,157.0,157.0,0.04834,-2.484472
2023-11-21,155.0,155.0,155.0,155.0,0.0004,-1.273885
2023-11-22,155.0500030517578,155.0500030517578,154.9499969482422,154.9499969482422,0.00024,-0.032260033392139675
2023-11-23,154.0,154.0,154.0,154.0,0.000257,-0.613099
2023-11-27,153.75,155.0,153.5,155.0,0.000386,0.649351
2023-11-28,153.75,155.0,153.5,155.0,0.000386,0.0
2023-11-29,153.300003,153.300003,153.0,153.0,0.00016,-1.290323
2023-11-30,155.0,155.0,155.0,155.0,0.001001,1.30719
2023-12-04,155.0,155.0,155.0,155.0,0.0,0.0
2023-12-05,155.0,155.0,155.0,155.0,0.001001,0.0
2023-12-06,156.0,156.0,148.0,148.0,0.002791,-4.516129
2023-12-07,147.0,154.5,147.0,152.0,0.000651,2.7027027027026973
2023-12-11,152.0,154.89999389648438,152.0,154.89999389648438,0.000101,1.907890721371297
2023-12-12,152.0,154.899994,152.0,154.899994,0.000101,0.0
2023-12-13,152.0,154.899994,152.0,154.899994,0.000101,0.0
2023-12-14,154.0,154.0,154.0,154.0,3e-06,-0.5810160955111554
2023-12-18,154.0,154.0,154.0,154.0,3e-06,0.0
2023-12-19,154.0,154.0,154.0,154.0,3e-06,0.0
2023-12-20,154.0,154.0,154.0,154.0,1e-05,0.0
2023-12-21,154.0,154.0,154.0,154.0,1e-05,0.0
2023-12-25,154.0,155.89999389648438,152.0,153.0,0.000146,-0.649350649350644
2023-12-26,154.0,155.89999389648438,152.0,153.0,0.000146,0.0
2023-12-27,154.0,155.89999389648438,152.0,153.0,0.000146,0.0
2023-12-28,154.0,156.0,152.0,156.0,0.001084,1.960784
2024-01-01,152.0,152.0,152.0,152.0,0.0,-2.564102564102566
2024-01-02,153.0,153.0,153.0,153.0,0.00011,0.6578947368421018
2024-01-03,153.0,153.0,153.0,153.0,0.00011,0.0
2024-01-04,151.0,156.899994,150.0,153.0,0.000549,0.0
2024-01-08,153.0,153.0,152.0,152.0,6.2e-05,-0.6535947712418277
2024-01-09,151.0,151.0,151.0,151.0,3e-05,-0.657895
2024-01-10,151.0,154.0,151.0,154.0,7e-05,1.9867549668874274
2024-01-11,151.0,154.0,151.0,154.0,7e-05,0.0
2024-01-15,155.0,155.0,155.0,155.0,2e-06,0.6493506493506551
2024-01-16,155.0,160.0,155.0,155.0,0.00034,0.0
2024-01-17,155.0,160.0,155.0,155.0,0.00034,0.0
2024-01-18,152.5,152.5,152.5,152.5,5e-06,-1.612903
2024-01-22,152.0,154.5,152.0,154.5,0.000542,1.311475
2024-01-23,155.0,168.25,152.0,168.25,0.001804,8.899676375404542
2024-01-24,160.0,165.0,155.0,165.0,0.000491,-1.9316493313521588
2024-01-25,165.0,168.25,165.0,168.25,0.000129,1.9696969696969768
2024-01-29,168.0,168.0,168.0,168.0,1e-06,-0.14858841010401136
2024-01-30,173.0,190.25,173.0,190.25,0.000896,13.244048
2024-01-31,210.0,218.5,185.0,196.0,0.000157,3.022339
2024-02-01,200.0,225.39999389648438,195.0,210.0,0.000823,7.14285714285714
2024-02-05,210.0,225.0,195.0,212.0,0.00085,0.952380952380949
2024-02-06,212.0,212.0,195.0,195.0,0.000293,-8.018868
2024-02-07,195.0,195.0,195.0,195.0,0.0,0.0
2024-02-08,205.0,210.0,205.0,205.0,0.00029,5.128205
2024-02-12,200.0,200.0,193.0,199.5,0.000222,-2.682926829268295
2024-02-13,199.5,205.0,199.5,204.0,0.000146,2.255639
2024-02-14,199.5,205.0,199.5,204.0,0.000146,0.0
2024-02-15,199.5,205.0,199.5,204.0,0.000146,0.0
2024-02-19,202.0,202.0,198.0,198.0,0.001175,-2.941176
2024-02-20,209.0,209.0,204.0,204.0,4.7e-05,3.0303030303030276
2024-02-21,204.0,204.0,204.0,204.0,0.0,0.0
2024-02-22,199.0,204.0,184.5,204.0,0.000751,0.0
2024-02-26,199.0,199.0,195.0,195.0,0.00115,-4.411765
2024-02-27,199.0,200.0,198.0,198.050003,6.8e-05,1.564104
2024-02-28,203.0,203.0,198.050003,198.050003,0.000375,0.0
2024-02-29,200.0,206.0,183.0,205.0,0.0007,3.509213
2024-03-04,204.0,214.949997,190.0,199.0,0.002313,-2.926829
2024-03-05,200.0,200.0,190.0,194.9499969482422,0.002447,-2.035177412943623
2024-03-06,200.0,203.0,189.0,195.0,0.003342,0.025649
2024-03-07,206.0,206.0,190.0,190.0,0.000718,-2.564103
2024-03-11,197.0,203.0,190.0,199.0,0.003601,4.736842
2024-03-12,196.0,196.0,188.5,189.9499969482422,0.000535,-4.547740227013975
2024-03-13,190.0,200.0,189.949997,190.149994,0.002108,0.105289
2024-03-14,191.0,197.0,190.050003,190.050003,0.002796,-0.052585
2024-03-18,187.5,187.5,183.0,187.0,5e-05,-1.604842
2024-03-19,187.0,189.0,178.0,178.5,0.001743,-4.545455
2024-03-20,185.0,185.0,175.0,180.0,0.000768,0.840336
2024-03-21,183.0,186.0,175.0,177.0,0.000681,-1.666667
2024-03-25,173.0,185.0,171.0,171.0,0.003128,-3.389831
2024-03-26,175.0,179.0,170.0,170.0,0.003808,-0.584795
2024-03-27,172.0,176.0,165.0,169.0,0.001059,-0.588235
2024-03-28,170.0,170.0,165.0,168.0,0.000818,-0.591716
2024-04-01,168.0,168.0,168.0,168.0,0.0,0.0
2024-04-02,173.0,175.0,171.0,173.0,0.000172,2.9761904761904656
2024-04-03,174.0,179.0,171.0,171.0,0.000253,-1.1560693641618491
2024-04-04,174.0,184.0,174.0,179.0,7.5e-05,4.678362573099415
2024-04-15,175.0,175.0,175.0,175.0,2.5e-05,-2.2346368715083775
2024-04-16,175.0,175.0,175.0,175.0,2.5e-05,0.0
2024-04-17,172.0,172.0,172.0,172.0,4.5e-05,-1.7142857142857126
2024-04-18,174.0,180.0,172.0,172.0,0.001348,0.0
2024-04-22,174.0,180.0,172.0,172.0,0.001348,0.0
2024-04-23,175.0,175.0,165.0,171.0,0.000118,-0.5813953488372103
2024-04-24,174.0,175.0,174.0,175.0,0.000863,2.3391812865497075
2024-04-25,183.0,183.0,177.0,180.0,7.3e-05,2.857142857142847
2024-04-29,180.0,184.0,178.0,184.0,0.000313,2.2222222222222143
2024-04-30,184.0,184.0,176.0,176.0,0.000347,-4.347826086956519
2024-05-01,183.9499969482422,199.0,177.0,184.0,0.001772,4.545454545454541
2024-05-02,185.0,192.0,179.0,191.0,0.000357,3.8043478260869623
2024-05-06,189.9499969482422,189.9499969482422,189.9499969482422,189.9499969482422,5e-05,-0.5497398176742441
2024-05-07,189.0,191.85000610351562,189.0,191.85000610351562,3e-05,1.0002680630688099
2024-05-08,189.0,191.85000610351562,189.0,191.85000610351562,3e-05,0.0
2024-05-09,191.89999389648438,192.0,191.89999389648438,192.0,0.000175,0.07818289899008679
2024-05-13,191.0,192.0,191.0,192.0,0.00023,0.0
2024-05-14,192.0,192.0,187.0,192.0,0.000151,0.0
2024-05-15,192.0,194.0,192.0,193.0,0.065595,0.520833
2024-05-16,197.0,197.0,190.0,194.5,0.000298,0.777202
2024-05-20,190.0,190.0,190.0,190.0,0.000152,-2.313625
2024-05-21,194.4499969482422,194.4499969482422,191.0,191.0,0.000171,0.5263157894736858
2024-05-22,194.449997,196.0,190.0,193.0,0.001685,1.04712
2024-05-23,190.0,193.0,190.0,192.0,0.002969,-0.518135
2024-05-27,193.0,193.0,193.0,193.0,0.001344,0.5208333333333259
2024-05-28,198.0,199.899994,193.0,193.0,0.000164,0.0
2024-05-29,193.0,193.0,192.0,193.0,0.0036,0.0
2024-05-30,200.0,200.0,193.0,195.0,0.000822,1.0362694300518172
2024-06-03,198.0,198.0,194.0,194.0,1e-05,-0.512821
2024-06-04,197.0,198.0,196.0,196.0,0.000447,1.0309278350515427
2024-06-05,200.0,200.0,198.0,198.0,0.001441,1.020408
2024-06-06,200.0,200.0,196.0,196.0,0.000439,-1.010101
2024-06-10,199.0,199.0,196.0,196.0,0.000242,0.0
2024-06-11,197.0,197.0,197.0,197.0,5e-06,0.510204
2024-06-12,197.0,197.0,197.0,197.0,0.000226,0.0
2024-06-13,197.0,197.0,197.0,197.0,0.000226,0.0
2024-06-20,194.5,194.5,191.0,191.0,0.000338,-3.045685
2024-06-24,194.0,196.0,194.0,196.0,1.1e-05,2.617801
2024-06-25,196.0,196.0,194.0,194.0,2e-05,-1.020408
2024-06-26,195.0,195.0,194.5,194.89999389648438,0.000112,0.46391437963111404
2024-06-27,195.0,196.0,195.0,196.0,1.3e-05,0.5643951451839824
2024-07-01,197.0,199.0,195.0,199.0,0.010177,1.5306122448979664
2024-07-02,199.0,199.0,199.0,199.0,3e-06,0.0
2024-07-03,199.0,199.0,199.0,199.0,3e-06,0.0
2024-07-04,197.5,198.0,197.5,198.0,2.4e-05,-0.502513
2024-07-08,199.5,199.5,199.5,199.5,0.000413,0.757576
2024-07-09,200.0,200.0,199.5,200.0,0.000161,0.25062656641603454
2024-07-10,200.0,200.0,199.5,199.5,0.000332,-0.24999999999999467
2024-07-11,200.9499969482422,201.0,200.9499969482422,200.9499969482422,4.3e-05,0.7268155129033449
2024-07-15,210.0,210.0,200.0,205.0,4.4e-05,2.0154282723382932
2024-07-16,205.0,209.0,205.0,209.0,9e-06,1.95122
2024-07-17,209.0,209.0,209.0,209.0,5.8e-05,0.0
2024-07-18,209.0,209.0,206.0,206.0,0.000336,-1.435407
2024-07-22,202.0,207.0,202.0,203.0,2e-05,-1.456311
2024-07-23,213.0,214.0,202.0,202.0,0.000216,-0.492611
2024-07-24,213.0,213.0,212.0,213.0,6e-05,5.445545
2024-07-25,213.0,213.0,212.0,213.0,6e-05,0.0
2024-07-29,223.949997,224.0,223.0,223.949997,0.000119,5.140844
2024-07-30,212.0,221.949997,205.0,207.75,0.000783,-7.233756
2024-07-31,217.0,222.949997,208.0,221.949997,6.4e-05,6.835137
2024-08-01,219.949997,219.949997,219.949997,219.949997,5e-06,-0.901104
2024-08-05,207.5,216.0,200.0,200.0,0.00153,-9.070242
2024-08-06,214.0,214.0,209.0,209.0,0.000114,4.5
2024-08-07,214.0,215.0,209.100006,209.100006,2.7e-05,0.04785
2024-08-08,214.0,214.0,214.0,214.0,1.1e-05,2.343373
2024-08-12,214.0,215.0,214.0,215.0,0.000557,0.46729
2024-08-13,215.0,215.0,215.0,215.0,1e-06,0.0
2024-08-14,215.0,215.0,215.0,215.0,1e-06,0.0
2024-08-15,215.0,215.0,211.0,211.0,7.6e-05,-1.8604651162790753
2024-08-19,215.0,215.0,214.0,215.0,0.000191,1.8957345971563955
2024-08-20,215.0,218.0,215.0,218.0,8.7e-05,1.3953488372093092
2024-08-21,218.0,218.0,215.0,215.0,2.8e-05,-1.3761467889908285
2024-08-22,218.0,218.0,215.0,215.0,2.8e-05,0.0
2024-08-26,219.0,219.0,219.0,219.0,5e-05,1.8604651162790642
2024-08-27,219.0,219.0,219.0,219.0,0.000225,0.0
2024-08-28,218.0,219.0,218.0,219.0,1.5e-05,0.0
2024-08-29,219.0,220.0,219.0,220.0,3.9e-05,0.456621
2024-09-02,217.0,217.0,215.0,217.0,2.2e-05,-1.3636363636363669
2024-09-03,219.0,220.0,216.0,220.0,8.5e-05,1.382488
2024-09-04,220.0,220.0,218.0,218.0,0.001583,-0.909091
2024-09-05,214.0,214.0,213.0,213.0,0.001392,-2.293578
2024-09-09,219.0,222.0,219.0,220.0,0.00161,3.2863849765258246
2024-09-10,219.89999389648438,219.89999389648438,218.5,218.5,0.000684,-0.6818181818181834
2024-09-11,219.89999389648438,219.89999389648438,218.5,218.5,0.000684,0.0
2024-09-12,221.0,230.0,221.0,223.1999969482422,0.000422,2.151028351598261
2024-09-16,224.0,224.85000610351562,223.5,224.85000610351562,0.000198,0.7392514237605674
2024-09-17,225.9499969482422,225.9499969482422,223.0,223.0,0.000232,-0.8227734281954779
2024-09-18,222.0,223.0,218.0,219.0,0.000374,-1.7937219730941756
2024-09-19,223.0,223.0,221.0,221.0,0.00011,0.9132420091324311
2024-09-23,225.0,254.149994,223.0,224.0,0.000661,1.357466
2024-09-24,225.0,234.0,225.0,232.0,0.000558,3.571429
2024-09-25,234.0,235.0,226.0,226.0,0.000375,-2.586207
2024-09-26,235.0,237.0,227.0,237.0,0.001652,4.867256637168138
2024-09-30,239.949997,241.0,239.949997,241.0,0.0014,1.687764
2024-10-01,247.0,247.0,224.0,242.8000030517578,0.001797,0.7468892330945387
2024-10-02,241.9499969482422,242.0,224.0,242.0,0.000574,-0.3294905443585461
2024-10-03,242.0,243.0,231.399994,242.0,0.000274,0.0
2024-10-07,239.9499969482422,239.9499969482422,239.9499969482422,239.9499969482422,0.0,-0.8471086990734733
2024-10-08,234.0,237.0,234.0,237.0,8.2e-05,-1.229422
2024-10-09,237.0,243.0,236.0,238.0,0.000122,0.421941
2024-10-10,238.0,238.0,237.0,237.0,1.5e-05,-0.420168
2024-10-14,243.0,245.8000030517578,239.0,239.0,0.000321,0.8438818565400741
2024-10-15,239.0,239.1999969482422,239.0,239.1999969482422,4e-06,0.0836807314820831
2024-10-16,239.1999969482422,239.1999969482422,239.1999969482422,239.1999969482422,0.0,0.0
2024-10-17,245.0,246.0,240.1999969482422,246.0,0.000788,2.842810676636076
2024-10-21,247.0,247.0,246.0,247.0,9.9e-05,0.40650406504065817
2024-10-22,245.0,248.0,245.0,247.0,0.000541,0.0
2024-10-23,247.0,249.0,246.0,248.0,0.010287,0.404858
2024-10-24,250.0,250.0,247.199997,248.0,0.000862,0.0
2024-10-28,239.0,248.0,239.0,248.0,0.000589,0.0
2024-10-29,248.0,248.0,247.0,248.0,0.00023,0.0
2024-10-30,223.5,245.0,223.5,242.0,0.000927,-2.419355
2024-10-31,242.0,243.0,242.0,242.0,0.000286,0.0
2024-11-04,243.0,243.0,238.0,238.0,0.002749,-1.652893
2024-11-05,238.0,242.0,235.0,238.0,0.000708,0.0
2024-11-06,238.0,238.0,238.0,238.0,0.0,0.0
2024-11-07,241.899994,241.899994,241.899994,241.899994,8e-05,1.638653
2024-11-11,249.0,249.0,230.0,238.0,0.002732,-1.612234
2024-11-12,237.0,237.0,233.0,234.949997,0.001239,-1.281514
2024-11-13,235.0,235.0,233.0,235.0,0.002294,0.021282
2024-11-14,234.899994,234.899994,231.0,233.0,0.000784,-0.851064
2024-11-18,235.0,235.0,231.0,231.0,0.000515,-0.8583690987124415
2024-11-19,231.0,231.0,231.0,231.0,0.000963,0.0
2024-11-20,231.0,231.0,231.0,231.0,0.000963,0.0
2024-11-21,231.0,231.0,229.0,231.0,0.001558,0.0
2024-11-25,230.0,230.0,225.0,230.0,0.000542,-0.4329
2024-11-26,230.0,230.0,229.0,230.0,3.7e-05,0.0
2024-11-27,230.0,230.0,211.60000610351562,222.0,0.002096,-3.4782608695652195
2024-11-28,229.949997,229.949997,222.050003,225.0,0.000184,1.351351
2024-12-02,222.14999389648438,222.14999389648438,222.14999389648438,222.14999389648438,0.0,-1.2666693793402795
2024-12-03,222.14999389648438,222.14999389648438,222.14999389648438,222.14999389648438,0.0,0.0
2024-12-04,223.0,229.949997,220.0,229.949997,0.001299,3.511143
2024-12-05,229.949997,229.949997,219.0,219.0,0.000704,-4.761903
2024-12-09,225.0,226.5,218.0,220.0,0.00069,0.456621
2024-12-10,230.0,230.0,210.0,214.949997,0.00357,-2.295456
2024-12-11,225.0,225.0,212.0,221.0,0.00028,2.81461
2024-12-12,222.0,222.0,212.0,220.9499969482422,0.000102,-0.02262581527502361
2024-12-16,229.0,229.0,215.1999969482422,218.0,0.003892,-1.335142334911743
2024-12-17,218.0,224.9499969482422,217.0,218.0,0.052242,0.0
2024-12-18,218.0,218.0,218.0,218.0,0.000535,0.0
2024-12-19,217.0,218.0,216.0,216.0,0.000157,-0.917431192660545
2024-12-23,218.0,218.0,215.0,216.0,0.001208,0.0
2024-12-24,218.0,218.0,215.0,216.5,0.003756,0.231481
2024-12-25,224.0,224.0,217.25,217.25,0.000626,0.34642032332563577
2024-12-26,218.0,218.0,214.0,218.0,0.000349,0.345224
2024-12-30,218.0,218.0,216.0,216.0,0.000213,-0.917431192660545
2024-12-31,218.0,218.0,216.0,218.0,0.000789,0.92592592592593
2025-01-02,218.0,218.0,217.0,218.0,0.001378,0.0
2025-01-06,218.0,224.949997,217.0,217.0,0.000515,-0.458716
2025-01-07,218.0,219.949997,217.5,218.0,0.004815,0.460829
2025-01-08,224.899994,224.899994,218.0,219.0,0.001135,0.458716
2025-01-09,219.0,219.0,218.0,218.0,0.000888,-0.456621
2025-01-13,218.0,218.0,217.0,218.0,0.000932,0.0
2025-01-14,218.0,218.0,217.10000610351562,217.9499969482422,0.003276,-0.022937179705417865
2025-01-15,218.0,218.0,217.89999389648438,218.0,0.002473,0.0229424420545854
2025-01-16,218.0,219.89999389648438,217.89999389648438,217.89999389648438,0.000538,-0.04587435941083573
2025-01-20,217.89999389648438,217.89999389648438,217.6999969482422,217.89999389648438,0.000378,0.0
2025-01-21,217.899994,217.899994,210.0,217.850006,0.002088,-0.022941
2025-01-22,215.0,217.850006,211.0,217.600006,8.3e-05,-0.114758
2025-01-23,217.899994,217.899994,212.0,217.699997,0.000774,0.045952
2025-01-27,217.75,218.0,217.75,217.75,5e-05,0.022969
2025-01-28,217.0,218.0,216.0,218.0,0.000179,0.11481056257176547
2025-01-29,218.0,218.5,217.0,218.5,0.000227,0.229358
2025-01-30,218.5,218.5,217.0,217.0,1.7e-05,-0.6864988558352381
2025-02-03,225.0,243.0,225.0,237.0,0.000613,9.216589861751157
2025-02-04,237.0,239.0,227.199997,238.0,0.000768,0.421941
2025-02-05,238.0,241.0,233.0,237.0,0.000775,-0.42016806722688926
2025-02-06,243.0,243.0,242.0,242.0,0.000117,2.109705
2025-02-10,269.0,269.0,237.0500030517578,257.0,0.000979,6.198347107438007
2025-02-11,259.95001220703125,259.95001220703125,251.0,251.0,0.000931,-2.3346303501945553
2025-02-12,251.0,263.0,247.0,257.0,0.001779,2.39043824701195
2025-02-13,259.95001220703125,259.95001220703125,247.0,254.5,0.000139,-0.9727626459143934
2025-02-17,261.0,263.0,260.0,261.0,0.002253,2.5540275049115824
2025-02-18,261.0,262.0,261.0,262.0,0.000553,0.3831417624521105
2025-02-19,263.0,263.0,262.0,262.0,8.6e-05,0.0
2025-02-20,263.0,265.0,261.0,261.0,0.000707,-0.3816793893129722
2025-02-24,265.0,265.0,258.0,258.0,0.000547,-1.1494252873563204
2025-02-25,259.0,263.5,258.0,263.0,0.000271,1.937984
2025-02-26,258.0,263.0,258.0,262.0,0.000473,-0.38022813688213253
2025-02-27,258.0,263.0,258.0,262.0,0.000473,0.0
2025-03-03,264.0,264.0,263.0,264.0,0.000202,0.763359
2025-03-04,264.0,264.0,263.0,263.0,0.000319,-0.37878787878787845
2025-03-05,263.0,263.0,260.0,260.0,0.002474,-1.1406844106463865
2025-03-06,258.0,265.0,258.0,264.0,0.003047,1.538462
2025-03-10,250.0,256.0,250.0,255.0,0.000149,-3.409090909090906
2025-03-11,255.0,255.0,249.0,249.0,0.000223,-2.352941176470591
2025-03-12,249.0,252.0,249.0,250.0,0.000164,0.40160642570281624
2025-03-13,250.0,250.0,248.0,250.0,0.00039,0.0
2025-03-17,250.0,250.0,248.0,250.0,0.000197,0.0
2025-03-18,250.0,250.0,248.0,248.0,5.7e-05,-0.8
2025-03-19,248.0,249.0,247.5,249.0,0.000149,0.40322580645162365
2025-03-20,247.5,248.5,247.0,248.39999389648438,0.000167,-0.24096630663278384
2025-03-24,248.5,248.5,240.0,246.5,0.000385,-0.764893
2025-03-25,248.5,248.5,243.0,243.0,0.000636,-1.419878
2025-03-26,248.5,248.5,240.0,240.0,0.000727,-1.234568
2025-03-27,230.0,240.5,230.0,239.0,0.000232,-0.4166666666666652
2025-03-31,231.0,231.0,231.0,231.0,0.0,-3.34728
2025-04-01,231.0,231.0,231.0,231.0,0.0,0.0
2025-04-02,246.949997,247.0,230.25,247.0,0.000629,6.926407
2025-04-03,250.0,250.0,247.0,247.0,0.000206,0.0
2025-04-07,230.0,235.0,219.600006,226.0,0.006136,-8.502024
2025-04-08,228.0,235.0,228.0,233.0,0.000328,3.097345
2025-04-09,234.0,235.0,222.0,234.0,0.000377,0.42918454935623185
2025-04-10,234.0,234.0,231.0,234.0,0.000241,0.0
2025-04-14,246.5,246.5,236.0,244.0,0.001168,4.273504
2025-04-15,243.0,243.0,237.0,242.9499969482422,0.000284,-0.4303291195728698
2025-04-16,244.0,244.0,239.0,242.0,0.000112,-0.391026
2025-04-17,244.0,244.0,237.0,240.0,0.001217,-0.8264462809917328
2025-04-21,241.0,241.0,240.0,240.0,3.8e-05,0.0
2025-04-22,240.0,240.0,240.0,240.0,0.0,0.0
2025-04-23,244.5,244.5,237.0,242.0,0.001011,0.833333
2025-04-24,243.0,243.0,242.0,242.0,0.000679,0.0
2025-04-28,241.85000610351562,242.0,241.8000030517578,242.0,0.00075,0.0
2025-04-29,244.0,244.0,241.9499969482422,242.0,0.000734,0.0
2025-04-30,242.0,242.0,237.0,242.0,0.000298,0.0
2025-05-01,241.899994,241.899994,230.0,238.949997,0.000376,-1.260332
2025-05-05,241.0,241.89999389648438,237.0,239.0,0.001003,0.020926157102496568
2025-05-06,239.0,241.0,235.0,240.0,0.000806,0.41841
2025-05-07,240.0,240.0,238.0,238.0,0.000743,-0.8333333333333304
2025-05-08,238.0,240.0,238.0,240.0,0.000385,0.840336
2025-05-12,242.0,242.0,235.0,241.949997,0.001043,0.812499
2025-05-13,241.5,241.5,236.0,236.0,0.00074,-2.4591845518869837
2025-05-14,241.3000030517578,242.0,239.9499969482422,239.9499969482422,0.000193,1.6737275204416147
2025-05-15,239.9499969482422,239.9499969482422,239.0,239.9499969482422,0.001073,0.0
2025-05-19,240.0,240.0,240.0,240.0,0.0,0.020838946611290154
2025-05-20,240.0,240.0,239.0,239.89999389648438,0.001551,-0.041669209798178564
2025-05-21,238.0,238.0,235.0,235.0,0.002383,-2.0425152234887944
2025-05-22,238.0,238.0,233.0,237.89999389648438,0.001021,1.2340399559507942
2025-05-26,237.899994,237.899994,234.0,235.0,0.00153,-1.218997
2025-05-27,237.899994,237.899994,233.75,235.0,0.000959,0.0
2025-05-28,241.0,241.0,234.0,239.0,0.000311,1.702128
2025-05-29,239.0,240.0,237.0,239.699997,0.00069,0.292886
2025-06-02,250.0,275.0,220.0,238.0,0.001733,-0.709219
2025-06-03,241.0,241.0,238.0,238.0,0.000433,0.0
2025-06-04,241.0,241.0,238.0,238.0,0.000162,0.0
2025-06-05,238.0,238.0,238.0,238.0,0.0,0.0
2025-06-09,248.85000610351562,250.0,230.0,248.0,0.004083,4.201680672268915
2025-06-10,245.0,250.0,241.0500030517578,248.0,0.003317,0.0
2025-06-11,248.8000030517578,250.0,242.0500030517578,249.9499969482422,0.000938,0.7862890920331322
2025-06-12,255.0,255.0,242.5500030517578,242.5500030517578,0.000753,-2.960589712676298
2025-06-16,235.0,241.899994,235.0,238.0,0.001011,-1.875903
2025-06-17,241.89999389648438,241.89999389648438,236.0,238.0,0.000153,0.0
2025-06-18,241.899994,241.899994,236.0,238.0,0.000187,0.0
2025-06-19,239.0,239.89999389648438,235.10000610351562,236.0,0.00055,-0.8403361344537785
2025-06-23,242.0,242.0,235.0,239.0,0.000631,1.2711864406779627
2025-06-24,242.0,242.0,235.0,240.0,0.000278,0.4184100418409997
2025-06-25,242.0,242.0,235.0,240.0,0.000278,0.0
2025-06-26,242.0,242.0,239.0,240.0,0.001125,0.0
2025-06-30,241.0,242.0,240.0,240.0,0.002028,0.0
2025-07-01,242.0,242.0,238.0,238.199997,0.001341,-0.750001
2025-07-02,238.25,239.949997,238.25,239.949997,1.4e-05,0.734677
2025-07-03,240.0,240.0,239.949997,239.949997,0.000667,0.0
2025-07-07,238.0,242.0,238.0,240.0,0.000813,0.020839
2025-07-08,241.949997,242.0,238.100006,241.0,0.000365,0.416667
2025-07-09,241.0,241.0,238.199997,239.0,0.000385,-0.829876
2025-07-10,240.0,240.0,239.0,239.300003,0.000881,0.125524
2025-07-14,241.5,242.0,239.5,241.949997,0.001981,1.107394
2025-07-15,242.0,243.0,240.0,242.0,0.007298,0.020667
2025-07-16,243.5,248.949997,243.5,246.0,0.002555,1.652893
2025-07-17,248.0,259.0,248.0,259.0,0.004036,5.284553
2025-07-21,260.0,268.0,260.0,264.0,0.000642,1.930502
2025-07-22,264.0,265.0,262.20001220703125,265.0,0.00027,0.37878787878788955
2025-07-23,265.0,267.0,262.049988,267.0,0.005664,0.754717
2025-07-24,268.0,269.899994,266.950012,267.0,0.013778,0.0
2025-07-28,267.0,267.0,267.0,267.0,0.001951,0.0
2025-07-29,265.0,266.0,265.0,265.0,0.000309,-0.7490636704119868
2025-07-30,260.0,265.0,250.0,265.0,0.00435,0.0
2025-07-31,265.0,265.0,251.0,256.95001220703125,0.001204,-3.0377312426297154
2025-08-04,248.0500030517578,251.9499969482422,247.0,249.0,0.00135,-3.0939917607887613
2025-08-05,251.9499969482422,251.9499969482422,247.5,251.0,0.001699,0.8032128514056325
2025-08-06,251.0,251.0,250.0,251.0,0.00061,0.0
2025-08-07,251.0,251.0,247.60000610351562,250.0,0.001024,-0.3984063745019917
2025-08-11,262.0,262.0,247.6999969482422,250.0,0.002136,0.0
2025-08-12,250.0,250.0,250.0,250.0,5.1e-05,0.0
2025-08-13,249.0,250.0,248.10000610351562,249.8000030517578,0.00066,-0.07999877929687482
2025-08-14,250.0,250.0,249.60000610351562,249.8000030517578,0.000232,0.0
2025-08-18,250.0,250.0,249.5,249.5,0.003028,-0.12009729707475048
2025-08-19,250.0,250.0,245.0,245.0,0.000176,-1.8036072144288595
2025-08-20,245.0,249.25,245.0,246.0,0.000176,0.408163
2025-08-21,247.0,249.0,245.5,246.050003,0.000696,0.020326
2025-08-25,246.050003,249.899994,246.050003,247.0,0.000535,0.386099
2025-08-26,246.050003,249.0,245.0,245.0,0.000452,-0.809717
2025-08-27,245.0,249.0,245.0,249.0,0.000686,1.6326530612244872
2025-08-28,248.5,248.5,245.0500030517578,248.5,0.000221,-0.20080321285140812
2025-09-01,248.39999389648438,248.39999389648438,242.0,248.0,0.000444,-0.2012072434607659
2025-09-02,248.5,248.5,240.0,240.0,0.006461,-3.2258064516129004
2025-09-03,240.0,240.0,239.0,239.0,0.002606,-0.4166666666666652
2025-09-04,240.0,240.0,239.10000610351562,240.0,0.000954,0.4184100418409997
2025-09-08,241.0,247.899994,238.0,240.0,0.00096,0.0
2025-09-09,240.0,240.0,238.0,240.0,0.000525,0.0
2025-09-10,240.0,240.0,220.0,238.0,0.001549,-0.8333333333333304
2025-09-11,235.0,239.89999389648438,235.0,239.89999389648438,0.003018,0.7983167632287236
2025-09-15,240.0,240.0,234.0,240.0,0.000672,0.041687
2025-09-16,239.899994,239.899994,235.5,235.5,0.001982,-1.875
2025-09-17,239.899994,239.899994,236.0,239.0,0.00201,1.4862
2025-09-18,239.899994,239.899994,238.0,239.0,0.00608,0.0
2025-09-22,240.0,240.0,239.0,240.0,0.000334,0.41841
2025-09-23,240.0,240.0,237.5,240.0,0.000904,0.0
2025-09-24,239.0,240.0,239.0,239.5,0.001173,-0.208333
2025-09-25,239.600006,239.600006,234.0,238.0,0.000919,-0.626305
2025-09-29,240.0,245.0,240.0,240.0,0.00016,0.840336
2025-09-30,251.0,251.0,220.0,240.0,0.000787,0.0
2025-10-01,240.0,240.0,237.5,237.5,3.7e-05,-1.041667
2025-10-02,240.0,240.0,238.0,240.0,0.000127,1.052632
2025-10-06,240.0,240.0,237.5,237.5,0.000989,-1.041667
2025-10-07,240.0,240.0,237.5,237.5,2.8e-05,0.0
2025-10-08,237.5,240.0,237.5,239.0,0.000547,0.6315789473684275
2025-10-09,239.0,239.0,237.5,239.0,0.000452,0.0
2025-10-13,239.5,239.5,237.5,239.5,0.000306,0.20920502092049986
2025-10-14,238.0,239.5,238.0,239.5,8e-05,0.0
2025-10-15,239.5,239.5,239.5,239.5,0.000231,0.0
2025-10-16,238.0,239.5,238.0,239.5,0.000276,0.0
2025-10-20,239.5,239.5,238.0,238.0,0.000245,-0.626305
2025-10-21,239.5,239.5,238.25,239.5,0.000381,0.630252
2025-10-22,239.5,239.5,238.100006,238.100006,0.000304,-0.584549
2025-10-23,238.300003,238.300003,237.600006,238.0,0.000355,-0.042002
2025-10-27,239.5,239.5,237.5,238.199997,0.000393,0.084032
2025-10-28,238.199997,238.199997,238.199997,238.199997,0.0,0.0
2025-10-29,239.0,239.0,237.75,239.0,0.000138,0.3358535104984295
2025-10-30,239.0,239.5,239.0,239.0,0.000497,0.0
2025-11-03,239.449997,239.5,239.0,239.5,0.000535,0.209205
2025-11-04,251.4499969482422,251.4499969482422,236.0,239.0,0.003122,-0.20876826722338038
2025-11-05,239.5,247.0,233.0500030517578,235.0,8.2e-05,-1.673640167364021
2025-11-06,247.0,247.0,236.300003,236.399994,0.00108,0.595742
2025-11-10,237.100006,243.0,236.949997,236.949997,0.001176,0.232658
2025-11-11,240.0,241.5,240.0,241.5,0.00066,1.920237649444534
2025-11-12,240.0,240.0,239.0500030517578,240.0,0.000107,-0.6211180124223614
2025-11-13,240.0,243.0,239.0,239.5,0.000931,-0.208333
2025-11-17,242.0,242.0,239.5,240.899994,0.000354,0.584549
2025-11-18,239.0,239.0,238.0,238.0,0.000179,-1.203816508908051
2025-11-19,237.0,239.5,237.0,239.5,0.000182,0.6302521008403339
2025-11-20,239.300003,239.399994,236.949997,239.199997,0.000188,-0.125262
2025-11-24,239.199997,239.199997,239.199997,239.199997,0.0,0.0
2025-11-25,239.1999969482422,242.0,237.0500030517578,238.0,0.000556,-0.5016709713846046
2025-11-26,238.0,240.0,227.0,240.0,0.000891,0.8403361344537785
2025-11-27,240.0,244.0,240.0,240.0,0.001431,0.0
2025-12-01,240.0,240.0,240.0,240.0,0.0,0.0
2025-12-02,240.0,240.0,240.0,240.0,0.0,0.0
2025-12-03,251.4499969482422,251.4499969482422,236.0,239.0,0.003122,-0.4166666666666652
2025-12-04,244.0,244.0,240.0,241.0,0.00037,0.83682
2025-12-08,240.0,244.0,240.0,240.0,0.00013,-0.4149377593360981
2025-12-09,243.0,246.0,243.0,243.0,0.000204,1.2499999999999956
2025-12-10,243.0,243.0,243.0,243.0,8e-06,0.0
2025-12-11,243.0,243.0,243.0,243.0,8e-06,0.0
2025-12-15,248.0,248.0,245.0,247.0,0.000586,1.646091
2025-12-16,248.0,250.0,237.0,244.0,0.000952,-1.2145748987854255
2025-12-17,244.0,249.0,244.0,244.9499969482422,7.7e-05,0.3893430115746721
2025-12-18,248.85000610351562,248.85000610351562,244.0,248.0,0.00047,1.2451533332340725
2025-12-22,252.0,259.45001220703125,252.0,258.0,0.000543,4.0322580645161255
2025-12-23,259.0,259.0,253.0,255.0,0.000177,-1.1627906976744207
2025-12-24,255.0,260.0,254.0,260.0,0.000706,1.9607843137254832
2025-12-25,263.0,265.0,252.5,260.0,0.000477,0.0
2025-12-29,255.0500030517578,259.95001220703125,255.0500030517578,259.95001220703125,0.00022,-0.01922607421874778
2025-12-30,260.0,260.0,256.0,256.0,0.001107,-1.519528
2025-12-31,256.0,256.0,253.0,253.0,0.000435,-1.171875
2026-01-05,256.0,259.899994,256.0,259.899994,0.000106,2.72727
2026-01-06,262.0,262.0,255.0,260.0,0.00085,0.03847868636559504
2026-01-07,260.0,260.0,259.600006,259.600006,0.000583,-0.153844
2026-01-08,259.6000061035156,260.0,256.0,260.0,0.001763,0.15408085018491224
2026-01-12,260.0,268.0,256.5,256.5,0.000217,-1.3461538461538414
2026-01-13,256.5,261.04998779296875,256.5,260.0,0.000614,1.3645224171539905
2026-01-14,260.0,260.0,256.0,259.95001220703125,0.001118,-0.01922607421874778
2026-01-15,259.95001220703125,260.0,257.0,259.5,0.000631,-0.1731149012883515
2026-01-19,259.5,260.0,259.5,260.0,0.001235,0.19267822736031004
2026-01-20,259.5,260.0,259.5,260.0,0.002096,0.0
2026-01-21,260.0,260.0,259.5,260.0,0.000302,0.0
2026-01-22,260.0,260.0,259.0,260.0,0.000997,0.0
2026-01-26,260.0,260.0,259.29998779296875,260.0,0.001112,0.0
2026-01-27,260.0,265.0,259.600006,259.75,0.003158,-0.096154
2026-01-28,260.0,260.0,256.1000061035156,260.0,0.001425,0.09624639076035724
2026-01-29,260.0,260.0,258.299988,260.0,0.000777,0.0
2026-02-02,298.0,298.0,260.0,265.0,0.001695,1.9230769230769162
2026-02-03,264.0,264.0,239.0,245.0,0.015071,-7.54717
2026-02-04,249.0,255.0,247.0,253.0,0.004064,3.2653061224489743
2026-02-05,254.0,255.0,243.0,253.0,0.003198,0.0
2026-02-09,250.0,253.0,250.0,250.0,0.000689,-1.1857707509881465
2026-02-10,250.0,250.5,244.0,247.0,0.002849,-1.200000000000001
2026-02-11,250.0,252.0,244.0,251.6999969482422,0.002077,1.9028327725676863
2026-02-12,245.0,251.600006,245.0,247.0,0.000739,-1.867301
2026-02-16,249.949997,250.0,244.0,244.0,0.000907,-1.214575
2026-02-17,246.0,246.300003,244.0,246.25,0.006749,0.922131
2026-02-18,244.0,249.0,244.0,248.850006,0.00143,1.05584
2026-02-19,248.0,248.75,244.0,246.0,0.000719,-1.1452706584745287
2026-02-23,245.0,248.0,245.0,248.0,0.000611,0.8130081300812941
2026-02-24,248.0,248.0,245.0,245.0,0.000294,-1.2096774193548376
2026-02-25,245.0,247.0,243.0,247.0,0.013948,0.816327
2026-02-26,247.0,248.9499969482422,242.0,242.0,0.006268,-2.0242914979757054
2026-03-02,243.0,243.0,243.0,243.0,0.0,0.4132231404958775
2026-03-03,243.0,243.0,243.0,243.0,0.0,0.0
2026-03-04,230.85000610351562,230.85000610351562,230.85000610351562,230.85000610351562,0.003045,-4.999997488265173
2026-03-05,230.850006,230.850006,219.350006,230.800003,0.007792,-0.02166
2026-03-09,221.0,229.9499969482422,218.0,229.0,0.007082,-0.7798973258046904
2026-03-10,221.0,229.9499969482422,218.0,229.0,0.007082,0.0
2026-03-11,228.0,228.0,218.0,226.0,0.001695,-1.3100436681222738
2026-03-12,227.9499969482422,228.0,214.6999969482422,227.0,0.002065,0.4424778761061843
2026-03-16,218.899994,219.0,208.850006,208.850006,0.001244,-7.995592
2026-03-17,208.85000610351562,208.85000610351562,198.4499969482422,208.8000030517578,0.005552,-0.023942087764661224
2026-03-18,208.800003,221.0,205.0,218.899994,0.008,4.83716
2026-03-19,218.899994,218.899994,218.899994,218.899994,0.0,0.0
2026-03-24,215.0,215.949997,208.100006,212.0,0.001136,-3.152122
2026-03-25,216.0,216.0,209.0,216.0,0.003137,1.8867924528301883
2026-03-26,215.9499969482422,215.9499969482422,210.0,214.89999389648438,0.004346,-0.5092620849609375
2026-03-30,210.0,214.800003,208.0,210.0,0.002949,-2.280128
2026-03-31,210.0,214.8000030517578,208.0,209.0,0.008329,-0.4761904761904745
2026-04-01,209.0,214.0,204.0,210.0,0.014002,0.478469
2026-04-02,210.0,214.0,204.0,210.0,0.001708,0.0
2026-04-06,213.0,213.0,205.0,209.0,0.001823,-0.4761904761904745
2026-04-07,210.0,211.0,209.5,211.0,0.00068,0.9569377990430672
2026-04-08,214.89999389648438,229.0,211.0,213.1999969482422,0.024905,1.0426525821052968
2026-04-09,213.1999969482422,216.0,212.0,216.0,0.018019,1.3133222757210294
2026-04-13,225.0,225.0,218.0,218.0,0.001254,0.925926
2026-04-14,216.0,218.0,216.0,216.0,0.003078,-0.917431
2026-04-15,216.0,218.0,216.0,216.0,0.004854,0.0
2026-04-16,218.0,220.0,216.10000610351562,218.0,0.002349,0.92592592592593
2026-04-20,218.0,218.0,215.199997,216.0,0.00183,-0.917431
2026-04-21,215.199997,220.0,215.199997,216.0,0.001006,0.0
2026-04-22,217.0,217.0,215.0,215.0,0.000848,-0.462962962962965
2026-04-23,215.0,215.0,210.89999389648438,211.89999389648438,0.24662,-1.4418633039607553
2026-04-27,219.0,224.0,219.0,223.5,0.001622,5.474283
2026-04-28,223.5,223.5,223.5,223.5,0.0,0.0
2026-04-29,224.0,257.6000061035156,224.0,227.1999969482422,0.00336,1.655479618900313
2026-04-30,245.0,245.0,227.1999969482422,227.1999969482422,9.9e-05,0.0
2026-05-04,240.0,248.0,235.199997,247.5,0.006707,8.934861
2026-05-05,235.5,235.5,235.1999969482422,235.1999969482422,0.024643,-4.969698202730433
2026-05-06,235.1999969482422,240.0,231.10000610351562,235.3000030517578,0.000554,0.042519602386570376
2026-05-07,236.0,240.0,235.899994,240.0,0.001576,1.997449
2026-05-11,242.39999389648438,242.39999389648438,236.0,236.0,0.000591,-1.6666666666666718
2026-05-12,240.0,241.0,237.0,241.0,0.006126,2.118644
2026-05-13,241.0,242.0,241.0,241.0,0.001627,0.0
2026-05-14,241.0,241.5,241.0,241.0,0.000757,0.0
2026-05-18,242.0,242.0,235.0,240.0,0.000675,-0.414938
2026-05-19,242.0,243.600006,240.0,240.0,0.008247,0.0
2026-05-20,240.0,240.0,240.0,240.0,6e-06,0.0
2026-05-21,240.0,243.0,240.0,240.0,0.000137,0.0
2026-05-25,241.89999389648438,244.0,241.89999389648438,244.0,0.00098,1.6666666666666607
2026-05-26,244.0,244.0,244.0,244.0,0.0,0.0
2026-05-27,244.0,244.0,244.0,244.0,0.0,0.0
2026-05-28,244.0,244.0,244.0,244.0,0.0,0.0
2026-06-01,244.0,247.0,236.0,247.0,0.001031,1.229508
2026-06-02,244.0,244.0,236.0,243.899994,0.000628,-1.255063
2026-06-03,237.899994,250.0,237.899994,250.0,0.004784,2.501028
2026-06-04,245.0,246.899994,238.0,246.899994,0.000932,-1.240002
2026-06-08,250.0,255.0,245.0,250.0,0.003017,1.255572
2026-06-09,250.0,254.0,247.0,250.0,0.000772,0.0
2026-06-10,250.0,250.300003,246.0,250.300003,0.000797,0.120001
2026-06-11,250.100006,250.100006,246.0,250.0,0.001694,-0.119857
2026-06-16,265.0,265.0,250.0,250.0,0.003411,0.0
2026-06-17,253.0,258.0,253.0,254.5,0.000749,1.8000000000000016
2026-06-18,256.0,256.0,254.5,256.0,0.001047,0.5893909626718985
2026-06-22,262.0,262.0,257.0,258.0,5.7e-05,0.78125
2026-06-23,257.0,261.1000061035156,257.0,257.0,0.000704,-0.3875968992248069
2026-06-24,258.0,260.0,254.0,255.0,0.00035,-0.7782101167315147
2026-06-25,259.0,259.0,258.8999938964844,258.8999938964844,8.7e-05,1.5294093711703427
2026-06-29,256.0,256.0,254.0,255.0,0.000131,-1.5063707950660254
2026-06-30,255.3000030517578,255.3000030517578,254.0,254.89999389648438,0.000371,-0.03921807981004388
2026-07-01,255.0,256.0,254.0,256.0,0.001603,0.4315441858983915
2026-07-02,256.0,256.0,254.0,254.0,0.002419,-0.78125
2026-07-06,256.0,256.0,254.100006,256.0,0.000147,0.787402
2026-07-07,250.0,255.899994,245.0,254.0,0.001254,-0.78125
2026-07-08,254.0,254.5,254.0,254.5,0.001085,0.19685039370078705
2026-07-09,254.5,255.899994,254.5,255.899994,0.000931,0.550096
2026-07-13,255.899994,259.0,255.899994,259.0,0.0006,1.211413
2026-07-14,256.0,256.0,254.0,254.5,0.000555,-1.737451737451734
2026-07-15,257.0,257.0,257.0,257.0,5.1e-05,0.982318
2026-07-16,250.0,258.0,250.0,258.0,0.00016,0.3891050583657574
2026-07-20,258.0,258.0,254.0,254.0,0.000129,-1.550388
2026-07-21,254.0,258.0,254.0,258.0,1.1e-05,1.574803
2026-07-22,251.60000610351562,257.8999938964844,250.0,250.0,0.000396,-3.100775193798455
2026-07-23,250.0,257.79998779296875,250.0,251.0,0.000248,0.40000000000000036
